family,case_id,task,method,accepted,true_legal_certificate,unsafe_false_certificate,missed_true_sfc,geometric_feasible,oracle_sfc_feasible,quality,num_contacts,num_true_allowed,num_observed_allowed,density,allowed_sparsity,trap_strength,friction_band,facets,role_error_rate,confidence_mode,risk_threshold,topk_budget,control,condition,seed
D,D_00001,knife_pass,geometric_fc,1,0,1,0,1,0,0.03818914,12,6,-1,medium,medium,0.55,low,2,,,,,,friction_model,424025
D,D_00001,knife_pass,oracle_sfc,0,0,0,0,1,0,0.0,12,6,-1,medium,medium,0.55,low,2,,,,,,friction_model,424025
D,D_00001,knife_pass,semantic_only,1,0,1,0,1,0,0.0,12,6,-1,medium,medium,0.55,low,2,,,,,,friction_model,424025
D,D_00001,knife_pass,posthoc_single,0,0,0,0,1,0,0.03818914,12,6,-1,medium,medium,0.55,low,2,,,,,,friction_model,424025
D,D_00001,knife_pass,soft_penalty_fc,1,0,1,0,1,0,0.03818914,12,6,-1,medium,medium,0.55,low,2,,,,,,friction_model,424025
D,D_00002,knife_pass,geometric_fc,1,0,1,0,1,0,0.03965878,12,6,-1,medium,medium,0.55,low,2,,,,,,friction_model,424026
D,D_00002,knife_pass,oracle_sfc,0,0,0,0,1,0,0.0,12,6,-1,medium,medium,0.55,low,2,,,,,,friction_model,424026
D,D_00002,knife_pass,semantic_only,1,0,1,0,1,0,0.0,12,6,-1,medium,medium,0.55,low,2,,,,,,friction_model,424026
D,D_00002,knife_pass,posthoc_single,0,0,0,0,1,0,0.03965878,12,6,-1,medium,medium,0.55,low,2,,,,,,friction_model,424026
D,D_00002,knife_pass,soft_penalty_fc,1,0,1,0,1,0,0.03965878,12,6,-1,medium,medium,0.55,low,2,,,,,,friction_model,424026
D,D_00003,knife_pass,geometric_fc,1,0,1,0,1,0,0.03799343,12,6,-1,medium,medium,0.55,low,2,,,,,,friction_model,424027
D,D_00003,knife_pass,oracle_sfc,0,0,0,0,1,0,0.0,12,6,-1,medium,medium,0.55,low,2,,,,,,friction_model,424027
D,D_00003,knife_pass,semantic_only,1,0,1,0,1,0,0.0,12,6,-1,medium,medium,0.55,low,2,,,,,,friction_model,424027
D,D_00003,knife_pass,posthoc_single,0,0,0,0,1,0,0.03799343,12,6,-1,medium,medium,0.55,low,2,,,,,,friction_model,424027
D,D_00003,knife_pass,soft_penalty_fc,1,0,1,0,1,0,0.03799343,12,6,-1,medium,medium,0.55,low,2,,,,,,friction_model,424027
D,D_00004,knife_pass,geometric_fc,1,0,1,0,1,0,0.03907096,12,6,-1,medium,medium,0.55,low,2,,,,,,friction_model,424028
D,D_00004,knife_pass,oracle_sfc,0,0,0,0,1,0,0.0,12,6,-1,medium,medium,0.55,low,2,,,,,,friction_model,424028
D,D_00004,knife_pass,semantic_only,1,0,1,0,1,0,0.0,12,6,-1,medium,medium,0.55,low,2,,,,,,friction_model,424028
D,D_00004,knife_pass,posthoc_single,0,0,0,0,1,0,0.03907096,12,6,-1,medium,medium,0.55,low,2,,,,,,friction_model,424028
D,D_00004,knife_pass,soft_penalty_fc,1,0,1,0,1,0,0.03907096,12,6,-1,medium,medium,0.55,low,2,,,,,,friction_model,424028
D,D_00005,knife_pass,geometric_fc,1,0,1,0,1,0,0.03496683,12,6,-1,medium,medium,0.55,low,2,,,,,,friction_model,424029
D,D_00005,knife_pass,oracle_sfc,0,0,0,0,1,0,0.0,12,6,-1,medium,medium,0.55,low,2,,,,,,friction_model,424029
D,D_00005,knife_pass,semantic_only,1,0,1,0,1,0,0.0,12,6,-1,medium,medium,0.55,low,2,,,,,,friction_model,424029
D,D_00005,knife_pass,posthoc_single,0,0,0,0,1,0,0.03496683,12,6,-1,medium,medium,0.55,low,2,,,,,,friction_model,424029
D,D_00005,knife_pass,soft_penalty_fc,1,0,1,0,1,0,0.03496683,12,6,-1,medium,medium,0.55,low,2,,,,,,friction_model,424029
D,D_00006,knife_pass,geometric_fc,1,0,1,0,1,0,0.03967893,12,6,-1,medium,medium,0.55,low,2,,,,,,friction_model,424030
D,D_00006,knife_pass,oracle_sfc,0,0,0,0,1,0,0.0,12,6,-1,medium,medium,0.55,low,2,,,,,,friction_model,424030
D,D_00006,knife_pass,semantic_only,1,0,1,0,1,0,0.0,12,6,-1,medium,medium,0.55,low,2,,,,,,friction_model,424030
D,D_00006,knife_pass,posthoc_single,0,0,0,0,1,0,0.03967893,12,6,-1,medium,medium,0.55,low,2,,,,,,friction_model,424030
D,D_00006,knife_pass,soft_penalty_fc,1,0,1,0,1,0,0.03967893,12,6,-1,medium,medium,0.55,low,2,,,,,,friction_model,424030
D,D_00007,knife_pass,geometric_fc,1,0,1,0,1,0,0.03956419,12,6,-1,medium,medium,0.55,low,2,,,,,,friction_model,424031
D,D_00007,knife_pass,oracle_sfc,0,0,0,0,1,0,0.0,12,6,-1,medium,medium,0.55,low,2,,,,,,friction_model,424031
D,D_00007,knife_pass,semantic_only,1,0,1,0,1,0,0.0,12,6,-1,medium,medium,0.55,low,2,,,,,,friction_model,424031
D,D_00007,knife_pass,posthoc_single,0,0,0,0,1,0,0.03956419,12,6,-1,medium,medium,0.55,low,2,,,,,,friction_model,424031
D,D_00007,knife_pass,soft_penalty_fc,1,0,1,0,1,0,0.03956419,12,6,-1,medium,medium,0.55,low,2,,,,,,friction_model,424031
D,D_00008,knife_pass,geometric_fc,1,0,1,0,1,0,0.037796,12,6,-1,medium,medium,0.55,low,2,,,,,,friction_model,424032
D,D_00008,knife_pass,oracle_sfc,0,0,0,0,1,0,0.0,12,6,-1,medium,medium,0.55,low,2,,,,,,friction_model,424032
D,D_00008,knife_pass,semantic_only,1,0,1,0,1,0,0.0,12,6,-1,medium,medium,0.55,low,2,,,,,,friction_model,424032
D,D_00008,knife_pass,posthoc_single,0,0,0,0,1,0,0.037796,12,6,-1,medium,medium,0.55,low,2,,,,,,friction_model,424032
D,D_00008,knife_pass,soft_penalty_fc,1,0,1,0,1,0,0.037796,12,6,-1,medium,medium,0.55,low,2,,,,,,friction_model,424032
D,D_00009,knife_pass,geometric_fc,1,0,1,0,1,0,0.0191098,12,6,-1,medium,medium,0.55,low,4,,,,,,friction_model,424033
D,D_00009,knife_pass,oracle_sfc,0,0,0,0,1,0,0.0,12,6,-1,medium,medium,0.55,low,4,,,,,,friction_model,424033
D,D_00009,knife_pass,semantic_only,1,0,1,0,1,0,0.0,12,6,-1,medium,medium,0.55,low,4,,,,,,friction_model,424033
D,D_00009,knife_pass,posthoc_single,0,0,0,0,1,0,0.0191098,12,6,-1,medium,medium,0.55,low,4,,,,,,friction_model,424033
D,D_00009,knife_pass,soft_penalty_fc,1,0,1,0,1,0,0.0191098,12,6,-1,medium,medium,0.55,low,4,,,,,,friction_model,424033
D,D_00010,knife_pass,geometric_fc,1,0,1,0,1,0,0.01945026,12,6,-1,medium,medium,0.55,low,4,,,,,,friction_model,424034
D,D_00010,knife_pass,oracle_sfc,0,0,0,0,1,0,0.0,12,6,-1,medium,medium,0.55,low,4,,,,,,friction_model,424034
D,D_00010,knife_pass,semantic_only,1,0,1,0,1,0,0.0,12,6,-1,medium,medium,0.55,low,4,,,,,,friction_model,424034
D,D_00010,knife_pass,posthoc_single,0,0,0,0,1,0,0.01945026,12,6,-1,medium,medium,0.55,low,4,,,,,,friction_model,424034
D,D_00010,knife_pass,soft_penalty_fc,1,0,1,0,1,0,0.01945026,12,6,-1,medium,medium,0.55,low,4,,,,,,friction_model,424034
D,D_00011,knife_pass,geometric_fc,1,0,1,0,1,0,0.02006662,12,6,-1,medium,medium,0.55,low,4,,,,,,friction_model,424035
D,D_00011,knife_pass,oracle_sfc,0,0,0,0,1,0,0.0,12,6,-1,medium,medium,0.55,low,4,,,,,,friction_model,424035
D,D_00011,knife_pass,semantic_only,1,0,1,0,1,0,0.0,12,6,-1,medium,medium,0.55,low,4,,,,,,friction_model,424035
D,D_00011,knife_pass,posthoc_single,0,0,0,0,1,0,0.02006662,12,6,-1,medium,medium,0.55,low,4,,,,,,friction_model,424035
D,D_00011,knife_pass,soft_penalty_fc,1,0,1,0,1,0,0.02006662,12,6,-1,medium,medium,0.55,low,4,,,,,,friction_model,424035
D,D_00012,knife_pass,geometric_fc,1,0,1,0,1,0,0.01996737,12,6,-1,medium,medium,0.55,low,4,,,,,,friction_model,424036
D,D_00012,knife_pass,oracle_sfc,0,0,0,0,1,0,0.0,12,6,-1,medium,medium,0.55,low,4,,,,,,friction_model,424036
D,D_00012,knife_pass,semantic_only,1,0,1,0,1,0,0.0,12,6,-1,medium,medium,0.55,low,4,,,,,,friction_model,424036
D,D_00012,knife_pass,posthoc_single,0,0,0,0,1,0,0.01996737,12,6,-1,medium,medium,0.55,low,4,,,,,,friction_model,424036
D,D_00012,knife_pass,soft_penalty_fc,1,0,1,0,1,0,0.01996737,12,6,-1,medium,medium,0.55,low,4,,,,,,friction_model,424036
D,D_00013,knife_pass,geometric_fc,1,0,1,0,1,0,0.02018807,12,6,-1,medium,medium,0.55,low,4,,,,,,friction_model,424037
D,D_00013,knife_pass,oracle_sfc,0,0,0,0,1,0,0.0,12,6,-1,medium,medium,0.55,low,4,,,,,,friction_model,424037
D,D_00013,knife_pass,semantic_only,1,0,1,0,1,0,0.0,12,6,-1,medium,medium,0.55,low,4,,,,,,friction_model,424037
D,D_00013,knife_pass,posthoc_single,0,0,0,0,1,0,0.02018807,12,6,-1,medium,medium,0.55,low,4,,,,,,friction_model,424037
D,D_00013,knife_pass,soft_penalty_fc,1,0,1,0,1,0,0.02018807,12,6,-1,medium,medium,0.55,low,4,,,,,,friction_model,424037
D,D_00014,knife_pass,geometric_fc,1,0,1,0,1,0,0.01942352,12,6,-1,medium,medium,0.55,low,4,,,,,,friction_model,424038
D,D_00014,knife_pass,oracle_sfc,0,0,0,0,1,0,0.0,12,6,-1,medium,medium,0.55,low,4,,,,,,friction_model,424038
D,D_00014,knife_pass,semantic_only,1,0,1,0,1,0,0.0,12,6,-1,medium,medium,0.55,low,4,,,,,,friction_model,424038
D,D_00014,knife_pass,posthoc_single,0,0,0,0,1,0,0.01942352,12,6,-1,medium,medium,0.55,low,4,,,,,,friction_model,424038
D,D_00014,knife_pass,soft_penalty_fc,1,0,1,0,1,0,0.01942352,12,6,-1,medium,medium,0.55,low,4,,,,,,friction_model,424038
D,D_00015,knife_pass,geometric_fc,1,0,1,0,1,0,0.01944941,12,6,-1,medium,medium,0.55,low,4,,,,,,friction_model,424039
D,D_00015,knife_pass,oracle_sfc,0,0,0,0,1,0,0.0,12,6,-1,medium,medium,0.55,low,4,,,,,,friction_model,424039
D,D_00015,knife_pass,semantic_only,1,0,1,0,1,0,0.0,12,6,-1,medium,medium,0.55,low,4,,,,,,friction_model,424039
D,D_00015,knife_pass,posthoc_single,0,0,0,0,1,0,0.01944941,12,6,-1,medium,medium,0.55,low,4,,,,,,friction_model,424039
D,D_00015,knife_pass,soft_penalty_fc,1,0,1,0,1,0,0.01944941,12,6,-1,medium,medium,0.55,low,4,,,,,,friction_model,424039
D,D_00016,knife_pass,geometric_fc,1,0,1,0,1,0,0.02030179,12,6,-1,medium,medium,0.55,low,4,,,,,,friction_model,424040
D,D_00016,knife_pass,oracle_sfc,0,0,0,0,1,0,0.0,12,6,-1,medium,medium,0.55,low,4,,,,,,friction_model,424040
D,D_00016,knife_pass,semantic_only,1,0,1,0,1,0,0.0,12,6,-1,medium,medium,0.55,low,4,,,,,,friction_model,424040
D,D_00016,knife_pass,posthoc_single,0,0,0,0,1,0,0.02030179,12,6,-1,medium,medium,0.55,low,4,,,,,,friction_model,424040
D,D_00016,knife_pass,soft_penalty_fc,1,0,1,0,1,0,0.02030179,12,6,-1,medium,medium,0.55,low,4,,,,,,friction_model,424040
D,D_00017,knife_pass,geometric_fc,1,0,1,0,1,0,0.00952007,12,6,-1,medium,medium,0.55,low,8,,,,,,friction_model,424041
D,D_00017,knife_pass,oracle_sfc,0,0,0,0,1,0,0.0,12,6,-1,medium,medium,0.55,low,8,,,,,,friction_model,424041
D,D_00017,knife_pass,semantic_only,1,0,1,0,1,0,0.0,12,6,-1,medium,medium,0.55,low,8,,,,,,friction_model,424041
D,D_00017,knife_pass,posthoc_single,0,0,0,0,1,0,0.00952007,12,6,-1,medium,medium,0.55,low,8,,,,,,friction_model,424041
D,D_00017,knife_pass,soft_penalty_fc,0,0,0,0,1,0,0.00952007,12,6,-1,medium,medium,0.55,low,8,,,,,,friction_model,424041
D,D_00018,knife_pass,geometric_fc,1,0,1,0,1,0,0.00994674,12,6,-1,medium,medium,0.55,low,8,,,,,,friction_model,424042
D,D_00018,knife_pass,oracle_sfc,0,0,0,0,1,0,0.0,12,6,-1,medium,medium,0.55,low,8,,,,,,friction_model,424042
D,D_00018,knife_pass,semantic_only,1,0,1,0,1,0,0.0,12,6,-1,medium,medium,0.55,low,8,,,,,,friction_model,424042
D,D_00018,knife_pass,posthoc_single,0,0,0,0,1,0,0.00994674,12,6,-1,medium,medium,0.55,low,8,,,,,,friction_model,424042
D,D_00018,knife_pass,soft_penalty_fc,0,0,0,0,1,0,0.00994674,12,6,-1,medium,medium,0.55,low,8,,,,,,friction_model,424042
D,D_00019,knife_pass,geometric_fc,1,0,1,0,1,0,0.00957669,12,6,-1,medium,medium,0.55,low,8,,,,,,friction_model,424043
D,D_00019,knife_pass,oracle_sfc,0,0,0,0,1,0,0.0,12,6,-1,medium,medium,0.55,low,8,,,,,,friction_model,424043
D,D_00019,knife_pass,semantic_only,1,0,1,0,1,0,0.0,12,6,-1,medium,medium,0.55,low,8,,,,,,friction_model,424043
D,D_00019,knife_pass,posthoc_single,0,0,0,0,1,0,0.00957669,12,6,-1,medium,medium,0.55,low,8,,,,,,friction_model,424043
D,D_00019,knife_pass,soft_penalty_fc,0,0,0,0,1,0,0.00957669,12,6,-1,medium,medium,0.55,low,8,,,,,,friction_model,424043
D,D_00020,knife_pass,geometric_fc,1,0,1,0,1,0,0.00961622,12,6,-1,medium,medium,0.55,low,8,,,,,,friction_model,424044
D,D_00020,knife_pass,oracle_sfc,0,0,0,0,1,0,0.0,12,6,-1,medium,medium,0.55,low,8,,,,,,friction_model,424044
D,D_00020,knife_pass,semantic_only,1,0,1,0,1,0,0.0,12,6,-1,medium,medium,0.55,low,8,,,,,,friction_model,424044
D,D_00020,knife_pass,posthoc_single,0,0,0,0,1,0,0.00961622,12,6,-1,medium,medium,0.55,low,8,,,,,,friction_model,424044
D,D_00020,knife_pass,soft_penalty_fc,0,0,0,0,1,0,0.00961622,12,6,-1,medium,medium,0.55,low,8,,,,,,friction_model,424044
D,D_00021,knife_pass,geometric_fc,1,0,1,0,1,0,0.00906647,12,6,-1,medium,medium,0.55,low,8,,,,,,friction_model,424045
D,D_00021,knife_pass,oracle_sfc,0,0,0,0,1,0,0.0,12,6,-1,medium,medium,0.55,low,8,,,,,,friction_model,424045
D,D_00021,knife_pass,semantic_only,1,0,1,0,1,0,0.0,12,6,-1,medium,medium,0.55,low,8,,,,,,friction_model,424045
D,D_00021,knife_pass,posthoc_single,0,0,0,0,1,0,0.00906647,12,6,-1,medium,medium,0.55,low,8,,,,,,friction_model,424045
D,D_00021,knife_pass,soft_penalty_fc,0,0,0,0,1,0,0.00906647,12,6,-1,medium,medium,0.55,low,8,,,,,,friction_model,424045
D,D_00022,knife_pass,geometric_fc,1,0,1,0,1,0,0.0083617,12,6,-1,medium,medium,0.55,low,8,,,,,,friction_model,424046
D,D_00022,knife_pass,oracle_sfc,0,0,0,0,1,0,0.0,12,6,-1,medium,medium,0.55,low,8,,,,,,friction_model,424046
D,D_00022,knife_pass,semantic_only,1,0,1,0,1,0,0.0,12,6,-1,medium,medium,0.55,low,8,,,,,,friction_model,424046
D,D_00022,knife_pass,posthoc_single,0,0,0,0,1,0,0.0083617,12,6,-1,medium,medium,0.55,low,8,,,,,,friction_model,424046
D,D_00022,knife_pass,soft_penalty_fc,0,0,0,0,1,0,0.0083617,12,6,-1,medium,medium,0.55,low,8,,,,,,friction_model,424046
D,D_00023,knife_pass,geometric_fc,1,0,1,0,1,0,0.00995836,12,6,-1,medium,medium,0.55,low,8,,,,,,friction_model,424047
D,D_00023,knife_pass,oracle_sfc,0,0,0,0,1,0,0.0,12,6,-1,medium,medium,0.55,low,8,,,,,,friction_model,424047
D,D_00023,knife_pass,semantic_only,1,0,1,0,1,0,0.0,12,6,-1,medium,medium,0.55,low,8,,,,,,friction_model,424047
D,D_00023,knife_pass,posthoc_single,0,0,0,0,1,0,0.00995836,12,6,-1,medium,medium,0.55,low,8,,,,,,friction_model,424047
D,D_00023,knife_pass,soft_penalty_fc,0,0,0,0,1,0,0.00995836,12,6,-1,medium,medium,0.55,low,8,,,,,,friction_model,424047
D,D_00024,knife_pass,geometric_fc,1,0,1,0,1,0,0.00959148,12,6,-1,medium,medium,0.55,low,8,,,,,,friction_model,424048
D,D_00024,knife_pass,oracle_sfc,0,0,0,0,1,0,0.0,12,6,-1,medium,medium,0.55,low,8,,,,,,friction_model,424048
D,D_00024,knife_pass,semantic_only,1,0,1,0,1,0,0.0,12,6,-1,medium,medium,0.55,low,8,,,,,,friction_model,424048
D,D_00024,knife_pass,posthoc_single,0,0,0,0,1,0,0.00959148,12,6,-1,medium,medium,0.55,low,8,,,,,,friction_model,424048
D,D_00024,knife_pass,soft_penalty_fc,0,0,0,0,1,0,0.00959148,12,6,-1,medium,medium,0.55,low,8,,,,,,friction_model,424048
D,D_00025,knife_pass,geometric_fc,1,0,1,0,1,0,0.03741695,12,6,-1,medium,medium,0.55,medium,2,,,,,,friction_model,424049
D,D_00025,knife_pass,oracle_sfc,0,0,0,0,1,0,0.0,12,6,-1,medium,medium,0.55,medium,2,,,,,,friction_model,424049
D,D_00025,knife_pass,semantic_only,1,0,1,0,1,0,0.0,12,6,-1,medium,medium,0.55,medium,2,,,,,,friction_model,424049
D,D_00025,knife_pass,posthoc_single,0,0,0,0,1,0,0.03741695,12,6,-1,medium,medium,0.55,medium,2,,,,,,friction_model,424049
D,D_00025,knife_pass,soft_penalty_fc,1,0,1,0,1,0,0.03741695,12,6,-1,medium,medium,0.55,medium,2,,,,,,friction_model,424049
D,D_00026,knife_pass,geometric_fc,1,0,1,0,1,0,0.03899952,12,6,-1,medium,medium,0.55,medium,2,,,,,,friction_model,424050
D,D_00026,knife_pass,oracle_sfc,0,0,0,0,1,0,0.0,12,6,-1,medium,medium,0.55,medium,2,,,,,,friction_model,424050
D,D_00026,knife_pass,semantic_only,1,0,1,0,1,0,0.0,12,6,-1,medium,medium,0.55,medium,2,,,,,,friction_model,424050
D,D_00026,knife_pass,posthoc_single,0,0,0,0,1,0,0.03899952,12,6,-1,medium,medium,0.55,medium,2,,,,,,friction_model,424050
D,D_00026,knife_pass,soft_penalty_fc,1,0,1,0,1,0,0.03899952,12,6,-1,medium,medium,0.55,medium,2,,,,,,friction_model,424050
D,D_00027,knife_pass,geometric_fc,1,0,1,0,1,0,0.03994041,12,6,-1,medium,medium,0.55,medium,2,,,,,,friction_model,424051
D,D_00027,knife_pass,oracle_sfc,0,0,0,0,1,0,0.0,12,6,-1,medium,medium,0.55,medium,2,,,,,,friction_model,424051
D,D_00027,knife_pass,semantic_only,1,0,1,0,1,0,0.0,12,6,-1,medium,medium,0.55,medium,2,,,,,,friction_model,424051
D,D_00027,knife_pass,posthoc_single,0,0,0,0,1,0,0.03994041,12,6,-1,medium,medium,0.55,medium,2,,,,,,friction_model,424051
D,D_00027,knife_pass,soft_penalty_fc,1,0,1,0,1,0,0.03994041,12,6,-1,medium,medium,0.55,medium,2,,,,,,friction_model,424051
D,D_00028,knife_pass,geometric_fc,1,0,1,0,1,0,0.03872024,12,6,-1,medium,medium,0.55,medium,2,,,,,,friction_model,424052
D,D_00028,knife_pass,oracle_sfc,0,0,0,0,1,0,0.0,12,6,-1,medium,medium,0.55,medium,2,,,,,,friction_model,424052
D,D_00028,knife_pass,semantic_only,1,0,1,0,1,0,0.0,12,6,-1,medium,medium,0.55,medium,2,,,,,,friction_model,424052
D,D_00028,knife_pass,posthoc_single,0,0,0,0,1,0,0.03872024,12,6,-1,medium,medium,0.55,medium,2,,,,,,friction_model,424052
D,D_00028,knife_pass,soft_penalty_fc,1,0,1,0,1,0,0.03872024,12,6,-1,medium,medium,0.55,medium,2,,,,,,friction_model,424052
D,D_00029,knife_pass,geometric_fc,1,0,1,0,1,0,0.03891572,12,6,-1,medium,medium,0.55,medium,2,,,,,,friction_model,424053
D,D_00029,knife_pass,oracle_sfc,0,0,0,0,1,0,0.0,12,6,-1,medium,medium,0.55,medium,2,,,,,,friction_model,424053
D,D_00029,knife_pass,semantic_only,1,0,1,0,1,0,0.0,12,6,-1,medium,medium,0.55,medium,2,,,,,,friction_model,424053
D,D_00029,knife_pass,posthoc_single,0,0,0,0,1,0,0.03891572,12,6,-1,medium,medium,0.55,medium,2,,,,,,friction_model,424053
D,D_00029,knife_pass,soft_penalty_fc,1,0,1,0,1,0,0.03891572,12,6,-1,medium,medium,0.55,medium,2,,,,,,friction_model,424053
D,D_00030,knife_pass,geometric_fc,1,0,1,0,1,0,0.03689513,12,6,-1,medium,medium,0.55,medium,2,,,,,,friction_model,424054
D,D_00030,knife_pass,oracle_sfc,0,0,0,0,1,0,0.0,12,6,-1,medium,medium,0.55,medium,2,,,,,,friction_model,424054
D,D_00030,knife_pass,semantic_only,1,0,1,0,1,0,0.0,12,6,-1,medium,medium,0.55,medium,2,,,,,,friction_model,424054
D,D_00030,knife_pass,posthoc_single,0,0,0,0,1,0,0.03689513,12,6,-1,medium,medium,0.55,medium,2,,,,,,friction_model,424054
D,D_00030,knife_pass,soft_penalty_fc,1,0,1,0,1,0,0.03689513,12,6,-1,medium,medium,0.55,medium,2,,,,,,friction_model,424054
D,D_00031,knife_pass,geometric_fc,1,0,1,0,1,0,0.03679396,12,6,-1,medium,medium,0.55,medium,2,,,,,,friction_model,424055
D,D_00031,knife_pass,oracle_sfc,0,0,0,0,1,0,0.0,12,6,-1,medium,medium,0.55,medium,2,,,,,,friction_model,424055
D,D_00031,knife_pass,semantic_only,1,0,1,0,1,0,0.0,12,6,-1,medium,medium,0.55,medium,2,,,,,,friction_model,424055
D,D_00031,knife_pass,posthoc_single,0,0,0,0,1,0,0.03679396,12,6,-1,medium,medium,0.55,medium,2,,,,,,friction_model,424055
D,D_00031,knife_pass,soft_penalty_fc,1,0,1,0,1,0,0.03679396,12,6,-1,medium,medium,0.55,medium,2,,,,,,friction_model,424055
D,D_00032,knife_pass,geometric_fc,1,0,1,0,1,0,0.03794856,12,6,-1,medium,medium,0.55,medium,2,,,,,,friction_model,424056
D,D_00032,knife_pass,oracle_sfc,0,0,0,0,1,0,0.0,12,6,-1,medium,medium,0.55,medium,2,,,,,,friction_model,424056
D,D_00032,knife_pass,semantic_only,1,0,1,0,1,0,0.0,12,6,-1,medium,medium,0.55,medium,2,,,,,,friction_model,424056
D,D_00032,knife_pass,posthoc_single,0,0,0,0,1,0,0.03794856,12,6,-1,medium,medium,0.55,medium,2,,,,,,friction_model,424056
D,D_00032,knife_pass,soft_penalty_fc,1,0,1,0,1,0,0.03794856,12,6,-1,medium,medium,0.55,medium,2,,,,,,friction_model,424056
D,D_00033,knife_pass,geometric_fc,1,0,1,0,1,0,0.01996333,12,6,-1,medium,medium,0.55,medium,4,,,,,,friction_model,424057
D,D_00033,knife_pass,oracle_sfc,0,0,0,0,1,0,0.0,12,6,-1,medium,medium,0.55,medium,4,,,,,,friction_model,424057
D,D_00033,knife_pass,semantic_only,1,0,1,0,1,0,0.0,12,6,-1,medium,medium,0.55,medium,4,,,,,,friction_model,424057
D,D_00033,knife_pass,posthoc_single,0,0,0,0,1,0,0.01996333,12,6,-1,medium,medium,0.55,medium,4,,,,,,friction_model,424057
D,D_00033,knife_pass,soft_penalty_fc,1,0,1,0,1,0,0.01996333,12,6,-1,medium,medium,0.55,medium,4,,,,,,friction_model,424057
D,D_00034,knife_pass,geometric_fc,1,0,1,0,1,0,0.01908974,12,6,-1,medium,medium,0.55,medium,4,,,,,,friction_model,424058
D,D_00034,knife_pass,oracle_sfc,0,0,0,0,1,0,0.0,12,6,-1,medium,medium,0.55,medium,4,,,,,,friction_model,424058
D,D_00034,knife_pass,semantic_only,1,0,1,0,1,0,0.0,12,6,-1,medium,medium,0.55,medium,4,,,,,,friction_model,424058
D,D_00034,knife_pass,posthoc_single,0,0,0,0,1,0,0.01908974,12,6,-1,medium,medium,0.55,medium,4,,,,,,friction_model,424058
D,D_00034,knife_pass,soft_penalty_fc,1,0,1,0,1,0,0.01908974,12,6,-1,medium,medium,0.55,medium,4,,,,,,friction_model,424058
D,D_00035,knife_pass,geometric_fc,1,0,1,0,1,0,0.0192934,12,6,-1,medium,medium,0.55,medium,4,,,,,,friction_model,424059
D,D_00035,knife_pass,oracle_sfc,0,0,0,0,1,0,0.0,12,6,-1,medium,medium,0.55,medium,4,,,,,,friction_model,424059
D,D_00035,knife_pass,semantic_only,1,0,1,0,1,0,0.0,12,6,-1,medium,medium,0.55,medium,4,,,,,,friction_model,424059
D,D_00035,knife_pass,posthoc_single,0,0,0,0,1,0,0.0192934,12,6,-1,medium,medium,0.55,medium,4,,,,,,friction_model,424059
D,D_00035,knife_pass,soft_penalty_fc,1,0,1,0,1,0,0.0192934,12,6,-1,medium,medium,0.55,medium,4,,,,,,friction_model,424059
D,D_00036,knife_pass,geometric_fc,1,0,1,0,1,0,0.01950927,12,6,-1,medium,medium,0.55,medium,4,,,,,,friction_model,424060
D,D_00036,knife_pass,oracle_sfc,0,0,0,0,1,0,0.0,12,6,-1,medium,medium,0.55,medium,4,,,,,,friction_model,424060
D,D_00036,knife_pass,semantic_only,1,0,1,0,1,0,0.0,12,6,-1,medium,medium,0.55,medium,4,,,,,,friction_model,424060
D,D_00036,knife_pass,posthoc_single,0,0,0,0,1,0,0.01950927,12,6,-1,medium,medium,0.55,medium,4,,,,,,friction_model,424060
D,D_00036,knife_pass,soft_penalty_fc,1,0,1,0,1,0,0.01950927,12,6,-1,medium,medium,0.55,medium,4,,,,,,friction_model,424060
D,D_00037,knife_pass,geometric_fc,1,0,1,0,1,0,0.01812482,12,6,-1,medium,medium,0.55,medium,4,,,,,,friction_model,424061
D,D_00037,knife_pass,oracle_sfc,0,0,0,0,1,0,0.0,12,6,-1,medium,medium,0.55,medium,4,,,,,,friction_model,424061
D,D_00037,knife_pass,semantic_only,1,0,1,0,1,0,0.0,12,6,-1,medium,medium,0.55,medium,4,,,,,,friction_model,424061
D,D_00037,knife_pass,posthoc_single,0,0,0,0,1,0,0.01812482,12,6,-1,medium,medium,0.55,medium,4,,,,,,friction_model,424061
D,D_00037,knife_pass,soft_penalty_fc,1,0,1,0,1,0,0.01812482,12,6,-1,medium,medium,0.55,medium,4,,,,,,friction_model,424061
D,D_00038,knife_pass,geometric_fc,1,0,1,0,1,0,0.01943662,12,6,-1,medium,medium,0.55,medium,4,,,,,,friction_model,424062
D,D_00038,knife_pass,oracle_sfc,0,0,0,0,1,0,0.0,12,6,-1,medium,medium,0.55,medium,4,,,,,,friction_model,424062
D,D_00038,knife_pass,semantic_only,1,0,1,0,1,0,0.0,12,6,-1,medium,medium,0.55,medium,4,,,,,,friction_model,424062
D,D_00038,knife_pass,posthoc_single,0,0,0,0,1,0,0.01943662,12,6,-1,medium,medium,0.55,medium,4,,,,,,friction_model,424062
D,D_00038,knife_pass,soft_penalty_fc,1,0,1,0,1,0,0.01943662,12,6,-1,medium,medium,0.55,medium,4,,,,,,friction_model,424062
D,D_00039,knife_pass,geometric_fc,1,0,1,0,1,0,0.0198435,12,6,-1,medium,medium,0.55,medium,4,,,,,,friction_model,424063
D,D_00039,knife_pass,oracle_sfc,0,0,0,0,1,0,0.0,12,6,-1,medium,medium,0.55,medium,4,,,,,,friction_model,424063
D,D_00039,knife_pass,semantic_only,1,0,1,0,1,0,0.0,12,6,-1,medium,medium,0.55,medium,4,,,,,,friction_model,424063
D,D_00039,knife_pass,posthoc_single,0,0,0,0,1,0,0.0198435,12,6,-1,medium,medium,0.55,medium,4,,,,,,friction_model,424063
D,D_00039,knife_pass,soft_penalty_fc,1,0,1,0,1,0,0.0198435,12,6,-1,medium,medium,0.55,medium,4,,,,,,friction_model,424063
D,D_00040,knife_pass,geometric_fc,1,0,1,0,1,0,0.01891309,12,6,-1,medium,medium,0.55,medium,4,,,,,,friction_model,424064
D,D_00040,knife_pass,oracle_sfc,0,0,0,0,1,0,0.0,12,6,-1,medium,medium,0.55,medium,4,,,,,,friction_model,424064
D,D_00040,knife_pass,semantic_only,1,0,1,0,1,0,0.0,12,6,-1,medium,medium,0.55,medium,4,,,,,,friction_model,424064
D,D_00040,knife_pass,posthoc_single,0,0,0,0,1,0,0.01891309,12,6,-1,medium,medium,0.55,medium,4,,,,,,friction_model,424064
D,D_00040,knife_pass,soft_penalty_fc,1,0,1,0,1,0,0.01891309,12,6,-1,medium,medium,0.55,medium,4,,,,,,friction_model,424064
D,D_00041,knife_pass,geometric_fc,1,0,1,0,1,0,0.00978019,12,6,-1,medium,medium,0.55,medium,8,,,,,,friction_model,424065
D,D_00041,knife_pass,oracle_sfc,0,0,0,0,1,0,0.0,12,6,-1,medium,medium,0.55,medium,8,,,,,,friction_model,424065
D,D_00041,knife_pass,semantic_only,1,0,1,0,1,0,0.0,12,6,-1,medium,medium,0.55,medium,8,,,,,,friction_model,424065
D,D_00041,knife_pass,posthoc_single,0,0,0,0,1,0,0.00978019,12,6,-1,medium,medium,0.55,medium,8,,,,,,friction_model,424065
D,D_00041,knife_pass,soft_penalty_fc,0,0,0,0,1,0,0.00978019,12,6,-1,medium,medium,0.55,medium,8,,,,,,friction_model,424065
D,D_00042,knife_pass,geometric_fc,1,0,1,0,1,0,0.00949875,12,6,-1,medium,medium,0.55,medium,8,,,,,,friction_model,424066
D,D_00042,knife_pass,oracle_sfc,0,0,0,0,1,0,0.0,12,6,-1,medium,medium,0.55,medium,8,,,,,,friction_model,424066
D,D_00042,knife_pass,semantic_only,1,0,1,0,1,0,0.0,12,6,-1,medium,medium,0.55,medium,8,,,,,,friction_model,424066
D,D_00042,knife_pass,posthoc_single,0,0,0,0,1,0,0.00949875,12,6,-1,medium,medium,0.55,medium,8,,,,,,friction_model,424066
D,D_00042,knife_pass,soft_penalty_fc,0,0,0,0,1,0,0.00949875,12,6,-1,medium,medium,0.55,medium,8,,,,,,friction_model,424066
D,D_00043,knife_pass,geometric_fc,1,0,1,0,1,0,0.00961418,12,6,-1,medium,medium,0.55,medium,8,,,,,,friction_model,424067
D,D_00043,knife_pass,oracle_sfc,0,0,0,0,1,0,0.0,12,6,-1,medium,medium,0.55,medium,8,,,,,,friction_model,424067
D,D_00043,knife_pass,semantic_only,1,0,1,0,1,0,0.0,12,6,-1,medium,medium,0.55,medium,8,,,,,,friction_model,424067
D,D_00043,knife_pass,posthoc_single,0,0,0,0,1,0,0.00961418,12,6,-1,medium,medium,0.55,medium,8,,,,,,friction_model,424067
D,D_00043,knife_pass,soft_penalty_fc,0,0,0,0,1,0,0.00961418,12,6,-1,medium,medium,0.55,medium,8,,,,,,friction_model,424067
D,D_00044,knife_pass,geometric_fc,1,0,1,0,1,0,0.00955522,12,6,-1,medium,medium,0.55,medium,8,,,,,,friction_model,424068
D,D_00044,knife_pass,oracle_sfc,0,0,0,0,1,0,0.0,12,6,-1,medium,medium,0.55,medium,8,,,,,,friction_model,424068
D,D_00044,knife_pass,semantic_only,1,0,1,0,1,0,0.0,12,6,-1,medium,medium,0.55,medium,8,,,,,,friction_model,424068
D,D_00044,knife_pass,posthoc_single,0,0,0,0,1,0,0.00955522,12,6,-1,medium,medium,0.55,medium,8,,,,,,friction_model,424068
D,D_00044,knife_pass,soft_penalty_fc,0,0,0,0,1,0,0.00955522,12,6,-1,medium,medium,0.55,medium,8,,,,,,friction_model,424068
D,D_00045,knife_pass,geometric_fc,1,0,1,0,1,0,0.00964241,12,6,-1,medium,medium,0.55,medium,8,,,,,,friction_model,424069
D,D_00045,knife_pass,oracle_sfc,0,0,0,0,1,0,0.0,12,6,-1,medium,medium,0.55,medium,8,,,,,,friction_model,424069
D,D_00045,knife_pass,semantic_only,1,0,1,0,1,0,0.0,12,6,-1,medium,medium,0.55,medium,8,,,,,,friction_model,424069
D,D_00045,knife_pass,posthoc_single,0,0,0,0,1,0,0.00964241,12,6,-1,medium,medium,0.55,medium,8,,,,,,friction_model,424069
D,D_00045,knife_pass,soft_penalty_fc,0,0,0,0,1,0,0.00964241,12,6,-1,medium,medium,0.55,medium,8,,,,,,friction_model,424069
D,D_00046,knife_pass,geometric_fc,1,0,1,0,1,0,0.00971334,12,6,-1,medium,medium,0.55,medium,8,,,,,,friction_model,424070
D,D_00046,knife_pass,oracle_sfc,0,0,0,0,1,0,0.0,12,6,-1,medium,medium,0.55,medium,8,,,,,,friction_model,424070
D,D_00046,knife_pass,semantic_only,1,0,1,0,1,0,0.0,12,6,-1,medium,medium,0.55,medium,8,,,,,,friction_model,424070
D,D_00046,knife_pass,posthoc_single,0,0,0,0,1,0,0.00971334,12,6,-1,medium,medium,0.55,medium,8,,,,,,friction_model,424070
D,D_00046,knife_pass,soft_penalty_fc,0,0,0,0,1,0,0.00971334,12,6,-1,medium,medium,0.55,medium,8,,,,,,friction_model,424070
D,D_00047,knife_pass,geometric_fc,1,0,1,0,1,0,0.00959028,12,6,-1,medium,medium,0.55,medium,8,,,,,,friction_model,424071
D,D_00047,knife_pass,oracle_sfc,0,0,0,0,1,0,0.0,12,6,-1,medium,medium,0.55,medium,8,,,,,,friction_model,424071
D,D_00047,knife_pass,semantic_only,1,0,1,0,1,0,0.0,12,6,-1,medium,medium,0.55,medium,8,,,,,,friction_model,424071
D,D_00047,knife_pass,posthoc_single,0,0,0,0,1,0,0.00959028,12,6,-1,medium,medium,0.55,medium,8,,,,,,friction_model,424071
D,D_00047,knife_pass,soft_penalty_fc,0,0,0,0,1,0,0.00959028,12,6,-1,medium,medium,0.55,medium,8,,,,,,friction_model,424071
D,D_00048,knife_pass,geometric_fc,1,0,1,0,1,0,0.01018857,12,6,-1,medium,medium,0.55,medium,8,,,,,,friction_model,424072
D,D_00048,knife_pass,oracle_sfc,0,0,0,0,1,0,0.0,12,6,-1,medium,medium,0.55,medium,8,,,,,,friction_model,424072
D,D_00048,knife_pass,semantic_only,1,0,1,0,1,0,0.0,12,6,-1,medium,medium,0.55,medium,8,,,,,,friction_model,424072
D,D_00048,knife_pass,posthoc_single,0,0,0,0,1,0,0.01018857,12,6,-1,medium,medium,0.55,medium,8,,,,,,friction_model,424072
D,D_00048,knife_pass,soft_penalty_fc,0,0,0,0,1,0,0.01018857,12,6,-1,medium,medium,0.55,medium,8,,,,,,friction_model,424072
D,D_00049,knife_pass,geometric_fc,1,0,1,0,1,0,0.0387137,12,6,-1,medium,medium,0.55,high,2,,,,,,friction_model,424073
D,D_00049,knife_pass,oracle_sfc,0,0,0,0,1,0,0.0,12,6,-1,medium,medium,0.55,high,2,,,,,,friction_model,424073
D,D_00049,knife_pass,semantic_only,1,0,1,0,1,0,0.0,12,6,-1,medium,medium,0.55,high,2,,,,,,friction_model,424073
D,D_00049,knife_pass,posthoc_single,0,0,0,0,1,0,0.0387137,12,6,-1,medium,medium,0.55,high,2,,,,,,friction_model,424073
D,D_00049,knife_pass,soft_penalty_fc,1,0,1,0,1,0,0.0387137,12,6,-1,medium,medium,0.55,high,2,,,,,,friction_model,424073
D,D_00050,knife_pass,geometric_fc,1,0,1,0,1,0,0.039875,12,6,-1,medium,medium,0.55,high,2,,,,,,friction_model,424074
D,D_00050,knife_pass,oracle_sfc,0,0,0,0,1,0,0.0,12,6,-1,medium,medium,0.55,high,2,,,,,,friction_model,424074
D,D_00050,knife_pass,semantic_only,1,0,1,0,1,0,0.0,12,6,-1,medium,medium,0.55,high,2,,,,,,friction_model,424074
D,D_00050,knife_pass,posthoc_single,0,0,0,0,1,0,0.039875,12,6,-1,medium,medium,0.55,high,2,,,,,,friction_model,424074
D,D_00050,knife_pass,soft_penalty_fc,1,0,1,0,1,0,0.039875,12,6,-1,medium,medium,0.55,high,2,,,,,,friction_model,424074
D,D_00051,knife_pass,geometric_fc,1,0,1,0,1,0,0.03926583,12,6,-1,medium,medium,0.55,high,2,,,,,,friction_model,424075
D,D_00051,knife_pass,oracle_sfc,0,0,0,0,1,0,0.0,12,6,-1,medium,medium,0.55,high,2,,,,,,friction_model,424075
D,D_00051,knife_pass,semantic_only,1,0,1,0,1,0,0.0,12,6,-1,medium,medium,0.55,high,2,,,,,,friction_model,424075
D,D_00051,knife_pass,posthoc_single,0,0,0,0,1,0,0.03926583,12,6,-1,medium,medium,0.55,high,2,,,,,,friction_model,424075
D,D_00051,knife_pass,soft_penalty_fc,1,0,1,0,1,0,0.03926583,12,6,-1,medium,medium,0.55,high,2,,,,,,friction_model,424075
D,D_00052,knife_pass,geometric_fc,1,0,1,0,1,0,0.03835085,12,6,-1,medium,medium,0.55,high,2,,,,,,friction_model,424076
D,D_00052,knife_pass,oracle_sfc,0,0,0,0,1,0,0.0,12,6,-1,medium,medium,0.55,high,2,,,,,,friction_model,424076
D,D_00052,knife_pass,semantic_only,1,0,1,0,1,0,0.0,12,6,-1,medium,medium,0.55,high,2,,,,,,friction_model,424076
D,D_00052,knife_pass,posthoc_single,0,0,0,0,1,0,0.03835085,12,6,-1,medium,medium,0.55,high,2,,,,,,friction_model,424076
D,D_00052,knife_pass,soft_penalty_fc,1,0,1,0,1,0,0.03835085,12,6,-1,medium,medium,0.55,high,2,,,,,,friction_model,424076
D,D_00053,knife_pass,geometric_fc,1,0,1,0,1,0,0.04023536,12,6,-1,medium,medium,0.55,high,2,,,,,,friction_model,424077
D,D_00053,knife_pass,oracle_sfc,0,0,0,0,1,0,0.0,12,6,-1,medium,medium,0.55,high,2,,,,,,friction_model,424077
D,D_00053,knife_pass,semantic_only,1,0,1,0,1,0,0.0,12,6,-1,medium,medium,0.55,high,2,,,,,,friction_model,424077
D,D_00053,knife_pass,posthoc_single,0,0,0,0,1,0,0.04023536,12,6,-1,medium,medium,0.55,high,2,,,,,,friction_model,424077
D,D_00053,knife_pass,soft_penalty_fc,1,0,1,0,1,0,0.04023536,12,6,-1,medium,medium,0.55,high,2,,,,,,friction_model,424077
D,D_00054,knife_pass,geometric_fc,1,0,1,0,1,0,0.0384611,12,6,-1,medium,medium,0.55,high,2,,,,,,friction_model,424078
D,D_00054,knife_pass,oracle_sfc,0,0,0,0,1,0,0.0,12,6,-1,medium,medium,0.55,high,2,,,,,,friction_model,424078
D,D_00054,knife_pass,semantic_only,1,0,1,0,1,0,0.0,12,6,-1,medium,medium,0.55,high,2,,,,,,friction_model,424078
D,D_00054,knife_pass,posthoc_single,0,0,0,0,1,0,0.0384611,12,6,-1,medium,medium,0.55,high,2,,,,,,friction_model,424078
D,D_00054,knife_pass,soft_penalty_fc,1,0,1,0,1,0,0.0384611,12,6,-1,medium,medium,0.55,high,2,,,,,,friction_model,424078
D,D_00055,knife_pass,geometric_fc,1,0,1,0,1,0,0.03810925,12,6,-1,medium,medium,0.55,high,2,,,,,,friction_model,424079
D,D_00055,knife_pass,oracle_sfc,0,0,0,0,1,0,0.0,12,6,-1,medium,medium,0.55,high,2,,,,,,friction_model,424079
D,D_00055,knife_pass,semantic_only,1,0,1,0,1,0,0.0,12,6,-1,medium,medium,0.55,high,2,,,,,,friction_model,424079
D,D_00055,knife_pass,posthoc_single,0,0,0,0,1,0,0.03810925,12,6,-1,medium,medium,0.55,high,2,,,,,,friction_model,424079
D,D_00055,knife_pass,soft_penalty_fc,1,0,1,0,1,0,0.03810925,12,6,-1,medium,medium,0.55,high,2,,,,,,friction_model,424079
D,D_00056,knife_pass,geometric_fc,1,0,1,0,1,0,0.04116574,12,6,-1,medium,medium,0.55,high,2,,,,,,friction_model,424080
D,D_00056,knife_pass,oracle_sfc,0,0,0,0,1,0,0.0,12,6,-1,medium,medium,0.55,high,2,,,,,,friction_model,424080
D,D_00056,knife_pass,semantic_only,1,0,1,0,1,0,0.0,12,6,-1,medium,medium,0.55,high,2,,,,,,friction_model,424080
D,D_00056,knife_pass,posthoc_single,0,0,0,0,1,0,0.04116574,12,6,-1,medium,medium,0.55,high,2,,,,,,friction_model,424080
D,D_00056,knife_pass,soft_penalty_fc,1,0,1,0,1,0,0.04116574,12,6,-1,medium,medium,0.55,high,2,,,,,,friction_model,424080
D,D_00057,knife_pass,geometric_fc,1,0,1,0,1,0,0.02000343,12,6,-1,medium,medium,0.55,high,4,,,,,,friction_model,424081
D,D_00057,knife_pass,oracle_sfc,0,0,0,0,1,0,0.0,12,6,-1,medium,medium,0.55,high,4,,,,,,friction_model,424081
D,D_00057,knife_pass,semantic_only,1,0,1,0,1,0,0.0,12,6,-1,medium,medium,0.55,high,4,,,,,,friction_model,424081
D,D_00057,knife_pass,posthoc_single,0,0,0,0,1,0,0.02000343,12,6,-1,medium,medium,0.55,high,4,,,,,,friction_model,424081
D,D_00057,knife_pass,soft_penalty_fc,1,0,1,0,1,0,0.02000343,12,6,-1,medium,medium,0.55,high,4,,,,,,friction_model,424081
D,D_00058,knife_pass,geometric_fc,1,0,1,0,1,0,0.01854133,12,6,-1,medium,medium,0.55,high,4,,,,,,friction_model,424082
D,D_00058,knife_pass,oracle_sfc,0,0,0,0,1,0,0.0,12,6,-1,medium,medium,0.55,high,4,,,,,,friction_model,424082
D,D_00058,knife_pass,semantic_only,1,0,1,0,1,0,0.0,12,6,-1,medium,medium,0.55,high,4,,,,,,friction_model,424082
D,D_00058,knife_pass,posthoc_single,0,0,0,0,1,0,0.01854133,12,6,-1,medium,medium,0.55,high,4,,,,,,friction_model,424082
D,D_00058,knife_pass,soft_penalty_fc,1,0,1,0,1,0,0.01854133,12,6,-1,medium,medium,0.55,high,4,,,,,,friction_model,424082
D,D_00059,knife_pass,geometric_fc,1,0,1,0,1,0,0.02002801,12,6,-1,medium,medium,0.55,high,4,,,,,,friction_model,424083
D,D_00059,knife_pass,oracle_sfc,0,0,0,0,1,0,0.0,12,6,-1,medium,medium,0.55,high,4,,,,,,friction_model,424083
D,D_00059,knife_pass,semantic_only,1,0,1,0,1,0,0.0,12,6,-1,medium,medium,0.55,high,4,,,,,,friction_model,424083
D,D_00059,knife_pass,posthoc_single,0,0,0,0,1,0,0.02002801,12,6,-1,medium,medium,0.55,high,4,,,,,,friction_model,424083
D,D_00059,knife_pass,soft_penalty_fc,1,0,1,0,1,0,0.02002801,12,6,-1,medium,medium,0.55,high,4,,,,,,friction_model,424083
D,D_00060,knife_pass,geometric_fc,1,0,1,0,1,0,0.01975707,12,6,-1,medium,medium,0.55,high,4,,,,,,friction_model,424084
D,D_00060,knife_pass,oracle_sfc,0,0,0,0,1,0,0.0,12,6,-1,medium,medium,0.55,high,4,,,,,,friction_model,424084
D,D_00060,knife_pass,semantic_only,1,0,1,0,1,0,0.0,12,6,-1,medium,medium,0.55,high,4,,,,,,friction_model,424084
D,D_00060,knife_pass,posthoc_single,0,0,0,0,1,0,0.01975707,12,6,-1,medium,medium,0.55,high,4,,,,,,friction_model,424084
D,D_00060,knife_pass,soft_penalty_fc,1,0,1,0,1,0,0.01975707,12,6,-1,medium,medium,0.55,high,4,,,,,,friction_model,424084
D,D_00061,knife_pass,geometric_fc,1,0,1,0,1,0,0.01886845,12,6,-1,medium,medium,0.55,high,4,,,,,,friction_model,424085
D,D_00061,knife_pass,oracle_sfc,0,0,0,0,1,0,0.0,12,6,-1,medium,medium,0.55,high,4,,,,,,friction_model,424085
D,D_00061,knife_pass,semantic_only,1,0,1,0,1,0,0.0,12,6,-1,medium,medium,0.55,high,4,,,,,,friction_model,424085
D,D_00061,knife_pass,posthoc_single,0,0,0,0,1,0,0.01886845,12,6,-1,medium,medium,0.55,high,4,,,,,,friction_model,424085
D,D_00061,knife_pass,soft_penalty_fc,1,0,1,0,1,0,0.01886845,12,6,-1,medium,medium,0.55,high,4,,,,,,friction_model,424085
D,D_00062,knife_pass,geometric_fc,1,0,1,0,1,0,0.0204401,12,6,-1,medium,medium,0.55,high,4,,,,,,friction_model,424086
D,D_00062,knife_pass,oracle_sfc,0,0,0,0,1,0,0.0,12,6,-1,medium,medium,0.55,high,4,,,,,,friction_model,424086
D,D_00062,knife_pass,semantic_only,1,0,1,0,1,0,0.0,12,6,-1,medium,medium,0.55,high,4,,,,,,friction_model,424086
D,D_00062,knife_pass,posthoc_single,0,0,0,0,1,0,0.0204401,12,6,-1,medium,medium,0.55,high,4,,,,,,friction_model,424086
D,D_00062,knife_pass,soft_penalty_fc,1,0,1,0,1,0,0.0204401,12,6,-1,medium,medium,0.55,high,4,,,,,,friction_model,424086
D,D_00063,knife_pass,geometric_fc,1,0,1,0,1,0,0.02038433,12,6,-1,medium,medium,0.55,high,4,,,,,,friction_model,424087
D,D_00063,knife_pass,oracle_sfc,0,0,0,0,1,0,0.0,12,6,-1,medium,medium,0.55,high,4,,,,,,friction_model,424087
D,D_00063,knife_pass,semantic_only,1,0,1,0,1,0,0.0,12,6,-1,medium,medium,0.55,high,4,,,,,,friction_model,424087
D,D_00063,knife_pass,posthoc_single,0,0,0,0,1,0,0.02038433,12,6,-1,medium,medium,0.55,high,4,,,,,,friction_model,424087
D,D_00063,knife_pass,soft_penalty_fc,1,0,1,0,1,0,0.02038433,12,6,-1,medium,medium,0.55,high,4,,,,,,friction_model,424087
D,D_00064,knife_pass,geometric_fc,1,0,1,0,1,0,0.02019912,12,6,-1,medium,medium,0.55,high,4,,,,,,friction_model,424088
D,D_00064,knife_pass,oracle_sfc,0,0,0,0,1,0,0.0,12,6,-1,medium,medium,0.55,high,4,,,,,,friction_model,424088
D,D_00064,knife_pass,semantic_only,1,0,1,0,1,0,0.0,12,6,-1,medium,medium,0.55,high,4,,,,,,friction_model,424088
D,D_00064,knife_pass,posthoc_single,0,0,0,0,1,0,0.02019912,12,6,-1,medium,medium,0.55,high,4,,,,,,friction_model,424088
D,D_00064,knife_pass,soft_penalty_fc,1,0,1,0,1,0,0.02019912,12,6,-1,medium,medium,0.55,high,4,,,,,,friction_model,424088
D,D_00065,knife_pass,geometric_fc,1,0,1,0,1,0,0.00917463,12,6,-1,medium,medium,0.55,high,8,,,,,,friction_model,424089
D,D_00065,knife_pass,oracle_sfc,0,0,0,0,1,0,0.0,12,6,-1,medium,medium,0.55,high,8,,,,,,friction_model,424089
D,D_00065,knife_pass,semantic_only,1,0,1,0,1,0,0.0,12,6,-1,medium,medium,0.55,high,8,,,,,,friction_model,424089
D,D_00065,knife_pass,posthoc_single,0,0,0,0,1,0,0.00917463,12,6,-1,medium,medium,0.55,high,8,,,,,,friction_model,424089
D,D_00065,knife_pass,soft_penalty_fc,0,0,0,0,1,0,0.00917463,12,6,-1,medium,medium,0.55,high,8,,,,,,friction_model,424089
D,D_00066,knife_pass,geometric_fc,1,0,1,0,1,0,0.01007861,12,6,-1,medium,medium,0.55,high,8,,,,,,friction_model,424090
D,D_00066,knife_pass,oracle_sfc,0,0,0,0,1,0,0.0,12,6,-1,medium,medium,0.55,high,8,,,,,,friction_model,424090
D,D_00066,knife_pass,semantic_only,1,0,1,0,1,0,0.0,12,6,-1,medium,medium,0.55,high,8,,,,,,friction_model,424090
D,D_00066,knife_pass,posthoc_single,0,0,0,0,1,0,0.01007861,12,6,-1,medium,medium,0.55,high,8,,,,,,friction_model,424090
D,D_00066,knife_pass,soft_penalty_fc,0,0,0,0,1,0,0.01007861,12,6,-1,medium,medium,0.55,high,8,,,,,,friction_model,424090
D,D_00067,knife_pass,geometric_fc,1,0,1,0,1,0,0.00986186,12,6,-1,medium,medium,0.55,high,8,,,,,,friction_model,424091
D,D_00067,knife_pass,oracle_sfc,0,0,0,0,1,0,0.0,12,6,-1,medium,medium,0.55,high,8,,,,,,friction_model,424091
D,D_00067,knife_pass,semantic_only,1,0,1,0,1,0,0.0,12,6,-1,medium,medium,0.55,high,8,,,,,,friction_model,424091
D,D_00067,knife_pass,posthoc_single,0,0,0,0,1,0,0.00986186,12,6,-1,medium,medium,0.55,high,8,,,,,,friction_model,424091
D,D_00067,knife_pass,soft_penalty_fc,0,0,0,0,1,0,0.00986186,12,6,-1,medium,medium,0.55,high,8,,,,,,friction_model,424091
D,D_00068,knife_pass,geometric_fc,1,0,1,0,1,0,0.00993611,12,6,-1,medium,medium,0.55,high,8,,,,,,friction_model,424092
D,D_00068,knife_pass,oracle_sfc,0,0,0,0,1,0,0.0,12,6,-1,medium,medium,0.55,high,8,,,,,,friction_model,424092
D,D_00068,knife_pass,semantic_only,1,0,1,0,1,0,0.0,12,6,-1,medium,medium,0.55,high,8,,,,,,friction_model,424092
D,D_00068,knife_pass,posthoc_single,0,0,0,0,1,0,0.00993611,12,6,-1,medium,medium,0.55,high,8,,,,,,friction_model,424092
D,D_00068,knife_pass,soft_penalty_fc,0,0,0,0,1,0,0.00993611,12,6,-1,medium,medium,0.55,high,8,,,,,,friction_model,424092
D,D_00069,knife_pass,geometric_fc,1,0,1,0,1,0,0.00966505,12,6,-1,medium,medium,0.55,high,8,,,,,,friction_model,424093
D,D_00069,knife_pass,oracle_sfc,0,0,0,0,1,0,0.0,12,6,-1,medium,medium,0.55,high,8,,,,,,friction_model,424093
D,D_00069,knife_pass,semantic_only,1,0,1,0,1,0,0.0,12,6,-1,medium,medium,0.55,high,8,,,,,,friction_model,424093
D,D_00069,knife_pass,posthoc_single,0,0,0,0,1,0,0.00966505,12,6,-1,medium,medium,0.55,high,8,,,,,,friction_model,424093
D,D_00069,knife_pass,soft_penalty_fc,0,0,0,0,1,0,0.00966505,12,6,-1,medium,medium,0.55,high,8,,,,,,friction_model,424093
D,D_00070,knife_pass,geometric_fc,1,0,1,0,1,0,0.01013366,12,6,-1,medium,medium,0.55,high,8,,,,,,friction_model,424094
D,D_00070,knife_pass,oracle_sfc,0,0,0,0,1,0,0.0,12,6,-1,medium,medium,0.55,high,8,,,,,,friction_model,424094
D,D_00070,knife_pass,semantic_only,1,0,1,0,1,0,0.0,12,6,-1,medium,medium,0.55,high,8,,,,,,friction_model,424094
D,D_00070,knife_pass,posthoc_single,0,0,0,0,1,0,0.01013366,12,6,-1,medium,medium,0.55,high,8,,,,,,friction_model,424094
D,D_00070,knife_pass,soft_penalty_fc,0,0,0,0,1,0,0.01013366,12,6,-1,medium,medium,0.55,high,8,,,,,,friction_model,424094
D,D_00071,knife_pass,geometric_fc,1,0,1,0,1,0,0.0100782,12,6,-1,medium,medium,0.55,high,8,,,,,,friction_model,424095
D,D_00071,knife_pass,oracle_sfc,0,0,0,0,1,0,0.0,12,6,-1,medium,medium,0.55,high,8,,,,,,friction_model,424095
D,D_00071,knife_pass,semantic_only,1,0,1,0,1,0,0.0,12,6,-1,medium,medium,0.55,high,8,,,,,,friction_model,424095
D,D_00071,knife_pass,posthoc_single,0,0,0,0,1,0,0.0100782,12,6,-1,medium,medium,0.55,high,8,,,,,,friction_model,424095
D,D_00071,knife_pass,soft_penalty_fc,0,0,0,0,1,0,0.0100782,12,6,-1,medium,medium,0.55,high,8,,,,,,friction_model,424095
D,D_00072,knife_pass,geometric_fc,1,0,1,0,1,0,0.00996152,12,6,-1,medium,medium,0.55,high,8,,,,,,friction_model,424096
D,D_00072,knife_pass,oracle_sfc,0,0,0,0,1,0,0.0,12,6,-1,medium,medium,0.55,high,8,,,,,,friction_model,424096
D,D_00072,knife_pass,semantic_only,1,0,1,0,1,0,0.0,12,6,-1,medium,medium,0.55,high,8,,,,,,friction_model,424096
D,D_00072,knife_pass,posthoc_single,0,0,0,0,1,0,0.00996152,12,6,-1,medium,medium,0.55,high,8,,,,,,friction_model,424096
D,D_00072,knife_pass,soft_penalty_fc,0,0,0,0,1,0,0.00996152,12,6,-1,medium,medium,0.55,high,8,,,,,,friction_model,424096
D,D_00073,knife_pass,geometric_fc,1,0,1,0,1,0,0.04049359,12,6,-1,medium,medium,0.55,mixed,2,,,,,,friction_model,424097
D,D_00073,knife_pass,oracle_sfc,0,0,0,0,1,0,0.0,12,6,-1,medium,medium,0.55,mixed,2,,,,,,friction_model,424097
D,D_00073,knife_pass,semantic_only,1,0,1,0,1,0,0.0,12,6,-1,medium,medium,0.55,mixed,2,,,,,,friction_model,424097
D,D_00073,knife_pass,posthoc_single,0,0,0,0,1,0,0.04049359,12,6,-1,medium,medium,0.55,mixed,2,,,,,,friction_model,424097
D,D_00073,knife_pass,soft_penalty_fc,1,0,1,0,1,0,0.04049359,12,6,-1,medium,medium,0.55,mixed,2,,,,,,friction_model,424097
D,D_00074,knife_pass,geometric_fc,1,0,1,0,1,0,0.03874574,12,6,-1,medium,medium,0.55,mixed,2,,,,,,friction_model,424098
D,D_00074,knife_pass,oracle_sfc,0,0,0,0,1,0,0.0,12,6,-1,medium,medium,0.55,mixed,2,,,,,,friction_model,424098
D,D_00074,knife_pass,semantic_only,1,0,1,0,1,0,0.0,12,6,-1,medium,medium,0.55,mixed,2,,,,,,friction_model,424098
D,D_00074,knife_pass,posthoc_single,0,0,0,0,1,0,0.03874574,12,6,-1,medium,medium,0.55,mixed,2,,,,,,friction_model,424098
D,D_00074,knife_pass,soft_penalty_fc,1,0,1,0,1,0,0.03874574,12,6,-1,medium,medium,0.55,mixed,2,,,,,,friction_model,424098
D,D_00075,knife_pass,geometric_fc,1,0,1,0,1,0,0.03978837,12,6,-1,medium,medium,0.55,mixed,2,,,,,,friction_model,424099
D,D_00075,knife_pass,oracle_sfc,0,0,0,0,1,0,0.0,12,6,-1,medium,medium,0.55,mixed,2,,,,,,friction_model,424099
D,D_00075,knife_pass,semantic_only,1,0,1,0,1,0,0.0,12,6,-1,medium,medium,0.55,mixed,2,,,,,,friction_model,424099
D,D_00075,knife_pass,posthoc_single,0,0,0,0,1,0,0.03978837,12,6,-1,medium,medium,0.55,mixed,2,,,,,,friction_model,424099
D,D_00075,knife_pass,soft_penalty_fc,1,0,1,0,1,0,0.03978837,12,6,-1,medium,medium,0.55,mixed,2,,,,,,friction_model,424099
D,D_00076,knife_pass,geometric_fc,1,0,1,0,1,0,0.03827088,12,6,-1,medium,medium,0.55,mixed,2,,,,,,friction_model,424100
D,D_00076,knife_pass,oracle_sfc,0,0,0,0,1,0,0.0,12,6,-1,medium,medium,0.55,mixed,2,,,,,,friction_model,424100
D,D_00076,knife_pass,semantic_only,1,0,1,0,1,0,0.0,12,6,-1,medium,medium,0.55,mixed,2,,,,,,friction_model,424100
D,D_00076,knife_pass,posthoc_single,0,0,0,0,1,0,0.03827088,12,6,-1,medium,medium,0.55,mixed,2,,,,,,friction_model,424100
D,D_00076,knife_pass,soft_penalty_fc,1,0,1,0,1,0,0.03827088,12,6,-1,medium,medium,0.55,mixed,2,,,,,,friction_model,424100
D,D_00077,knife_pass,geometric_fc,1,0,1,0,1,0,0.03970079,12,6,-1,medium,medium,0.55,mixed,2,,,,,,friction_model,424101
D,D_00077,knife_pass,oracle_sfc,0,0,0,0,1,0,0.0,12,6,-1,medium,medium,0.55,mixed,2,,,,,,friction_model,424101
D,D_00077,knife_pass,semantic_only,1,0,1,0,1,0,0.0,12,6,-1,medium,medium,0.55,mixed,2,,,,,,friction_model,424101
D,D_00077,knife_pass,posthoc_single,0,0,0,0,1,0,0.03970079,12,6,-1,medium,medium,0.55,mixed,2,,,,,,friction_model,424101
D,D_00077,knife_pass,soft_penalty_fc,1,0,1,0,1,0,0.03970079,12,6,-1,medium,medium,0.55,mixed,2,,,,,,friction_model,424101
D,D_00078,knife_pass,geometric_fc,1,0,1,0,1,0,0.03932692,12,6,-1,medium,medium,0.55,mixed,2,,,,,,friction_model,424102
D,D_00078,knife_pass,oracle_sfc,0,0,0,0,1,0,0.0,12,6,-1,medium,medium,0.55,mixed,2,,,,,,friction_model,424102
D,D_00078,knife_pass,semantic_only,1,0,1,0,1,0,0.0,12,6,-1,medium,medium,0.55,mixed,2,,,,,,friction_model,424102
D,D_00078,knife_pass,posthoc_single,0,0,0,0,1,0,0.03932692,12,6,-1,medium,medium,0.55,mixed,2,,,,,,friction_model,424102
D,D_00078,knife_pass,soft_penalty_fc,1,0,1,0,1,0,0.03932692,12,6,-1,medium,medium,0.55,mixed,2,,,,,,friction_model,424102
D,D_00079,knife_pass,geometric_fc,1,0,1,0,1,0,0.03809005,12,6,-1,medium,medium,0.55,mixed,2,,,,,,friction_model,424103
D,D_00079,knife_pass,oracle_sfc,0,0,0,0,1,0,0.0,12,6,-1,medium,medium,0.55,mixed,2,,,,,,friction_model,424103
D,D_00079,knife_pass,semantic_only,1,0,1,0,1,0,0.0,12,6,-1,medium,medium,0.55,mixed,2,,,,,,friction_model,424103
D,D_00079,knife_pass,posthoc_single,0,0,0,0,1,0,0.03809005,12,6,-1,medium,medium,0.55,mixed,2,,,,,,friction_model,424103
D,D_00079,knife_pass,soft_penalty_fc,1,0,1,0,1,0,0.03809005,12,6,-1,medium,medium,0.55,mixed,2,,,,,,friction_model,424103
D,D_00080,knife_pass,geometric_fc,1,0,1,0,1,0,0.03884,12,6,-1,medium,medium,0.55,mixed,2,,,,,,friction_model,424104
D,D_00080,knife_pass,oracle_sfc,0,0,0,0,1,0,0.0,12,6,-1,medium,medium,0.55,mixed,2,,,,,,friction_model,424104
D,D_00080,knife_pass,semantic_only,1,0,1,0,1,0,0.0,12,6,-1,medium,medium,0.55,mixed,2,,,,,,friction_model,424104
D,D_00080,knife_pass,posthoc_single,0,0,0,0,1,0,0.03884,12,6,-1,medium,medium,0.55,mixed,2,,,,,,friction_model,424104
D,D_00080,knife_pass,soft_penalty_fc,1,0,1,0,1,0,0.03884,12,6,-1,medium,medium,0.55,mixed,2,,,,,,friction_model,424104
D,D_00081,knife_pass,geometric_fc,1,0,1,0,1,0,0.0202863,12,6,-1,medium,medium,0.55,mixed,4,,,,,,friction_model,424105
D,D_00081,knife_pass,oracle_sfc,0,0,0,0,1,0,0.0,12,6,-1,medium,medium,0.55,mixed,4,,,,,,friction_model,424105
D,D_00081,knife_pass,semantic_only,1,0,1,0,1,0,0.0,12,6,-1,medium,medium,0.55,mixed,4,,,,,,friction_model,424105
D,D_00081,knife_pass,posthoc_single,0,0,0,0,1,0,0.0202863,12,6,-1,medium,medium,0.55,mixed,4,,,,,,friction_model,424105
D,D_00081,knife_pass,soft_penalty_fc,1,0,1,0,1,0,0.0202863,12,6,-1,medium,medium,0.55,mixed,4,,,,,,friction_model,424105
D,D_00082,knife_pass,geometric_fc,1,0,1,0,1,0,0.01896275,12,6,-1,medium,medium,0.55,mixed,4,,,,,,friction_model,424106
D,D_00082,knife_pass,oracle_sfc,0,0,0,0,1,0,0.0,12,6,-1,medium,medium,0.55,mixed,4,,,,,,friction_model,424106
D,D_00082,knife_pass,semantic_only,1,0,1,0,1,0,0.0,12,6,-1,medium,medium,0.55,mixed,4,,,,,,friction_model,424106
D,D_00082,knife_pass,posthoc_single,0,0,0,0,1,0,0.01896275,12,6,-1,medium,medium,0.55,mixed,4,,,,,,friction_model,424106
D,D_00082,knife_pass,soft_penalty_fc,1,0,1,0,1,0,0.01896275,12,6,-1,medium,medium,0.55,mixed,4,,,,,,friction_model,424106
D,D_00083,knife_pass,geometric_fc,1,0,1,0,1,0,0.01901068,12,6,-1,medium,medium,0.55,mixed,4,,,,,,friction_model,424107
D,D_00083,knife_pass,oracle_sfc,0,0,0,0,1,0,0.0,12,6,-1,medium,medium,0.55,mixed,4,,,,,,friction_model,424107
D,D_00083,knife_pass,semantic_only,1,0,1,0,1,0,0.0,12,6,-1,medium,medium,0.55,mixed,4,,,,,,friction_model,424107
D,D_00083,knife_pass,posthoc_single,0,0,0,0,1,0,0.01901068,12,6,-1,medium,medium,0.55,mixed,4,,,,,,friction_model,424107
D,D_00083,knife_pass,soft_penalty_fc,1,0,1,0,1,0,0.01901068,12,6,-1,medium,medium,0.55,mixed,4,,,,,,friction_model,424107
D,D_00084,knife_pass,geometric_fc,1,0,1,0,1,0,0.01994421,12,6,-1,medium,medium,0.55,mixed,4,,,,,,friction_model,424108
D,D_00084,knife_pass,oracle_sfc,0,0,0,0,1,0,0.0,12,6,-1,medium,medium,0.55,mixed,4,,,,,,friction_model,424108
D,D_00084,knife_pass,semantic_only,1,0,1,0,1,0,0.0,12,6,-1,medium,medium,0.55,mixed,4,,,,,,friction_model,424108
D,D_00084,knife_pass,posthoc_single,0,0,0,0,1,0,0.01994421,12,6,-1,medium,medium,0.55,mixed,4,,,,,,friction_model,424108
D,D_00084,knife_pass,soft_penalty_fc,1,0,1,0,1,0,0.01994421,12,6,-1,medium,medium,0.55,mixed,4,,,,,,friction_model,424108
D,D_00085,knife_pass,geometric_fc,1,0,1,0,1,0,0.01872969,12,6,-1,medium,medium,0.55,mixed,4,,,,,,friction_model,424109
D,D_00085,knife_pass,oracle_sfc,0,0,0,0,1,0,0.0,12,6,-1,medium,medium,0.55,mixed,4,,,,,,friction_model,424109
D,D_00085,knife_pass,semantic_only,1,0,1,0,1,0,0.0,12,6,-1,medium,medium,0.55,mixed,4,,,,,,friction_model,424109
D,D_00085,knife_pass,posthoc_single,0,0,0,0,1,0,0.01872969,12,6,-1,medium,medium,0.55,mixed,4,,,,,,friction_model,424109
D,D_00085,knife_pass,soft_penalty_fc,1,0,1,0,1,0,0.01872969,12,6,-1,medium,medium,0.55,mixed,4,,,,,,friction_model,424109
D,D_00086,knife_pass,geometric_fc,1,0,1,0,1,0,0.02053641,12,6,-1,medium,medium,0.55,mixed,4,,,,,,friction_model,424110
D,D_00086,knife_pass,oracle_sfc,0,0,0,0,1,0,0.0,12,6,-1,medium,medium,0.55,mixed,4,,,,,,friction_model,424110
D,D_00086,knife_pass,semantic_only,1,0,1,0,1,0,0.0,12,6,-1,medium,medium,0.55,mixed,4,,,,,,friction_model,424110
D,D_00086,knife_pass,posthoc_single,0,0,0,0,1,0,0.02053641,12,6,-1,medium,medium,0.55,mixed,4,,,,,,friction_model,424110
D,D_00086,knife_pass,soft_penalty_fc,1,0,1,0,1,0,0.02053641,12,6,-1,medium,medium,0.55,mixed,4,,,,,,friction_model,424110
D,D_00087,knife_pass,geometric_fc,1,0,1,0,1,0,0.02015308,12,6,-1,medium,medium,0.55,mixed,4,,,,,,friction_model,424111
D,D_00087,knife_pass,oracle_sfc,0,0,0,0,1,0,0.0,12,6,-1,medium,medium,0.55,mixed,4,,,,,,friction_model,424111
D,D_00087,knife_pass,semantic_only,1,0,1,0,1,0,0.0,12,6,-1,medium,medium,0.55,mixed,4,,,,,,friction_model,424111
D,D_00087,knife_pass,posthoc_single,0,0,0,0,1,0,0.02015308,12,6,-1,medium,medium,0.55,mixed,4,,,,,,friction_model,424111
D,D_00087,knife_pass,soft_penalty_fc,1,0,1,0,1,0,0.02015308,12,6,-1,medium,medium,0.55,mixed,4,,,,,,friction_model,424111
D,D_00088,knife_pass,geometric_fc,1,0,1,0,1,0,0.01946901,12,6,-1,medium,medium,0.55,mixed,4,,,,,,friction_model,424112
D,D_00088,knife_pass,oracle_sfc,0,0,0,0,1,0,0.0,12,6,-1,medium,medium,0.55,mixed,4,,,,,,friction_model,424112
D,D_00088,knife_pass,semantic_only,1,0,1,0,1,0,0.0,12,6,-1,medium,medium,0.55,mixed,4,,,,,,friction_model,424112
D,D_00088,knife_pass,posthoc_single,0,0,0,0,1,0,0.01946901,12,6,-1,medium,medium,0.55,mixed,4,,,,,,friction_model,424112
D,D_00088,knife_pass,soft_penalty_fc,1,0,1,0,1,0,0.01946901,12,6,-1,medium,medium,0.55,mixed,4,,,,,,friction_model,424112
D,D_00089,knife_pass,geometric_fc,1,0,1,0,1,0,0.01007595,12,6,-1,medium,medium,0.55,mixed,8,,,,,,friction_model,424113
D,D_00089,knife_pass,oracle_sfc,0,0,0,0,1,0,0.0,12,6,-1,medium,medium,0.55,mixed,8,,,,,,friction_model,424113
D,D_00089,knife_pass,semantic_only,1,0,1,0,1,0,0.0,12,6,-1,medium,medium,0.55,mixed,8,,,,,,friction_model,424113
D,D_00089,knife_pass,posthoc_single,0,0,0,0,1,0,0.01007595,12,6,-1,medium,medium,0.55,mixed,8,,,,,,friction_model,424113
D,D_00089,knife_pass,soft_penalty_fc,0,0,0,0,1,0,0.01007595,12,6,-1,medium,medium,0.55,mixed,8,,,,,,friction_model,424113
D,D_00090,knife_pass,geometric_fc,1,0,1,0,1,0,0.01008844,12,6,-1,medium,medium,0.55,mixed,8,,,,,,friction_model,424114
D,D_00090,knife_pass,oracle_sfc,0,0,0,0,1,0,0.0,12,6,-1,medium,medium,0.55,mixed,8,,,,,,friction_model,424114
D,D_00090,knife_pass,semantic_only,1,0,1,0,1,0,0.0,12,6,-1,medium,medium,0.55,mixed,8,,,,,,friction_model,424114
D,D_00090,knife_pass,posthoc_single,0,0,0,0,1,0,0.01008844,12,6,-1,medium,medium,0.55,mixed,8,,,,,,friction_model,424114
D,D_00090,knife_pass,soft_penalty_fc,0,0,0,0,1,0,0.01008844,12,6,-1,medium,medium,0.55,mixed,8,,,,,,friction_model,424114
D,D_00091,knife_pass,geometric_fc,1,0,1,0,1,0,0.00936877,12,6,-1,medium,medium,0.55,mixed,8,,,,,,friction_model,424115
D,D_00091,knife_pass,oracle_sfc,0,0,0,0,1,0,0.0,12,6,-1,medium,medium,0.55,mixed,8,,,,,,friction_model,424115
D,D_00091,knife_pass,semantic_only,1,0,1,0,1,0,0.0,12,6,-1,medium,medium,0.55,mixed,8,,,,,,friction_model,424115
D,D_00091,knife_pass,posthoc_single,0,0,0,0,1,0,0.00936877,12,6,-1,medium,medium,0.55,mixed,8,,,,,,friction_model,424115
D,D_00091,knife_pass,soft_penalty_fc,0,0,0,0,1,0,0.00936877,12,6,-1,medium,medium,0.55,mixed,8,,,,,,friction_model,424115
D,D_00092,knife_pass,geometric_fc,1,0,1,0,1,0,0.00959099,12,6,-1,medium,medium,0.55,mixed,8,,,,,,friction_model,424116
D,D_00092,knife_pass,oracle_sfc,0,0,0,0,1,0,0.0,12,6,-1,medium,medium,0.55,mixed,8,,,,,,friction_model,424116
D,D_00092,knife_pass,semantic_only,1,0,1,0,1,0,0.0,12,6,-1,medium,medium,0.55,mixed,8,,,,,,friction_model,424116
D,D_00092,knife_pass,posthoc_single,0,0,0,0,1,0,0.00959099,12,6,-1,medium,medium,0.55,mixed,8,,,,,,friction_model,424116
D,D_00092,knife_pass,soft_penalty_fc,0,0,0,0,1,0,0.00959099,12,6,-1,medium,medium,0.55,mixed,8,,,,,,friction_model,424116
D,D_00093,knife_pass,geometric_fc,1,0,1,0,1,0,0.00982597,12,6,-1,medium,medium,0.55,mixed,8,,,,,,friction_model,424117
D,D_00093,knife_pass,oracle_sfc,0,0,0,0,1,0,0.0,12,6,-1,medium,medium,0.55,mixed,8,,,,,,friction_model,424117
D,D_00093,knife_pass,semantic_only,1,0,1,0,1,0,0.0,12,6,-1,medium,medium,0.55,mixed,8,,,,,,friction_model,424117
D,D_00093,knife_pass,posthoc_single,0,0,0,0,1,0,0.00982597,12,6,-1,medium,medium,0.55,mixed,8,,,,,,friction_model,424117
D,D_00093,knife_pass,soft_penalty_fc,0,0,0,0,1,0,0.00982597,12,6,-1,medium,medium,0.55,mixed,8,,,,,,friction_model,424117
D,D_00094,knife_pass,geometric_fc,1,0,1,0,1,0,0.01020054,12,6,-1,medium,medium,0.55,mixed,8,,,,,,friction_model,424118
D,D_00094,knife_pass,oracle_sfc,0,0,0,0,1,0,0.0,12,6,-1,medium,medium,0.55,mixed,8,,,,,,friction_model,424118
D,D_00094,knife_pass,semantic_only,1,0,1,0,1,0,0.0,12,6,-1,medium,medium,0.55,mixed,8,,,,,,friction_model,424118
D,D_00094,knife_pass,posthoc_single,0,0,0,0,1,0,0.01020054,12,6,-1,medium,medium,0.55,mixed,8,,,,,,friction_model,424118
D,D_00094,knife_pass,soft_penalty_fc,0,0,0,0,1,0,0.01020054,12,6,-1,medium,medium,0.55,mixed,8,,,,,,friction_model,424118
D,D_00095,knife_pass,geometric_fc,1,0,1,0,1,0,0.0098434,12,6,-1,medium,medium,0.55,mixed,8,,,,,,friction_model,424119
D,D_00095,knife_pass,oracle_sfc,0,0,0,0,1,0,0.0,12,6,-1,medium,medium,0.55,mixed,8,,,,,,friction_model,424119
D,D_00095,knife_pass,semantic_only,1,0,1,0,1,0,0.0,12,6,-1,medium,medium,0.55,mixed,8,,,,,,friction_model,424119
D,D_00095,knife_pass,posthoc_single,0,0,0,0,1,0,0.0098434,12,6,-1,medium,medium,0.55,mixed,8,,,,,,friction_model,424119
D,D_00095,knife_pass,soft_penalty_fc,0,0,0,0,1,0,0.0098434,12,6,-1,medium,medium,0.55,mixed,8,,,,,,friction_model,424119
D,D_00096,knife_pass,geometric_fc,1,0,1,0,1,0,0.00973988,12,6,-1,medium,medium,0.55,mixed,8,,,,,,friction_model,424120
D,D_00096,knife_pass,oracle_sfc,0,0,0,0,1,0,0.0,12,6,-1,medium,medium,0.55,mixed,8,,,,,,friction_model,424120
D,D_00096,knife_pass,semantic_only,1,0,1,0,1,0,0.0,12,6,-1,medium,medium,0.55,mixed,8,,,,,,friction_model,424120
D,D_00096,knife_pass,posthoc_single,0,0,0,0,1,0,0.00973988,12,6,-1,medium,medium,0.55,mixed,8,,,,,,friction_model,424120
D,D_00096,knife_pass,soft_penalty_fc,0,0,0,0,1,0,0.00973988,12,6,-1,medium,medium,0.55,mixed,8,,,,,,friction_model,424120
D,D_00097,mug_serve,geometric_fc,1,0,1,1,1,1,0.03718265,12,8,-1,medium,medium,0.55,low,2,,,,,,friction_model,424121
D,D_00097,mug_serve,oracle_sfc,1,1,0,0,1,1,0.03941252,12,8,-1,medium,medium,0.55,low,2,,,,,,friction_model,424121
D,D_00097,mug_serve,semantic_only,1,1,0,0,1,1,0.0,12,8,-1,medium,medium,0.55,low,2,,,,,,friction_model,424121
D,D_00097,mug_serve,posthoc_single,0,0,0,1,1,1,0.03718265,12,8,-1,medium,medium,0.55,low,2,,,,,,friction_model,424121
D,D_00097,mug_serve,soft_penalty_fc,1,0,1,1,1,1,0.03718265,12,8,-1,medium,medium,0.55,low,2,,,,,,friction_model,424121
D,D_00098,mug_serve,geometric_fc,1,0,1,1,1,1,0.03527274,12,8,-1,medium,medium,0.55,low,2,,,,,,friction_model,424122
D,D_00098,mug_serve,oracle_sfc,1,1,0,0,1,1,0.04261668,12,8,-1,medium,medium,0.55,low,2,,,,,,friction_model,424122
D,D_00098,mug_serve,semantic_only,1,1,0,0,1,1,0.0,12,8,-1,medium,medium,0.55,low,2,,,,,,friction_model,424122
D,D_00098,mug_serve,posthoc_single,0,0,0,1,1,1,0.03527274,12,8,-1,medium,medium,0.55,low,2,,,,,,friction_model,424122
D,D_00098,mug_serve,soft_penalty_fc,1,0,1,1,1,1,0.03527274,12,8,-1,medium,medium,0.55,low,2,,,,,,friction_model,424122
D,D_00099,mug_serve,geometric_fc,1,0,1,1,1,1,0.03492078,12,8,-1,medium,medium,0.55,low,2,,,,,,friction_model,424123
D,D_00099,mug_serve,oracle_sfc,1,1,0,0,1,1,0.04855484,12,8,-1,medium,medium,0.55,low,2,,,,,,friction_model,424123
D,D_00099,mug_serve,semantic_only,1,1,0,0,1,1,0.0,12,8,-1,medium,medium,0.55,low,2,,,,,,friction_model,424123
D,D_00099,mug_serve,posthoc_single,0,0,0,1,1,1,0.03492078,12,8,-1,medium,medium,0.55,low,2,,,,,,friction_model,424123
D,D_00099,mug_serve,soft_penalty_fc,1,0,1,1,1,1,0.03492078,12,8,-1,medium,medium,0.55,low,2,,,,,,friction_model,424123
D,D_00100,mug_serve,geometric_fc,1,0,1,1,1,1,0.0356732,12,8,-1,medium,medium,0.55,low,2,,,,,,friction_model,424124
D,D_00100,mug_serve,oracle_sfc,1,1,0,0,1,1,0.03837051,12,8,-1,medium,medium,0.55,low,2,,,,,,friction_model,424124
D,D_00100,mug_serve,semantic_only,1,1,0,0,1,1,0.0,12,8,-1,medium,medium,0.55,low,2,,,,,,friction_model,424124
D,D_00100,mug_serve,posthoc_single,0,0,0,1,1,1,0.0356732,12,8,-1,medium,medium,0.55,low,2,,,,,,friction_model,424124
D,D_00100,mug_serve,soft_penalty_fc,1,0,1,1,1,1,0.0356732,12,8,-1,medium,medium,0.55,low,2,,,,,,friction_model,424124
D,D_00101,mug_serve,geometric_fc,1,0,1,1,1,1,0.03619044,12,8,-1,medium,medium,0.55,low,2,,,,,,friction_model,424125
D,D_00101,mug_serve,oracle_sfc,1,1,0,0,1,1,0.03815578,12,8,-1,medium,medium,0.55,low,2,,,,,,friction_model,424125
D,D_00101,mug_serve,semantic_only,1,1,0,0,1,1,0.0,12,8,-1,medium,medium,0.55,low,2,,,,,,friction_model,424125
D,D_00101,mug_serve,posthoc_single,0,0,0,1,1,1,0.03619044,12,8,-1,medium,medium,0.55,low,2,,,,,,friction_model,424125
D,D_00101,mug_serve,soft_penalty_fc,1,0,1,1,1,1,0.03619044,12,8,-1,medium,medium,0.55,low,2,,,,,,friction_model,424125
D,D_00102,mug_serve,geometric_fc,1,0,1,1,1,1,0.03662997,12,8,-1,medium,medium,0.55,low,2,,,,,,friction_model,424126
D,D_00102,mug_serve,oracle_sfc,1,1,0,0,1,1,0.04149562,12,8,-1,medium,medium,0.55,low,2,,,,,,friction_model,424126
D,D_00102,mug_serve,semantic_only,1,1,0,0,1,1,0.0,12,8,-1,medium,medium,0.55,low,2,,,,,,friction_model,424126
D,D_00102,mug_serve,posthoc_single,0,0,0,1,1,1,0.03662997,12,8,-1,medium,medium,0.55,low,2,,,,,,friction_model,424126
D,D_00102,mug_serve,soft_penalty_fc,1,0,1,1,1,1,0.03662997,12,8,-1,medium,medium,0.55,low,2,,,,,,friction_model,424126
D,D_00103,mug_serve,geometric_fc,1,0,1,1,1,1,0.03666181,12,8,-1,medium,medium,0.55,low,2,,,,,,friction_model,424127
D,D_00103,mug_serve,oracle_sfc,1,1,0,0,1,1,0.03404383,12,8,-1,medium,medium,0.55,low,2,,,,,,friction_model,424127
D,D_00103,mug_serve,semantic_only,1,1,0,0,1,1,0.0,12,8,-1,medium,medium,0.55,low,2,,,,,,friction_model,424127
D,D_00103,mug_serve,posthoc_single,0,0,0,1,1,1,0.03666181,12,8,-1,medium,medium,0.55,low,2,,,,,,friction_model,424127
D,D_00103,mug_serve,soft_penalty_fc,1,0,1,1,1,1,0.03666181,12,8,-1,medium,medium,0.55,low,2,,,,,,friction_model,424127
D,D_00104,mug_serve,geometric_fc,1,0,1,1,1,1,0.03539418,12,8,-1,medium,medium,0.55,low,2,,,,,,friction_model,424128
D,D_00104,mug_serve,oracle_sfc,1,1,0,0,1,1,0.04317651,12,8,-1,medium,medium,0.55,low,2,,,,,,friction_model,424128
D,D_00104,mug_serve,semantic_only,1,1,0,0,1,1,0.0,12,8,-1,medium,medium,0.55,low,2,,,,,,friction_model,424128
D,D_00104,mug_serve,posthoc_single,0,0,0,1,1,1,0.03539418,12,8,-1,medium,medium,0.55,low,2,,,,,,friction_model,424128
D,D_00104,mug_serve,soft_penalty_fc,1,0,1,1,1,1,0.03539418,12,8,-1,medium,medium,0.55,low,2,,,,,,friction_model,424128
D,D_00105,mug_serve,geometric_fc,1,0,1,1,1,1,0.01689377,12,8,-1,medium,medium,0.55,low,4,,,,,,friction_model,424129
D,D_00105,mug_serve,oracle_sfc,1,1,0,0,1,1,0.02496026,12,8,-1,medium,medium,0.55,low,4,,,,,,friction_model,424129
D,D_00105,mug_serve,semantic_only,1,1,0,0,1,1,0.0,12,8,-1,medium,medium,0.55,low,4,,,,,,friction_model,424129
D,D_00105,mug_serve,posthoc_single,0,0,0,1,1,1,0.01689377,12,8,-1,medium,medium,0.55,low,4,,,,,,friction_model,424129
D,D_00105,mug_serve,soft_penalty_fc,1,0,1,1,1,1,0.01689377,12,8,-1,medium,medium,0.55,low,4,,,,,,friction_model,424129
D,D_00106,mug_serve,geometric_fc,1,0,1,1,1,1,0.01785456,12,8,-1,medium,medium,0.55,low,4,,,,,,friction_model,424130
D,D_00106,mug_serve,oracle_sfc,1,1,0,0,1,1,0.02040761,12,8,-1,medium,medium,0.55,low,4,,,,,,friction_model,424130
D,D_00106,mug_serve,semantic_only,1,1,0,0,1,1,0.0,12,8,-1,medium,medium,0.55,low,4,,,,,,friction_model,424130
D,D_00106,mug_serve,posthoc_single,0,0,0,1,1,1,0.01785456,12,8,-1,medium,medium,0.55,low,4,,,,,,friction_model,424130
D,D_00106,mug_serve,soft_penalty_fc,1,0,1,1,1,1,0.01785456,12,8,-1,medium,medium,0.55,low,4,,,,,,friction_model,424130
D,D_00107,mug_serve,geometric_fc,1,0,1,1,1,1,0.0174642,12,8,-1,medium,medium,0.55,low,4,,,,,,friction_model,424131
D,D_00107,mug_serve,oracle_sfc,1,1,0,0,1,1,0.02040062,12,8,-1,medium,medium,0.55,low,4,,,,,,friction_model,424131
D,D_00107,mug_serve,semantic_only,1,1,0,0,1,1,0.0,12,8,-1,medium,medium,0.55,low,4,,,,,,friction_model,424131
D,D_00107,mug_serve,posthoc_single,0,0,0,1,1,1,0.0174642,12,8,-1,medium,medium,0.55,low,4,,,,,,friction_model,424131
D,D_00107,mug_serve,soft_penalty_fc,1,0,1,1,1,1,0.0174642,12,8,-1,medium,medium,0.55,low,4,,,,,,friction_model,424131
D,D_00108,mug_serve,geometric_fc,1,0,1,1,1,1,0.01785681,12,8,-1,medium,medium,0.55,low,4,,,,,,friction_model,424132
D,D_00108,mug_serve,oracle_sfc,1,1,0,0,1,1,0.02139613,12,8,-1,medium,medium,0.55,low,4,,,,,,friction_model,424132
D,D_00108,mug_serve,semantic_only,1,1,0,0,1,1,0.0,12,8,-1,medium,medium,0.55,low,4,,,,,,friction_model,424132
D,D_00108,mug_serve,posthoc_single,0,0,0,1,1,1,0.01785681,12,8,-1,medium,medium,0.55,low,4,,,,,,friction_model,424132
D,D_00108,mug_serve,soft_penalty_fc,1,0,1,1,1,1,0.01785681,12,8,-1,medium,medium,0.55,low,4,,,,,,friction_model,424132
D,D_00109,mug_serve,geometric_fc,1,0,1,1,1,1,0.01789733,12,8,-1,medium,medium,0.55,low,4,,,,,,friction_model,424133
D,D_00109,mug_serve,oracle_sfc,1,1,0,0,1,1,0.02142593,12,8,-1,medium,medium,0.55,low,4,,,,,,friction_model,424133
D,D_00109,mug_serve,semantic_only,1,1,0,0,1,1,0.0,12,8,-1,medium,medium,0.55,low,4,,,,,,friction_model,424133
D,D_00109,mug_serve,posthoc_single,0,0,0,1,1,1,0.01789733,12,8,-1,medium,medium,0.55,low,4,,,,,,friction_model,424133
D,D_00109,mug_serve,soft_penalty_fc,1,0,1,1,1,1,0.01789733,12,8,-1,medium,medium,0.55,low,4,,,,,,friction_model,424133
D,D_00110,mug_serve,geometric_fc,1,0,1,1,1,1,0.01816435,12,8,-1,medium,medium,0.55,low,4,,,,,,friction_model,424134
D,D_00110,mug_serve,oracle_sfc,1,1,0,0,1,1,0.01834442,12,8,-1,medium,medium,0.55,low,4,,,,,,friction_model,424134
D,D_00110,mug_serve,semantic_only,1,1,0,0,1,1,0.0,12,8,-1,medium,medium,0.55,low,4,,,,,,friction_model,424134
D,D_00110,mug_serve,posthoc_single,0,0,0,1,1,1,0.01816435,12,8,-1,medium,medium,0.55,low,4,,,,,,friction_model,424134
D,D_00110,mug_serve,soft_penalty_fc,1,0,1,1,1,1,0.01816435,12,8,-1,medium,medium,0.55,low,4,,,,,,friction_model,424134
D,D_00111,mug_serve,geometric_fc,1,0,1,1,1,1,0.0176457,12,8,-1,medium,medium,0.55,low,4,,,,,,friction_model,424135
D,D_00111,mug_serve,oracle_sfc,1,1,0,0,1,1,0.01929822,12,8,-1,medium,medium,0.55,low,4,,,,,,friction_model,424135
D,D_00111,mug_serve,semantic_only,1,1,0,0,1,1,0.0,12,8,-1,medium,medium,0.55,low,4,,,,,,friction_model,424135
D,D_00111,mug_serve,posthoc_single,0,0,0,1,1,1,0.0176457,12,8,-1,medium,medium,0.55,low,4,,,,,,friction_model,424135
D,D_00111,mug_serve,soft_penalty_fc,1,0,1,1,1,1,0.0176457,12,8,-1,medium,medium,0.55,low,4,,,,,,friction_model,424135
D,D_00112,mug_serve,geometric_fc,1,0,1,1,1,1,0.01739513,12,8,-1,medium,medium,0.55,low,4,,,,,,friction_model,424136
D,D_00112,mug_serve,oracle_sfc,1,1,0,0,1,1,0.02347671,12,8,-1,medium,medium,0.55,low,4,,,,,,friction_model,424136
D,D_00112,mug_serve,semantic_only,1,1,0,0,1,1,0.0,12,8,-1,medium,medium,0.55,low,4,,,,,,friction_model,424136
D,D_00112,mug_serve,posthoc_single,0,0,0,1,1,1,0.01739513,12,8,-1,medium,medium,0.55,low,4,,,,,,friction_model,424136
D,D_00112,mug_serve,soft_penalty_fc,1,0,1,1,1,1,0.01739513,12,8,-1,medium,medium,0.55,low,4,,,,,,friction_model,424136
D,D_00113,mug_serve,geometric_fc,1,0,1,1,1,1,0.00923388,12,8,-1,medium,medium,0.55,low,8,,,,,,friction_model,424137
D,D_00113,mug_serve,oracle_sfc,1,1,0,0,1,1,0.01000801,12,8,-1,medium,medium,0.55,low,8,,,,,,friction_model,424137
D,D_00113,mug_serve,semantic_only,1,1,0,0,1,1,0.0,12,8,-1,medium,medium,0.55,low,8,,,,,,friction_model,424137
D,D_00113,mug_serve,posthoc_single,0,0,0,1,1,1,0.00923388,12,8,-1,medium,medium,0.55,low,8,,,,,,friction_model,424137
D,D_00113,mug_serve,soft_penalty_fc,0,0,0,1,1,1,0.00923388,12,8,-1,medium,medium,0.55,low,8,,,,,,friction_model,424137
D,D_00114,mug_serve,geometric_fc,1,0,1,1,1,1,0.00888542,12,8,-1,medium,medium,0.55,low,8,,,,,,friction_model,424138
D,D_00114,mug_serve,oracle_sfc,1,1,0,0,1,1,0.01035987,12,8,-1,medium,medium,0.55,low,8,,,,,,friction_model,424138
D,D_00114,mug_serve,semantic_only,1,1,0,0,1,1,0.0,12,8,-1,medium,medium,0.55,low,8,,,,,,friction_model,424138
D,D_00114,mug_serve,posthoc_single,0,0,0,1,1,1,0.00888542,12,8,-1,medium,medium,0.55,low,8,,,,,,friction_model,424138
D,D_00114,mug_serve,soft_penalty_fc,0,0,0,1,1,1,0.00888542,12,8,-1,medium,medium,0.55,low,8,,,,,,friction_model,424138
D,D_00115,mug_serve,geometric_fc,1,0,1,1,1,1,0.00862267,12,8,-1,medium,medium,0.55,low,8,,,,,,friction_model,424139
D,D_00115,mug_serve,oracle_sfc,1,1,0,0,1,1,0.01247264,12,8,-1,medium,medium,0.55,low,8,,,,,,friction_model,424139
D,D_00115,mug_serve,semantic_only,1,1,0,0,1,1,0.0,12,8,-1,medium,medium,0.55,low,8,,,,,,friction_model,424139
D,D_00115,mug_serve,posthoc_single,0,0,0,1,1,1,0.00862267,12,8,-1,medium,medium,0.55,low,8,,,,,,friction_model,424139
D,D_00115,mug_serve,soft_penalty_fc,0,0,0,1,1,1,0.00862267,12,8,-1,medium,medium,0.55,low,8,,,,,,friction_model,424139
D,D_00116,mug_serve,geometric_fc,1,0,1,1,1,1,0.00943228,12,8,-1,medium,medium,0.55,low,8,,,,,,friction_model,424140
D,D_00116,mug_serve,oracle_sfc,1,1,0,0,1,1,0.00751009,12,8,-1,medium,medium,0.55,low,8,,,,,,friction_model,424140
D,D_00116,mug_serve,semantic_only,1,1,0,0,1,1,0.0,12,8,-1,medium,medium,0.55,low,8,,,,,,friction_model,424140
D,D_00116,mug_serve,posthoc_single,0,0,0,1,1,1,0.00943228,12,8,-1,medium,medium,0.55,low,8,,,,,,friction_model,424140
D,D_00116,mug_serve,soft_penalty_fc,0,0,0,1,1,1,0.00943228,12,8,-1,medium,medium,0.55,low,8,,,,,,friction_model,424140
D,D_00117,mug_serve,geometric_fc,1,0,1,1,1,1,0.00906019,12,8,-1,medium,medium,0.55,low,8,,,,,,friction_model,424141
D,D_00117,mug_serve,oracle_sfc,1,1,0,0,1,1,0.01026289,12,8,-1,medium,medium,0.55,low,8,,,,,,friction_model,424141
D,D_00117,mug_serve,semantic_only,1,1,0,0,1,1,0.0,12,8,-1,medium,medium,0.55,low,8,,,,,,friction_model,424141
D,D_00117,mug_serve,posthoc_single,0,0,0,1,1,1,0.00906019,12,8,-1,medium,medium,0.55,low,8,,,,,,friction_model,424141
D,D_00117,mug_serve,soft_penalty_fc,0,0,0,1,1,1,0.00906019,12,8,-1,medium,medium,0.55,low,8,,,,,,friction_model,424141
D,D_00118,mug_serve,geometric_fc,1,0,1,1,1,1,0.00946811,12,8,-1,medium,medium,0.55,low,8,,,,,,friction_model,424142
D,D_00118,mug_serve,oracle_sfc,1,1,0,0,1,1,0.00854793,12,8,-1,medium,medium,0.55,low,8,,,,,,friction_model,424142
D,D_00118,mug_serve,semantic_only,1,1,0,0,1,1,0.0,12,8,-1,medium,medium,0.55,low,8,,,,,,friction_model,424142
D,D_00118,mug_serve,posthoc_single,0,0,0,1,1,1,0.00946811,12,8,-1,medium,medium,0.55,low,8,,,,,,friction_model,424142
D,D_00118,mug_serve,soft_penalty_fc,0,0,0,1,1,1,0.00946811,12,8,-1,medium,medium,0.55,low,8,,,,,,friction_model,424142
D,D_00119,mug_serve,geometric_fc,1,0,1,1,1,1,0.00890984,12,8,-1,medium,medium,0.55,low,8,,,,,,friction_model,424143
D,D_00119,mug_serve,oracle_sfc,1,1,0,0,1,1,0.01087438,12,8,-1,medium,medium,0.55,low,8,,,,,,friction_model,424143
D,D_00119,mug_serve,semantic_only,1,1,0,0,1,1,0.0,12,8,-1,medium,medium,0.55,low,8,,,,,,friction_model,424143
D,D_00119,mug_serve,posthoc_single,0,0,0,1,1,1,0.00890984,12,8,-1,medium,medium,0.55,low,8,,,,,,friction_model,424143
D,D_00119,mug_serve,soft_penalty_fc,0,0,0,1,1,1,0.00890984,12,8,-1,medium,medium,0.55,low,8,,,,,,friction_model,424143
D,D_00120,mug_serve,geometric_fc,1,0,1,1,1,1,0.00933826,12,8,-1,medium,medium,0.55,low,8,,,,,,friction_model,424144
D,D_00120,mug_serve,oracle_sfc,1,1,0,0,1,1,0.0074984,12,8,-1,medium,medium,0.55,low,8,,,,,,friction_model,424144
D,D_00120,mug_serve,semantic_only,1,1,0,0,1,1,0.0,12,8,-1,medium,medium,0.55,low,8,,,,,,friction_model,424144
D,D_00120,mug_serve,posthoc_single,0,0,0,1,1,1,0.00933826,12,8,-1,medium,medium,0.55,low,8,,,,,,friction_model,424144
D,D_00120,mug_serve,soft_penalty_fc,0,0,0,1,1,1,0.00933826,12,8,-1,medium,medium,0.55,low,8,,,,,,friction_model,424144
D,D_00121,mug_serve,geometric_fc,1,0,1,1,1,1,0.03838915,12,8,-1,medium,medium,0.55,medium,2,,,,,,friction_model,424145
D,D_00121,mug_serve,oracle_sfc,1,1,0,0,1,1,0.04344425,12,8,-1,medium,medium,0.55,medium,2,,,,,,friction_model,424145
D,D_00121,mug_serve,semantic_only,1,1,0,0,1,1,0.0,12,8,-1,medium,medium,0.55,medium,2,,,,,,friction_model,424145
D,D_00121,mug_serve,posthoc_single,0,0,0,1,1,1,0.03838915,12,8,-1,medium,medium,0.55,medium,2,,,,,,friction_model,424145
D,D_00121,mug_serve,soft_penalty_fc,1,0,1,1,1,1,0.03838915,12,8,-1,medium,medium,0.55,medium,2,,,,,,friction_model,424145
D,D_00122,mug_serve,geometric_fc,1,0,1,1,1,1,0.03524661,12,8,-1,medium,medium,0.55,medium,2,,,,,,friction_model,424146
D,D_00122,mug_serve,oracle_sfc,1,1,0,0,1,1,0.05228033,12,8,-1,medium,medium,0.55,medium,2,,,,,,friction_model,424146
D,D_00122,mug_serve,semantic_only,1,1,0,0,1,1,0.0,12,8,-1,medium,medium,0.55,medium,2,,,,,,friction_model,424146
D,D_00122,mug_serve,posthoc_single,0,0,0,1,1,1,0.03524661,12,8,-1,medium,medium,0.55,medium,2,,,,,,friction_model,424146
D,D_00122,mug_serve,soft_penalty_fc,1,0,1,1,1,1,0.03524661,12,8,-1,medium,medium,0.55,medium,2,,,,,,friction_model,424146
D,D_00123,mug_serve,geometric_fc,1,0,1,1,1,1,0.0354498,12,8,-1,medium,medium,0.55,medium,2,,,,,,friction_model,424147
D,D_00123,mug_serve,oracle_sfc,1,1,0,0,1,1,0.05110053,12,8,-1,medium,medium,0.55,medium,2,,,,,,friction_model,424147
D,D_00123,mug_serve,semantic_only,1,1,0,0,1,1,0.0,12,8,-1,medium,medium,0.55,medium,2,,,,,,friction_model,424147
D,D_00123,mug_serve,posthoc_single,0,0,0,1,1,1,0.0354498,12,8,-1,medium,medium,0.55,medium,2,,,,,,friction_model,424147
D,D_00123,mug_serve,soft_penalty_fc,1,0,1,1,1,1,0.0354498,12,8,-1,medium,medium,0.55,medium,2,,,,,,friction_model,424147
D,D_00124,mug_serve,geometric_fc,1,0,1,1,1,1,0.03584497,12,8,-1,medium,medium,0.55,medium,2,,,,,,friction_model,424148
D,D_00124,mug_serve,oracle_sfc,1,1,0,0,1,1,0.04973993,12,8,-1,medium,medium,0.55,medium,2,,,,,,friction_model,424148
D,D_00124,mug_serve,semantic_only,1,1,0,0,1,1,0.0,12,8,-1,medium,medium,0.55,medium,2,,,,,,friction_model,424148
D,D_00124,mug_serve,posthoc_single,0,0,0,1,1,1,0.03584497,12,8,-1,medium,medium,0.55,medium,2,,,,,,friction_model,424148
D,D_00124,mug_serve,soft_penalty_fc,1,0,1,1,1,1,0.03584497,12,8,-1,medium,medium,0.55,medium,2,,,,,,friction_model,424148
D,D_00125,mug_serve,geometric_fc,1,0,1,1,1,1,0.03679348,12,8,-1,medium,medium,0.55,medium,2,,,,,,friction_model,424149
D,D_00125,mug_serve,oracle_sfc,1,1,0,0,1,1,0.0466893,12,8,-1,medium,medium,0.55,medium,2,,,,,,friction_model,424149
D,D_00125,mug_serve,semantic_only,1,1,0,0,1,1,0.0,12,8,-1,medium,medium,0.55,medium,2,,,,,,friction_model,424149
D,D_00125,mug_serve,posthoc_single,0,0,0,1,1,1,0.03679348,12,8,-1,medium,medium,0.55,medium,2,,,,,,friction_model,424149
D,D_00125,mug_serve,soft_penalty_fc,1,0,1,1,1,1,0.03679348,12,8,-1,medium,medium,0.55,medium,2,,,,,,friction_model,424149
D,D_00126,mug_serve,geometric_fc,1,0,1,1,1,1,0.03566397,12,8,-1,medium,medium,0.55,medium,2,,,,,,friction_model,424150
D,D_00126,mug_serve,oracle_sfc,1,1,0,0,1,1,0.04975207,12,8,-1,medium,medium,0.55,medium,2,,,,,,friction_model,424150
D,D_00126,mug_serve,semantic_only,1,1,0,0,1,1,0.0,12,8,-1,medium,medium,0.55,medium,2,,,,,,friction_model,424150
D,D_00126,mug_serve,posthoc_single,0,0,0,1,1,1,0.03566397,12,8,-1,medium,medium,0.55,medium,2,,,,,,friction_model,424150
D,D_00126,mug_serve,soft_penalty_fc,1,0,1,1,1,1,0.03566397,12,8,-1,medium,medium,0.55,medium,2,,,,,,friction_model,424150
D,D_00127,mug_serve,geometric_fc,1,0,1,1,1,1,0.03574445,12,8,-1,medium,medium,0.55,medium,2,,,,,,friction_model,424151
D,D_00127,mug_serve,oracle_sfc,1,1,0,0,1,1,0.04811131,12,8,-1,medium,medium,0.55,medium,2,,,,,,friction_model,424151
D,D_00127,mug_serve,semantic_only,1,1,0,0,1,1,0.0,12,8,-1,medium,medium,0.55,medium,2,,,,,,friction_model,424151
D,D_00127,mug_serve,posthoc_single,0,0,0,1,1,1,0.03574445,12,8,-1,medium,medium,0.55,medium,2,,,,,,friction_model,424151
D,D_00127,mug_serve,soft_penalty_fc,1,0,1,1,1,1,0.03574445,12,8,-1,medium,medium,0.55,medium,2,,,,,,friction_model,424151
D,D_00128,mug_serve,geometric_fc,1,0,1,1,1,1,0.03828118,12,8,-1,medium,medium,0.55,medium,2,,,,,,friction_model,424152
D,D_00128,mug_serve,oracle_sfc,1,1,0,0,1,1,0.03770584,12,8,-1,medium,medium,0.55,medium,2,,,,,,friction_model,424152
D,D_00128,mug_serve,semantic_only,1,1,0,0,1,1,0.0,12,8,-1,medium,medium,0.55,medium,2,,,,,,friction_model,424152
D,D_00128,mug_serve,posthoc_single,0,0,0,1,1,1,0.03828118,12,8,-1,medium,medium,0.55,medium,2,,,,,,friction_model,424152
D,D_00128,mug_serve,soft_penalty_fc,1,0,1,1,1,1,0.03828118,12,8,-1,medium,medium,0.55,medium,2,,,,,,friction_model,424152
D,D_00129,mug_serve,geometric_fc,1,0,1,1,1,1,0.0176622,12,8,-1,medium,medium,0.55,medium,4,,,,,,friction_model,424153
D,D_00129,mug_serve,oracle_sfc,1,1,0,0,1,1,0.02244983,12,8,-1,medium,medium,0.55,medium,4,,,,,,friction_model,424153
D,D_00129,mug_serve,semantic_only,1,1,0,0,1,1,0.0,12,8,-1,medium,medium,0.55,medium,4,,,,,,friction_model,424153
D,D_00129,mug_serve,posthoc_single,0,0,0,1,1,1,0.0176622,12,8,-1,medium,medium,0.55,medium,4,,,,,,friction_model,424153
D,D_00129,mug_serve,soft_penalty_fc,1,0,1,1,1,1,0.0176622,12,8,-1,medium,medium,0.55,medium,4,,,,,,friction_model,424153
D,D_00130,mug_serve,geometric_fc,1,0,1,1,1,1,0.0194352,12,8,-1,medium,medium,0.55,medium,4,,,,,,friction_model,424154
D,D_00130,mug_serve,oracle_sfc,1,1,0,0,1,1,0.01893792,12,8,-1,medium,medium,0.55,medium,4,,,,,,friction_model,424154
D,D_00130,mug_serve,semantic_only,1,1,0,0,1,1,0.0,12,8,-1,medium,medium,0.55,medium,4,,,,,,friction_model,424154
D,D_00130,mug_serve,posthoc_single,0,0,0,1,1,1,0.0194352,12,8,-1,medium,medium,0.55,medium,4,,,,,,friction_model,424154
D,D_00130,mug_serve,soft_penalty_fc,1,0,1,1,1,1,0.0194352,12,8,-1,medium,medium,0.55,medium,4,,,,,,friction_model,424154
D,D_00131,mug_serve,geometric_fc,1,0,1,1,1,1,0.01785961,12,8,-1,medium,medium,0.55,medium,4,,,,,,friction_model,424155
D,D_00131,mug_serve,oracle_sfc,1,1,0,0,1,1,0.02402959,12,8,-1,medium,medium,0.55,medium,4,,,,,,friction_model,424155
D,D_00131,mug_serve,semantic_only,1,1,0,0,1,1,0.0,12,8,-1,medium,medium,0.55,medium,4,,,,,,friction_model,424155
D,D_00131,mug_serve,posthoc_single,0,0,0,1,1,1,0.01785961,12,8,-1,medium,medium,0.55,medium,4,,,,,,friction_model,424155
D,D_00131,mug_serve,soft_penalty_fc,1,0,1,1,1,1,0.01785961,12,8,-1,medium,medium,0.55,medium,4,,,,,,friction_model,424155
D,D_00132,mug_serve,geometric_fc,1,0,1,1,1,1,0.0177967,12,8,-1,medium,medium,0.55,medium,4,,,,,,friction_model,424156
D,D_00132,mug_serve,oracle_sfc,1,1,0,0,1,1,0.02556957,12,8,-1,medium,medium,0.55,medium,4,,,,,,friction_model,424156
D,D_00132,mug_serve,semantic_only,1,1,0,0,1,1,0.0,12,8,-1,medium,medium,0.55,medium,4,,,,,,friction_model,424156
D,D_00132,mug_serve,posthoc_single,0,0,0,1,1,1,0.0177967,12,8,-1,medium,medium,0.55,medium,4,,,,,,friction_model,424156
D,D_00132,mug_serve,soft_penalty_fc,1,0,1,1,1,1,0.0177967,12,8,-1,medium,medium,0.55,medium,4,,,,,,friction_model,424156
D,D_00133,mug_serve,geometric_fc,1,0,1,1,1,1,0.01776583,12,8,-1,medium,medium,0.55,medium,4,,,,,,friction_model,424157
D,D_00133,mug_serve,oracle_sfc,1,1,0,0,1,1,0.02265422,12,8,-1,medium,medium,0.55,medium,4,,,,,,friction_model,424157
D,D_00133,mug_serve,semantic_only,1,1,0,0,1,1,0.0,12,8,-1,medium,medium,0.55,medium,4,,,,,,friction_model,424157
D,D_00133,mug_serve,posthoc_single,0,0,0,1,1,1,0.01776583,12,8,-1,medium,medium,0.55,medium,4,,,,,,friction_model,424157
D,D_00133,mug_serve,soft_penalty_fc,1,0,1,1,1,1,0.01776583,12,8,-1,medium,medium,0.55,medium,4,,,,,,friction_model,424157
D,D_00134,mug_serve,geometric_fc,1,0,1,1,1,1,0.0183846,12,8,-1,medium,medium,0.55,medium,4,,,,,,friction_model,424158
D,D_00134,mug_serve,oracle_sfc,1,1,0,0,1,1,0.02383359,12,8,-1,medium,medium,0.55,medium,4,,,,,,friction_model,424158
D,D_00134,mug_serve,semantic_only,1,1,0,0,1,1,0.0,12,8,-1,medium,medium,0.55,medium,4,,,,,,friction_model,424158
D,D_00134,mug_serve,posthoc_single,0,0,0,1,1,1,0.0183846,12,8,-1,medium,medium,0.55,medium,4,,,,,,friction_model,424158
D,D_00134,mug_serve,soft_penalty_fc,1,0,1,1,1,1,0.0183846,12,8,-1,medium,medium,0.55,medium,4,,,,,,friction_model,424158
D,D_00135,mug_serve,geometric_fc,1,0,1,1,1,1,0.01818697,12,8,-1,medium,medium,0.55,medium,4,,,,,,friction_model,424159
D,D_00135,mug_serve,oracle_sfc,1,1,0,0,1,1,0.02153772,12,8,-1,medium,medium,0.55,medium,4,,,,,,friction_model,424159
D,D_00135,mug_serve,semantic_only,1,1,0,0,1,1,0.0,12,8,-1,medium,medium,0.55,medium,4,,,,,,friction_model,424159
D,D_00135,mug_serve,posthoc_single,0,0,0,1,1,1,0.01818697,12,8,-1,medium,medium,0.55,medium,4,,,,,,friction_model,424159
D,D_00135,mug_serve,soft_penalty_fc,1,0,1,1,1,1,0.01818697,12,8,-1,medium,medium,0.55,medium,4,,,,,,friction_model,424159
D,D_00136,mug_serve,geometric_fc,1,0,1,1,1,1,0.01883125,12,8,-1,medium,medium,0.55,medium,4,,,,,,friction_model,424160
D,D_00136,mug_serve,oracle_sfc,1,1,0,0,1,1,0.02069565,12,8,-1,medium,medium,0.55,medium,4,,,,,,friction_model,424160
D,D_00136,mug_serve,semantic_only,1,1,0,0,1,1,0.0,12,8,-1,medium,medium,0.55,medium,4,,,,,,friction_model,424160
D,D_00136,mug_serve,posthoc_single,0,0,0,1,1,1,0.01883125,12,8,-1,medium,medium,0.55,medium,4,,,,,,friction_model,424160
D,D_00136,mug_serve,soft_penalty_fc,1,0,1,1,1,1,0.01883125,12,8,-1,medium,medium,0.55,medium,4,,,,,,friction_model,424160
D,D_00137,mug_serve,geometric_fc,1,0,1,1,1,1,0.0092012,12,8,-1,medium,medium,0.55,medium,8,,,,,,friction_model,424161
D,D_00137,mug_serve,oracle_sfc,1,1,0,0,1,1,0.01130803,12,8,-1,medium,medium,0.55,medium,8,,,,,,friction_model,424161
D,D_00137,mug_serve,semantic_only,1,1,0,0,1,1,0.0,12,8,-1,medium,medium,0.55,medium,8,,,,,,friction_model,424161
D,D_00137,mug_serve,posthoc_single,0,0,0,1,1,1,0.0092012,12,8,-1,medium,medium,0.55,medium,8,,,,,,friction_model,424161
D,D_00137,mug_serve,soft_penalty_fc,0,0,0,1,1,1,0.0092012,12,8,-1,medium,medium,0.55,medium,8,,,,,,friction_model,424161
D,D_00138,mug_serve,geometric_fc,1,0,1,1,1,1,0.00878929,12,8,-1,medium,medium,0.55,medium,8,,,,,,friction_model,424162
D,D_00138,mug_serve,oracle_sfc,1,1,0,0,1,1,0.012521,12,8,-1,medium,medium,0.55,medium,8,,,,,,friction_model,424162
D,D_00138,mug_serve,semantic_only,1,1,0,0,1,1,0.0,12,8,-1,medium,medium,0.55,medium,8,,,,,,friction_model,424162
D,D_00138,mug_serve,posthoc_single,0,0,0,1,1,1,0.00878929,12,8,-1,medium,medium,0.55,medium,8,,,,,,friction_model,424162
D,D_00138,mug_serve,soft_penalty_fc,0,0,0,1,1,1,0.00878929,12,8,-1,medium,medium,0.55,medium,8,,,,,,friction_model,424162
D,D_00139,mug_serve,geometric_fc,1,0,1,1,1,1,0.00877667,12,8,-1,medium,medium,0.55,medium,8,,,,,,friction_model,424163
D,D_00139,mug_serve,oracle_sfc,1,1,0,0,1,1,0.01266468,12,8,-1,medium,medium,0.55,medium,8,,,,,,friction_model,424163
D,D_00139,mug_serve,semantic_only,1,1,0,0,1,1,0.0,12,8,-1,medium,medium,0.55,medium,8,,,,,,friction_model,424163
D,D_00139,mug_serve,posthoc_single,0,0,0,1,1,1,0.00877667,12,8,-1,medium,medium,0.55,medium,8,,,,,,friction_model,424163
D,D_00139,mug_serve,soft_penalty_fc,0,0,0,1,1,1,0.00877667,12,8,-1,medium,medium,0.55,medium,8,,,,,,friction_model,424163
D,D_00140,mug_serve,geometric_fc,1,0,1,1,1,1,0.00901073,12,8,-1,medium,medium,0.55,medium,8,,,,,,friction_model,424164
D,D_00140,mug_serve,oracle_sfc,1,1,0,0,1,1,0.01172576,12,8,-1,medium,medium,0.55,medium,8,,,,,,friction_model,424164
D,D_00140,mug_serve,semantic_only,1,1,0,0,1,1,0.0,12,8,-1,medium,medium,0.55,medium,8,,,,,,friction_model,424164
D,D_00140,mug_serve,posthoc_single,0,0,0,1,1,1,0.00901073,12,8,-1,medium,medium,0.55,medium,8,,,,,,friction_model,424164
D,D_00140,mug_serve,soft_penalty_fc,0,0,0,1,1,1,0.00901073,12,8,-1,medium,medium,0.55,medium,8,,,,,,friction_model,424164
D,D_00141,mug_serve,geometric_fc,1,0,1,1,1,1,0.00923466,12,8,-1,medium,medium,0.55,medium,8,,,,,,friction_model,424165
D,D_00141,mug_serve,oracle_sfc,1,1,0,0,1,1,0.01143894,12,8,-1,medium,medium,0.55,medium,8,,,,,,friction_model,424165
D,D_00141,mug_serve,semantic_only,1,1,0,0,1,1,0.0,12,8,-1,medium,medium,0.55,medium,8,,,,,,friction_model,424165
D,D_00141,mug_serve,posthoc_single,0,0,0,1,1,1,0.00923466,12,8,-1,medium,medium,0.55,medium,8,,,,,,friction_model,424165
D,D_00141,mug_serve,soft_penalty_fc,0,0,0,1,1,1,0.00923466,12,8,-1,medium,medium,0.55,medium,8,,,,,,friction_model,424165
D,D_00142,mug_serve,geometric_fc,1,0,1,1,1,1,0.00951284,12,8,-1,medium,medium,0.55,medium,8,,,,,,friction_model,424166
D,D_00142,mug_serve,oracle_sfc,1,1,0,0,1,1,0.00957887,12,8,-1,medium,medium,0.55,medium,8,,,,,,friction_model,424166
D,D_00142,mug_serve,semantic_only,1,1,0,0,1,1,0.0,12,8,-1,medium,medium,0.55,medium,8,,,,,,friction_model,424166
D,D_00142,mug_serve,posthoc_single,0,0,0,1,1,1,0.00951284,12,8,-1,medium,medium,0.55,medium,8,,,,,,friction_model,424166
D,D_00142,mug_serve,soft_penalty_fc,0,0,0,1,1,1,0.00951284,12,8,-1,medium,medium,0.55,medium,8,,,,,,friction_model,424166
D,D_00143,mug_serve,geometric_fc,1,0,1,1,1,1,0.00877806,12,8,-1,medium,medium,0.55,medium,8,,,,,,friction_model,424167
D,D_00143,mug_serve,oracle_sfc,1,1,0,0,1,1,0.01256633,12,8,-1,medium,medium,0.55,medium,8,,,,,,friction_model,424167
D,D_00143,mug_serve,semantic_only,1,1,0,0,1,1,0.0,12,8,-1,medium,medium,0.55,medium,8,,,,,,friction_model,424167
D,D_00143,mug_serve,posthoc_single,0,0,0,1,1,1,0.00877806,12,8,-1,medium,medium,0.55,medium,8,,,,,,friction_model,424167
D,D_00143,mug_serve,soft_penalty_fc,0,0,0,1,1,1,0.00877806,12,8,-1,medium,medium,0.55,medium,8,,,,,,friction_model,424167
D,D_00144,mug_serve,geometric_fc,1,0,1,1,1,1,0.00897778,12,8,-1,medium,medium,0.55,medium,8,,,,,,friction_model,424168
D,D_00144,mug_serve,oracle_sfc,1,1,0,0,1,1,0.01205887,12,8,-1,medium,medium,0.55,medium,8,,,,,,friction_model,424168
D,D_00144,mug_serve,semantic_only,1,1,0,0,1,1,0.0,12,8,-1,medium,medium,0.55,medium,8,,,,,,friction_model,424168
D,D_00144,mug_serve,posthoc_single,0,0,0,1,1,1,0.00897778,12,8,-1,medium,medium,0.55,medium,8,,,,,,friction_model,424168
D,D_00144,mug_serve,soft_penalty_fc,0,0,0,1,1,1,0.00897778,12,8,-1,medium,medium,0.55,medium,8,,,,,,friction_model,424168
D,D_00145,mug_serve,geometric_fc,1,0,1,1,1,1,0.0357522,12,8,-1,medium,medium,0.55,high,2,,,,,,friction_model,424169
D,D_00145,mug_serve,oracle_sfc,1,1,0,0,1,1,0.05161776,12,8,-1,medium,medium,0.55,high,2,,,,,,friction_model,424169
D,D_00145,mug_serve,semantic_only,1,1,0,0,1,1,0.0,12,8,-1,medium,medium,0.55,high,2,,,,,,friction_model,424169
D,D_00145,mug_serve,posthoc_single,0,0,0,1,1,1,0.0357522,12,8,-1,medium,medium,0.55,high,2,,,,,,friction_model,424169
D,D_00145,mug_serve,soft_penalty_fc,1,0,1,1,1,1,0.0357522,12,8,-1,medium,medium,0.55,high,2,,,,,,friction_model,424169
D,D_00146,mug_serve,geometric_fc,1,0,1,1,1,1,0.03829285,12,8,-1,medium,medium,0.55,high,2,,,,,,friction_model,424170
D,D_00146,mug_serve,oracle_sfc,1,1,0,0,1,1,0.04512747,12,8,-1,medium,medium,0.55,high,2,,,,,,friction_model,424170
D,D_00146,mug_serve,semantic_only,1,1,0,0,1,1,0.0,12,8,-1,medium,medium,0.55,high,2,,,,,,friction_model,424170
D,D_00146,mug_serve,posthoc_single,0,0,0,1,1,1,0.03829285,12,8,-1,medium,medium,0.55,high,2,,,,,,friction_model,424170
D,D_00146,mug_serve,soft_penalty_fc,1,0,1,1,1,1,0.03829285,12,8,-1,medium,medium,0.55,high,2,,,,,,friction_model,424170
D,D_00147,mug_serve,geometric_fc,1,0,1,1,1,1,0.03897861,12,8,-1,medium,medium,0.55,high,2,,,,,,friction_model,424171
D,D_00147,mug_serve,oracle_sfc,1,1,0,0,1,1,0.0438934,12,8,-1,medium,medium,0.55,high,2,,,,,,friction_model,424171
D,D_00147,mug_serve,semantic_only,1,1,0,0,1,1,0.0,12,8,-1,medium,medium,0.55,high,2,,,,,,friction_model,424171
D,D_00147,mug_serve,posthoc_single,0,0,0,1,1,1,0.03897861,12,8,-1,medium,medium,0.55,high,2,,,,,,friction_model,424171
D,D_00147,mug_serve,soft_penalty_fc,1,0,1,1,1,1,0.03897861,12,8,-1,medium,medium,0.55,high,2,,,,,,friction_model,424171
D,D_00148,mug_serve,geometric_fc,1,0,1,1,1,1,0.0354523,12,8,-1,medium,medium,0.55,high,2,,,,,,friction_model,424172
D,D_00148,mug_serve,oracle_sfc,1,1,0,0,1,1,0.05481751,12,8,-1,medium,medium,0.55,high,2,,,,,,friction_model,424172
D,D_00148,mug_serve,semantic_only,1,1,0,0,1,1,0.0,12,8,-1,medium,medium,0.55,high,2,,,,,,friction_model,424172
D,D_00148,mug_serve,posthoc_single,0,0,0,1,1,1,0.0354523,12,8,-1,medium,medium,0.55,high,2,,,,,,friction_model,424172
D,D_00148,mug_serve,soft_penalty_fc,1,0,1,1,1,1,0.0354523,12,8,-1,medium,medium,0.55,high,2,,,,,,friction_model,424172
D,D_00149,mug_serve,geometric_fc,1,0,1,1,1,1,0.03571971,12,8,-1,medium,medium,0.55,high,2,,,,,,friction_model,424173
D,D_00149,mug_serve,oracle_sfc,1,1,0,0,1,1,0.05033074,12,8,-1,medium,medium,0.55,high,2,,,,,,friction_model,424173
D,D_00149,mug_serve,semantic_only,1,1,0,0,1,1,0.0,12,8,-1,medium,medium,0.55,high,2,,,,,,friction_model,424173
D,D_00149,mug_serve,posthoc_single,0,0,0,1,1,1,0.03571971,12,8,-1,medium,medium,0.55,high,2,,,,,,friction_model,424173
D,D_00149,mug_serve,soft_penalty_fc,1,0,1,1,1,1,0.03571971,12,8,-1,medium,medium,0.55,high,2,,,,,,friction_model,424173
D,D_00150,mug_serve,geometric_fc,1,0,1,1,1,1,0.0373375,12,8,-1,medium,medium,0.55,high,2,,,,,,friction_model,424174
D,D_00150,mug_serve,oracle_sfc,1,1,0,0,1,1,0.04785302,12,8,-1,medium,medium,0.55,high,2,,,,,,friction_model,424174
D,D_00150,mug_serve,semantic_only,1,1,0,0,1,1,0.0,12,8,-1,medium,medium,0.55,high,2,,,,,,friction_model,424174
D,D_00150,mug_serve,posthoc_single,0,0,0,1,1,1,0.0373375,12,8,-1,medium,medium,0.55,high,2,,,,,,friction_model,424174
D,D_00150,mug_serve,soft_penalty_fc,1,0,1,1,1,1,0.0373375,12,8,-1,medium,medium,0.55,high,2,,,,,,friction_model,424174
D,D_00151,mug_serve,geometric_fc,1,0,1,1,1,1,0.03638463,12,8,-1,medium,medium,0.55,high,2,,,,,,friction_model,424175
D,D_00151,mug_serve,oracle_sfc,1,1,0,0,1,1,0.05282545,12,8,-1,medium,medium,0.55,high,2,,,,,,friction_model,424175
D,D_00151,mug_serve,semantic_only,1,1,0,0,1,1,0.0,12,8,-1,medium,medium,0.55,high,2,,,,,,friction_model,424175
D,D_00151,mug_serve,posthoc_single,0,0,0,1,1,1,0.03638463,12,8,-1,medium,medium,0.55,high,2,,,,,,friction_model,424175
D,D_00151,mug_serve,soft_penalty_fc,1,0,1,1,1,1,0.03638463,12,8,-1,medium,medium,0.55,high,2,,,,,,friction_model,424175
D,D_00152,mug_serve,geometric_fc,1,0,1,1,1,1,0.03825385,12,8,-1,medium,medium,0.55,high,2,,,,,,friction_model,424176
D,D_00152,mug_serve,oracle_sfc,1,1,0,0,1,1,0.04714732,12,8,-1,medium,medium,0.55,high,2,,,,,,friction_model,424176
D,D_00152,mug_serve,semantic_only,1,1,0,0,1,1,0.0,12,8,-1,medium,medium,0.55,high,2,,,,,,friction_model,424176
D,D_00152,mug_serve,posthoc_single,0,0,0,1,1,1,0.03825385,12,8,-1,medium,medium,0.55,high,2,,,,,,friction_model,424176
D,D_00152,mug_serve,soft_penalty_fc,1,0,1,1,1,1,0.03825385,12,8,-1,medium,medium,0.55,high,2,,,,,,friction_model,424176
D,D_00153,mug_serve,geometric_fc,1,0,1,1,1,1,0.01806138,12,8,-1,medium,medium,0.55,high,4,,,,,,friction_model,424177
D,D_00153,mug_serve,oracle_sfc,1,1,0,0,1,1,0.02499883,12,8,-1,medium,medium,0.55,high,4,,,,,,friction_model,424177
D,D_00153,mug_serve,semantic_only,1,1,0,0,1,1,0.0,12,8,-1,medium,medium,0.55,high,4,,,,,,friction_model,424177
D,D_00153,mug_serve,posthoc_single,0,0,0,1,1,1,0.01806138,12,8,-1,medium,medium,0.55,high,4,,,,,,friction_model,424177
D,D_00153,mug_serve,soft_penalty_fc,1,0,1,1,1,1,0.01806138,12,8,-1,medium,medium,0.55,high,4,,,,,,friction_model,424177
D,D_00154,mug_serve,geometric_fc,1,0,1,1,1,1,0.01863302,12,8,-1,medium,medium,0.55,high,4,,,,,,friction_model,424178
D,D_00154,mug_serve,oracle_sfc,1,1,0,0,1,1,0.02496695,12,8,-1,medium,medium,0.55,high,4,,,,,,friction_model,424178
D,D_00154,mug_serve,semantic_only,1,1,0,0,1,1,0.0,12,8,-1,medium,medium,0.55,high,4,,,,,,friction_model,424178
D,D_00154,mug_serve,posthoc_single,0,0,0,1,1,1,0.01863302,12,8,-1,medium,medium,0.55,high,4,,,,,,friction_model,424178
D,D_00154,mug_serve,soft_penalty_fc,1,0,1,1,1,1,0.01863302,12,8,-1,medium,medium,0.55,high,4,,,,,,friction_model,424178
D,D_00155,mug_serve,geometric_fc,1,0,1,1,1,1,0.01828156,12,8,-1,medium,medium,0.55,high,4,,,,,,friction_model,424179
D,D_00155,mug_serve,oracle_sfc,1,1,0,0,1,1,0.02458555,12,8,-1,medium,medium,0.55,high,4,,,,,,friction_model,424179
D,D_00155,mug_serve,semantic_only,1,1,0,0,1,1,0.0,12,8,-1,medium,medium,0.55,high,4,,,,,,friction_model,424179
D,D_00155,mug_serve,posthoc_single,0,0,0,1,1,1,0.01828156,12,8,-1,medium,medium,0.55,high,4,,,,,,friction_model,424179
D,D_00155,mug_serve,soft_penalty_fc,1,0,1,1,1,1,0.01828156,12,8,-1,medium,medium,0.55,high,4,,,,,,friction_model,424179
D,D_00156,mug_serve,geometric_fc,1,0,1,1,1,1,0.01840263,12,8,-1,medium,medium,0.55,high,4,,,,,,friction_model,424180
D,D_00156,mug_serve,oracle_sfc,1,1,0,0,1,1,0.02479247,12,8,-1,medium,medium,0.55,high,4,,,,,,friction_model,424180
D,D_00156,mug_serve,semantic_only,1,1,0,0,1,1,0.0,12,8,-1,medium,medium,0.55,high,4,,,,,,friction_model,424180
D,D_00156,mug_serve,posthoc_single,0,0,0,1,1,1,0.01840263,12,8,-1,medium,medium,0.55,high,4,,,,,,friction_model,424180
D,D_00156,mug_serve,soft_penalty_fc,1,0,1,1,1,1,0.01840263,12,8,-1,medium,medium,0.55,high,4,,,,,,friction_model,424180
D,D_00157,mug_serve,geometric_fc,1,0,1,1,1,1,0.01802963,12,8,-1,medium,medium,0.55,high,4,,,,,,friction_model,424181
D,D_00157,mug_serve,oracle_sfc,1,1,0,0,1,1,0.02439973,12,8,-1,medium,medium,0.55,high,4,,,,,,friction_model,424181
D,D_00157,mug_serve,semantic_only,1,1,0,0,1,1,0.0,12,8,-1,medium,medium,0.55,high,4,,,,,,friction_model,424181
D,D_00157,mug_serve,posthoc_single,0,0,0,1,1,1,0.01802963,12,8,-1,medium,medium,0.55,high,4,,,,,,friction_model,424181
D,D_00157,mug_serve,soft_penalty_fc,1,0,1,1,1,1,0.01802963,12,8,-1,medium,medium,0.55,high,4,,,,,,friction_model,424181
D,D_00158,mug_serve,geometric_fc,1,0,1,1,1,1,0.01788185,12,8,-1,medium,medium,0.55,high,4,,,,,,friction_model,424182
D,D_00158,mug_serve,oracle_sfc,1,1,0,0,1,1,0.0259569,12,8,-1,medium,medium,0.55,high,4,,,,,,friction_model,424182
D,D_00158,mug_serve,semantic_only,1,1,0,0,1,1,0.0,12,8,-1,medium,medium,0.55,high,4,,,,,,friction_model,424182
D,D_00158,mug_serve,posthoc_single,0,0,0,1,1,1,0.01788185,12,8,-1,medium,medium,0.55,high,4,,,,,,friction_model,424182
D,D_00158,mug_serve,soft_penalty_fc,1,0,1,1,1,1,0.01788185,12,8,-1,medium,medium,0.55,high,4,,,,,,friction_model,424182
D,D_00159,mug_serve,geometric_fc,1,0,1,1,1,1,0.01863824,12,8,-1,medium,medium,0.55,high,4,,,,,,friction_model,424183
D,D_00159,mug_serve,oracle_sfc,1,1,0,0,1,1,0.02462416,12,8,-1,medium,medium,0.55,high,4,,,,,,friction_model,424183
D,D_00159,mug_serve,semantic_only,1,1,0,0,1,1,0.0,12,8,-1,medium,medium,0.55,high,4,,,,,,friction_model,424183
D,D_00159,mug_serve,posthoc_single,0,0,0,1,1,1,0.01863824,12,8,-1,medium,medium,0.55,high,4,,,,,,friction_model,424183
D,D_00159,mug_serve,soft_penalty_fc,1,0,1,1,1,1,0.01863824,12,8,-1,medium,medium,0.55,high,4,,,,,,friction_model,424183
D,D_00160,mug_serve,geometric_fc,1,0,1,1,1,1,0.0177843,12,8,-1,medium,medium,0.55,high,4,,,,,,friction_model,424184
D,D_00160,mug_serve,oracle_sfc,1,1,0,0,1,1,0.0263449,12,8,-1,medium,medium,0.55,high,4,,,,,,friction_model,424184
D,D_00160,mug_serve,semantic_only,1,1,0,0,1,1,0.0,12,8,-1,medium,medium,0.55,high,4,,,,,,friction_model,424184
D,D_00160,mug_serve,posthoc_single,0,0,0,1,1,1,0.0177843,12,8,-1,medium,medium,0.55,high,4,,,,,,friction_model,424184
D,D_00160,mug_serve,soft_penalty_fc,1,0,1,1,1,1,0.0177843,12,8,-1,medium,medium,0.55,high,4,,,,,,friction_model,424184
D,D_00161,mug_serve,geometric_fc,1,0,1,1,1,1,0.00945015,12,8,-1,medium,medium,0.55,high,8,,,,,,friction_model,424185
D,D_00161,mug_serve,oracle_sfc,1,1,0,0,1,1,0.01155913,12,8,-1,medium,medium,0.55,high,8,,,,,,friction_model,424185
D,D_00161,mug_serve,semantic_only,1,1,0,0,1,1,0.0,12,8,-1,medium,medium,0.55,high,8,,,,,,friction_model,424185
D,D_00161,mug_serve,posthoc_single,0,0,0,1,1,1,0.00945015,12,8,-1,medium,medium,0.55,high,8,,,,,,friction_model,424185
D,D_00161,mug_serve,soft_penalty_fc,0,0,0,1,1,1,0.00945015,12,8,-1,medium,medium,0.55,high,8,,,,,,friction_model,424185
D,D_00162,mug_serve,geometric_fc,1,0,1,1,1,1,0.00908957,12,8,-1,medium,medium,0.55,high,8,,,,,,friction_model,424186
D,D_00162,mug_serve,oracle_sfc,1,1,0,0,1,1,0.01274078,12,8,-1,medium,medium,0.55,high,8,,,,,,friction_model,424186
D,D_00162,mug_serve,semantic_only,1,1,0,0,1,1,0.0,12,8,-1,medium,medium,0.55,high,8,,,,,,friction_model,424186
D,D_00162,mug_serve,posthoc_single,0,0,0,1,1,1,0.00908957,12,8,-1,medium,medium,0.55,high,8,,,,,,friction_model,424186
D,D_00162,mug_serve,soft_penalty_fc,0,0,0,1,1,1,0.00908957,12,8,-1,medium,medium,0.55,high,8,,,,,,friction_model,424186
D,D_00163,mug_serve,geometric_fc,1,0,1,1,1,1,0.00889939,12,8,-1,medium,medium,0.55,high,8,,,,,,friction_model,424187
D,D_00163,mug_serve,oracle_sfc,1,1,0,0,1,1,0.01343539,12,8,-1,medium,medium,0.55,high,8,,,,,,friction_model,424187
D,D_00163,mug_serve,semantic_only,1,1,0,0,1,1,0.0,12,8,-1,medium,medium,0.55,high,8,,,,,,friction_model,424187
D,D_00163,mug_serve,posthoc_single,0,0,0,1,1,1,0.00889939,12,8,-1,medium,medium,0.55,high,8,,,,,,friction_model,424187
D,D_00163,mug_serve,soft_penalty_fc,0,0,0,1,1,1,0.00889939,12,8,-1,medium,medium,0.55,high,8,,,,,,friction_model,424187
D,D_00164,mug_serve,geometric_fc,1,0,1,1,1,1,0.00926113,12,8,-1,medium,medium,0.55,high,8,,,,,,friction_model,424188
D,D_00164,mug_serve,oracle_sfc,1,1,0,0,1,1,0.01266433,12,8,-1,medium,medium,0.55,high,8,,,,,,friction_model,424188
D,D_00164,mug_serve,semantic_only,1,1,0,0,1,1,0.0,12,8,-1,medium,medium,0.55,high,8,,,,,,friction_model,424188
D,D_00164,mug_serve,posthoc_single,0,0,0,1,1,1,0.00926113,12,8,-1,medium,medium,0.55,high,8,,,,,,friction_model,424188
D,D_00164,mug_serve,soft_penalty_fc,0,0,0,1,1,1,0.00926113,12,8,-1,medium,medium,0.55,high,8,,,,,,friction_model,424188
D,D_00165,mug_serve,geometric_fc,1,0,1,1,1,1,0.00882603,12,8,-1,medium,medium,0.55,high,8,,,,,,friction_model,424189
D,D_00165,mug_serve,oracle_sfc,1,1,0,0,1,1,0.01311686,12,8,-1,medium,medium,0.55,high,8,,,,,,friction_model,424189
D,D_00165,mug_serve,semantic_only,1,1,0,0,1,1,0.0,12,8,-1,medium,medium,0.55,high,8,,,,,,friction_model,424189
D,D_00165,mug_serve,posthoc_single,0,0,0,1,1,1,0.00882603,12,8,-1,medium,medium,0.55,high,8,,,,,,friction_model,424189
D,D_00165,mug_serve,soft_penalty_fc,0,0,0,1,1,1,0.00882603,12,8,-1,medium,medium,0.55,high,8,,,,,,friction_model,424189
D,D_00166,mug_serve,geometric_fc,1,0,1,1,1,1,0.00952841,12,8,-1,medium,medium,0.55,high,8,,,,,,friction_model,424190
D,D_00166,mug_serve,oracle_sfc,1,1,0,0,1,1,0.01130349,12,8,-1,medium,medium,0.55,high,8,,,,,,friction_model,424190
D,D_00166,mug_serve,semantic_only,1,1,0,0,1,1,0.0,12,8,-1,medium,medium,0.55,high,8,,,,,,friction_model,424190
D,D_00166,mug_serve,posthoc_single,0,0,0,1,1,1,0.00952841,12,8,-1,medium,medium,0.55,high,8,,,,,,friction_model,424190
D,D_00166,mug_serve,soft_penalty_fc,0,0,0,1,1,1,0.00952841,12,8,-1,medium,medium,0.55,high,8,,,,,,friction_model,424190
D,D_00167,mug_serve,geometric_fc,1,0,1,1,1,1,0.0089252,12,8,-1,medium,medium,0.55,high,8,,,,,,friction_model,424191
D,D_00167,mug_serve,oracle_sfc,1,1,0,0,1,1,0.01294818,12,8,-1,medium,medium,0.55,high,8,,,,,,friction_model,424191
D,D_00167,mug_serve,semantic_only,1,1,0,0,1,1,0.0,12,8,-1,medium,medium,0.55,high,8,,,,,,friction_model,424191
D,D_00167,mug_serve,posthoc_single,0,0,0,1,1,1,0.0089252,12,8,-1,medium,medium,0.55,high,8,,,,,,friction_model,424191
D,D_00167,mug_serve,soft_penalty_fc,0,0,0,1,1,1,0.0089252,12,8,-1,medium,medium,0.55,high,8,,,,,,friction_model,424191
D,D_00168,mug_serve,geometric_fc,1,0,1,1,1,1,0.00896244,12,8,-1,medium,medium,0.55,high,8,,,,,,friction_model,424192
D,D_00168,mug_serve,oracle_sfc,1,1,0,0,1,1,0.01282229,12,8,-1,medium,medium,0.55,high,8,,,,,,friction_model,424192
D,D_00168,mug_serve,semantic_only,1,1,0,0,1,1,0.0,12,8,-1,medium,medium,0.55,high,8,,,,,,friction_model,424192
D,D_00168,mug_serve,posthoc_single,0,0,0,1,1,1,0.00896244,12,8,-1,medium,medium,0.55,high,8,,,,,,friction_model,424192
D,D_00168,mug_serve,soft_penalty_fc,0,0,0,1,1,1,0.00896244,12,8,-1,medium,medium,0.55,high,8,,,,,,friction_model,424192
D,D_00169,mug_serve,geometric_fc,1,0,1,1,1,1,0.03907328,12,8,-1,medium,medium,0.55,mixed,2,,,,,,friction_model,424193
D,D_00169,mug_serve,oracle_sfc,1,1,0,0,1,1,0.0394728,12,8,-1,medium,medium,0.55,mixed,2,,,,,,friction_model,424193
D,D_00169,mug_serve,semantic_only,1,1,0,0,1,1,0.0,12,8,-1,medium,medium,0.55,mixed,2,,,,,,friction_model,424193
D,D_00169,mug_serve,posthoc_single,0,0,0,1,1,1,0.03907328,12,8,-1,medium,medium,0.55,mixed,2,,,,,,friction_model,424193
D,D_00169,mug_serve,soft_penalty_fc,1,0,1,1,1,1,0.03907328,12,8,-1,medium,medium,0.55,mixed,2,,,,,,friction_model,424193
D,D_00170,mug_serve,geometric_fc,1,0,1,1,1,1,0.03960407,12,8,-1,medium,medium,0.55,mixed,2,,,,,,friction_model,424194
D,D_00170,mug_serve,oracle_sfc,1,1,0,0,1,1,0.03922418,12,8,-1,medium,medium,0.55,mixed,2,,,,,,friction_model,424194
D,D_00170,mug_serve,semantic_only,1,1,0,0,1,1,0.0,12,8,-1,medium,medium,0.55,mixed,2,,,,,,friction_model,424194
D,D_00170,mug_serve,posthoc_single,0,0,0,1,1,1,0.03960407,12,8,-1,medium,medium,0.55,mixed,2,,,,,,friction_model,424194
D,D_00170,mug_serve,soft_penalty_fc,1,0,1,1,1,1,0.03960407,12,8,-1,medium,medium,0.55,mixed,2,,,,,,friction_model,424194
D,D_00171,mug_serve,geometric_fc,1,0,1,1,1,1,0.03983172,12,8,-1,medium,medium,0.55,mixed,2,,,,,,friction_model,424195
D,D_00171,mug_serve,oracle_sfc,1,1,0,0,1,1,0.0425945,12,8,-1,medium,medium,0.55,mixed,2,,,,,,friction_model,424195
D,D_00171,mug_serve,semantic_only,1,1,0,0,1,1,0.0,12,8,-1,medium,medium,0.55,mixed,2,,,,,,friction_model,424195
D,D_00171,mug_serve,posthoc_single,0,0,0,1,1,1,0.03983172,12,8,-1,medium,medium,0.55,mixed,2,,,,,,friction_model,424195
D,D_00171,mug_serve,soft_penalty_fc,1,0,1,1,1,1,0.03983172,12,8,-1,medium,medium,0.55,mixed,2,,,,,,friction_model,424195
D,D_00172,mug_serve,geometric_fc,1,0,1,1,1,1,0.03691587,12,8,-1,medium,medium,0.55,mixed,2,,,,,,friction_model,424196
D,D_00172,mug_serve,oracle_sfc,1,1,0,0,1,1,0.04424576,12,8,-1,medium,medium,0.55,mixed,2,,,,,,friction_model,424196
D,D_00172,mug_serve,semantic_only,1,1,0,0,1,1,0.0,12,8,-1,medium,medium,0.55,mixed,2,,,,,,friction_model,424196
D,D_00172,mug_serve,posthoc_single,0,0,0,1,1,1,0.03691587,12,8,-1,medium,medium,0.55,mixed,2,,,,,,friction_model,424196
D,D_00172,mug_serve,soft_penalty_fc,1,0,1,1,1,1,0.03691587,12,8,-1,medium,medium,0.55,mixed,2,,,,,,friction_model,424196
D,D_00173,mug_serve,geometric_fc,1,0,1,1,1,1,0.0345187,12,8,-1,medium,medium,0.55,mixed,2,,,,,,friction_model,424197
D,D_00173,mug_serve,oracle_sfc,1,1,0,0,1,1,0.05091374,12,8,-1,medium,medium,0.55,mixed,2,,,,,,friction_model,424197
D,D_00173,mug_serve,semantic_only,1,1,0,0,1,1,0.0,12,8,-1,medium,medium,0.55,mixed,2,,,,,,friction_model,424197
D,D_00173,mug_serve,posthoc_single,0,0,0,1,1,1,0.0345187,12,8,-1,medium,medium,0.55,mixed,2,,,,,,friction_model,424197
D,D_00173,mug_serve,soft_penalty_fc,1,0,1,1,1,1,0.0345187,12,8,-1,medium,medium,0.55,mixed,2,,,,,,friction_model,424197
D,D_00174,mug_serve,geometric_fc,1,0,1,1,1,1,0.03500133,12,8,-1,medium,medium,0.55,mixed,2,,,,,,friction_model,424198
D,D_00174,mug_serve,oracle_sfc,1,1,0,0,1,1,0.05304055,12,8,-1,medium,medium,0.55,mixed,2,,,,,,friction_model,424198
D,D_00174,mug_serve,semantic_only,1,1,0,0,1,1,0.0,12,8,-1,medium,medium,0.55,mixed,2,,,,,,friction_model,424198
D,D_00174,mug_serve,posthoc_single,0,0,0,1,1,1,0.03500133,12,8,-1,medium,medium,0.55,mixed,2,,,,,,friction_model,424198
D,D_00174,mug_serve,soft_penalty_fc,1,0,1,1,1,1,0.03500133,12,8,-1,medium,medium,0.55,mixed,2,,,,,,friction_model,424198
D,D_00175,mug_serve,geometric_fc,1,0,1,1,1,1,0.03612356,12,8,-1,medium,medium,0.55,mixed,2,,,,,,friction_model,424199
D,D_00175,mug_serve,oracle_sfc,1,1,0,0,1,1,0.0472939,12,8,-1,medium,medium,0.55,mixed,2,,,,,,friction_model,424199
D,D_00175,mug_serve,semantic_only,1,1,0,0,1,1,0.0,12,8,-1,medium,medium,0.55,mixed,2,,,,,,friction_model,424199
D,D_00175,mug_serve,posthoc_single,0,0,0,1,1,1,0.03612356,12,8,-1,medium,medium,0.55,mixed,2,,,,,,friction_model,424199
D,D_00175,mug_serve,soft_penalty_fc,1,0,1,1,1,1,0.03612356,12,8,-1,medium,medium,0.55,mixed,2,,,,,,friction_model,424199
D,D_00176,mug_serve,geometric_fc,1,0,1,1,1,1,0.0379544,12,8,-1,medium,medium,0.55,mixed,2,,,,,,friction_model,424200
D,D_00176,mug_serve,oracle_sfc,1,1,0,0,1,1,0.04769902,12,8,-1,medium,medium,0.55,mixed,2,,,,,,friction_model,424200
D,D_00176,mug_serve,semantic_only,1,1,0,0,1,1,0.0,12,8,-1,medium,medium,0.55,mixed,2,,,,,,friction_model,424200
D,D_00176,mug_serve,posthoc_single,0,0,0,1,1,1,0.0379544,12,8,-1,medium,medium,0.55,mixed,2,,,,,,friction_model,424200
D,D_00176,mug_serve,soft_penalty_fc,1,0,1,1,1,1,0.0379544,12,8,-1,medium,medium,0.55,mixed,2,,,,,,friction_model,424200
D,D_00177,mug_serve,geometric_fc,1,0,1,1,1,1,0.01871567,12,8,-1,medium,medium,0.55,mixed,4,,,,,,friction_model,424201
D,D_00177,mug_serve,oracle_sfc,1,1,0,0,1,1,0.02204044,12,8,-1,medium,medium,0.55,mixed,4,,,,,,friction_model,424201
D,D_00177,mug_serve,semantic_only,1,1,0,0,1,1,0.0,12,8,-1,medium,medium,0.55,mixed,4,,,,,,friction_model,424201
D,D_00177,mug_serve,posthoc_single,0,0,0,1,1,1,0.01871567,12,8,-1,medium,medium,0.55,mixed,4,,,,,,friction_model,424201
D,D_00177,mug_serve,soft_penalty_fc,1,0,1,1,1,1,0.01871567,12,8,-1,medium,medium,0.55,mixed,4,,,,,,friction_model,424201
D,D_00178,mug_serve,geometric_fc,1,0,1,1,1,1,0.01822642,12,8,-1,medium,medium,0.55,mixed,4,,,,,,friction_model,424202
D,D_00178,mug_serve,oracle_sfc,1,1,0,0,1,1,0.02406771,12,8,-1,medium,medium,0.55,mixed,4,,,,,,friction_model,424202
D,D_00178,mug_serve,semantic_only,1,1,0,0,1,1,0.0,12,8,-1,medium,medium,0.55,mixed,4,,,,,,friction_model,424202
D,D_00178,mug_serve,posthoc_single,0,0,0,1,1,1,0.01822642,12,8,-1,medium,medium,0.55,mixed,4,,,,,,friction_model,424202
D,D_00178,mug_serve,soft_penalty_fc,1,0,1,1,1,1,0.01822642,12,8,-1,medium,medium,0.55,mixed,4,,,,,,friction_model,424202
D,D_00179,mug_serve,geometric_fc,1,0,1,1,1,1,0.01817752,12,8,-1,medium,medium,0.55,mixed,4,,,,,,friction_model,424203
D,D_00179,mug_serve,oracle_sfc,1,1,0,0,1,1,0.02263789,12,8,-1,medium,medium,0.55,mixed,4,,,,,,friction_model,424203
D,D_00179,mug_serve,semantic_only,1,1,0,0,1,1,0.0,12,8,-1,medium,medium,0.55,mixed,4,,,,,,friction_model,424203
D,D_00179,mug_serve,posthoc_single,0,0,0,1,1,1,0.01817752,12,8,-1,medium,medium,0.55,mixed,4,,,,,,friction_model,424203
D,D_00179,mug_serve,soft_penalty_fc,1,0,1,1,1,1,0.01817752,12,8,-1,medium,medium,0.55,mixed,4,,,,,,friction_model,424203
D,D_00180,mug_serve,geometric_fc,1,0,1,1,1,1,0.01812994,12,8,-1,medium,medium,0.55,mixed,4,,,,,,friction_model,424204
D,D_00180,mug_serve,oracle_sfc,1,1,0,0,1,1,0.02454878,12,8,-1,medium,medium,0.55,mixed,4,,,,,,friction_model,424204
D,D_00180,mug_serve,semantic_only,1,1,0,0,1,1,0.0,12,8,-1,medium,medium,0.55,mixed,4,,,,,,friction_model,424204
D,D_00180,mug_serve,posthoc_single,0,0,0,1,1,1,0.01812994,12,8,-1,medium,medium,0.55,mixed,4,,,,,,friction_model,424204
D,D_00180,mug_serve,soft_penalty_fc,1,0,1,1,1,1,0.01812994,12,8,-1,medium,medium,0.55,mixed,4,,,,,,friction_model,424204
D,D_00181,mug_serve,geometric_fc,1,0,1,1,1,1,0.01786934,12,8,-1,medium,medium,0.55,mixed,4,,,,,,friction_model,424205
D,D_00181,mug_serve,oracle_sfc,1,1,0,0,1,1,0.02425556,12,8,-1,medium,medium,0.55,mixed,4,,,,,,friction_model,424205
D,D_00181,mug_serve,semantic_only,1,1,0,0,1,1,0.0,12,8,-1,medium,medium,0.55,mixed,4,,,,,,friction_model,424205
D,D_00181,mug_serve,posthoc_single,0,0,0,1,1,1,0.01786934,12,8,-1,medium,medium,0.55,mixed,4,,,,,,friction_model,424205
D,D_00181,mug_serve,soft_penalty_fc,1,0,1,1,1,1,0.01786934,12,8,-1,medium,medium,0.55,mixed,4,,,,,,friction_model,424205
D,D_00182,mug_serve,geometric_fc,1,0,1,1,1,1,0.01855006,12,8,-1,medium,medium,0.55,mixed,4,,,,,,friction_model,424206
D,D_00182,mug_serve,oracle_sfc,1,1,0,0,1,1,0.02227949,12,8,-1,medium,medium,0.55,mixed,4,,,,,,friction_model,424206
D,D_00182,mug_serve,semantic_only,1,1,0,0,1,1,0.0,12,8,-1,medium,medium,0.55,mixed,4,,,,,,friction_model,424206
D,D_00182,mug_serve,posthoc_single,0,0,0,1,1,1,0.01855006,12,8,-1,medium,medium,0.55,mixed,4,,,,,,friction_model,424206
D,D_00182,mug_serve,soft_penalty_fc,1,0,1,1,1,1,0.01855006,12,8,-1,medium,medium,0.55,mixed,4,,,,,,friction_model,424206
D,D_00183,mug_serve,geometric_fc,1,0,1,1,1,1,0.01918027,12,8,-1,medium,medium,0.55,mixed,4,,,,,,friction_model,424207
D,D_00183,mug_serve,oracle_sfc,1,1,0,0,1,1,0.02070165,12,8,-1,medium,medium,0.55,mixed,4,,,,,,friction_model,424207
D,D_00183,mug_serve,semantic_only,1,1,0,0,1,1,0.0,12,8,-1,medium,medium,0.55,mixed,4,,,,,,friction_model,424207
D,D_00183,mug_serve,posthoc_single,0,0,0,1,1,1,0.01918027,12,8,-1,medium,medium,0.55,mixed,4,,,,,,friction_model,424207
D,D_00183,mug_serve,soft_penalty_fc,1,0,1,1,1,1,0.01918027,12,8,-1,medium,medium,0.55,mixed,4,,,,,,friction_model,424207
D,D_00184,mug_serve,geometric_fc,1,0,1,1,1,1,0.01829544,12,8,-1,medium,medium,0.55,mixed,4,,,,,,friction_model,424208
D,D_00184,mug_serve,oracle_sfc,1,1,0,0,1,1,0.02520216,12,8,-1,medium,medium,0.55,mixed,4,,,,,,friction_model,424208
D,D_00184,mug_serve,semantic_only,1,1,0,0,1,1,0.0,12,8,-1,medium,medium,0.55,mixed,4,,,,,,friction_model,424208
D,D_00184,mug_serve,posthoc_single,0,0,0,1,1,1,0.01829544,12,8,-1,medium,medium,0.55,mixed,4,,,,,,friction_model,424208
D,D_00184,mug_serve,soft_penalty_fc,1,0,1,1,1,1,0.01829544,12,8,-1,medium,medium,0.55,mixed,4,,,,,,friction_model,424208
D,D_00185,mug_serve,geometric_fc,1,0,1,1,1,1,0.00936441,12,8,-1,medium,medium,0.55,mixed,8,,,,,,friction_model,424209
D,D_00185,mug_serve,oracle_sfc,1,1,0,0,1,1,0.01131412,12,8,-1,medium,medium,0.55,mixed,8,,,,,,friction_model,424209
D,D_00185,mug_serve,semantic_only,1,1,0,0,1,1,0.0,12,8,-1,medium,medium,0.55,mixed,8,,,,,,friction_model,424209
D,D_00185,mug_serve,posthoc_single,0,0,0,1,1,1,0.00936441,12,8,-1,medium,medium,0.55,mixed,8,,,,,,friction_model,424209
D,D_00185,mug_serve,soft_penalty_fc,0,0,0,1,1,1,0.00936441,12,8,-1,medium,medium,0.55,mixed,8,,,,,,friction_model,424209
D,D_00186,mug_serve,geometric_fc,1,0,1,1,1,1,0.00882215,12,8,-1,medium,medium,0.55,mixed,8,,,,,,friction_model,424210
D,D_00186,mug_serve,oracle_sfc,1,1,0,0,1,1,0.01157179,12,8,-1,medium,medium,0.55,mixed,8,,,,,,friction_model,424210
D,D_00186,mug_serve,semantic_only,1,1,0,0,1,1,0.0,12,8,-1,medium,medium,0.55,mixed,8,,,,,,friction_model,424210
D,D_00186,mug_serve,posthoc_single,0,0,0,1,1,1,0.00882215,12,8,-1,medium,medium,0.55,mixed,8,,,,,,friction_model,424210
D,D_00186,mug_serve,soft_penalty_fc,0,0,0,1,1,1,0.00882215,12,8,-1,medium,medium,0.55,mixed,8,,,,,,friction_model,424210
D,D_00187,mug_serve,geometric_fc,1,0,1,1,1,1,0.00910999,12,8,-1,medium,medium,0.55,mixed,8,,,,,,friction_model,424211
D,D_00187,mug_serve,oracle_sfc,1,1,0,0,1,1,0.01184817,12,8,-1,medium,medium,0.55,mixed,8,,,,,,friction_model,424211
D,D_00187,mug_serve,semantic_only,1,1,0,0,1,1,0.0,12,8,-1,medium,medium,0.55,mixed,8,,,,,,friction_model,424211
D,D_00187,mug_serve,posthoc_single,0,0,0,1,1,1,0.00910999,12,8,-1,medium,medium,0.55,mixed,8,,,,,,friction_model,424211
D,D_00187,mug_serve,soft_penalty_fc,0,0,0,1,1,1,0.00910999,12,8,-1,medium,medium,0.55,mixed,8,,,,,,friction_model,424211
D,D_00188,mug_serve,geometric_fc,1,0,1,1,1,1,0.00870069,12,8,-1,medium,medium,0.55,mixed,8,,,,,,friction_model,424212
D,D_00188,mug_serve,oracle_sfc,1,1,0,0,1,1,0.01317917,12,8,-1,medium,medium,0.55,mixed,8,,,,,,friction_model,424212
D,D_00188,mug_serve,semantic_only,1,1,0,0,1,1,0.0,12,8,-1,medium,medium,0.55,mixed,8,,,,,,friction_model,424212
D,D_00188,mug_serve,posthoc_single,0,0,0,1,1,1,0.00870069,12,8,-1,medium,medium,0.55,mixed,8,,,,,,friction_model,424212
D,D_00188,mug_serve,soft_penalty_fc,0,0,0,1,1,1,0.00870069,12,8,-1,medium,medium,0.55,mixed,8,,,,,,friction_model,424212
D,D_00189,mug_serve,geometric_fc,1,0,1,1,1,1,0.00854957,12,8,-1,medium,medium,0.55,mixed,8,,,,,,friction_model,424213
D,D_00189,mug_serve,oracle_sfc,1,1,0,0,1,1,0.01344242,12,8,-1,medium,medium,0.55,mixed,8,,,,,,friction_model,424213
D,D_00189,mug_serve,semantic_only,1,1,0,0,1,1,0.0,12,8,-1,medium,medium,0.55,mixed,8,,,,,,friction_model,424213
D,D_00189,mug_serve,posthoc_single,0,0,0,1,1,1,0.00854957,12,8,-1,medium,medium,0.55,mixed,8,,,,,,friction_model,424213
D,D_00189,mug_serve,soft_penalty_fc,0,0,0,1,1,1,0.00854957,12,8,-1,medium,medium,0.55,mixed,8,,,,,,friction_model,424213
D,D_00190,mug_serve,geometric_fc,1,0,1,1,1,1,0.00863934,12,8,-1,medium,medium,0.55,mixed,8,,,,,,friction_model,424214
D,D_00190,mug_serve,oracle_sfc,1,1,0,0,1,1,0.01306935,12,8,-1,medium,medium,0.55,mixed,8,,,,,,friction_model,424214
D,D_00190,mug_serve,semantic_only,1,1,0,0,1,1,0.0,12,8,-1,medium,medium,0.55,mixed,8,,,,,,friction_model,424214
D,D_00190,mug_serve,posthoc_single,0,0,0,1,1,1,0.00863934,12,8,-1,medium,medium,0.55,mixed,8,,,,,,friction_model,424214
D,D_00190,mug_serve,soft_penalty_fc,0,0,0,1,1,1,0.00863934,12,8,-1,medium,medium,0.55,mixed,8,,,,,,friction_model,424214
D,D_00191,mug_serve,geometric_fc,1,0,1,1,1,1,0.00885957,12,8,-1,medium,medium,0.55,mixed,8,,,,,,friction_model,424215
D,D_00191,mug_serve,oracle_sfc,1,1,0,0,1,1,0.01280322,12,8,-1,medium,medium,0.55,mixed,8,,,,,,friction_model,424215
D,D_00191,mug_serve,semantic_only,1,1,0,0,1,1,0.0,12,8,-1,medium,medium,0.55,mixed,8,,,,,,friction_model,424215
D,D_00191,mug_serve,posthoc_single,0,0,0,1,1,1,0.00885957,12,8,-1,medium,medium,0.55,mixed,8,,,,,,friction_model,424215
D,D_00191,mug_serve,soft_penalty_fc,0,0,0,1,1,1,0.00885957,12,8,-1,medium,medium,0.55,mixed,8,,,,,,friction_model,424215
D,D_00192,mug_serve,geometric_fc,1,0,1,1,1,1,0.00935679,12,8,-1,medium,medium,0.55,mixed,8,,,,,,friction_model,424216
D,D_00192,mug_serve,oracle_sfc,1,1,0,0,1,1,0.01110983,12,8,-1,medium,medium,0.55,mixed,8,,,,,,friction_model,424216
D,D_00192,mug_serve,semantic_only,1,1,0,0,1,1,0.0,12,8,-1,medium,medium,0.55,mixed,8,,,,,,friction_model,424216
D,D_00192,mug_serve,posthoc_single,0,0,0,1,1,1,0.00935679,12,8,-1,medium,medium,0.55,mixed,8,,,,,,friction_model,424216
D,D_00192,mug_serve,soft_penalty_fc,0,0,0,1,1,1,0.00935679,12,8,-1,medium,medium,0.55,mixed,8,,,,,,friction_model,424216
D,D_00193,phone_pick,geometric_fc,1,0,1,1,1,1,0.03715043,11,6,-1,medium,medium,0.55,low,2,,,,,,friction_model,424217
D,D_00193,phone_pick,oracle_sfc,1,1,0,0,1,1,0.04063928,11,6,-1,medium,medium,0.55,low,2,,,,,,friction_model,424217
D,D_00193,phone_pick,semantic_only,1,1,0,0,1,1,0.0,11,6,-1,medium,medium,0.55,low,2,,,,,,friction_model,424217
D,D_00193,phone_pick,posthoc_single,0,0,0,1,1,1,0.03715043,11,6,-1,medium,medium,0.55,low,2,,,,,,friction_model,424217
D,D_00193,phone_pick,soft_penalty_fc,1,0,1,1,1,1,0.03715043,11,6,-1,medium,medium,0.55,low,2,,,,,,friction_model,424217
D,D_00194,phone_pick,geometric_fc,1,0,1,1,1,1,0.03495343,11,6,-1,medium,medium,0.55,low,2,,,,,,friction_model,424218
D,D_00194,phone_pick,oracle_sfc,1,1,0,0,1,1,0.05144555,11,6,-1,medium,medium,0.55,low,2,,,,,,friction_model,424218
D,D_00194,phone_pick,semantic_only,1,1,0,0,1,1,0.0,11,6,-1,medium,medium,0.55,low,2,,,,,,friction_model,424218
D,D_00194,phone_pick,posthoc_single,0,0,0,1,1,1,0.03495343,11,6,-1,medium,medium,0.55,low,2,,,,,,friction_model,424218
D,D_00194,phone_pick,soft_penalty_fc,1,0,1,1,1,1,0.03495343,11,6,-1,medium,medium,0.55,low,2,,,,,,friction_model,424218
D,D_00195,phone_pick,geometric_fc,1,0,1,1,1,1,0.0368695,11,6,-1,medium,medium,0.55,low,2,,,,,,friction_model,424219
D,D_00195,phone_pick,oracle_sfc,1,1,0,0,1,1,0.04366064,11,6,-1,medium,medium,0.55,low,2,,,,,,friction_model,424219
D,D_00195,phone_pick,semantic_only,1,1,0,0,1,1,0.0,11,6,-1,medium,medium,0.55,low,2,,,,,,friction_model,424219
D,D_00195,phone_pick,posthoc_single,0,0,0,1,1,1,0.0368695,11,6,-1,medium,medium,0.55,low,2,,,,,,friction_model,424219
D,D_00195,phone_pick,soft_penalty_fc,1,0,1,1,1,1,0.0368695,11,6,-1,medium,medium,0.55,low,2,,,,,,friction_model,424219
D,D_00196,phone_pick,geometric_fc,1,0,1,1,1,1,0.03725104,11,6,-1,medium,medium,0.55,low,2,,,,,,friction_model,424220
D,D_00196,phone_pick,oracle_sfc,1,1,0,0,1,1,0.04462662,11,6,-1,medium,medium,0.55,low,2,,,,,,friction_model,424220
D,D_00196,phone_pick,semantic_only,1,1,0,0,1,1,0.0,11,6,-1,medium,medium,0.55,low,2,,,,,,friction_model,424220
D,D_00196,phone_pick,posthoc_single,0,0,0,1,1,1,0.03725104,11,6,-1,medium,medium,0.55,low,2,,,,,,friction_model,424220
D,D_00196,phone_pick,soft_penalty_fc,1,0,1,1,1,1,0.03725104,11,6,-1,medium,medium,0.55,low,2,,,,,,friction_model,424220
D,D_00197,phone_pick,geometric_fc,1,0,1,1,1,1,0.03740574,11,6,-1,medium,medium,0.55,low,2,,,,,,friction_model,424221
D,D_00197,phone_pick,oracle_sfc,1,1,0,0,1,1,0.03056611,11,6,-1,medium,medium,0.55,low,2,,,,,,friction_model,424221
D,D_00197,phone_pick,semantic_only,1,1,0,0,1,1,0.0,11,6,-1,medium,medium,0.55,low,2,,,,,,friction_model,424221
D,D_00197,phone_pick,posthoc_single,0,0,0,1,1,1,0.03740574,11,6,-1,medium,medium,0.55,low,2,,,,,,friction_model,424221
D,D_00197,phone_pick,soft_penalty_fc,1,0,1,1,1,1,0.03740574,11,6,-1,medium,medium,0.55,low,2,,,,,,friction_model,424221
D,D_00198,phone_pick,geometric_fc,1,0,1,1,1,1,0.03376148,11,6,-1,medium,medium,0.55,low,2,,,,,,friction_model,424222
D,D_00198,phone_pick,oracle_sfc,1,1,0,0,1,1,0.05026543,11,6,-1,medium,medium,0.55,low,2,,,,,,friction_model,424222
D,D_00198,phone_pick,semantic_only,1,1,0,0,1,1,0.0,11,6,-1,medium,medium,0.55,low,2,,,,,,friction_model,424222
D,D_00198,phone_pick,posthoc_single,0,0,0,1,1,1,0.03376148,11,6,-1,medium,medium,0.55,low,2,,,,,,friction_model,424222
D,D_00198,phone_pick,soft_penalty_fc,1,0,1,1,1,1,0.03376148,11,6,-1,medium,medium,0.55,low,2,,,,,,friction_model,424222
D,D_00199,phone_pick,geometric_fc,1,0,1,1,1,1,0.03565844,11,6,-1,medium,medium,0.55,low,2,,,,,,friction_model,424223
D,D_00199,phone_pick,oracle_sfc,1,1,0,0,1,1,0.0458898,11,6,-1,medium,medium,0.55,low,2,,,,,,friction_model,424223
D,D_00199,phone_pick,semantic_only,1,1,0,0,1,1,0.0,11,6,-1,medium,medium,0.55,low,2,,,,,,friction_model,424223
D,D_00199,phone_pick,posthoc_single,0,0,0,1,1,1,0.03565844,11,6,-1,medium,medium,0.55,low,2,,,,,,friction_model,424223
D,D_00199,phone_pick,soft_penalty_fc,1,0,1,1,1,1,0.03565844,11,6,-1,medium,medium,0.55,low,2,,,,,,friction_model,424223
D,D_00200,phone_pick,geometric_fc,1,0,1,1,1,1,0.03560058,11,6,-1,medium,medium,0.55,low,2,,,,,,friction_model,424224
D,D_00200,phone_pick,oracle_sfc,1,1,0,0,1,1,0.04901266,11,6,-1,medium,medium,0.55,low,2,,,,,,friction_model,424224
D,D_00200,phone_pick,semantic_only,1,1,0,0,1,1,0.0,11,6,-1,medium,medium,0.55,low,2,,,,,,friction_model,424224
D,D_00200,phone_pick,posthoc_single,0,0,0,1,1,1,0.03560058,11,6,-1,medium,medium,0.55,low,2,,,,,,friction_model,424224
D,D_00200,phone_pick,soft_penalty_fc,1,0,1,1,1,1,0.03560058,11,6,-1,medium,medium,0.55,low,2,,,,,,friction_model,424224
D,D_00201,phone_pick,geometric_fc,1,0,1,1,1,1,0.01856344,11,6,-1,medium,medium,0.55,low,4,,,,,,friction_model,424225
D,D_00201,phone_pick,oracle_sfc,1,1,0,0,1,1,0.01975023,11,6,-1,medium,medium,0.55,low,4,,,,,,friction_model,424225
D,D_00201,phone_pick,semantic_only,1,1,0,0,1,1,0.0,11,6,-1,medium,medium,0.55,low,4,,,,,,friction_model,424225
D,D_00201,phone_pick,posthoc_single,0,0,0,1,1,1,0.01856344,11,6,-1,medium,medium,0.55,low,4,,,,,,friction_model,424225
D,D_00201,phone_pick,soft_penalty_fc,1,0,1,1,1,1,0.01856344,11,6,-1,medium,medium,0.55,low,4,,,,,,friction_model,424225
D,D_00202,phone_pick,geometric_fc,1,0,1,1,1,1,0.01767433,11,6,-1,medium,medium,0.55,low,4,,,,,,friction_model,424226
D,D_00202,phone_pick,oracle_sfc,1,1,0,0,1,1,0.02557291,11,6,-1,medium,medium,0.55,low,4,,,,,,friction_model,424226
D,D_00202,phone_pick,semantic_only,1,1,0,0,1,1,0.0,11,6,-1,medium,medium,0.55,low,4,,,,,,friction_model,424226
D,D_00202,phone_pick,posthoc_single,0,0,0,1,1,1,0.01767433,11,6,-1,medium,medium,0.55,low,4,,,,,,friction_model,424226
D,D_00202,phone_pick,soft_penalty_fc,1,0,1,1,1,1,0.01767433,11,6,-1,medium,medium,0.55,low,4,,,,,,friction_model,424226
D,D_00203,phone_pick,geometric_fc,1,0,1,1,1,1,0.01763403,11,6,-1,medium,medium,0.55,low,4,,,,,,friction_model,424227
D,D_00203,phone_pick,oracle_sfc,1,1,0,0,1,1,0.02448175,11,6,-1,medium,medium,0.55,low,4,,,,,,friction_model,424227
D,D_00203,phone_pick,semantic_only,1,1,0,0,1,1,0.0,11,6,-1,medium,medium,0.55,low,4,,,,,,friction_model,424227
D,D_00203,phone_pick,posthoc_single,0,0,0,1,1,1,0.01763403,11,6,-1,medium,medium,0.55,low,4,,,,,,friction_model,424227
D,D_00203,phone_pick,soft_penalty_fc,1,0,1,1,1,1,0.01763403,11,6,-1,medium,medium,0.55,low,4,,,,,,friction_model,424227
D,D_00204,phone_pick,geometric_fc,1,0,1,1,1,1,0.01811299,11,6,-1,medium,medium,0.55,low,4,,,,,,friction_model,424228
D,D_00204,phone_pick,oracle_sfc,1,1,0,0,1,1,0.02561658,11,6,-1,medium,medium,0.55,low,4,,,,,,friction_model,424228
D,D_00204,phone_pick,semantic_only,1,1,0,0,1,1,0.0,11,6,-1,medium,medium,0.55,low,4,,,,,,friction_model,424228
D,D_00204,phone_pick,posthoc_single,0,0,0,1,1,1,0.01811299,11,6,-1,medium,medium,0.55,low,4,,,,,,friction_model,424228
D,D_00204,phone_pick,soft_penalty_fc,1,0,1,1,1,1,0.01811299,11,6,-1,medium,medium,0.55,low,4,,,,,,friction_model,424228
D,D_00205,phone_pick,geometric_fc,1,0,1,1,1,1,0.01771751,11,6,-1,medium,medium,0.55,low,4,,,,,,friction_model,424229
D,D_00205,phone_pick,oracle_sfc,1,1,0,0,1,1,0.02267926,11,6,-1,medium,medium,0.55,low,4,,,,,,friction_model,424229
D,D_00205,phone_pick,semantic_only,1,1,0,0,1,1,0.0,11,6,-1,medium,medium,0.55,low,4,,,,,,friction_model,424229
D,D_00205,phone_pick,posthoc_single,0,0,0,1,1,1,0.01771751,11,6,-1,medium,medium,0.55,low,4,,,,,,friction_model,424229
D,D_00205,phone_pick,soft_penalty_fc,1,0,1,1,1,1,0.01771751,11,6,-1,medium,medium,0.55,low,4,,,,,,friction_model,424229
D,D_00206,phone_pick,geometric_fc,1,0,1,1,1,1,0.01822955,11,6,-1,medium,medium,0.55,low,4,,,,,,friction_model,424230
D,D_00206,phone_pick,oracle_sfc,1,1,0,0,1,1,0.02245691,11,6,-1,medium,medium,0.55,low,4,,,,,,friction_model,424230
D,D_00206,phone_pick,semantic_only,1,1,0,0,1,1,0.0,11,6,-1,medium,medium,0.55,low,4,,,,,,friction_model,424230
D,D_00206,phone_pick,posthoc_single,0,0,0,1,1,1,0.01822955,11,6,-1,medium,medium,0.55,low,4,,,,,,friction_model,424230
D,D_00206,phone_pick,soft_penalty_fc,1,0,1,1,1,1,0.01822955,11,6,-1,medium,medium,0.55,low,4,,,,,,friction_model,424230
D,D_00207,phone_pick,geometric_fc,1,0,1,1,1,1,0.01835167,11,6,-1,medium,medium,0.55,low,4,,,,,,friction_model,424231
D,D_00207,phone_pick,oracle_sfc,1,1,0,0,1,1,0.02368548,11,6,-1,medium,medium,0.55,low,4,,,,,,friction_model,424231
D,D_00207,phone_pick,semantic_only,1,1,0,0,1,1,0.0,11,6,-1,medium,medium,0.55,low,4,,,,,,friction_model,424231
D,D_00207,phone_pick,posthoc_single,0,0,0,1,1,1,0.01835167,11,6,-1,medium,medium,0.55,low,4,,,,,,friction_model,424231
D,D_00207,phone_pick,soft_penalty_fc,1,0,1,1,1,1,0.01835167,11,6,-1,medium,medium,0.55,low,4,,,,,,friction_model,424231
D,D_00208,phone_pick,geometric_fc,1,0,1,1,1,1,0.01877229,11,6,-1,medium,medium,0.55,low,4,,,,,,friction_model,424232
D,D_00208,phone_pick,oracle_sfc,1,1,0,0,1,1,0.01748101,11,6,-1,medium,medium,0.55,low,4,,,,,,friction_model,424232
D,D_00208,phone_pick,semantic_only,1,1,0,0,1,1,0.0,11,6,-1,medium,medium,0.55,low,4,,,,,,friction_model,424232
D,D_00208,phone_pick,posthoc_single,0,0,0,1,1,1,0.01877229,11,6,-1,medium,medium,0.55,low,4,,,,,,friction_model,424232
D,D_00208,phone_pick,soft_penalty_fc,1,0,1,1,1,1,0.01877229,11,6,-1,medium,medium,0.55,low,4,,,,,,friction_model,424232
D,D_00209,phone_pick,geometric_fc,1,0,1,1,1,1,0.00908372,11,6,-1,medium,medium,0.55,low,8,,,,,,friction_model,424233
D,D_00209,phone_pick,oracle_sfc,1,1,0,0,1,1,0.01166007,11,6,-1,medium,medium,0.55,low,8,,,,,,friction_model,424233
D,D_00209,phone_pick,semantic_only,1,1,0,0,1,1,0.0,11,6,-1,medium,medium,0.55,low,8,,,,,,friction_model,424233
D,D_00209,phone_pick,posthoc_single,0,0,0,1,1,1,0.00908372,11,6,-1,medium,medium,0.55,low,8,,,,,,friction_model,424233
D,D_00209,phone_pick,soft_penalty_fc,0,0,0,1,1,1,0.00908372,11,6,-1,medium,medium,0.55,low,8,,,,,,friction_model,424233
D,D_00210,phone_pick,geometric_fc,1,0,1,1,1,1,0.00951339,11,6,-1,medium,medium,0.55,low,8,,,,,,friction_model,424234
D,D_00210,phone_pick,oracle_sfc,1,1,0,0,1,1,0.01022886,11,6,-1,medium,medium,0.55,low,8,,,,,,friction_model,424234
D,D_00210,phone_pick,semantic_only,1,1,0,0,1,1,0.0,11,6,-1,medium,medium,0.55,low,8,,,,,,friction_model,424234
D,D_00210,phone_pick,posthoc_single,0,0,0,1,1,1,0.00951339,11,6,-1,medium,medium,0.55,low,8,,,,,,friction_model,424234
D,D_00210,phone_pick,soft_penalty_fc,0,0,0,1,1,1,0.00951339,11,6,-1,medium,medium,0.55,low,8,,,,,,friction_model,424234
D,D_00211,phone_pick,geometric_fc,1,0,1,1,1,1,0.00922621,11,6,-1,medium,medium,0.55,low,8,,,,,,friction_model,424235
D,D_00211,phone_pick,oracle_sfc,1,1,0,0,1,1,0.01006472,11,6,-1,medium,medium,0.55,low,8,,,,,,friction_model,424235
D,D_00211,phone_pick,semantic_only,1,1,0,0,1,1,0.0,11,6,-1,medium,medium,0.55,low,8,,,,,,friction_model,424235
D,D_00211,phone_pick,posthoc_single,0,0,0,1,1,1,0.00922621,11,6,-1,medium,medium,0.55,low,8,,,,,,friction_model,424235
D,D_00211,phone_pick,soft_penalty_fc,0,0,0,1,1,1,0.00922621,11,6,-1,medium,medium,0.55,low,8,,,,,,friction_model,424235
D,D_00212,phone_pick,geometric_fc,1,0,1,1,1,1,0.00912589,11,6,-1,medium,medium,0.55,low,8,,,,,,friction_model,424236
D,D_00212,phone_pick,oracle_sfc,1,1,0,0,1,1,0.00954671,11,6,-1,medium,medium,0.55,low,8,,,,,,friction_model,424236
D,D_00212,phone_pick,semantic_only,1,1,0,0,1,1,0.0,11,6,-1,medium,medium,0.55,low,8,,,,,,friction_model,424236
D,D_00212,phone_pick,posthoc_single,0,0,0,1,1,1,0.00912589,11,6,-1,medium,medium,0.55,low,8,,,,,,friction_model,424236
D,D_00212,phone_pick,soft_penalty_fc,0,0,0,1,1,1,0.00912589,11,6,-1,medium,medium,0.55,low,8,,,,,,friction_model,424236
D,D_00213,phone_pick,geometric_fc,1,0,1,1,1,1,0.00888402,11,6,-1,medium,medium,0.55,low,8,,,,,,friction_model,424237
D,D_00213,phone_pick,oracle_sfc,1,1,0,0,1,1,0.00911204,11,6,-1,medium,medium,0.55,low,8,,,,,,friction_model,424237
D,D_00213,phone_pick,semantic_only,1,1,0,0,1,1,0.0,11,6,-1,medium,medium,0.55,low,8,,,,,,friction_model,424237
D,D_00213,phone_pick,posthoc_single,0,0,0,1,1,1,0.00888402,11,6,-1,medium,medium,0.55,low,8,,,,,,friction_model,424237
D,D_00213,phone_pick,soft_penalty_fc,0,0,0,1,1,1,0.00888402,11,6,-1,medium,medium,0.55,low,8,,,,,,friction_model,424237
D,D_00214,phone_pick,geometric_fc,1,0,1,1,1,1,0.00909522,11,6,-1,medium,medium,0.55,low,8,,,,,,friction_model,424238
D,D_00214,phone_pick,oracle_sfc,1,1,0,0,1,1,0.0109712,11,6,-1,medium,medium,0.55,low,8,,,,,,friction_model,424238
D,D_00214,phone_pick,semantic_only,1,1,0,0,1,1,0.0,11,6,-1,medium,medium,0.55,low,8,,,,,,friction_model,424238
D,D_00214,phone_pick,posthoc_single,0,0,0,1,1,1,0.00909522,11,6,-1,medium,medium,0.55,low,8,,,,,,friction_model,424238
D,D_00214,phone_pick,soft_penalty_fc,0,0,0,1,1,1,0.00909522,11,6,-1,medium,medium,0.55,low,8,,,,,,friction_model,424238
D,D_00215,phone_pick,geometric_fc,1,0,1,1,1,1,0.00892598,11,6,-1,medium,medium,0.55,low,8,,,,,,friction_model,424239
D,D_00215,phone_pick,oracle_sfc,1,1,0,0,1,1,0.01270595,11,6,-1,medium,medium,0.55,low,8,,,,,,friction_model,424239
D,D_00215,phone_pick,semantic_only,1,1,0,0,1,1,0.0,11,6,-1,medium,medium,0.55,low,8,,,,,,friction_model,424239
D,D_00215,phone_pick,posthoc_single,0,0,0,1,1,1,0.00892598,11,6,-1,medium,medium,0.55,low,8,,,,,,friction_model,424239
D,D_00215,phone_pick,soft_penalty_fc,0,0,0,1,1,1,0.00892598,11,6,-1,medium,medium,0.55,low,8,,,,,,friction_model,424239
D,D_00216,phone_pick,geometric_fc,1,0,1,1,1,1,0.00908435,11,6,-1,medium,medium,0.55,low,8,,,,,,friction_model,424240
D,D_00216,phone_pick,oracle_sfc,1,1,0,0,1,1,0.0091574,11,6,-1,medium,medium,0.55,low,8,,,,,,friction_model,424240
D,D_00216,phone_pick,semantic_only,1,1,0,0,1,1,0.0,11,6,-1,medium,medium,0.55,low,8,,,,,,friction_model,424240
D,D_00216,phone_pick,posthoc_single,0,0,0,1,1,1,0.00908435,11,6,-1,medium,medium,0.55,low,8,,,,,,friction_model,424240
D,D_00216,phone_pick,soft_penalty_fc,0,0,0,1,1,1,0.00908435,11,6,-1,medium,medium,0.55,low,8,,,,,,friction_model,424240
D,D_00217,phone_pick,geometric_fc,1,0,1,1,1,1,0.03719642,11,6,-1,medium,medium,0.55,medium,2,,,,,,friction_model,424241
D,D_00217,phone_pick,oracle_sfc,1,1,0,0,1,1,0.059411,11,6,-1,medium,medium,0.55,medium,2,,,,,,friction_model,424241
D,D_00217,phone_pick,semantic_only,1,1,0,0,1,1,0.0,11,6,-1,medium,medium,0.55,medium,2,,,,,,friction_model,424241
D,D_00217,phone_pick,posthoc_single,0,0,0,1,1,1,0.03719642,11,6,-1,medium,medium,0.55,medium,2,,,,,,friction_model,424241
D,D_00217,phone_pick,soft_penalty_fc,1,0,1,1,1,1,0.03719642,11,6,-1,medium,medium,0.55,medium,2,,,,,,friction_model,424241
D,D_00218,phone_pick,geometric_fc,1,0,1,1,1,1,0.03655644,11,6,-1,medium,medium,0.55,medium,2,,,,,,friction_model,424242
D,D_00218,phone_pick,oracle_sfc,1,1,0,0,1,1,0.05627637,11,6,-1,medium,medium,0.55,medium,2,,,,,,friction_model,424242
D,D_00218,phone_pick,semantic_only,1,1,0,0,1,1,0.0,11,6,-1,medium,medium,0.55,medium,2,,,,,,friction_model,424242
D,D_00218,phone_pick,posthoc_single,0,0,0,1,1,1,0.03655644,11,6,-1,medium,medium,0.55,medium,2,,,,,,friction_model,424242
D,D_00218,phone_pick,soft_penalty_fc,1,0,1,1,1,1,0.03655644,11,6,-1,medium,medium,0.55,medium,2,,,,,,friction_model,424242
D,D_00219,phone_pick,geometric_fc,1,0,1,1,1,1,0.03771956,11,6,-1,medium,medium,0.55,medium,2,,,,,,friction_model,424243
D,D_00219,phone_pick,oracle_sfc,1,1,0,0,1,1,0.05122027,11,6,-1,medium,medium,0.55,medium,2,,,,,,friction_model,424243
D,D_00219,phone_pick,semantic_only,1,1,0,0,1,1,0.0,11,6,-1,medium,medium,0.55,medium,2,,,,,,friction_model,424243
D,D_00219,phone_pick,posthoc_single,0,0,0,1,1,1,0.03771956,11,6,-1,medium,medium,0.55,medium,2,,,,,,friction_model,424243
D,D_00219,phone_pick,soft_penalty_fc,1,0,1,1,1,1,0.03771956,11,6,-1,medium,medium,0.55,medium,2,,,,,,friction_model,424243
D,D_00220,phone_pick,geometric_fc,1,0,1,1,1,1,0.03685526,11,6,-1,medium,medium,0.55,medium,2,,,,,,friction_model,424244
D,D_00220,phone_pick,oracle_sfc,1,1,0,0,1,1,0.05420664,11,6,-1,medium,medium,0.55,medium,2,,,,,,friction_model,424244
D,D_00220,phone_pick,semantic_only,1,1,0,0,1,1,0.0,11,6,-1,medium,medium,0.55,medium,2,,,,,,friction_model,424244
D,D_00220,phone_pick,posthoc_single,0,0,0,1,1,1,0.03685526,11,6,-1,medium,medium,0.55,medium,2,,,,,,friction_model,424244
D,D_00220,phone_pick,soft_penalty_fc,1,0,1,1,1,1,0.03685526,11,6,-1,medium,medium,0.55,medium,2,,,,,,friction_model,424244
D,D_00221,phone_pick,geometric_fc,1,0,1,1,1,1,0.0392086,11,6,-1,medium,medium,0.55,medium,2,,,,,,friction_model,424245
D,D_00221,phone_pick,oracle_sfc,1,1,0,0,1,1,0.04389907,11,6,-1,medium,medium,0.55,medium,2,,,,,,friction_model,424245
D,D_00221,phone_pick,semantic_only,1,1,0,0,1,1,0.0,11,6,-1,medium,medium,0.55,medium,2,,,,,,friction_model,424245
D,D_00221,phone_pick,posthoc_single,0,0,0,1,1,1,0.0392086,11,6,-1,medium,medium,0.55,medium,2,,,,,,friction_model,424245
D,D_00221,phone_pick,soft_penalty_fc,1,0,1,1,1,1,0.0392086,11,6,-1,medium,medium,0.55,medium,2,,,,,,friction_model,424245
D,D_00222,phone_pick,geometric_fc,1,0,1,1,1,1,0.03710072,11,6,-1,medium,medium,0.55,medium,2,,,,,,friction_model,424246
D,D_00222,phone_pick,oracle_sfc,1,1,0,0,1,1,0.04982776,11,6,-1,medium,medium,0.55,medium,2,,,,,,friction_model,424246
D,D_00222,phone_pick,semantic_only,1,1,0,0,1,1,0.0,11,6,-1,medium,medium,0.55,medium,2,,,,,,friction_model,424246
D,D_00222,phone_pick,posthoc_single,0,0,0,1,1,1,0.03710072,11,6,-1,medium,medium,0.55,medium,2,,,,,,friction_model,424246
D,D_00222,phone_pick,soft_penalty_fc,1,0,1,1,1,1,0.03710072,11,6,-1,medium,medium,0.55,medium,2,,,,,,friction_model,424246
D,D_00223,phone_pick,geometric_fc,1,0,1,1,1,1,0.03700075,11,6,-1,medium,medium,0.55,medium,2,,,,,,friction_model,424247
D,D_00223,phone_pick,oracle_sfc,1,1,0,0,1,1,0.05644232,11,6,-1,medium,medium,0.55,medium,2,,,,,,friction_model,424247
D,D_00223,phone_pick,semantic_only,1,1,0,0,1,1,0.0,11,6,-1,medium,medium,0.55,medium,2,,,,,,friction_model,424247
D,D_00223,phone_pick,posthoc_single,0,0,0,1,1,1,0.03700075,11,6,-1,medium,medium,0.55,medium,2,,,,,,friction_model,424247
D,D_00223,phone_pick,soft_penalty_fc,1,0,1,1,1,1,0.03700075,11,6,-1,medium,medium,0.55,medium,2,,,,,,friction_model,424247
D,D_00224,phone_pick,geometric_fc,1,0,1,1,1,1,0.03693948,11,6,-1,medium,medium,0.55,medium,2,,,,,,friction_model,424248
D,D_00224,phone_pick,oracle_sfc,1,1,0,0,1,1,0.05482436,11,6,-1,medium,medium,0.55,medium,2,,,,,,friction_model,424248
D,D_00224,phone_pick,semantic_only,1,1,0,0,1,1,0.0,11,6,-1,medium,medium,0.55,medium,2,,,,,,friction_model,424248
D,D_00224,phone_pick,posthoc_single,0,0,0,1,1,1,0.03693948,11,6,-1,medium,medium,0.55,medium,2,,,,,,friction_model,424248
D,D_00224,phone_pick,soft_penalty_fc,1,0,1,1,1,1,0.03693948,11,6,-1,medium,medium,0.55,medium,2,,,,,,friction_model,424248
D,D_00225,phone_pick,geometric_fc,1,0,1,1,1,1,0.01877798,11,6,-1,medium,medium,0.55,medium,4,,,,,,friction_model,424249
D,D_00225,phone_pick,oracle_sfc,1,1,0,0,1,1,0.02653739,11,6,-1,medium,medium,0.55,medium,4,,,,,,friction_model,424249
D,D_00225,phone_pick,semantic_only,1,1,0,0,1,1,0.0,11,6,-1,medium,medium,0.55,medium,4,,,,,,friction_model,424249
D,D_00225,phone_pick,posthoc_single,0,0,0,1,1,1,0.01877798,11,6,-1,medium,medium,0.55,medium,4,,,,,,friction_model,424249
D,D_00225,phone_pick,soft_penalty_fc,1,0,1,1,1,1,0.01877798,11,6,-1,medium,medium,0.55,medium,4,,,,,,friction_model,424249
D,D_00226,phone_pick,geometric_fc,1,0,1,1,1,1,0.01840578,11,6,-1,medium,medium,0.55,medium,4,,,,,,friction_model,424250
D,D_00226,phone_pick,oracle_sfc,1,1,0,0,1,1,0.02778354,11,6,-1,medium,medium,0.55,medium,4,,,,,,friction_model,424250
D,D_00226,phone_pick,semantic_only,1,1,0,0,1,1,0.0,11,6,-1,medium,medium,0.55,medium,4,,,,,,friction_model,424250
D,D_00226,phone_pick,posthoc_single,0,0,0,1,1,1,0.01840578,11,6,-1,medium,medium,0.55,medium,4,,,,,,friction_model,424250
D,D_00226,phone_pick,soft_penalty_fc,1,0,1,1,1,1,0.01840578,11,6,-1,medium,medium,0.55,medium,4,,,,,,friction_model,424250
D,D_00227,phone_pick,geometric_fc,1,0,1,1,1,1,0.01892637,11,6,-1,medium,medium,0.55,medium,4,,,,,,friction_model,424251
D,D_00227,phone_pick,oracle_sfc,1,1,0,0,1,1,0.02570052,11,6,-1,medium,medium,0.55,medium,4,,,,,,friction_model,424251
D,D_00227,phone_pick,semantic_only,1,1,0,0,1,1,0.0,11,6,-1,medium,medium,0.55,medium,4,,,,,,friction_model,424251
D,D_00227,phone_pick,posthoc_single,0,0,0,1,1,1,0.01892637,11,6,-1,medium,medium,0.55,medium,4,,,,,,friction_model,424251
D,D_00227,phone_pick,soft_penalty_fc,1,0,1,1,1,1,0.01892637,11,6,-1,medium,medium,0.55,medium,4,,,,,,friction_model,424251
D,D_00228,phone_pick,geometric_fc,1,0,1,1,1,1,0.01844502,11,6,-1,medium,medium,0.55,medium,4,,,,,,friction_model,424252
D,D_00228,phone_pick,oracle_sfc,1,1,0,0,1,1,0.02842814,11,6,-1,medium,medium,0.55,medium,4,,,,,,friction_model,424252
D,D_00228,phone_pick,semantic_only,1,1,0,0,1,1,0.0,11,6,-1,medium,medium,0.55,medium,4,,,,,,friction_model,424252
D,D_00228,phone_pick,posthoc_single,0,0,0,1,1,1,0.01844502,11,6,-1,medium,medium,0.55,medium,4,,,,,,friction_model,424252
D,D_00228,phone_pick,soft_penalty_fc,1,0,1,1,1,1,0.01844502,11,6,-1,medium,medium,0.55,medium,4,,,,,,friction_model,424252
D,D_00229,phone_pick,geometric_fc,1,0,1,1,1,1,0.01882551,11,6,-1,medium,medium,0.55,medium,4,,,,,,friction_model,424253
D,D_00229,phone_pick,oracle_sfc,1,1,0,0,1,1,0.02487149,11,6,-1,medium,medium,0.55,medium,4,,,,,,friction_model,424253
D,D_00229,phone_pick,semantic_only,1,1,0,0,1,1,0.0,11,6,-1,medium,medium,0.55,medium,4,,,,,,friction_model,424253
D,D_00229,phone_pick,posthoc_single,0,0,0,1,1,1,0.01882551,11,6,-1,medium,medium,0.55,medium,4,,,,,,friction_model,424253
D,D_00229,phone_pick,soft_penalty_fc,1,0,1,1,1,1,0.01882551,11,6,-1,medium,medium,0.55,medium,4,,,,,,friction_model,424253
D,D_00230,phone_pick,geometric_fc,1,0,1,1,1,1,0.01812702,11,6,-1,medium,medium,0.55,medium,4,,,,,,friction_model,424254
D,D_00230,phone_pick,oracle_sfc,1,1,0,0,1,1,0.02955366,11,6,-1,medium,medium,0.55,medium,4,,,,,,friction_model,424254
D,D_00230,phone_pick,semantic_only,1,1,0,0,1,1,0.0,11,6,-1,medium,medium,0.55,medium,4,,,,,,friction_model,424254
D,D_00230,phone_pick,posthoc_single,0,0,0,1,1,1,0.01812702,11,6,-1,medium,medium,0.55,medium,4,,,,,,friction_model,424254
D,D_00230,phone_pick,soft_penalty_fc,1,0,1,1,1,1,0.01812702,11,6,-1,medium,medium,0.55,medium,4,,,,,,friction_model,424254
D,D_00231,phone_pick,geometric_fc,1,0,1,1,1,1,0.01849622,11,6,-1,medium,medium,0.55,medium,4,,,,,,friction_model,424255
D,D_00231,phone_pick,oracle_sfc,1,1,0,0,1,1,0.02977569,11,6,-1,medium,medium,0.55,medium,4,,,,,,friction_model,424255
D,D_00231,phone_pick,semantic_only,1,1,0,0,1,1,0.0,11,6,-1,medium,medium,0.55,medium,4,,,,,,friction_model,424255
D,D_00231,phone_pick,posthoc_single,0,0,0,1,1,1,0.01849622,11,6,-1,medium,medium,0.55,medium,4,,,,,,friction_model,424255
D,D_00231,phone_pick,soft_penalty_fc,1,0,1,1,1,1,0.01849622,11,6,-1,medium,medium,0.55,medium,4,,,,,,friction_model,424255
D,D_00232,phone_pick,geometric_fc,1,0,1,1,1,1,0.01803024,11,6,-1,medium,medium,0.55,medium,4,,,,,,friction_model,424256
D,D_00232,phone_pick,oracle_sfc,1,1,0,0,1,1,0.02578561,11,6,-1,medium,medium,0.55,medium,4,,,,,,friction_model,424256
D,D_00232,phone_pick,semantic_only,1,1,0,0,1,1,0.0,11,6,-1,medium,medium,0.55,medium,4,,,,,,friction_model,424256
D,D_00232,phone_pick,posthoc_single,0,0,0,1,1,1,0.01803024,11,6,-1,medium,medium,0.55,medium,4,,,,,,friction_model,424256
D,D_00232,phone_pick,soft_penalty_fc,1,0,1,1,1,1,0.01803024,11,6,-1,medium,medium,0.55,medium,4,,,,,,friction_model,424256
D,D_00233,phone_pick,geometric_fc,1,0,1,1,1,1,0.00916682,11,6,-1,medium,medium,0.55,medium,8,,,,,,friction_model,424257
D,D_00233,phone_pick,oracle_sfc,1,1,0,0,1,1,0.01429504,11,6,-1,medium,medium,0.55,medium,8,,,,,,friction_model,424257
D,D_00233,phone_pick,semantic_only,1,1,0,0,1,1,0.0,11,6,-1,medium,medium,0.55,medium,8,,,,,,friction_model,424257
D,D_00233,phone_pick,posthoc_single,0,0,0,1,1,1,0.00916682,11,6,-1,medium,medium,0.55,medium,8,,,,,,friction_model,424257
D,D_00233,phone_pick,soft_penalty_fc,0,0,0,1,1,1,0.00916682,11,6,-1,medium,medium,0.55,medium,8,,,,,,friction_model,424257
D,D_00234,phone_pick,geometric_fc,1,0,1,1,1,1,0.00903581,11,6,-1,medium,medium,0.55,medium,8,,,,,,friction_model,424258
D,D_00234,phone_pick,oracle_sfc,1,1,0,0,1,1,0.01404052,11,6,-1,medium,medium,0.55,medium,8,,,,,,friction_model,424258
D,D_00234,phone_pick,semantic_only,1,1,0,0,1,1,0.0,11,6,-1,medium,medium,0.55,medium,8,,,,,,friction_model,424258
D,D_00234,phone_pick,posthoc_single,0,0,0,1,1,1,0.00903581,11,6,-1,medium,medium,0.55,medium,8,,,,,,friction_model,424258
D,D_00234,phone_pick,soft_penalty_fc,0,0,0,1,1,1,0.00903581,11,6,-1,medium,medium,0.55,medium,8,,,,,,friction_model,424258
D,D_00235,phone_pick,geometric_fc,1,0,1,1,1,1,0.00921645,11,6,-1,medium,medium,0.55,medium,8,,,,,,friction_model,424259
D,D_00235,phone_pick,oracle_sfc,1,1,0,0,1,1,0.01373461,11,6,-1,medium,medium,0.55,medium,8,,,,,,friction_model,424259
D,D_00235,phone_pick,semantic_only,1,1,0,0,1,1,0.0,11,6,-1,medium,medium,0.55,medium,8,,,,,,friction_model,424259
D,D_00235,phone_pick,posthoc_single,0,0,0,1,1,1,0.00921645,11,6,-1,medium,medium,0.55,medium,8,,,,,,friction_model,424259
D,D_00235,phone_pick,soft_penalty_fc,0,0,0,1,1,1,0.00921645,11,6,-1,medium,medium,0.55,medium,8,,,,,,friction_model,424259
D,D_00236,phone_pick,geometric_fc,1,0,1,1,1,1,0.00901184,11,6,-1,medium,medium,0.55,medium,8,,,,,,friction_model,424260
D,D_00236,phone_pick,oracle_sfc,1,1,0,0,1,1,0.01356247,11,6,-1,medium,medium,0.55,medium,8,,,,,,friction_model,424260
D,D_00236,phone_pick,semantic_only,1,1,0,0,1,1,0.0,11,6,-1,medium,medium,0.55,medium,8,,,,,,friction_model,424260
D,D_00236,phone_pick,posthoc_single,0,0,0,1,1,1,0.00901184,11,6,-1,medium,medium,0.55,medium,8,,,,,,friction_model,424260
D,D_00236,phone_pick,soft_penalty_fc,0,0,0,1,1,1,0.00901184,11,6,-1,medium,medium,0.55,medium,8,,,,,,friction_model,424260
D,D_00237,phone_pick,geometric_fc,1,0,1,1,1,1,0.0091413,11,6,-1,medium,medium,0.55,medium,8,,,,,,friction_model,424261
D,D_00237,phone_pick,oracle_sfc,1,1,0,0,1,1,0.01430035,11,6,-1,medium,medium,0.55,medium,8,,,,,,friction_model,424261
D,D_00237,phone_pick,semantic_only,1,1,0,0,1,1,0.0,11,6,-1,medium,medium,0.55,medium,8,,,,,,friction_model,424261
D,D_00237,phone_pick,posthoc_single,0,0,0,1,1,1,0.0091413,11,6,-1,medium,medium,0.55,medium,8,,,,,,friction_model,424261
D,D_00237,phone_pick,soft_penalty_fc,0,0,0,1,1,1,0.0091413,11,6,-1,medium,medium,0.55,medium,8,,,,,,friction_model,424261
D,D_00238,phone_pick,geometric_fc,1,0,1,1,1,1,0.00891168,11,6,-1,medium,medium,0.55,medium,8,,,,,,friction_model,424262
D,D_00238,phone_pick,oracle_sfc,1,1,0,0,1,1,0.01489295,11,6,-1,medium,medium,0.55,medium,8,,,,,,friction_model,424262
D,D_00238,phone_pick,semantic_only,1,1,0,0,1,1,0.0,11,6,-1,medium,medium,0.55,medium,8,,,,,,friction_model,424262
D,D_00238,phone_pick,posthoc_single,0,0,0,1,1,1,0.00891168,11,6,-1,medium,medium,0.55,medium,8,,,,,,friction_model,424262
D,D_00238,phone_pick,soft_penalty_fc,0,0,0,1,1,1,0.00891168,11,6,-1,medium,medium,0.55,medium,8,,,,,,friction_model,424262
D,D_00239,phone_pick,geometric_fc,1,0,1,1,1,1,0.00874825,11,6,-1,medium,medium,0.55,medium,8,,,,,,friction_model,424263
D,D_00239,phone_pick,oracle_sfc,1,1,0,0,1,1,0.01380069,11,6,-1,medium,medium,0.55,medium,8,,,,,,friction_model,424263
D,D_00239,phone_pick,semantic_only,1,1,0,0,1,1,0.0,11,6,-1,medium,medium,0.55,medium,8,,,,,,friction_model,424263
D,D_00239,phone_pick,posthoc_single,0,0,0,1,1,1,0.00874825,11,6,-1,medium,medium,0.55,medium,8,,,,,,friction_model,424263
D,D_00239,phone_pick,soft_penalty_fc,0,0,0,1,1,1,0.00874825,11,6,-1,medium,medium,0.55,medium,8,,,,,,friction_model,424263
D,D_00240,phone_pick,geometric_fc,1,0,1,1,1,1,0.0093689,11,6,-1,medium,medium,0.55,medium,8,,,,,,friction_model,424264
D,D_00240,phone_pick,oracle_sfc,1,1,0,0,1,1,0.0129907,11,6,-1,medium,medium,0.55,medium,8,,,,,,friction_model,424264
D,D_00240,phone_pick,semantic_only,1,1,0,0,1,1,0.0,11,6,-1,medium,medium,0.55,medium,8,,,,,,friction_model,424264
D,D_00240,phone_pick,posthoc_single,0,0,0,1,1,1,0.0093689,11,6,-1,medium,medium,0.55,medium,8,,,,,,friction_model,424264
D,D_00240,phone_pick,soft_penalty_fc,0,0,0,1,1,1,0.0093689,11,6,-1,medium,medium,0.55,medium,8,,,,,,friction_model,424264
D,D_00241,phone_pick,geometric_fc,1,0,1,1,1,1,0.03975473,11,6,-1,medium,medium,0.55,high,2,,,,,,friction_model,424265
D,D_00241,phone_pick,oracle_sfc,1,1,0,0,1,1,0.05952144,11,6,-1,medium,medium,0.55,high,2,,,,,,friction_model,424265
D,D_00241,phone_pick,semantic_only,1,1,0,0,1,1,0.0,11,6,-1,medium,medium,0.55,high,2,,,,,,friction_model,424265
D,D_00241,phone_pick,posthoc_single,0,0,0,1,1,1,0.03975473,11,6,-1,medium,medium,0.55,high,2,,,,,,friction_model,424265
D,D_00241,phone_pick,soft_penalty_fc,1,0,1,1,1,1,0.03975473,11,6,-1,medium,medium,0.55,high,2,,,,,,friction_model,424265
D,D_00242,phone_pick,geometric_fc,1,0,1,1,1,1,0.03872791,11,6,-1,medium,medium,0.55,high,2,,,,,,friction_model,424266
D,D_00242,phone_pick,oracle_sfc,1,1,0,0,1,1,0.05527822,11,6,-1,medium,medium,0.55,high,2,,,,,,friction_model,424266
D,D_00242,phone_pick,semantic_only,1,1,0,0,1,1,0.0,11,6,-1,medium,medium,0.55,high,2,,,,,,friction_model,424266
D,D_00242,phone_pick,posthoc_single,0,0,0,1,1,1,0.03872791,11,6,-1,medium,medium,0.55,high,2,,,,,,friction_model,424266
D,D_00242,phone_pick,soft_penalty_fc,1,0,1,1,1,1,0.03872791,11,6,-1,medium,medium,0.55,high,2,,,,,,friction_model,424266
D,D_00243,phone_pick,geometric_fc,1,0,1,1,1,1,0.03872263,11,6,-1,medium,medium,0.55,high,2,,,,,,friction_model,424267
D,D_00243,phone_pick,oracle_sfc,1,1,0,0,1,1,0.0614416,11,6,-1,medium,medium,0.55,high,2,,,,,,friction_model,424267
D,D_00243,phone_pick,semantic_only,1,1,0,0,1,1,0.0,11,6,-1,medium,medium,0.55,high,2,,,,,,friction_model,424267
D,D_00243,phone_pick,posthoc_single,0,0,0,1,1,1,0.03872263,11,6,-1,medium,medium,0.55,high,2,,,,,,friction_model,424267
D,D_00243,phone_pick,soft_penalty_fc,1,0,1,1,1,1,0.03872263,11,6,-1,medium,medium,0.55,high,2,,,,,,friction_model,424267
D,D_00244,phone_pick,geometric_fc,1,0,1,1,1,1,0.03835247,11,6,-1,medium,medium,0.55,high,2,,,,,,friction_model,424268
D,D_00244,phone_pick,oracle_sfc,1,1,0,0,1,1,0.06060058,11,6,-1,medium,medium,0.55,high,2,,,,,,friction_model,424268
D,D_00244,phone_pick,semantic_only,1,1,0,0,1,1,0.0,11,6,-1,medium,medium,0.55,high,2,,,,,,friction_model,424268
D,D_00244,phone_pick,posthoc_single,0,0,0,1,1,1,0.03835247,11,6,-1,medium,medium,0.55,high,2,,,,,,friction_model,424268
D,D_00244,phone_pick,soft_penalty_fc,1,0,1,1,1,1,0.03835247,11,6,-1,medium,medium,0.55,high,2,,,,,,friction_model,424268
D,D_00245,phone_pick,geometric_fc,1,0,1,1,1,1,0.03797437,11,6,-1,medium,medium,0.55,high,2,,,,,,friction_model,424269
D,D_00245,phone_pick,oracle_sfc,1,1,0,0,1,1,0.06664215,11,6,-1,medium,medium,0.55,high,2,,,,,,friction_model,424269
D,D_00245,phone_pick,semantic_only,1,1,0,0,1,1,0.0,11,6,-1,medium,medium,0.55,high,2,,,,,,friction_model,424269
D,D_00245,phone_pick,posthoc_single,0,0,0,1,1,1,0.03797437,11,6,-1,medium,medium,0.55,high,2,,,,,,friction_model,424269
D,D_00245,phone_pick,soft_penalty_fc,1,0,1,1,1,1,0.03797437,11,6,-1,medium,medium,0.55,high,2,,,,,,friction_model,424269
D,D_00246,phone_pick,geometric_fc,1,0,1,1,1,1,0.03953758,11,6,-1,medium,medium,0.55,high,2,,,,,,friction_model,424270
D,D_00246,phone_pick,oracle_sfc,1,1,0,0,1,1,0.06187698,11,6,-1,medium,medium,0.55,high,2,,,,,,friction_model,424270
D,D_00246,phone_pick,semantic_only,1,1,0,0,1,1,0.0,11,6,-1,medium,medium,0.55,high,2,,,,,,friction_model,424270
D,D_00246,phone_pick,posthoc_single,0,0,0,1,1,1,0.03953758,11,6,-1,medium,medium,0.55,high,2,,,,,,friction_model,424270
D,D_00246,phone_pick,soft_penalty_fc,1,0,1,1,1,1,0.03953758,11,6,-1,medium,medium,0.55,high,2,,,,,,friction_model,424270
D,D_00247,phone_pick,geometric_fc,1,0,1,1,1,1,0.03935095,11,6,-1,medium,medium,0.55,high,2,,,,,,friction_model,424271
D,D_00247,phone_pick,oracle_sfc,1,1,0,0,1,1,0.06083983,11,6,-1,medium,medium,0.55,high,2,,,,,,friction_model,424271
D,D_00247,phone_pick,semantic_only,1,1,0,0,1,1,0.0,11,6,-1,medium,medium,0.55,high,2,,,,,,friction_model,424271
D,D_00247,phone_pick,posthoc_single,0,0,0,1,1,1,0.03935095,11,6,-1,medium,medium,0.55,high,2,,,,,,friction_model,424271
D,D_00247,phone_pick,soft_penalty_fc,1,0,1,1,1,1,0.03935095,11,6,-1,medium,medium,0.55,high,2,,,,,,friction_model,424271
D,D_00248,phone_pick,geometric_fc,1,0,1,1,1,1,0.03868321,11,6,-1,medium,medium,0.55,high,2,,,,,,friction_model,424272
D,D_00248,phone_pick,oracle_sfc,1,1,0,0,1,1,0.06054408,11,6,-1,medium,medium,0.55,high,2,,,,,,friction_model,424272
D,D_00248,phone_pick,semantic_only,1,1,0,0,1,1,0.0,11,6,-1,medium,medium,0.55,high,2,,,,,,friction_model,424272
D,D_00248,phone_pick,posthoc_single,0,0,0,1,1,1,0.03868321,11,6,-1,medium,medium,0.55,high,2,,,,,,friction_model,424272
D,D_00248,phone_pick,soft_penalty_fc,1,0,1,1,1,1,0.03868321,11,6,-1,medium,medium,0.55,high,2,,,,,,friction_model,424272
D,D_00249,phone_pick,geometric_fc,1,0,1,1,1,1,0.01864824,11,6,-1,medium,medium,0.55,high,4,,,,,,friction_model,424273
D,D_00249,phone_pick,oracle_sfc,1,1,0,0,1,1,0.02893998,11,6,-1,medium,medium,0.55,high,4,,,,,,friction_model,424273
D,D_00249,phone_pick,semantic_only,1,1,0,0,1,1,0.0,11,6,-1,medium,medium,0.55,high,4,,,,,,friction_model,424273
D,D_00249,phone_pick,posthoc_single,0,0,0,1,1,1,0.01864824,11,6,-1,medium,medium,0.55,high,4,,,,,,friction_model,424273
D,D_00249,phone_pick,soft_penalty_fc,1,0,1,1,1,1,0.01864824,11,6,-1,medium,medium,0.55,high,4,,,,,,friction_model,424273
D,D_00250,phone_pick,geometric_fc,1,0,1,1,1,1,0.01895896,11,6,-1,medium,medium,0.55,high,4,,,,,,friction_model,424274
D,D_00250,phone_pick,oracle_sfc,1,1,0,0,1,1,0.02846292,11,6,-1,medium,medium,0.55,high,4,,,,,,friction_model,424274
D,D_00250,phone_pick,semantic_only,1,1,0,0,1,1,0.0,11,6,-1,medium,medium,0.55,high,4,,,,,,friction_model,424274
D,D_00250,phone_pick,posthoc_single,0,0,0,1,1,1,0.01895896,11,6,-1,medium,medium,0.55,high,4,,,,,,friction_model,424274
D,D_00250,phone_pick,soft_penalty_fc,1,0,1,1,1,1,0.01895896,11,6,-1,medium,medium,0.55,high,4,,,,,,friction_model,424274
D,D_00251,phone_pick,geometric_fc,1,0,1,1,1,1,0.01904082,11,6,-1,medium,medium,0.55,high,4,,,,,,friction_model,424275
D,D_00251,phone_pick,oracle_sfc,1,1,0,0,1,1,0.02852739,11,6,-1,medium,medium,0.55,high,4,,,,,,friction_model,424275
D,D_00251,phone_pick,semantic_only,1,1,0,0,1,1,0.0,11,6,-1,medium,medium,0.55,high,4,,,,,,friction_model,424275
D,D_00251,phone_pick,posthoc_single,0,0,0,1,1,1,0.01904082,11,6,-1,medium,medium,0.55,high,4,,,,,,friction_model,424275
D,D_00251,phone_pick,soft_penalty_fc,1,0,1,1,1,1,0.01904082,11,6,-1,medium,medium,0.55,high,4,,,,,,friction_model,424275
D,D_00252,phone_pick,geometric_fc,1,0,1,1,1,1,0.01865112,11,6,-1,medium,medium,0.55,high,4,,,,,,friction_model,424276
D,D_00252,phone_pick,oracle_sfc,1,1,0,0,1,1,0.02872532,11,6,-1,medium,medium,0.55,high,4,,,,,,friction_model,424276
D,D_00252,phone_pick,semantic_only,1,1,0,0,1,1,0.0,11,6,-1,medium,medium,0.55,high,4,,,,,,friction_model,424276
D,D_00252,phone_pick,posthoc_single,0,0,0,1,1,1,0.01865112,11,6,-1,medium,medium,0.55,high,4,,,,,,friction_model,424276
D,D_00252,phone_pick,soft_penalty_fc,1,0,1,1,1,1,0.01865112,11,6,-1,medium,medium,0.55,high,4,,,,,,friction_model,424276
D,D_00253,phone_pick,geometric_fc,1,0,1,1,1,1,0.01838091,11,6,-1,medium,medium,0.55,high,4,,,,,,friction_model,424277
D,D_00253,phone_pick,oracle_sfc,1,1,0,0,1,1,0.03214182,11,6,-1,medium,medium,0.55,high,4,,,,,,friction_model,424277
D,D_00253,phone_pick,semantic_only,1,1,0,0,1,1,0.0,11,6,-1,medium,medium,0.55,high,4,,,,,,friction_model,424277
D,D_00253,phone_pick,posthoc_single,0,0,0,1,1,1,0.01838091,11,6,-1,medium,medium,0.55,high,4,,,,,,friction_model,424277
D,D_00253,phone_pick,soft_penalty_fc,1,0,1,1,1,1,0.01838091,11,6,-1,medium,medium,0.55,high,4,,,,,,friction_model,424277
D,D_00254,phone_pick,geometric_fc,1,0,1,1,1,1,0.01872825,11,6,-1,medium,medium,0.55,high,4,,,,,,friction_model,424278
D,D_00254,phone_pick,oracle_sfc,1,1,0,0,1,1,0.03081799,11,6,-1,medium,medium,0.55,high,4,,,,,,friction_model,424278
D,D_00254,phone_pick,semantic_only,1,1,0,0,1,1,0.0,11,6,-1,medium,medium,0.55,high,4,,,,,,friction_model,424278
D,D_00254,phone_pick,posthoc_single,0,0,0,1,1,1,0.01872825,11,6,-1,medium,medium,0.55,high,4,,,,,,friction_model,424278
D,D_00254,phone_pick,soft_penalty_fc,1,0,1,1,1,1,0.01872825,11,6,-1,medium,medium,0.55,high,4,,,,,,friction_model,424278
D,D_00255,phone_pick,geometric_fc,1,0,1,1,1,1,0.01954981,11,6,-1,medium,medium,0.55,high,4,,,,,,friction_model,424279
D,D_00255,phone_pick,oracle_sfc,1,1,0,0,1,1,0.02956888,11,6,-1,medium,medium,0.55,high,4,,,,,,friction_model,424279
D,D_00255,phone_pick,semantic_only,1,1,0,0,1,1,0.0,11,6,-1,medium,medium,0.55,high,4,,,,,,friction_model,424279
D,D_00255,phone_pick,posthoc_single,0,0,0,1,1,1,0.01954981,11,6,-1,medium,medium,0.55,high,4,,,,,,friction_model,424279
D,D_00255,phone_pick,soft_penalty_fc,1,0,1,1,1,1,0.01954981,11,6,-1,medium,medium,0.55,high,4,,,,,,friction_model,424279
D,D_00256,phone_pick,geometric_fc,1,0,1,1,1,1,0.01866339,11,6,-1,medium,medium,0.55,high,4,,,,,,friction_model,424280
D,D_00256,phone_pick,oracle_sfc,1,1,0,0,1,1,0.03122762,11,6,-1,medium,medium,0.55,high,4,,,,,,friction_model,424280
D,D_00256,phone_pick,semantic_only,1,1,0,0,1,1,0.0,11,6,-1,medium,medium,0.55,high,4,,,,,,friction_model,424280
D,D_00256,phone_pick,posthoc_single,0,0,0,1,1,1,0.01866339,11,6,-1,medium,medium,0.55,high,4,,,,,,friction_model,424280
D,D_00256,phone_pick,soft_penalty_fc,1,0,1,1,1,1,0.01866339,11,6,-1,medium,medium,0.55,high,4,,,,,,friction_model,424280
D,D_00257,phone_pick,geometric_fc,1,0,1,1,1,1,0.00922005,11,6,-1,medium,medium,0.55,high,8,,,,,,friction_model,424281
D,D_00257,phone_pick,oracle_sfc,1,1,0,0,1,1,0.01534084,11,6,-1,medium,medium,0.55,high,8,,,,,,friction_model,424281
D,D_00257,phone_pick,semantic_only,1,1,0,0,1,1,0.0,11,6,-1,medium,medium,0.55,high,8,,,,,,friction_model,424281
D,D_00257,phone_pick,posthoc_single,0,0,0,1,1,1,0.00922005,11,6,-1,medium,medium,0.55,high,8,,,,,,friction_model,424281
D,D_00257,phone_pick,soft_penalty_fc,0,0,0,1,1,1,0.00922005,11,6,-1,medium,medium,0.55,high,8,,,,,,friction_model,424281
D,D_00258,phone_pick,geometric_fc,1,0,1,1,1,1,0.00938236,11,6,-1,medium,medium,0.55,high,8,,,,,,friction_model,424282
D,D_00258,phone_pick,oracle_sfc,1,1,0,0,1,1,0.01434787,11,6,-1,medium,medium,0.55,high,8,,,,,,friction_model,424282
D,D_00258,phone_pick,semantic_only,1,1,0,0,1,1,0.0,11,6,-1,medium,medium,0.55,high,8,,,,,,friction_model,424282
D,D_00258,phone_pick,posthoc_single,0,0,0,1,1,1,0.00938236,11,6,-1,medium,medium,0.55,high,8,,,,,,friction_model,424282
D,D_00258,phone_pick,soft_penalty_fc,0,0,0,1,1,1,0.00938236,11,6,-1,medium,medium,0.55,high,8,,,,,,friction_model,424282
D,D_00259,phone_pick,geometric_fc,1,0,1,1,1,1,0.00953006,11,6,-1,medium,medium,0.55,high,8,,,,,,friction_model,424283
D,D_00259,phone_pick,oracle_sfc,1,1,0,0,1,1,0.01423634,11,6,-1,medium,medium,0.55,high,8,,,,,,friction_model,424283
D,D_00259,phone_pick,semantic_only,1,1,0,0,1,1,0.0,11,6,-1,medium,medium,0.55,high,8,,,,,,friction_model,424283
D,D_00259,phone_pick,posthoc_single,0,0,0,1,1,1,0.00953006,11,6,-1,medium,medium,0.55,high,8,,,,,,friction_model,424283
D,D_00259,phone_pick,soft_penalty_fc,0,0,0,1,1,1,0.00953006,11,6,-1,medium,medium,0.55,high,8,,,,,,friction_model,424283
D,D_00260,phone_pick,geometric_fc,1,0,1,1,1,1,0.00912199,11,6,-1,medium,medium,0.55,high,8,,,,,,friction_model,424284
D,D_00260,phone_pick,oracle_sfc,1,1,0,0,1,1,0.01512353,11,6,-1,medium,medium,0.55,high,8,,,,,,friction_model,424284
D,D_00260,phone_pick,semantic_only,1,1,0,0,1,1,0.0,11,6,-1,medium,medium,0.55,high,8,,,,,,friction_model,424284
D,D_00260,phone_pick,posthoc_single,0,0,0,1,1,1,0.00912199,11,6,-1,medium,medium,0.55,high,8,,,,,,friction_model,424284
D,D_00260,phone_pick,soft_penalty_fc,0,0,0,1,1,1,0.00912199,11,6,-1,medium,medium,0.55,high,8,,,,,,friction_model,424284
D,D_00261,phone_pick,geometric_fc,1,0,1,1,1,1,0.00961792,11,6,-1,medium,medium,0.55,high,8,,,,,,friction_model,424285
D,D_00261,phone_pick,oracle_sfc,1,1,0,0,1,1,0.01458966,11,6,-1,medium,medium,0.55,high,8,,,,,,friction_model,424285
D,D_00261,phone_pick,semantic_only,1,1,0,0,1,1,0.0,11,6,-1,medium,medium,0.55,high,8,,,,,,friction_model,424285
D,D_00261,phone_pick,posthoc_single,0,0,0,1,1,1,0.00961792,11,6,-1,medium,medium,0.55,high,8,,,,,,friction_model,424285
D,D_00261,phone_pick,soft_penalty_fc,0,0,0,1,1,1,0.00961792,11,6,-1,medium,medium,0.55,high,8,,,,,,friction_model,424285
D,D_00262,phone_pick,geometric_fc,1,0,1,1,1,1,0.00971727,11,6,-1,medium,medium,0.55,high,8,,,,,,friction_model,424286
D,D_00262,phone_pick,oracle_sfc,1,1,0,0,1,1,0.01421215,11,6,-1,medium,medium,0.55,high,8,,,,,,friction_model,424286
D,D_00262,phone_pick,semantic_only,1,1,0,0,1,1,0.0,11,6,-1,medium,medium,0.55,high,8,,,,,,friction_model,424286
D,D_00262,phone_pick,posthoc_single,0,0,0,1,1,1,0.00971727,11,6,-1,medium,medium,0.55,high,8,,,,,,friction_model,424286
D,D_00262,phone_pick,soft_penalty_fc,0,0,0,1,1,1,0.00971727,11,6,-1,medium,medium,0.55,high,8,,,,,,friction_model,424286
D,D_00263,phone_pick,geometric_fc,1,0,1,1,1,1,0.00948727,11,6,-1,medium,medium,0.55,high,8,,,,,,friction_model,424287
D,D_00263,phone_pick,oracle_sfc,1,1,0,0,1,1,0.01543492,11,6,-1,medium,medium,0.55,high,8,,,,,,friction_model,424287
D,D_00263,phone_pick,semantic_only,1,1,0,0,1,1,0.0,11,6,-1,medium,medium,0.55,high,8,,,,,,friction_model,424287
D,D_00263,phone_pick,posthoc_single,0,0,0,1,1,1,0.00948727,11,6,-1,medium,medium,0.55,high,8,,,,,,friction_model,424287
D,D_00263,phone_pick,soft_penalty_fc,0,0,0,1,1,1,0.00948727,11,6,-1,medium,medium,0.55,high,8,,,,,,friction_model,424287
D,D_00264,phone_pick,geometric_fc,1,0,1,1,1,1,0.00932513,11,6,-1,medium,medium,0.55,high,8,,,,,,friction_model,424288
D,D_00264,phone_pick,oracle_sfc,1,1,0,0,1,1,0.01559521,11,6,-1,medium,medium,0.55,high,8,,,,,,friction_model,424288
D,D_00264,phone_pick,semantic_only,1,1,0,0,1,1,0.0,11,6,-1,medium,medium,0.55,high,8,,,,,,friction_model,424288
D,D_00264,phone_pick,posthoc_single,0,0,0,1,1,1,0.00932513,11,6,-1,medium,medium,0.55,high,8,,,,,,friction_model,424288
D,D_00264,phone_pick,soft_penalty_fc,0,0,0,1,1,1,0.00932513,11,6,-1,medium,medium,0.55,high,8,,,,,,friction_model,424288
D,D_00265,phone_pick,geometric_fc,1,0,1,1,1,1,0.03768904,11,6,-1,medium,medium,0.55,mixed,2,,,,,,friction_model,424289
D,D_00265,phone_pick,oracle_sfc,1,1,0,0,1,1,0.05016115,11,6,-1,medium,medium,0.55,mixed,2,,,,,,friction_model,424289
D,D_00265,phone_pick,semantic_only,1,1,0,0,1,1,0.0,11,6,-1,medium,medium,0.55,mixed,2,,,,,,friction_model,424289
D,D_00265,phone_pick,posthoc_single,0,0,0,1,1,1,0.03768904,11,6,-1,medium,medium,0.55,mixed,2,,,,,,friction_model,424289
D,D_00265,phone_pick,soft_penalty_fc,1,0,1,1,1,1,0.03768904,11,6,-1,medium,medium,0.55,mixed,2,,,,,,friction_model,424289
D,D_00266,phone_pick,geometric_fc,1,0,1,1,1,1,0.03646942,11,6,-1,medium,medium,0.55,mixed,2,,,,,,friction_model,424290
D,D_00266,phone_pick,oracle_sfc,1,1,0,0,1,1,0.05469219,11,6,-1,medium,medium,0.55,mixed,2,,,,,,friction_model,424290
D,D_00266,phone_pick,semantic_only,1,1,0,0,1,1,0.0,11,6,-1,medium,medium,0.55,mixed,2,,,,,,friction_model,424290
D,D_00266,phone_pick,posthoc_single,0,0,0,1,1,1,0.03646942,11,6,-1,medium,medium,0.55,mixed,2,,,,,,friction_model,424290
D,D_00266,phone_pick,soft_penalty_fc,1,0,1,1,1,1,0.03646942,11,6,-1,medium,medium,0.55,mixed,2,,,,,,friction_model,424290
D,D_00267,phone_pick,geometric_fc,1,0,1,1,1,1,0.03747752,11,6,-1,medium,medium,0.55,mixed,2,,,,,,friction_model,424291
D,D_00267,phone_pick,oracle_sfc,1,1,0,0,1,1,0.052604,11,6,-1,medium,medium,0.55,mixed,2,,,,,,friction_model,424291
D,D_00267,phone_pick,semantic_only,1,1,0,0,1,1,0.0,11,6,-1,medium,medium,0.55,mixed,2,,,,,,friction_model,424291
D,D_00267,phone_pick,posthoc_single,0,0,0,1,1,1,0.03747752,11,6,-1,medium,medium,0.55,mixed,2,,,,,,friction_model,424291
D,D_00267,phone_pick,soft_penalty_fc,1,0,1,1,1,1,0.03747752,11,6,-1,medium,medium,0.55,mixed,2,,,,,,friction_model,424291
D,D_00268,phone_pick,geometric_fc,1,0,1,1,1,1,0.03809464,11,6,-1,medium,medium,0.55,mixed,2,,,,,,friction_model,424292
D,D_00268,phone_pick,oracle_sfc,1,1,0,0,1,1,0.06202278,11,6,-1,medium,medium,0.55,mixed,2,,,,,,friction_model,424292
D,D_00268,phone_pick,semantic_only,1,1,0,0,1,1,0.0,11,6,-1,medium,medium,0.55,mixed,2,,,,,,friction_model,424292
D,D_00268,phone_pick,posthoc_single,0,0,0,1,1,1,0.03809464,11,6,-1,medium,medium,0.55,mixed,2,,,,,,friction_model,424292
D,D_00268,phone_pick,soft_penalty_fc,1,0,1,1,1,1,0.03809464,11,6,-1,medium,medium,0.55,mixed,2,,,,,,friction_model,424292
D,D_00269,phone_pick,geometric_fc,1,0,1,1,1,1,0.03812614,11,6,-1,medium,medium,0.55,mixed,2,,,,,,friction_model,424293
D,D_00269,phone_pick,oracle_sfc,1,1,0,0,1,1,0.06223877,11,6,-1,medium,medium,0.55,mixed,2,,,,,,friction_model,424293
D,D_00269,phone_pick,semantic_only,1,1,0,0,1,1,0.0,11,6,-1,medium,medium,0.55,mixed,2,,,,,,friction_model,424293
D,D_00269,phone_pick,posthoc_single,0,0,0,1,1,1,0.03812614,11,6,-1,medium,medium,0.55,mixed,2,,,,,,friction_model,424293
D,D_00269,phone_pick,soft_penalty_fc,1,0,1,1,1,1,0.03812614,11,6,-1,medium,medium,0.55,mixed,2,,,,,,friction_model,424293
D,D_00270,phone_pick,geometric_fc,1,0,1,1,1,1,0.03929513,11,6,-1,medium,medium,0.55,mixed,2,,,,,,friction_model,424294
D,D_00270,phone_pick,oracle_sfc,1,1,0,0,1,1,0.05250728,11,6,-1,medium,medium,0.55,mixed,2,,,,,,friction_model,424294
D,D_00270,phone_pick,semantic_only,1,1,0,0,1,1,0.0,11,6,-1,medium,medium,0.55,mixed,2,,,,,,friction_model,424294
D,D_00270,phone_pick,posthoc_single,0,0,0,1,1,1,0.03929513,11,6,-1,medium,medium,0.55,mixed,2,,,,,,friction_model,424294
D,D_00270,phone_pick,soft_penalty_fc,1,0,1,1,1,1,0.03929513,11,6,-1,medium,medium,0.55,mixed,2,,,,,,friction_model,424294
D,D_00271,phone_pick,geometric_fc,1,0,1,1,1,1,0.0386628,11,6,-1,medium,medium,0.55,mixed,2,,,,,,friction_model,424295
D,D_00271,phone_pick,oracle_sfc,1,1,0,0,1,1,0.0564072,11,6,-1,medium,medium,0.55,mixed,2,,,,,,friction_model,424295
D,D_00271,phone_pick,semantic_only,1,1,0,0,1,1,0.0,11,6,-1,medium,medium,0.55,mixed,2,,,,,,friction_model,424295
D,D_00271,phone_pick,posthoc_single,0,0,0,1,1,1,0.0386628,11,6,-1,medium,medium,0.55,mixed,2,,,,,,friction_model,424295
D,D_00271,phone_pick,soft_penalty_fc,1,0,1,1,1,1,0.0386628,11,6,-1,medium,medium,0.55,mixed,2,,,,,,friction_model,424295
D,D_00272,phone_pick,geometric_fc,1,0,1,1,1,1,0.03735713,11,6,-1,medium,medium,0.55,mixed,2,,,,,,friction_model,424296
D,D_00272,phone_pick,oracle_sfc,1,1,0,0,1,1,0.05843661,11,6,-1,medium,medium,0.55,mixed,2,,,,,,friction_model,424296
D,D_00272,phone_pick,semantic_only,1,1,0,0,1,1,0.0,11,6,-1,medium,medium,0.55,mixed,2,,,,,,friction_model,424296
D,D_00272,phone_pick,posthoc_single,0,0,0,1,1,1,0.03735713,11,6,-1,medium,medium,0.55,mixed,2,,,,,,friction_model,424296
D,D_00272,phone_pick,soft_penalty_fc,1,0,1,1,1,1,0.03735713,11,6,-1,medium,medium,0.55,mixed,2,,,,,,friction_model,424296
D,D_00273,phone_pick,geometric_fc,1,0,1,1,1,1,0.01812512,11,6,-1,medium,medium,0.55,mixed,4,,,,,,friction_model,424297
D,D_00273,phone_pick,oracle_sfc,1,1,0,0,1,1,0.02941599,11,6,-1,medium,medium,0.55,mixed,4,,,,,,friction_model,424297
D,D_00273,phone_pick,semantic_only,1,1,0,0,1,1,0.0,11,6,-1,medium,medium,0.55,mixed,4,,,,,,friction_model,424297
D,D_00273,phone_pick,posthoc_single,0,0,0,1,1,1,0.01812512,11,6,-1,medium,medium,0.55,mixed,4,,,,,,friction_model,424297
D,D_00273,phone_pick,soft_penalty_fc,1,0,1,1,1,1,0.01812512,11,6,-1,medium,medium,0.55,mixed,4,,,,,,friction_model,424297
D,D_00274,phone_pick,geometric_fc,1,0,1,1,1,1,0.01830432,11,6,-1,medium,medium,0.55,mixed,4,,,,,,friction_model,424298
D,D_00274,phone_pick,oracle_sfc,1,1,0,0,1,1,0.03077255,11,6,-1,medium,medium,0.55,mixed,4,,,,,,friction_model,424298
D,D_00274,phone_pick,semantic_only,1,1,0,0,1,1,0.0,11,6,-1,medium,medium,0.55,mixed,4,,,,,,friction_model,424298
D,D_00274,phone_pick,posthoc_single,0,0,0,1,1,1,0.01830432,11,6,-1,medium,medium,0.55,mixed,4,,,,,,friction_model,424298
D,D_00274,phone_pick,soft_penalty_fc,1,0,1,1,1,1,0.01830432,11,6,-1,medium,medium,0.55,mixed,4,,,,,,friction_model,424298
D,D_00275,phone_pick,geometric_fc,1,0,1,1,1,1,0.01927507,11,6,-1,medium,medium,0.55,mixed,4,,,,,,friction_model,424299
D,D_00275,phone_pick,oracle_sfc,1,1,0,0,1,1,0.02289335,11,6,-1,medium,medium,0.55,mixed,4,,,,,,friction_model,424299
D,D_00275,phone_pick,semantic_only,1,1,0,0,1,1,0.0,11,6,-1,medium,medium,0.55,mixed,4,,,,,,friction_model,424299
D,D_00275,phone_pick,posthoc_single,0,0,0,1,1,1,0.01927507,11,6,-1,medium,medium,0.55,mixed,4,,,,,,friction_model,424299
D,D_00275,phone_pick,soft_penalty_fc,1,0,1,1,1,1,0.01927507,11,6,-1,medium,medium,0.55,mixed,4,,,,,,friction_model,424299
D,D_00276,phone_pick,geometric_fc,1,0,1,1,1,1,0.01844988,11,6,-1,medium,medium,0.55,mixed,4,,,,,,friction_model,424300
D,D_00276,phone_pick,oracle_sfc,1,1,0,0,1,1,0.02999821,11,6,-1,medium,medium,0.55,mixed,4,,,,,,friction_model,424300
D,D_00276,phone_pick,semantic_only,1,1,0,0,1,1,0.0,11,6,-1,medium,medium,0.55,mixed,4,,,,,,friction_model,424300
D,D_00276,phone_pick,posthoc_single,0,0,0,1,1,1,0.01844988,11,6,-1,medium,medium,0.55,mixed,4,,,,,,friction_model,424300
D,D_00276,phone_pick,soft_penalty_fc,1,0,1,1,1,1,0.01844988,11,6,-1,medium,medium,0.55,mixed,4,,,,,,friction_model,424300
D,D_00277,phone_pick,geometric_fc,1,0,1,1,1,1,0.01920589,11,6,-1,medium,medium,0.55,mixed,4,,,,,,friction_model,424301
D,D_00277,phone_pick,oracle_sfc,1,1,0,0,1,1,0.02664444,11,6,-1,medium,medium,0.55,mixed,4,,,,,,friction_model,424301
D,D_00277,phone_pick,semantic_only,1,1,0,0,1,1,0.0,11,6,-1,medium,medium,0.55,mixed,4,,,,,,friction_model,424301
D,D_00277,phone_pick,posthoc_single,0,0,0,1,1,1,0.01920589,11,6,-1,medium,medium,0.55,mixed,4,,,,,,friction_model,424301
D,D_00277,phone_pick,soft_penalty_fc,1,0,1,1,1,1,0.01920589,11,6,-1,medium,medium,0.55,mixed,4,,,,,,friction_model,424301
D,D_00278,phone_pick,geometric_fc,1,0,1,1,1,1,0.01851863,11,6,-1,medium,medium,0.55,mixed,4,,,,,,friction_model,424302
D,D_00278,phone_pick,oracle_sfc,1,1,0,0,1,1,0.03046078,11,6,-1,medium,medium,0.55,mixed,4,,,,,,friction_model,424302
D,D_00278,phone_pick,semantic_only,1,1,0,0,1,1,0.0,11,6,-1,medium,medium,0.55,mixed,4,,,,,,friction_model,424302
D,D_00278,phone_pick,posthoc_single,0,0,0,1,1,1,0.01851863,11,6,-1,medium,medium,0.55,mixed,4,,,,,,friction_model,424302
D,D_00278,phone_pick,soft_penalty_fc,1,0,1,1,1,1,0.01851863,11,6,-1,medium,medium,0.55,mixed,4,,,,,,friction_model,424302
D,D_00279,phone_pick,geometric_fc,1,0,1,1,1,1,0.01879895,11,6,-1,medium,medium,0.55,mixed,4,,,,,,friction_model,424303
D,D_00279,phone_pick,oracle_sfc,1,1,0,0,1,1,0.02341287,11,6,-1,medium,medium,0.55,mixed,4,,,,,,friction_model,424303
D,D_00279,phone_pick,semantic_only,1,1,0,0,1,1,0.0,11,6,-1,medium,medium,0.55,mixed,4,,,,,,friction_model,424303
D,D_00279,phone_pick,posthoc_single,0,0,0,1,1,1,0.01879895,11,6,-1,medium,medium,0.55,mixed,4,,,,,,friction_model,424303
D,D_00279,phone_pick,soft_penalty_fc,1,0,1,1,1,1,0.01879895,11,6,-1,medium,medium,0.55,mixed,4,,,,,,friction_model,424303
D,D_00280,phone_pick,geometric_fc,1,0,1,1,1,1,0.01854403,11,6,-1,medium,medium,0.55,mixed,4,,,,,,friction_model,424304
D,D_00280,phone_pick,oracle_sfc,1,1,0,0,1,1,0.02749594,11,6,-1,medium,medium,0.55,mixed,4,,,,,,friction_model,424304
D,D_00280,phone_pick,semantic_only,1,1,0,0,1,1,0.0,11,6,-1,medium,medium,0.55,mixed,4,,,,,,friction_model,424304
D,D_00280,phone_pick,posthoc_single,0,0,0,1,1,1,0.01854403,11,6,-1,medium,medium,0.55,mixed,4,,,,,,friction_model,424304
D,D_00280,phone_pick,soft_penalty_fc,1,0,1,1,1,1,0.01854403,11,6,-1,medium,medium,0.55,mixed,4,,,,,,friction_model,424304
D,D_00281,phone_pick,geometric_fc,1,0,1,1,1,1,0.00918524,11,6,-1,medium,medium,0.55,mixed,8,,,,,,friction_model,424305
D,D_00281,phone_pick,oracle_sfc,1,1,0,0,1,1,0.01323888,11,6,-1,medium,medium,0.55,mixed,8,,,,,,friction_model,424305
D,D_00281,phone_pick,semantic_only,1,1,0,0,1,1,0.0,11,6,-1,medium,medium,0.55,mixed,8,,,,,,friction_model,424305
D,D_00281,phone_pick,posthoc_single,0,0,0,1,1,1,0.00918524,11,6,-1,medium,medium,0.55,mixed,8,,,,,,friction_model,424305
D,D_00281,phone_pick,soft_penalty_fc,0,0,0,1,1,1,0.00918524,11,6,-1,medium,medium,0.55,mixed,8,,,,,,friction_model,424305
D,D_00282,phone_pick,geometric_fc,1,0,1,1,1,1,0.0095799,11,6,-1,medium,medium,0.55,mixed,8,,,,,,friction_model,424306
D,D_00282,phone_pick,oracle_sfc,1,1,0,0,1,1,0.01395209,11,6,-1,medium,medium,0.55,mixed,8,,,,,,friction_model,424306
D,D_00282,phone_pick,semantic_only,1,1,0,0,1,1,0.0,11,6,-1,medium,medium,0.55,mixed,8,,,,,,friction_model,424306
D,D_00282,phone_pick,posthoc_single,0,0,0,1,1,1,0.0095799,11,6,-1,medium,medium,0.55,mixed,8,,,,,,friction_model,424306
D,D_00282,phone_pick,soft_penalty_fc,0,0,0,1,1,1,0.0095799,11,6,-1,medium,medium,0.55,mixed,8,,,,,,friction_model,424306
D,D_00283,phone_pick,geometric_fc,1,0,1,1,1,1,0.00937003,11,6,-1,medium,medium,0.55,mixed,8,,,,,,friction_model,424307
D,D_00283,phone_pick,oracle_sfc,1,1,0,0,1,1,0.01277421,11,6,-1,medium,medium,0.55,mixed,8,,,,,,friction_model,424307
D,D_00283,phone_pick,semantic_only,1,1,0,0,1,1,0.0,11,6,-1,medium,medium,0.55,mixed,8,,,,,,friction_model,424307
D,D_00283,phone_pick,posthoc_single,0,0,0,1,1,1,0.00937003,11,6,-1,medium,medium,0.55,mixed,8,,,,,,friction_model,424307
D,D_00283,phone_pick,soft_penalty_fc,0,0,0,1,1,1,0.00937003,11,6,-1,medium,medium,0.55,mixed,8,,,,,,friction_model,424307
D,D_00284,phone_pick,geometric_fc,1,0,1,1,1,1,0.00956019,11,6,-1,medium,medium,0.55,mixed,8,,,,,,friction_model,424308
D,D_00284,phone_pick,oracle_sfc,1,1,0,0,1,1,0.0132265,11,6,-1,medium,medium,0.55,mixed,8,,,,,,friction_model,424308
D,D_00284,phone_pick,semantic_only,1,1,0,0,1,1,0.0,11,6,-1,medium,medium,0.55,mixed,8,,,,,,friction_model,424308
D,D_00284,phone_pick,posthoc_single,0,0,0,1,1,1,0.00956019,11,6,-1,medium,medium,0.55,mixed,8,,,,,,friction_model,424308
D,D_00284,phone_pick,soft_penalty_fc,0,0,0,1,1,1,0.00956019,11,6,-1,medium,medium,0.55,mixed,8,,,,,,friction_model,424308
D,D_00285,phone_pick,geometric_fc,1,0,1,1,1,1,0.00908544,11,6,-1,medium,medium,0.55,mixed,8,,,,,,friction_model,424309
D,D_00285,phone_pick,oracle_sfc,1,1,0,0,1,1,0.0129313,11,6,-1,medium,medium,0.55,mixed,8,,,,,,friction_model,424309
D,D_00285,phone_pick,semantic_only,1,1,0,0,1,1,0.0,11,6,-1,medium,medium,0.55,mixed,8,,,,,,friction_model,424309
D,D_00285,phone_pick,posthoc_single,0,0,0,1,1,1,0.00908544,11,6,-1,medium,medium,0.55,mixed,8,,,,,,friction_model,424309
D,D_00285,phone_pick,soft_penalty_fc,0,0,0,1,1,1,0.00908544,11,6,-1,medium,medium,0.55,mixed,8,,,,,,friction_model,424309
D,D_00286,phone_pick,geometric_fc,1,0,1,1,1,1,0.00905064,11,6,-1,medium,medium,0.55,mixed,8,,,,,,friction_model,424310
D,D_00286,phone_pick,oracle_sfc,1,1,0,0,1,1,0.01443378,11,6,-1,medium,medium,0.55,mixed,8,,,,,,friction_model,424310
D,D_00286,phone_pick,semantic_only,1,1,0,0,1,1,0.0,11,6,-1,medium,medium,0.55,mixed,8,,,,,,friction_model,424310
D,D_00286,phone_pick,posthoc_single,0,0,0,1,1,1,0.00905064,11,6,-1,medium,medium,0.55,mixed,8,,,,,,friction_model,424310
D,D_00286,phone_pick,soft_penalty_fc,0,0,0,1,1,1,0.00905064,11,6,-1,medium,medium,0.55,mixed,8,,,,,,friction_model,424310
D,D_00287,phone_pick,geometric_fc,1,0,1,1,1,1,0.00946214,11,6,-1,medium,medium,0.55,mixed,8,,,,,,friction_model,424311
D,D_00287,phone_pick,oracle_sfc,1,1,0,0,1,1,0.01329344,11,6,-1,medium,medium,0.55,mixed,8,,,,,,friction_model,424311
D,D_00287,phone_pick,semantic_only,1,1,0,0,1,1,0.0,11,6,-1,medium,medium,0.55,mixed,8,,,,,,friction_model,424311
D,D_00287,phone_pick,posthoc_single,0,0,0,1,1,1,0.00946214,11,6,-1,medium,medium,0.55,mixed,8,,,,,,friction_model,424311
D,D_00287,phone_pick,soft_penalty_fc,0,0,0,1,1,1,0.00946214,11,6,-1,medium,medium,0.55,mixed,8,,,,,,friction_model,424311
D,D_00288,phone_pick,geometric_fc,1,0,1,1,1,1,0.00938437,11,6,-1,medium,medium,0.55,mixed,8,,,,,,friction_model,424312
D,D_00288,phone_pick,oracle_sfc,1,1,0,0,1,1,0.0151058,11,6,-1,medium,medium,0.55,mixed,8,,,,,,friction_model,424312
D,D_00288,phone_pick,semantic_only,1,1,0,0,1,1,0.0,11,6,-1,medium,medium,0.55,mixed,8,,,,,,friction_model,424312
D,D_00288,phone_pick,posthoc_single,0,0,0,1,1,1,0.00938437,11,6,-1,medium,medium,0.55,mixed,8,,,,,,friction_model,424312
D,D_00288,phone_pick,soft_penalty_fc,0,0,0,1,1,1,0.00938437,11,6,-1,medium,medium,0.55,mixed,8,,,,,,friction_model,424312
D,D_00289,spray_bottle_use,geometric_fc,1,0,1,0,1,0,0.03194125,12,7,-1,medium,medium,0.55,low,2,,,,,,friction_model,424313
D,D_00289,spray_bottle_use,oracle_sfc,0,0,0,0,1,0,0.0,12,7,-1,medium,medium,0.55,low,2,,,,,,friction_model,424313
D,D_00289,spray_bottle_use,semantic_only,1,0,1,0,1,0,0.0,12,7,-1,medium,medium,0.55,low,2,,,,,,friction_model,424313
D,D_00289,spray_bottle_use,posthoc_single,0,0,0,0,1,0,0.03194125,12,7,-1,medium,medium,0.55,low,2,,,,,,friction_model,424313
D,D_00289,spray_bottle_use,soft_penalty_fc,1,0,1,0,1,0,0.03194125,12,7,-1,medium,medium,0.55,low,2,,,,,,friction_model,424313
D,D_00290,spray_bottle_use,geometric_fc,1,0,1,1,1,1,0.0341141,12,7,-1,medium,medium,0.55,low,2,,,,,,friction_model,424314
D,D_00290,spray_bottle_use,oracle_sfc,1,1,0,0,1,1,0.01998296,12,7,-1,medium,medium,0.55,low,2,,,,,,friction_model,424314
D,D_00290,spray_bottle_use,semantic_only,1,1,0,0,1,1,0.0,12,7,-1,medium,medium,0.55,low,2,,,,,,friction_model,424314
D,D_00290,spray_bottle_use,posthoc_single,0,0,0,1,1,1,0.0341141,12,7,-1,medium,medium,0.55,low,2,,,,,,friction_model,424314
D,D_00290,spray_bottle_use,soft_penalty_fc,1,0,1,1,1,1,0.0341141,12,7,-1,medium,medium,0.55,low,2,,,,,,friction_model,424314
D,D_00291,spray_bottle_use,geometric_fc,1,0,1,1,1,1,0.03104068,12,7,-1,medium,medium,0.55,low,2,,,,,,friction_model,424315
D,D_00291,spray_bottle_use,oracle_sfc,1,1,0,0,1,1,0.01396032,12,7,-1,medium,medium,0.55,low,2,,,,,,friction_model,424315
D,D_00291,spray_bottle_use,semantic_only,1,1,0,0,1,1,0.0,12,7,-1,medium,medium,0.55,low,2,,,,,,friction_model,424315
D,D_00291,spray_bottle_use,posthoc_single,0,0,0,1,1,1,0.03104068,12,7,-1,medium,medium,0.55,low,2,,,,,,friction_model,424315
D,D_00291,spray_bottle_use,soft_penalty_fc,1,0,1,1,1,1,0.03104068,12,7,-1,medium,medium,0.55,low,2,,,,,,friction_model,424315
D,D_00292,spray_bottle_use,geometric_fc,1,0,1,1,1,1,0.03211259,12,7,-1,medium,medium,0.55,low,2,,,,,,friction_model,424316
D,D_00292,spray_bottle_use,oracle_sfc,1,1,0,0,1,1,0.00546088,12,7,-1,medium,medium,0.55,low,2,,,,,,friction_model,424316
D,D_00292,spray_bottle_use,semantic_only,1,1,0,0,1,1,0.0,12,7,-1,medium,medium,0.55,low,2,,,,,,friction_model,424316
D,D_00292,spray_bottle_use,posthoc_single,0,0,0,1,1,1,0.03211259,12,7,-1,medium,medium,0.55,low,2,,,,,,friction_model,424316
D,D_00292,spray_bottle_use,soft_penalty_fc,1,0,1,1,1,1,0.03211259,12,7,-1,medium,medium,0.55,low,2,,,,,,friction_model,424316
D,D_00293,spray_bottle_use,geometric_fc,1,0,1,1,1,1,0.03289846,12,7,-1,medium,medium,0.55,low,2,,,,,,friction_model,424317
D,D_00293,spray_bottle_use,oracle_sfc,1,1,0,0,1,1,0.00056017,12,7,-1,medium,medium,0.55,low,2,,,,,,friction_model,424317
D,D_00293,spray_bottle_use,semantic_only,1,1,0,0,1,1,0.0,12,7,-1,medium,medium,0.55,low,2,,,,,,friction_model,424317
D,D_00293,spray_bottle_use,posthoc_single,0,0,0,1,1,1,0.03289846,12,7,-1,medium,medium,0.55,low,2,,,,,,friction_model,424317
D,D_00293,spray_bottle_use,soft_penalty_fc,1,0,1,1,1,1,0.03289846,12,7,-1,medium,medium,0.55,low,2,,,,,,friction_model,424317
D,D_00294,spray_bottle_use,geometric_fc,1,0,1,1,1,1,0.03184133,12,7,-1,medium,medium,0.55,low,2,,,,,,friction_model,424318
D,D_00294,spray_bottle_use,oracle_sfc,1,1,0,0,1,1,0.00872913,12,7,-1,medium,medium,0.55,low,2,,,,,,friction_model,424318
D,D_00294,spray_bottle_use,semantic_only,1,1,0,0,1,1,0.0,12,7,-1,medium,medium,0.55,low,2,,,,,,friction_model,424318
D,D_00294,spray_bottle_use,posthoc_single,0,0,0,1,1,1,0.03184133,12,7,-1,medium,medium,0.55,low,2,,,,,,friction_model,424318
D,D_00294,spray_bottle_use,soft_penalty_fc,1,0,1,1,1,1,0.03184133,12,7,-1,medium,medium,0.55,low,2,,,,,,friction_model,424318
D,D_00295,spray_bottle_use,geometric_fc,1,0,1,1,1,1,0.03284145,12,7,-1,medium,medium,0.55,low,2,,,,,,friction_model,424319
D,D_00295,spray_bottle_use,oracle_sfc,1,1,0,0,1,1,0.00737389,12,7,-1,medium,medium,0.55,low,2,,,,,,friction_model,424319
D,D_00295,spray_bottle_use,semantic_only,1,1,0,0,1,1,0.0,12,7,-1,medium,medium,0.55,low,2,,,,,,friction_model,424319
D,D_00295,spray_bottle_use,posthoc_single,0,0,0,1,1,1,0.03284145,12,7,-1,medium,medium,0.55,low,2,,,,,,friction_model,424319
D,D_00295,spray_bottle_use,soft_penalty_fc,1,0,1,1,1,1,0.03284145,12,7,-1,medium,medium,0.55,low,2,,,,,,friction_model,424319
D,D_00296,spray_bottle_use,geometric_fc,1,0,1,0,1,0,0.03270367,12,7,-1,medium,medium,0.55,low,2,,,,,,friction_model,424320
D,D_00296,spray_bottle_use,oracle_sfc,0,0,0,0,1,0,0.0,12,7,-1,medium,medium,0.55,low,2,,,,,,friction_model,424320
D,D_00296,spray_bottle_use,semantic_only,1,0,1,0,1,0,0.0,12,7,-1,medium,medium,0.55,low,2,,,,,,friction_model,424320
D,D_00296,spray_bottle_use,posthoc_single,0,0,0,0,1,0,0.03270367,12,7,-1,medium,medium,0.55,low,2,,,,,,friction_model,424320
D,D_00296,spray_bottle_use,soft_penalty_fc,1,0,1,0,1,0,0.03270367,12,7,-1,medium,medium,0.55,low,2,,,,,,friction_model,424320
D,D_00297,spray_bottle_use,geometric_fc,1,0,1,0,1,0,0.01814646,12,7,-1,medium,medium,0.55,low,4,,,,,,friction_model,424321
D,D_00297,spray_bottle_use,oracle_sfc,0,0,0,0,1,0,0.0,12,7,-1,medium,medium,0.55,low,4,,,,,,friction_model,424321
D,D_00297,spray_bottle_use,semantic_only,1,0,1,0,1,0,0.0,12,7,-1,medium,medium,0.55,low,4,,,,,,friction_model,424321
D,D_00297,spray_bottle_use,posthoc_single,0,0,0,0,1,0,0.01814646,12,7,-1,medium,medium,0.55,low,4,,,,,,friction_model,424321
D,D_00297,spray_bottle_use,soft_penalty_fc,1,0,1,0,1,0,0.01814646,12,7,-1,medium,medium,0.55,low,4,,,,,,friction_model,424321
D,D_00298,spray_bottle_use,geometric_fc,1,0,1,0,1,0,0.01600875,12,7,-1,medium,medium,0.55,low,4,,,,,,friction_model,424322
D,D_00298,spray_bottle_use,oracle_sfc,0,0,0,0,1,0,0.0,12,7,-1,medium,medium,0.55,low,4,,,,,,friction_model,424322
D,D_00298,spray_bottle_use,semantic_only,1,0,1,0,1,0,0.0,12,7,-1,medium,medium,0.55,low,4,,,,,,friction_model,424322
D,D_00298,spray_bottle_use,posthoc_single,0,0,0,0,1,0,0.01600875,12,7,-1,medium,medium,0.55,low,4,,,,,,friction_model,424322
D,D_00298,spray_bottle_use,soft_penalty_fc,1,0,1,0,1,0,0.01600875,12,7,-1,medium,medium,0.55,low,4,,,,,,friction_model,424322
D,D_00299,spray_bottle_use,geometric_fc,1,0,1,1,1,1,0.01687626,12,7,-1,medium,medium,0.55,low,4,,,,,,friction_model,424323
D,D_00299,spray_bottle_use,oracle_sfc,1,1,0,0,1,1,0.0031412,12,7,-1,medium,medium,0.55,low,4,,,,,,friction_model,424323
D,D_00299,spray_bottle_use,semantic_only,1,1,0,0,1,1,0.0,12,7,-1,medium,medium,0.55,low,4,,,,,,friction_model,424323
D,D_00299,spray_bottle_use,posthoc_single,0,0,0,1,1,1,0.01687626,12,7,-1,medium,medium,0.55,low,4,,,,,,friction_model,424323
D,D_00299,spray_bottle_use,soft_penalty_fc,1,0,1,1,1,1,0.01687626,12,7,-1,medium,medium,0.55,low,4,,,,,,friction_model,424323
D,D_00300,spray_bottle_use,geometric_fc,1,0,1,0,1,0,0.01632648,12,7,-1,medium,medium,0.55,low,4,,,,,,friction_model,424324
D,D_00300,spray_bottle_use,oracle_sfc,0,0,0,0,1,0,0.0,12,7,-1,medium,medium,0.55,low,4,,,,,,friction_model,424324
D,D_00300,spray_bottle_use,semantic_only,1,0,1,0,1,0,0.0,12,7,-1,medium,medium,0.55,low,4,,,,,,friction_model,424324
D,D_00300,spray_bottle_use,posthoc_single,0,0,0,0,1,0,0.01632648,12,7,-1,medium,medium,0.55,low,4,,,,,,friction_model,424324
D,D_00300,spray_bottle_use,soft_penalty_fc,1,0,1,0,1,0,0.01632648,12,7,-1,medium,medium,0.55,low,4,,,,,,friction_model,424324
D,D_00301,spray_bottle_use,geometric_fc,1,0,1,1,1,1,0.01592975,12,7,-1,medium,medium,0.55,low,4,,,,,,friction_model,424325
D,D_00301,spray_bottle_use,oracle_sfc,1,1,0,0,1,1,0.00731724,12,7,-1,medium,medium,0.55,low,4,,,,,,friction_model,424325
D,D_00301,spray_bottle_use,semantic_only,1,1,0,0,1,1,0.0,12,7,-1,medium,medium,0.55,low,4,,,,,,friction_model,424325
D,D_00301,spray_bottle_use,posthoc_single,0,0,0,1,1,1,0.01592975,12,7,-1,medium,medium,0.55,low,4,,,,,,friction_model,424325
D,D_00301,spray_bottle_use,soft_penalty_fc,1,0,1,1,1,1,0.01592975,12,7,-1,medium,medium,0.55,low,4,,,,,,friction_model,424325
D,D_00302,spray_bottle_use,geometric_fc,1,0,1,1,1,1,0.01652388,12,7,-1,medium,medium,0.55,low,4,,,,,,friction_model,424326
D,D_00302,spray_bottle_use,oracle_sfc,1,1,0,0,1,1,0.00589471,12,7,-1,medium,medium,0.55,low,4,,,,,,friction_model,424326
D,D_00302,spray_bottle_use,semantic_only,1,1,0,0,1,1,0.0,12,7,-1,medium,medium,0.55,low,4,,,,,,friction_model,424326
D,D_00302,spray_bottle_use,posthoc_single,0,0,0,1,1,1,0.01652388,12,7,-1,medium,medium,0.55,low,4,,,,,,friction_model,424326
D,D_00302,spray_bottle_use,soft_penalty_fc,1,0,1,1,1,1,0.01652388,12,7,-1,medium,medium,0.55,low,4,,,,,,friction_model,424326
D,D_00303,spray_bottle_use,geometric_fc,1,0,1,0,1,0,0.01791071,12,7,-1,medium,medium,0.55,low,4,,,,,,friction_model,424327
D,D_00303,spray_bottle_use,oracle_sfc,0,0,0,0,1,0,0.0,12,7,-1,medium,medium,0.55,low,4,,,,,,friction_model,424327
D,D_00303,spray_bottle_use,semantic_only,1,0,1,0,1,0,0.0,12,7,-1,medium,medium,0.55,low,4,,,,,,friction_model,424327
D,D_00303,spray_bottle_use,posthoc_single,0,0,0,0,1,0,0.01791071,12,7,-1,medium,medium,0.55,low,4,,,,,,friction_model,424327
D,D_00303,spray_bottle_use,soft_penalty_fc,1,0,1,0,1,0,0.01791071,12,7,-1,medium,medium,0.55,low,4,,,,,,friction_model,424327
D,D_00304,spray_bottle_use,geometric_fc,1,0,1,1,1,1,0.01676073,12,7,-1,medium,medium,0.55,low,4,,,,,,friction_model,424328
D,D_00304,spray_bottle_use,oracle_sfc,1,1,0,0,1,1,0.00282797,12,7,-1,medium,medium,0.55,low,4,,,,,,friction_model,424328
D,D_00304,spray_bottle_use,semantic_only,1,1,0,0,1,1,0.0,12,7,-1,medium,medium,0.55,low,4,,,,,,friction_model,424328
D,D_00304,spray_bottle_use,posthoc_single,0,0,0,1,1,1,0.01676073,12,7,-1,medium,medium,0.55,low,4,,,,,,friction_model,424328
D,D_00304,spray_bottle_use,soft_penalty_fc,1,0,1,1,1,1,0.01676073,12,7,-1,medium,medium,0.55,low,4,,,,,,friction_model,424328
D,D_00305,spray_bottle_use,geometric_fc,1,0,1,1,1,1,0.00831825,12,7,-1,medium,medium,0.55,low,8,,,,,,friction_model,424329
D,D_00305,spray_bottle_use,oracle_sfc,1,1,0,0,1,1,0.00312348,12,7,-1,medium,medium,0.55,low,8,,,,,,friction_model,424329
D,D_00305,spray_bottle_use,semantic_only,1,1,0,0,1,1,0.0,12,7,-1,medium,medium,0.55,low,8,,,,,,friction_model,424329
D,D_00305,spray_bottle_use,posthoc_single,0,0,0,1,1,1,0.00831825,12,7,-1,medium,medium,0.55,low,8,,,,,,friction_model,424329
D,D_00305,spray_bottle_use,soft_penalty_fc,0,0,0,1,1,1,0.00831825,12,7,-1,medium,medium,0.55,low,8,,,,,,friction_model,424329
D,D_00306,spray_bottle_use,geometric_fc,1,0,1,1,1,1,0.00831019,12,7,-1,medium,medium,0.55,low,8,,,,,,friction_model,424330
D,D_00306,spray_bottle_use,oracle_sfc,1,1,0,0,1,1,0.00240245,12,7,-1,medium,medium,0.55,low,8,,,,,,friction_model,424330
D,D_00306,spray_bottle_use,semantic_only,1,1,0,0,1,1,0.0,12,7,-1,medium,medium,0.55,low,8,,,,,,friction_model,424330
D,D_00306,spray_bottle_use,posthoc_single,0,0,0,1,1,1,0.00831019,12,7,-1,medium,medium,0.55,low,8,,,,,,friction_model,424330
D,D_00306,spray_bottle_use,soft_penalty_fc,0,0,0,1,1,1,0.00831019,12,7,-1,medium,medium,0.55,low,8,,,,,,friction_model,424330
D,D_00307,spray_bottle_use,geometric_fc,1,0,1,1,1,1,0.00783809,12,7,-1,medium,medium,0.55,low,8,,,,,,friction_model,424331
D,D_00307,spray_bottle_use,oracle_sfc,1,1,0,0,1,1,5.218e-05,12,7,-1,medium,medium,0.55,low,8,,,,,,friction_model,424331
D,D_00307,spray_bottle_use,semantic_only,1,1,0,0,1,1,0.0,12,7,-1,medium,medium,0.55,low,8,,,,,,friction_model,424331
D,D_00307,spray_bottle_use,posthoc_single,0,0,0,1,1,1,0.00783809,12,7,-1,medium,medium,0.55,low,8,,,,,,friction_model,424331
D,D_00307,spray_bottle_use,soft_penalty_fc,0,0,0,1,1,1,0.00783809,12,7,-1,medium,medium,0.55,low,8,,,,,,friction_model,424331
D,D_00308,spray_bottle_use,geometric_fc,1,0,1,1,1,1,0.00804245,12,7,-1,medium,medium,0.55,low,8,,,,,,friction_model,424332
D,D_00308,spray_bottle_use,oracle_sfc,1,1,0,0,1,1,0.0047823,12,7,-1,medium,medium,0.55,low,8,,,,,,friction_model,424332
D,D_00308,spray_bottle_use,semantic_only,1,1,0,0,1,1,0.0,12,7,-1,medium,medium,0.55,low,8,,,,,,friction_model,424332
D,D_00308,spray_bottle_use,posthoc_single,0,0,0,1,1,1,0.00804245,12,7,-1,medium,medium,0.55,low,8,,,,,,friction_model,424332
D,D_00308,spray_bottle_use,soft_penalty_fc,0,0,0,1,1,1,0.00804245,12,7,-1,medium,medium,0.55,low,8,,,,,,friction_model,424332
D,D_00309,spray_bottle_use,geometric_fc,1,0,1,1,1,1,0.00786448,12,7,-1,medium,medium,0.55,low,8,,,,,,friction_model,424333
D,D_00309,spray_bottle_use,oracle_sfc,1,1,0,0,1,1,0.00475474,12,7,-1,medium,medium,0.55,low,8,,,,,,friction_model,424333
D,D_00309,spray_bottle_use,semantic_only,1,1,0,0,1,1,0.0,12,7,-1,medium,medium,0.55,low,8,,,,,,friction_model,424333
D,D_00309,spray_bottle_use,posthoc_single,0,0,0,1,1,1,0.00786448,12,7,-1,medium,medium,0.55,low,8,,,,,,friction_model,424333
D,D_00309,spray_bottle_use,soft_penalty_fc,0,0,0,1,1,1,0.00786448,12,7,-1,medium,medium,0.55,low,8,,,,,,friction_model,424333
D,D_00310,spray_bottle_use,geometric_fc,1,0,1,1,1,1,0.00788185,12,7,-1,medium,medium,0.55,low,8,,,,,,friction_model,424334
D,D_00310,spray_bottle_use,oracle_sfc,1,1,0,0,1,1,0.00324699,12,7,-1,medium,medium,0.55,low,8,,,,,,friction_model,424334
D,D_00310,spray_bottle_use,semantic_only,1,1,0,0,1,1,0.0,12,7,-1,medium,medium,0.55,low,8,,,,,,friction_model,424334
D,D_00310,spray_bottle_use,posthoc_single,0,0,0,1,1,1,0.00788185,12,7,-1,medium,medium,0.55,low,8,,,,,,friction_model,424334
D,D_00310,spray_bottle_use,soft_penalty_fc,0,0,0,1,1,1,0.00788185,12,7,-1,medium,medium,0.55,low,8,,,,,,friction_model,424334
D,D_00311,spray_bottle_use,geometric_fc,1,0,1,1,1,1,0.00819378,12,7,-1,medium,medium,0.55,low,8,,,,,,friction_model,424335
D,D_00311,spray_bottle_use,oracle_sfc,1,1,0,0,1,1,0.00551276,12,7,-1,medium,medium,0.55,low,8,,,,,,friction_model,424335
D,D_00311,spray_bottle_use,semantic_only,1,1,0,0,1,1,0.0,12,7,-1,medium,medium,0.55,low,8,,,,,,friction_model,424335
D,D_00311,spray_bottle_use,posthoc_single,0,0,0,1,1,1,0.00819378,12,7,-1,medium,medium,0.55,low,8,,,,,,friction_model,424335
D,D_00311,spray_bottle_use,soft_penalty_fc,0,0,0,1,1,1,0.00819378,12,7,-1,medium,medium,0.55,low,8,,,,,,friction_model,424335
D,D_00312,spray_bottle_use,geometric_fc,1,0,1,1,1,1,0.00808838,12,7,-1,medium,medium,0.55,low,8,,,,,,friction_model,424336
D,D_00312,spray_bottle_use,oracle_sfc,1,1,0,0,1,1,0.00304829,12,7,-1,medium,medium,0.55,low,8,,,,,,friction_model,424336
D,D_00312,spray_bottle_use,semantic_only,1,1,0,0,1,1,0.0,12,7,-1,medium,medium,0.55,low,8,,,,,,friction_model,424336
D,D_00312,spray_bottle_use,posthoc_single,0,0,0,1,1,1,0.00808838,12,7,-1,medium,medium,0.55,low,8,,,,,,friction_model,424336
D,D_00312,spray_bottle_use,soft_penalty_fc,0,0,0,1,1,1,0.00808838,12,7,-1,medium,medium,0.55,low,8,,,,,,friction_model,424336
D,D_00313,spray_bottle_use,geometric_fc,1,0,1,1,1,1,0.03501159,12,7,-1,medium,medium,0.55,medium,2,,,,,,friction_model,424337
D,D_00313,spray_bottle_use,oracle_sfc,1,1,0,0,1,1,0.02724095,12,7,-1,medium,medium,0.55,medium,2,,,,,,friction_model,424337
D,D_00313,spray_bottle_use,semantic_only,1,1,0,0,1,1,0.0,12,7,-1,medium,medium,0.55,medium,2,,,,,,friction_model,424337
D,D_00313,spray_bottle_use,posthoc_single,0,0,0,1,1,1,0.03501159,12,7,-1,medium,medium,0.55,medium,2,,,,,,friction_model,424337
D,D_00313,spray_bottle_use,soft_penalty_fc,1,0,1,1,1,1,0.03501159,12,7,-1,medium,medium,0.55,medium,2,,,,,,friction_model,424337
D,D_00314,spray_bottle_use,geometric_fc,1,0,1,1,1,1,0.03475874,12,7,-1,medium,medium,0.55,medium,2,,,,,,friction_model,424338
D,D_00314,spray_bottle_use,oracle_sfc,1,1,0,0,1,1,0.01451204,12,7,-1,medium,medium,0.55,medium,2,,,,,,friction_model,424338
D,D_00314,spray_bottle_use,semantic_only,1,1,0,0,1,1,0.0,12,7,-1,medium,medium,0.55,medium,2,,,,,,friction_model,424338
D,D_00314,spray_bottle_use,posthoc_single,0,0,0,1,1,1,0.03475874,12,7,-1,medium,medium,0.55,medium,2,,,,,,friction_model,424338
D,D_00314,spray_bottle_use,soft_penalty_fc,1,0,1,1,1,1,0.03475874,12,7,-1,medium,medium,0.55,medium,2,,,,,,friction_model,424338
D,D_00315,spray_bottle_use,geometric_fc,1,0,1,1,1,1,0.03200198,12,7,-1,medium,medium,0.55,medium,2,,,,,,friction_model,424339
D,D_00315,spray_bottle_use,oracle_sfc,1,1,0,0,1,1,0.01875212,12,7,-1,medium,medium,0.55,medium,2,,,,,,friction_model,424339
D,D_00315,spray_bottle_use,semantic_only,1,1,0,0,1,1,0.0,12,7,-1,medium,medium,0.55,medium,2,,,,,,friction_model,424339
D,D_00315,spray_bottle_use,posthoc_single,0,0,0,1,1,1,0.03200198,12,7,-1,medium,medium,0.55,medium,2,,,,,,friction_model,424339
D,D_00315,spray_bottle_use,soft_penalty_fc,1,0,1,1,1,1,0.03200198,12,7,-1,medium,medium,0.55,medium,2,,,,,,friction_model,424339
D,D_00316,spray_bottle_use,geometric_fc,1,0,1,1,1,1,0.03380633,12,7,-1,medium,medium,0.55,medium,2,,,,,,friction_model,424340
D,D_00316,spray_bottle_use,oracle_sfc,1,1,0,0,1,1,0.02268827,12,7,-1,medium,medium,0.55,medium,2,,,,,,friction_model,424340
D,D_00316,spray_bottle_use,semantic_only,1,1,0,0,1,1,0.0,12,7,-1,medium,medium,0.55,medium,2,,,,,,friction_model,424340
D,D_00316,spray_bottle_use,posthoc_single,0,0,0,1,1,1,0.03380633,12,7,-1,medium,medium,0.55,medium,2,,,,,,friction_model,424340
D,D_00316,spray_bottle_use,soft_penalty_fc,1,0,1,1,1,1,0.03380633,12,7,-1,medium,medium,0.55,medium,2,,,,,,friction_model,424340
D,D_00317,spray_bottle_use,geometric_fc,1,0,1,1,1,1,0.03414569,12,7,-1,medium,medium,0.55,medium,2,,,,,,friction_model,424341
D,D_00317,spray_bottle_use,oracle_sfc,1,1,0,0,1,1,0.01110035,12,7,-1,medium,medium,0.55,medium,2,,,,,,friction_model,424341
D,D_00317,spray_bottle_use,semantic_only,1,1,0,0,1,1,0.0,12,7,-1,medium,medium,0.55,medium,2,,,,,,friction_model,424341
D,D_00317,spray_bottle_use,posthoc_single,0,0,0,1,1,1,0.03414569,12,7,-1,medium,medium,0.55,medium,2,,,,,,friction_model,424341
D,D_00317,spray_bottle_use,soft_penalty_fc,1,0,1,1,1,1,0.03414569,12,7,-1,medium,medium,0.55,medium,2,,,,,,friction_model,424341
D,D_00318,spray_bottle_use,geometric_fc,1,0,1,1,1,1,0.0331734,12,7,-1,medium,medium,0.55,medium,2,,,,,,friction_model,424342
D,D_00318,spray_bottle_use,oracle_sfc,1,1,0,0,1,1,0.02644498,12,7,-1,medium,medium,0.55,medium,2,,,,,,friction_model,424342
D,D_00318,spray_bottle_use,semantic_only,1,1,0,0,1,1,0.0,12,7,-1,medium,medium,0.55,medium,2,,,,,,friction_model,424342
D,D_00318,spray_bottle_use,posthoc_single,0,0,0,1,1,1,0.0331734,12,7,-1,medium,medium,0.55,medium,2,,,,,,friction_model,424342
D,D_00318,spray_bottle_use,soft_penalty_fc,1,0,1,1,1,1,0.0331734,12,7,-1,medium,medium,0.55,medium,2,,,,,,friction_model,424342
D,D_00319,spray_bottle_use,geometric_fc,1,0,1,1,1,1,0.03238323,12,7,-1,medium,medium,0.55,medium,2,,,,,,friction_model,424343
D,D_00319,spray_bottle_use,oracle_sfc,1,1,0,0,1,1,0.02682677,12,7,-1,medium,medium,0.55,medium,2,,,,,,friction_model,424343
D,D_00319,spray_bottle_use,semantic_only,1,1,0,0,1,1,0.0,12,7,-1,medium,medium,0.55,medium,2,,,,,,friction_model,424343
D,D_00319,spray_bottle_use,posthoc_single,0,0,0,1,1,1,0.03238323,12,7,-1,medium,medium,0.55,medium,2,,,,,,friction_model,424343
D,D_00319,spray_bottle_use,soft_penalty_fc,1,0,1,1,1,1,0.03238323,12,7,-1,medium,medium,0.55,medium,2,,,,,,friction_model,424343
D,D_00320,spray_bottle_use,geometric_fc,1,0,1,1,1,1,0.03599609,12,7,-1,medium,medium,0.55,medium,2,,,,,,friction_model,424344
D,D_00320,spray_bottle_use,oracle_sfc,1,1,0,0,1,1,0.0119005,12,7,-1,medium,medium,0.55,medium,2,,,,,,friction_model,424344
D,D_00320,spray_bottle_use,semantic_only,1,1,0,0,1,1,0.0,12,7,-1,medium,medium,0.55,medium,2,,,,,,friction_model,424344
D,D_00320,spray_bottle_use,posthoc_single,0,0,0,1,1,1,0.03599609,12,7,-1,medium,medium,0.55,medium,2,,,,,,friction_model,424344
D,D_00320,spray_bottle_use,soft_penalty_fc,1,0,1,1,1,1,0.03599609,12,7,-1,medium,medium,0.55,medium,2,,,,,,friction_model,424344
D,D_00321,spray_bottle_use,geometric_fc,1,0,1,1,1,1,0.01704061,12,7,-1,medium,medium,0.55,medium,4,,,,,,friction_model,424345
D,D_00321,spray_bottle_use,oracle_sfc,1,1,0,0,1,1,0.00348991,12,7,-1,medium,medium,0.55,medium,4,,,,,,friction_model,424345
D,D_00321,spray_bottle_use,semantic_only,1,1,0,0,1,1,0.0,12,7,-1,medium,medium,0.55,medium,4,,,,,,friction_model,424345
D,D_00321,spray_bottle_use,posthoc_single,0,0,0,1,1,1,0.01704061,12,7,-1,medium,medium,0.55,medium,4,,,,,,friction_model,424345
D,D_00321,spray_bottle_use,soft_penalty_fc,1,0,1,1,1,1,0.01704061,12,7,-1,medium,medium,0.55,medium,4,,,,,,friction_model,424345
D,D_00322,spray_bottle_use,geometric_fc,1,0,1,1,1,1,0.0167613,12,7,-1,medium,medium,0.55,medium,4,,,,,,friction_model,424346
D,D_00322,spray_bottle_use,oracle_sfc,1,1,0,0,1,1,0.00745815,12,7,-1,medium,medium,0.55,medium,4,,,,,,friction_model,424346
D,D_00322,spray_bottle_use,semantic_only,1,1,0,0,1,1,0.0,12,7,-1,medium,medium,0.55,medium,4,,,,,,friction_model,424346
D,D_00322,spray_bottle_use,posthoc_single,0,0,0,1,1,1,0.0167613,12,7,-1,medium,medium,0.55,medium,4,,,,,,friction_model,424346
D,D_00322,spray_bottle_use,soft_penalty_fc,1,0,1,1,1,1,0.0167613,12,7,-1,medium,medium,0.55,medium,4,,,,,,friction_model,424346
D,D_00323,spray_bottle_use,geometric_fc,1,0,1,1,1,1,0.01597412,12,7,-1,medium,medium,0.55,medium,4,,,,,,friction_model,424347
D,D_00323,spray_bottle_use,oracle_sfc,1,1,0,0,1,1,0.0072177,12,7,-1,medium,medium,0.55,medium,4,,,,,,friction_model,424347
D,D_00323,spray_bottle_use,semantic_only,1,1,0,0,1,1,0.0,12,7,-1,medium,medium,0.55,medium,4,,,,,,friction_model,424347
D,D_00323,spray_bottle_use,posthoc_single,0,0,0,1,1,1,0.01597412,12,7,-1,medium,medium,0.55,medium,4,,,,,,friction_model,424347
D,D_00323,spray_bottle_use,soft_penalty_fc,1,0,1,1,1,1,0.01597412,12,7,-1,medium,medium,0.55,medium,4,,,,,,friction_model,424347
D,D_00324,spray_bottle_use,geometric_fc,1,0,1,1,1,1,0.01638518,12,7,-1,medium,medium,0.55,medium,4,,,,,,friction_model,424348
D,D_00324,spray_bottle_use,oracle_sfc,1,1,0,0,1,1,0.0136595,12,7,-1,medium,medium,0.55,medium,4,,,,,,friction_model,424348
D,D_00324,spray_bottle_use,semantic_only,1,1,0,0,1,1,0.0,12,7,-1,medium,medium,0.55,medium,4,,,,,,friction_model,424348
D,D_00324,spray_bottle_use,posthoc_single,0,0,0,1,1,1,0.01638518,12,7,-1,medium,medium,0.55,medium,4,,,,,,friction_model,424348
D,D_00324,spray_bottle_use,soft_penalty_fc,1,0,1,1,1,1,0.01638518,12,7,-1,medium,medium,0.55,medium,4,,,,,,friction_model,424348
D,D_00325,spray_bottle_use,geometric_fc,1,0,1,1,1,1,0.01624939,12,7,-1,medium,medium,0.55,medium,4,,,,,,friction_model,424349
D,D_00325,spray_bottle_use,oracle_sfc,1,1,0,0,1,1,0.00844995,12,7,-1,medium,medium,0.55,medium,4,,,,,,friction_model,424349
D,D_00325,spray_bottle_use,semantic_only,1,1,0,0,1,1,0.0,12,7,-1,medium,medium,0.55,medium,4,,,,,,friction_model,424349
D,D_00325,spray_bottle_use,posthoc_single,0,0,0,1,1,1,0.01624939,12,7,-1,medium,medium,0.55,medium,4,,,,,,friction_model,424349
D,D_00325,spray_bottle_use,soft_penalty_fc,1,0,1,1,1,1,0.01624939,12,7,-1,medium,medium,0.55,medium,4,,,,,,friction_model,424349
D,D_00326,spray_bottle_use,geometric_fc,1,0,1,1,1,1,0.01662535,12,7,-1,medium,medium,0.55,medium,4,,,,,,friction_model,424350
D,D_00326,spray_bottle_use,oracle_sfc,1,1,0,0,1,1,0.0138382,12,7,-1,medium,medium,0.55,medium,4,,,,,,friction_model,424350
D,D_00326,spray_bottle_use,semantic_only,1,1,0,0,1,1,0.0,12,7,-1,medium,medium,0.55,medium,4,,,,,,friction_model,424350
D,D_00326,spray_bottle_use,posthoc_single,0,0,0,1,1,1,0.01662535,12,7,-1,medium,medium,0.55,medium,4,,,,,,friction_model,424350
D,D_00326,spray_bottle_use,soft_penalty_fc,1,0,1,1,1,1,0.01662535,12,7,-1,medium,medium,0.55,medium,4,,,,,,friction_model,424350
D,D_00327,spray_bottle_use,geometric_fc,1,0,1,1,1,1,0.01663907,12,7,-1,medium,medium,0.55,medium,4,,,,,,friction_model,424351
D,D_00327,spray_bottle_use,oracle_sfc,1,1,0,0,1,1,0.01148715,12,7,-1,medium,medium,0.55,medium,4,,,,,,friction_model,424351
D,D_00327,spray_bottle_use,semantic_only,1,1,0,0,1,1,0.0,12,7,-1,medium,medium,0.55,medium,4,,,,,,friction_model,424351
D,D_00327,spray_bottle_use,posthoc_single,0,0,0,1,1,1,0.01663907,12,7,-1,medium,medium,0.55,medium,4,,,,,,friction_model,424351
D,D_00327,spray_bottle_use,soft_penalty_fc,1,0,1,1,1,1,0.01663907,12,7,-1,medium,medium,0.55,medium,4,,,,,,friction_model,424351
D,D_00328,spray_bottle_use,geometric_fc,1,0,1,1,1,1,0.0173374,12,7,-1,medium,medium,0.55,medium,4,,,,,,friction_model,424352
D,D_00328,spray_bottle_use,oracle_sfc,1,1,0,0,1,1,0.00358582,12,7,-1,medium,medium,0.55,medium,4,,,,,,friction_model,424352
D,D_00328,spray_bottle_use,semantic_only,1,1,0,0,1,1,0.0,12,7,-1,medium,medium,0.55,medium,4,,,,,,friction_model,424352
D,D_00328,spray_bottle_use,posthoc_single,0,0,0,1,1,1,0.0173374,12,7,-1,medium,medium,0.55,medium,4,,,,,,friction_model,424352
D,D_00328,spray_bottle_use,soft_penalty_fc,1,0,1,1,1,1,0.0173374,12,7,-1,medium,medium,0.55,medium,4,,,,,,friction_model,424352
D,D_00329,spray_bottle_use,geometric_fc,1,0,1,1,1,1,0.00879816,12,7,-1,medium,medium,0.55,medium,8,,,,,,friction_model,424353
D,D_00329,spray_bottle_use,oracle_sfc,1,1,0,0,1,1,0.0060073,12,7,-1,medium,medium,0.55,medium,8,,,,,,friction_model,424353
D,D_00329,spray_bottle_use,semantic_only,1,1,0,0,1,1,0.0,12,7,-1,medium,medium,0.55,medium,8,,,,,,friction_model,424353
D,D_00329,spray_bottle_use,posthoc_single,0,0,0,1,1,1,0.00879816,12,7,-1,medium,medium,0.55,medium,8,,,,,,friction_model,424353
D,D_00329,spray_bottle_use,soft_penalty_fc,0,0,0,1,1,1,0.00879816,12,7,-1,medium,medium,0.55,medium,8,,,,,,friction_model,424353
D,D_00330,spray_bottle_use,geometric_fc,1,0,1,1,1,1,0.00827112,12,7,-1,medium,medium,0.55,medium,8,,,,,,friction_model,424354
D,D_00330,spray_bottle_use,oracle_sfc,1,1,0,0,1,1,0.00518912,12,7,-1,medium,medium,0.55,medium,8,,,,,,friction_model,424354
D,D_00330,spray_bottle_use,semantic_only,1,1,0,0,1,1,0.0,12,7,-1,medium,medium,0.55,medium,8,,,,,,friction_model,424354
D,D_00330,spray_bottle_use,posthoc_single,0,0,0,1,1,1,0.00827112,12,7,-1,medium,medium,0.55,medium,8,,,,,,friction_model,424354
D,D_00330,spray_bottle_use,soft_penalty_fc,0,0,0,1,1,1,0.00827112,12,7,-1,medium,medium,0.55,medium,8,,,,,,friction_model,424354
D,D_00331,spray_bottle_use,geometric_fc,1,0,1,1,1,1,0.00841106,12,7,-1,medium,medium,0.55,medium,8,,,,,,friction_model,424355
D,D_00331,spray_bottle_use,oracle_sfc,1,1,0,0,1,1,0.00547116,12,7,-1,medium,medium,0.55,medium,8,,,,,,friction_model,424355
D,D_00331,spray_bottle_use,semantic_only,1,1,0,0,1,1,0.0,12,7,-1,medium,medium,0.55,medium,8,,,,,,friction_model,424355
D,D_00331,spray_bottle_use,posthoc_single,0,0,0,1,1,1,0.00841106,12,7,-1,medium,medium,0.55,medium,8,,,,,,friction_model,424355
D,D_00331,spray_bottle_use,soft_penalty_fc,0,0,0,1,1,1,0.00841106,12,7,-1,medium,medium,0.55,medium,8,,,,,,friction_model,424355
D,D_00332,spray_bottle_use,geometric_fc,1,0,1,1,1,1,0.00842084,12,7,-1,medium,medium,0.55,medium,8,,,,,,friction_model,424356
D,D_00332,spray_bottle_use,oracle_sfc,1,1,0,0,1,1,0.00672842,12,7,-1,medium,medium,0.55,medium,8,,,,,,friction_model,424356
D,D_00332,spray_bottle_use,semantic_only,1,1,0,0,1,1,0.0,12,7,-1,medium,medium,0.55,medium,8,,,,,,friction_model,424356
D,D_00332,spray_bottle_use,posthoc_single,0,0,0,1,1,1,0.00842084,12,7,-1,medium,medium,0.55,medium,8,,,,,,friction_model,424356
D,D_00332,spray_bottle_use,soft_penalty_fc,0,0,0,1,1,1,0.00842084,12,7,-1,medium,medium,0.55,medium,8,,,,,,friction_model,424356
D,D_00333,spray_bottle_use,geometric_fc,1,0,1,1,1,1,0.00836382,12,7,-1,medium,medium,0.55,medium,8,,,,,,friction_model,424357
D,D_00333,spray_bottle_use,oracle_sfc,1,1,0,0,1,1,0.00382068,12,7,-1,medium,medium,0.55,medium,8,,,,,,friction_model,424357
D,D_00333,spray_bottle_use,semantic_only,1,1,0,0,1,1,0.0,12,7,-1,medium,medium,0.55,medium,8,,,,,,friction_model,424357
D,D_00333,spray_bottle_use,posthoc_single,0,0,0,1,1,1,0.00836382,12,7,-1,medium,medium,0.55,medium,8,,,,,,friction_model,424357
D,D_00333,spray_bottle_use,soft_penalty_fc,0,0,0,1,1,1,0.00836382,12,7,-1,medium,medium,0.55,medium,8,,,,,,friction_model,424357
D,D_00334,spray_bottle_use,geometric_fc,1,0,1,1,1,1,0.00886386,12,7,-1,medium,medium,0.55,medium,8,,,,,,friction_model,424358
D,D_00334,spray_bottle_use,oracle_sfc,1,1,0,0,1,1,0.00716536,12,7,-1,medium,medium,0.55,medium,8,,,,,,friction_model,424358
D,D_00334,spray_bottle_use,semantic_only,1,1,0,0,1,1,0.0,12,7,-1,medium,medium,0.55,medium,8,,,,,,friction_model,424358
D,D_00334,spray_bottle_use,posthoc_single,0,0,0,1,1,1,0.00886386,12,7,-1,medium,medium,0.55,medium,8,,,,,,friction_model,424358
D,D_00334,spray_bottle_use,soft_penalty_fc,0,0,0,1,1,1,0.00886386,12,7,-1,medium,medium,0.55,medium,8,,,,,,friction_model,424358
D,D_00335,spray_bottle_use,geometric_fc,1,0,1,1,1,1,0.00863537,12,7,-1,medium,medium,0.55,medium,8,,,,,,friction_model,424359
D,D_00335,spray_bottle_use,oracle_sfc,1,1,0,0,1,1,0.00745168,12,7,-1,medium,medium,0.55,medium,8,,,,,,friction_model,424359
D,D_00335,spray_bottle_use,semantic_only,1,1,0,0,1,1,0.0,12,7,-1,medium,medium,0.55,medium,8,,,,,,friction_model,424359
D,D_00335,spray_bottle_use,posthoc_single,0,0,0,1,1,1,0.00863537,12,7,-1,medium,medium,0.55,medium,8,,,,,,friction_model,424359
D,D_00335,spray_bottle_use,soft_penalty_fc,0,0,0,1,1,1,0.00863537,12,7,-1,medium,medium,0.55,medium,8,,,,,,friction_model,424359
D,D_00336,spray_bottle_use,geometric_fc,1,0,1,1,1,1,0.00867693,12,7,-1,medium,medium,0.55,medium,8,,,,,,friction_model,424360
D,D_00336,spray_bottle_use,oracle_sfc,1,1,0,0,1,1,0.0039898,12,7,-1,medium,medium,0.55,medium,8,,,,,,friction_model,424360
D,D_00336,spray_bottle_use,semantic_only,1,1,0,0,1,1,0.0,12,7,-1,medium,medium,0.55,medium,8,,,,,,friction_model,424360
D,D_00336,spray_bottle_use,posthoc_single,0,0,0,1,1,1,0.00867693,12,7,-1,medium,medium,0.55,medium,8,,,,,,friction_model,424360
D,D_00336,spray_bottle_use,soft_penalty_fc,0,0,0,1,1,1,0.00867693,12,7,-1,medium,medium,0.55,medium,8,,,,,,friction_model,424360
D,D_00337,spray_bottle_use,geometric_fc,1,0,1,1,1,1,0.03399541,12,7,-1,medium,medium,0.55,high,2,,,,,,friction_model,424361
D,D_00337,spray_bottle_use,oracle_sfc,1,1,0,0,1,1,0.03508805,12,7,-1,medium,medium,0.55,high,2,,,,,,friction_model,424361
D,D_00337,spray_bottle_use,semantic_only,1,1,0,0,1,1,0.0,12,7,-1,medium,medium,0.55,high,2,,,,,,friction_model,424361
D,D_00337,spray_bottle_use,posthoc_single,0,0,0,1,1,1,0.03399541,12,7,-1,medium,medium,0.55,high,2,,,,,,friction_model,424361
D,D_00337,spray_bottle_use,soft_penalty_fc,1,0,1,1,1,1,0.03399541,12,7,-1,medium,medium,0.55,high,2,,,,,,friction_model,424361
D,D_00338,spray_bottle_use,geometric_fc,1,0,1,1,1,1,0.03407969,12,7,-1,medium,medium,0.55,high,2,,,,,,friction_model,424362
D,D_00338,spray_bottle_use,oracle_sfc,1,1,0,0,1,1,0.03353064,12,7,-1,medium,medium,0.55,high,2,,,,,,friction_model,424362
D,D_00338,spray_bottle_use,semantic_only,1,1,0,0,1,1,0.0,12,7,-1,medium,medium,0.55,high,2,,,,,,friction_model,424362
D,D_00338,spray_bottle_use,posthoc_single,0,0,0,1,1,1,0.03407969,12,7,-1,medium,medium,0.55,high,2,,,,,,friction_model,424362
D,D_00338,spray_bottle_use,soft_penalty_fc,1,0,1,1,1,1,0.03407969,12,7,-1,medium,medium,0.55,high,2,,,,,,friction_model,424362
D,D_00339,spray_bottle_use,geometric_fc,1,0,1,1,1,1,0.03294652,12,7,-1,medium,medium,0.55,high,2,,,,,,friction_model,424363
D,D_00339,spray_bottle_use,oracle_sfc,1,1,0,0,1,1,0.04281301,12,7,-1,medium,medium,0.55,high,2,,,,,,friction_model,424363
D,D_00339,spray_bottle_use,semantic_only,1,1,0,0,1,1,0.0,12,7,-1,medium,medium,0.55,high,2,,,,,,friction_model,424363
D,D_00339,spray_bottle_use,posthoc_single,0,0,0,1,1,1,0.03294652,12,7,-1,medium,medium,0.55,high,2,,,,,,friction_model,424363
D,D_00339,spray_bottle_use,soft_penalty_fc,1,0,1,1,1,1,0.03294652,12,7,-1,medium,medium,0.55,high,2,,,,,,friction_model,424363
D,D_00340,spray_bottle_use,geometric_fc,1,0,1,1,1,1,0.03361061,12,7,-1,medium,medium,0.55,high,2,,,,,,friction_model,424364
D,D_00340,spray_bottle_use,oracle_sfc,1,1,0,0,1,1,0.03529174,12,7,-1,medium,medium,0.55,high,2,,,,,,friction_model,424364
D,D_00340,spray_bottle_use,semantic_only,1,1,0,0,1,1,0.0,12,7,-1,medium,medium,0.55,high,2,,,,,,friction_model,424364
D,D_00340,spray_bottle_use,posthoc_single,0,0,0,1,1,1,0.03361061,12,7,-1,medium,medium,0.55,high,2,,,,,,friction_model,424364
D,D_00340,spray_bottle_use,soft_penalty_fc,1,0,1,1,1,1,0.03361061,12,7,-1,medium,medium,0.55,high,2,,,,,,friction_model,424364
D,D_00341,spray_bottle_use,geometric_fc,1,0,1,1,1,1,0.03369888,12,7,-1,medium,medium,0.55,high,2,,,,,,friction_model,424365
D,D_00341,spray_bottle_use,oracle_sfc,1,1,0,0,1,1,0.03834246,12,7,-1,medium,medium,0.55,high,2,,,,,,friction_model,424365
D,D_00341,spray_bottle_use,semantic_only,1,1,0,0,1,1,0.0,12,7,-1,medium,medium,0.55,high,2,,,,,,friction_model,424365
D,D_00341,spray_bottle_use,posthoc_single,0,0,0,1,1,1,0.03369888,12,7,-1,medium,medium,0.55,high,2,,,,,,friction_model,424365
D,D_00341,spray_bottle_use,soft_penalty_fc,1,0,1,1,1,1,0.03369888,12,7,-1,medium,medium,0.55,high,2,,,,,,friction_model,424365
D,D_00342,spray_bottle_use,geometric_fc,1,0,1,1,1,1,0.03512732,12,7,-1,medium,medium,0.55,high,2,,,,,,friction_model,424366
D,D_00342,spray_bottle_use,oracle_sfc,1,1,0,0,1,1,0.04220312,12,7,-1,medium,medium,0.55,high,2,,,,,,friction_model,424366
D,D_00342,spray_bottle_use,semantic_only,1,1,0,0,1,1,0.0,12,7,-1,medium,medium,0.55,high,2,,,,,,friction_model,424366
D,D_00342,spray_bottle_use,posthoc_single,0,0,0,1,1,1,0.03512732,12,7,-1,medium,medium,0.55,high,2,,,,,,friction_model,424366
D,D_00342,spray_bottle_use,soft_penalty_fc,1,0,1,1,1,1,0.03512732,12,7,-1,medium,medium,0.55,high,2,,,,,,friction_model,424366
D,D_00343,spray_bottle_use,geometric_fc,1,0,1,1,1,1,0.03311408,12,7,-1,medium,medium,0.55,high,2,,,,,,friction_model,424367
D,D_00343,spray_bottle_use,oracle_sfc,1,1,0,0,1,1,0.03209103,12,7,-1,medium,medium,0.55,high,2,,,,,,friction_model,424367
D,D_00343,spray_bottle_use,semantic_only,1,1,0,0,1,1,0.0,12,7,-1,medium,medium,0.55,high,2,,,,,,friction_model,424367
D,D_00343,spray_bottle_use,posthoc_single,0,0,0,1,1,1,0.03311408,12,7,-1,medium,medium,0.55,high,2,,,,,,friction_model,424367
D,D_00343,spray_bottle_use,soft_penalty_fc,1,0,1,1,1,1,0.03311408,12,7,-1,medium,medium,0.55,high,2,,,,,,friction_model,424367
D,D_00344,spray_bottle_use,geometric_fc,1,0,1,1,1,1,0.03307782,12,7,-1,medium,medium,0.55,high,2,,,,,,friction_model,424368
D,D_00344,spray_bottle_use,oracle_sfc,1,1,0,0,1,1,0.03301057,12,7,-1,medium,medium,0.55,high,2,,,,,,friction_model,424368
D,D_00344,spray_bottle_use,semantic_only,1,1,0,0,1,1,0.0,12,7,-1,medium,medium,0.55,high,2,,,,,,friction_model,424368
D,D_00344,spray_bottle_use,posthoc_single,0,0,0,1,1,1,0.03307782,12,7,-1,medium,medium,0.55,high,2,,,,,,friction_model,424368
D,D_00344,spray_bottle_use,soft_penalty_fc,1,0,1,1,1,1,0.03307782,12,7,-1,medium,medium,0.55,high,2,,,,,,friction_model,424368
D,D_00345,spray_bottle_use,geometric_fc,1,0,1,1,1,1,0.01771922,12,7,-1,medium,medium,0.55,high,4,,,,,,friction_model,424369
D,D_00345,spray_bottle_use,oracle_sfc,1,1,0,0,1,1,0.02020212,12,7,-1,medium,medium,0.55,high,4,,,,,,friction_model,424369
D,D_00345,spray_bottle_use,semantic_only,1,1,0,0,1,1,0.0,12,7,-1,medium,medium,0.55,high,4,,,,,,friction_model,424369
D,D_00345,spray_bottle_use,posthoc_single,0,0,0,1,1,1,0.01771922,12,7,-1,medium,medium,0.55,high,4,,,,,,friction_model,424369
D,D_00345,spray_bottle_use,soft_penalty_fc,1,0,1,1,1,1,0.01771922,12,7,-1,medium,medium,0.55,high,4,,,,,,friction_model,424369
D,D_00346,spray_bottle_use,geometric_fc,1,0,1,1,1,1,0.017579,12,7,-1,medium,medium,0.55,high,4,,,,,,friction_model,424370
D,D_00346,spray_bottle_use,oracle_sfc,1,1,0,0,1,1,0.01210152,12,7,-1,medium,medium,0.55,high,4,,,,,,friction_model,424370
D,D_00346,spray_bottle_use,semantic_only,1,1,0,0,1,1,0.0,12,7,-1,medium,medium,0.55,high,4,,,,,,friction_model,424370
D,D_00346,spray_bottle_use,posthoc_single,0,0,0,1,1,1,0.017579,12,7,-1,medium,medium,0.55,high,4,,,,,,friction_model,424370
D,D_00346,spray_bottle_use,soft_penalty_fc,1,0,1,1,1,1,0.017579,12,7,-1,medium,medium,0.55,high,4,,,,,,friction_model,424370
D,D_00347,spray_bottle_use,geometric_fc,1,0,1,1,1,1,0.01660987,12,7,-1,medium,medium,0.55,high,4,,,,,,friction_model,424371
D,D_00347,spray_bottle_use,oracle_sfc,1,1,0,0,1,1,0.01989334,12,7,-1,medium,medium,0.55,high,4,,,,,,friction_model,424371
D,D_00347,spray_bottle_use,semantic_only,1,1,0,0,1,1,0.0,12,7,-1,medium,medium,0.55,high,4,,,,,,friction_model,424371
D,D_00347,spray_bottle_use,posthoc_single,0,0,0,1,1,1,0.01660987,12,7,-1,medium,medium,0.55,high,4,,,,,,friction_model,424371
D,D_00347,spray_bottle_use,soft_penalty_fc,1,0,1,1,1,1,0.01660987,12,7,-1,medium,medium,0.55,high,4,,,,,,friction_model,424371
D,D_00348,spray_bottle_use,geometric_fc,1,0,1,1,1,1,0.01754296,12,7,-1,medium,medium,0.55,high,4,,,,,,friction_model,424372
D,D_00348,spray_bottle_use,oracle_sfc,1,1,0,0,1,1,0.012551,12,7,-1,medium,medium,0.55,high,4,,,,,,friction_model,424372
D,D_00348,spray_bottle_use,semantic_only,1,1,0,0,1,1,0.0,12,7,-1,medium,medium,0.55,high,4,,,,,,friction_model,424372
D,D_00348,spray_bottle_use,posthoc_single,0,0,0,1,1,1,0.01754296,12,7,-1,medium,medium,0.55,high,4,,,,,,friction_model,424372
D,D_00348,spray_bottle_use,soft_penalty_fc,1,0,1,1,1,1,0.01754296,12,7,-1,medium,medium,0.55,high,4,,,,,,friction_model,424372
D,D_00349,spray_bottle_use,geometric_fc,1,0,1,1,1,1,0.01725702,12,7,-1,medium,medium,0.55,high,4,,,,,,friction_model,424373
D,D_00349,spray_bottle_use,oracle_sfc,1,1,0,0,1,1,0.01126969,12,7,-1,medium,medium,0.55,high,4,,,,,,friction_model,424373
D,D_00349,spray_bottle_use,semantic_only,1,1,0,0,1,1,0.0,12,7,-1,medium,medium,0.55,high,4,,,,,,friction_model,424373
D,D_00349,spray_bottle_use,posthoc_single,0,0,0,1,1,1,0.01725702,12,7,-1,medium,medium,0.55,high,4,,,,,,friction_model,424373
D,D_00349,spray_bottle_use,soft_penalty_fc,1,0,1,1,1,1,0.01725702,12,7,-1,medium,medium,0.55,high,4,,,,,,friction_model,424373
D,D_00350,spray_bottle_use,geometric_fc,1,0,1,1,1,1,0.01613404,12,7,-1,medium,medium,0.55,high,4,,,,,,friction_model,424374
D,D_00350,spray_bottle_use,oracle_sfc,1,1,0,0,1,1,0.01928149,12,7,-1,medium,medium,0.55,high,4,,,,,,friction_model,424374
D,D_00350,spray_bottle_use,semantic_only,1,1,0,0,1,1,0.0,12,7,-1,medium,medium,0.55,high,4,,,,,,friction_model,424374
D,D_00350,spray_bottle_use,posthoc_single,0,0,0,1,1,1,0.01613404,12,7,-1,medium,medium,0.55,high,4,,,,,,friction_model,424374
D,D_00350,spray_bottle_use,soft_penalty_fc,1,0,1,1,1,1,0.01613404,12,7,-1,medium,medium,0.55,high,4,,,,,,friction_model,424374
D,D_00351,spray_bottle_use,geometric_fc,1,0,1,1,1,1,0.017553,12,7,-1,medium,medium,0.55,high,4,,,,,,friction_model,424375
D,D_00351,spray_bottle_use,oracle_sfc,1,1,0,0,1,1,0.01355021,12,7,-1,medium,medium,0.55,high,4,,,,,,friction_model,424375
D,D_00351,spray_bottle_use,semantic_only,1,1,0,0,1,1,0.0,12,7,-1,medium,medium,0.55,high,4,,,,,,friction_model,424375
D,D_00351,spray_bottle_use,posthoc_single,0,0,0,1,1,1,0.017553,12,7,-1,medium,medium,0.55,high,4,,,,,,friction_model,424375
D,D_00351,spray_bottle_use,soft_penalty_fc,1,0,1,1,1,1,0.017553,12,7,-1,medium,medium,0.55,high,4,,,,,,friction_model,424375
D,D_00352,spray_bottle_use,geometric_fc,1,0,1,1,1,1,0.01724464,12,7,-1,medium,medium,0.55,high,4,,,,,,friction_model,424376
D,D_00352,spray_bottle_use,oracle_sfc,1,1,0,0,1,1,0.0165493,12,7,-1,medium,medium,0.55,high,4,,,,,,friction_model,424376
D,D_00352,spray_bottle_use,semantic_only,1,1,0,0,1,1,0.0,12,7,-1,medium,medium,0.55,high,4,,,,,,friction_model,424376
D,D_00352,spray_bottle_use,posthoc_single,0,0,0,1,1,1,0.01724464,12,7,-1,medium,medium,0.55,high,4,,,,,,friction_model,424376
D,D_00352,spray_bottle_use,soft_penalty_fc,1,0,1,1,1,1,0.01724464,12,7,-1,medium,medium,0.55,high,4,,,,,,friction_model,424376
D,D_00353,spray_bottle_use,geometric_fc,1,0,1,1,1,1,0.00834879,12,7,-1,medium,medium,0.55,high,8,,,,,,friction_model,424377
D,D_00353,spray_bottle_use,oracle_sfc,1,1,0,0,1,1,0.00794925,12,7,-1,medium,medium,0.55,high,8,,,,,,friction_model,424377
D,D_00353,spray_bottle_use,semantic_only,1,1,0,0,1,1,0.0,12,7,-1,medium,medium,0.55,high,8,,,,,,friction_model,424377
D,D_00353,spray_bottle_use,posthoc_single,0,0,0,1,1,1,0.00834879,12,7,-1,medium,medium,0.55,high,8,,,,,,friction_model,424377
D,D_00353,spray_bottle_use,soft_penalty_fc,0,0,0,1,1,1,0.00834879,12,7,-1,medium,medium,0.55,high,8,,,,,,friction_model,424377
D,D_00354,spray_bottle_use,geometric_fc,1,0,1,1,1,1,0.00848823,12,7,-1,medium,medium,0.55,high,8,,,,,,friction_model,424378
D,D_00354,spray_bottle_use,oracle_sfc,1,1,0,0,1,1,0.00761596,12,7,-1,medium,medium,0.55,high,8,,,,,,friction_model,424378
D,D_00354,spray_bottle_use,semantic_only,1,1,0,0,1,1,0.0,12,7,-1,medium,medium,0.55,high,8,,,,,,friction_model,424378
D,D_00354,spray_bottle_use,posthoc_single,0,0,0,1,1,1,0.00848823,12,7,-1,medium,medium,0.55,high,8,,,,,,friction_model,424378
D,D_00354,spray_bottle_use,soft_penalty_fc,0,0,0,1,1,1,0.00848823,12,7,-1,medium,medium,0.55,high,8,,,,,,friction_model,424378
D,D_00355,spray_bottle_use,geometric_fc,1,0,1,1,1,1,0.0086557,12,7,-1,medium,medium,0.55,high,8,,,,,,friction_model,424379
D,D_00355,spray_bottle_use,oracle_sfc,1,1,0,0,1,1,0.0061728,12,7,-1,medium,medium,0.55,high,8,,,,,,friction_model,424379
D,D_00355,spray_bottle_use,semantic_only,1,1,0,0,1,1,0.0,12,7,-1,medium,medium,0.55,high,8,,,,,,friction_model,424379
D,D_00355,spray_bottle_use,posthoc_single,0,0,0,1,1,1,0.0086557,12,7,-1,medium,medium,0.55,high,8,,,,,,friction_model,424379
D,D_00355,spray_bottle_use,soft_penalty_fc,0,0,0,1,1,1,0.0086557,12,7,-1,medium,medium,0.55,high,8,,,,,,friction_model,424379
D,D_00356,spray_bottle_use,geometric_fc,1,0,1,1,1,1,0.00820675,12,7,-1,medium,medium,0.55,high,8,,,,,,friction_model,424380
D,D_00356,spray_bottle_use,oracle_sfc,1,1,0,0,1,1,0.00831136,12,7,-1,medium,medium,0.55,high,8,,,,,,friction_model,424380
D,D_00356,spray_bottle_use,semantic_only,1,1,0,0,1,1,0.0,12,7,-1,medium,medium,0.55,high,8,,,,,,friction_model,424380
D,D_00356,spray_bottle_use,posthoc_single,0,0,0,1,1,1,0.00820675,12,7,-1,medium,medium,0.55,high,8,,,,,,friction_model,424380
D,D_00356,spray_bottle_use,soft_penalty_fc,0,0,0,1,1,1,0.00820675,12,7,-1,medium,medium,0.55,high,8,,,,,,friction_model,424380
D,D_00357,spray_bottle_use,geometric_fc,1,0,1,1,1,1,0.00858835,12,7,-1,medium,medium,0.55,high,8,,,,,,friction_model,424381
D,D_00357,spray_bottle_use,oracle_sfc,1,1,0,0,1,1,0.00532127,12,7,-1,medium,medium,0.55,high,8,,,,,,friction_model,424381
D,D_00357,spray_bottle_use,semantic_only,1,1,0,0,1,1,0.0,12,7,-1,medium,medium,0.55,high,8,,,,,,friction_model,424381
D,D_00357,spray_bottle_use,posthoc_single,0,0,0,1,1,1,0.00858835,12,7,-1,medium,medium,0.55,high,8,,,,,,friction_model,424381
D,D_00357,spray_bottle_use,soft_penalty_fc,0,0,0,1,1,1,0.00858835,12,7,-1,medium,medium,0.55,high,8,,,,,,friction_model,424381
D,D_00358,spray_bottle_use,geometric_fc,1,0,1,1,1,1,0.00849746,12,7,-1,medium,medium,0.55,high,8,,,,,,friction_model,424382
D,D_00358,spray_bottle_use,oracle_sfc,1,1,0,0,1,1,0.00812938,12,7,-1,medium,medium,0.55,high,8,,,,,,friction_model,424382
D,D_00358,spray_bottle_use,semantic_only,1,1,0,0,1,1,0.0,12,7,-1,medium,medium,0.55,high,8,,,,,,friction_model,424382
D,D_00358,spray_bottle_use,posthoc_single,0,0,0,1,1,1,0.00849746,12,7,-1,medium,medium,0.55,high,8,,,,,,friction_model,424382
D,D_00358,spray_bottle_use,soft_penalty_fc,0,0,0,1,1,1,0.00849746,12,7,-1,medium,medium,0.55,high,8,,,,,,friction_model,424382
D,D_00359,spray_bottle_use,geometric_fc,1,0,1,1,1,1,0.00847088,12,7,-1,medium,medium,0.55,high,8,,,,,,friction_model,424383
D,D_00359,spray_bottle_use,oracle_sfc,1,1,0,0,1,1,0.00872687,12,7,-1,medium,medium,0.55,high,8,,,,,,friction_model,424383
D,D_00359,spray_bottle_use,semantic_only,1,1,0,0,1,1,0.0,12,7,-1,medium,medium,0.55,high,8,,,,,,friction_model,424383
D,D_00359,spray_bottle_use,posthoc_single,0,0,0,1,1,1,0.00847088,12,7,-1,medium,medium,0.55,high,8,,,,,,friction_model,424383
D,D_00359,spray_bottle_use,soft_penalty_fc,0,0,0,1,1,1,0.00847088,12,7,-1,medium,medium,0.55,high,8,,,,,,friction_model,424383
D,D_00360,spray_bottle_use,geometric_fc,1,0,1,1,1,1,0.0081925,12,7,-1,medium,medium,0.55,high,8,,,,,,friction_model,424384
D,D_00360,spray_bottle_use,oracle_sfc,1,1,0,0,1,1,0.00826875,12,7,-1,medium,medium,0.55,high,8,,,,,,friction_model,424384
D,D_00360,spray_bottle_use,semantic_only,1,1,0,0,1,1,0.0,12,7,-1,medium,medium,0.55,high,8,,,,,,friction_model,424384
D,D_00360,spray_bottle_use,posthoc_single,0,0,0,1,1,1,0.0081925,12,7,-1,medium,medium,0.55,high,8,,,,,,friction_model,424384
D,D_00360,spray_bottle_use,soft_penalty_fc,0,0,0,1,1,1,0.0081925,12,7,-1,medium,medium,0.55,high,8,,,,,,friction_model,424384
D,D_00361,spray_bottle_use,geometric_fc,1,0,1,1,1,1,0.03690406,12,7,-1,medium,medium,0.55,mixed,2,,,,,,friction_model,424385
D,D_00361,spray_bottle_use,oracle_sfc,1,1,0,0,1,1,0.01675933,12,7,-1,medium,medium,0.55,mixed,2,,,,,,friction_model,424385
D,D_00361,spray_bottle_use,semantic_only,1,1,0,0,1,1,0.0,12,7,-1,medium,medium,0.55,mixed,2,,,,,,friction_model,424385
D,D_00361,spray_bottle_use,posthoc_single,0,0,0,1,1,1,0.03690406,12,7,-1,medium,medium,0.55,mixed,2,,,,,,friction_model,424385
D,D_00361,spray_bottle_use,soft_penalty_fc,1,0,1,1,1,1,0.03690406,12,7,-1,medium,medium,0.55,mixed,2,,,,,,friction_model,424385
D,D_00362,spray_bottle_use,geometric_fc,1,0,1,1,1,1,0.03323168,12,7,-1,medium,medium,0.55,mixed,2,,,,,,friction_model,424386
D,D_00362,spray_bottle_use,oracle_sfc,1,1,0,0,1,1,0.02847895,12,7,-1,medium,medium,0.55,mixed,2,,,,,,friction_model,424386
D,D_00362,spray_bottle_use,semantic_only,1,1,0,0,1,1,0.0,12,7,-1,medium,medium,0.55,mixed,2,,,,,,friction_model,424386
D,D_00362,spray_bottle_use,posthoc_single,0,0,0,1,1,1,0.03323168,12,7,-1,medium,medium,0.55,mixed,2,,,,,,friction_model,424386
D,D_00362,spray_bottle_use,soft_penalty_fc,1,0,1,1,1,1,0.03323168,12,7,-1,medium,medium,0.55,mixed,2,,,,,,friction_model,424386
D,D_00363,spray_bottle_use,geometric_fc,1,0,1,1,1,1,0.03258533,12,7,-1,medium,medium,0.55,mixed,2,,,,,,friction_model,424387
D,D_00363,spray_bottle_use,oracle_sfc,1,1,0,0,1,1,0.00481275,12,7,-1,medium,medium,0.55,mixed,2,,,,,,friction_model,424387
D,D_00363,spray_bottle_use,semantic_only,1,1,0,0,1,1,0.0,12,7,-1,medium,medium,0.55,mixed,2,,,,,,friction_model,424387
D,D_00363,spray_bottle_use,posthoc_single,0,0,0,1,1,1,0.03258533,12,7,-1,medium,medium,0.55,mixed,2,,,,,,friction_model,424387
D,D_00363,spray_bottle_use,soft_penalty_fc,1,0,1,1,1,1,0.03258533,12,7,-1,medium,medium,0.55,mixed,2,,,,,,friction_model,424387
D,D_00364,spray_bottle_use,geometric_fc,1,0,1,1,1,1,0.03340788,12,7,-1,medium,medium,0.55,mixed,2,,,,,,friction_model,424388
D,D_00364,spray_bottle_use,oracle_sfc,1,1,0,0,1,1,0.04078131,12,7,-1,medium,medium,0.55,mixed,2,,,,,,friction_model,424388
D,D_00364,spray_bottle_use,semantic_only,1,1,0,0,1,1,0.0,12,7,-1,medium,medium,0.55,mixed,2,,,,,,friction_model,424388
D,D_00364,spray_bottle_use,posthoc_single,0,0,0,1,1,1,0.03340788,12,7,-1,medium,medium,0.55,mixed,2,,,,,,friction_model,424388
D,D_00364,spray_bottle_use,soft_penalty_fc,1,0,1,1,1,1,0.03340788,12,7,-1,medium,medium,0.55,mixed,2,,,,,,friction_model,424388
D,D_00365,spray_bottle_use,geometric_fc,1,0,1,1,1,1,0.03684805,12,7,-1,medium,medium,0.55,mixed,2,,,,,,friction_model,424389
D,D_00365,spray_bottle_use,oracle_sfc,1,1,0,0,1,1,0.00635536,12,7,-1,medium,medium,0.55,mixed,2,,,,,,friction_model,424389
D,D_00365,spray_bottle_use,semantic_only,1,1,0,0,1,1,0.0,12,7,-1,medium,medium,0.55,mixed,2,,,,,,friction_model,424389
D,D_00365,spray_bottle_use,posthoc_single,0,0,0,1,1,1,0.03684805,12,7,-1,medium,medium,0.55,mixed,2,,,,,,friction_model,424389
D,D_00365,spray_bottle_use,soft_penalty_fc,1,0,1,1,1,1,0.03684805,12,7,-1,medium,medium,0.55,mixed,2,,,,,,friction_model,424389
D,D_00366,spray_bottle_use,geometric_fc,1,0,1,1,1,1,0.03481636,12,7,-1,medium,medium,0.55,mixed,2,,,,,,friction_model,424390
D,D_00366,spray_bottle_use,oracle_sfc,1,1,0,0,1,1,0.02379372,12,7,-1,medium,medium,0.55,mixed,2,,,,,,friction_model,424390
D,D_00366,spray_bottle_use,semantic_only,1,1,0,0,1,1,0.0,12,7,-1,medium,medium,0.55,mixed,2,,,,,,friction_model,424390
D,D_00366,spray_bottle_use,posthoc_single,0,0,0,1,1,1,0.03481636,12,7,-1,medium,medium,0.55,mixed,2,,,,,,friction_model,424390
D,D_00366,spray_bottle_use,soft_penalty_fc,1,0,1,1,1,1,0.03481636,12,7,-1,medium,medium,0.55,mixed,2,,,,,,friction_model,424390
D,D_00367,spray_bottle_use,geometric_fc,1,0,1,1,1,1,0.03372274,12,7,-1,medium,medium,0.55,mixed,2,,,,,,friction_model,424391
D,D_00367,spray_bottle_use,oracle_sfc,1,1,0,0,1,1,0.02154268,12,7,-1,medium,medium,0.55,mixed,2,,,,,,friction_model,424391
D,D_00367,spray_bottle_use,semantic_only,1,1,0,0,1,1,0.0,12,7,-1,medium,medium,0.55,mixed,2,,,,,,friction_model,424391
D,D_00367,spray_bottle_use,posthoc_single,0,0,0,1,1,1,0.03372274,12,7,-1,medium,medium,0.55,mixed,2,,,,,,friction_model,424391
D,D_00367,spray_bottle_use,soft_penalty_fc,1,0,1,1,1,1,0.03372274,12,7,-1,medium,medium,0.55,mixed,2,,,,,,friction_model,424391
D,D_00368,spray_bottle_use,geometric_fc,1,0,1,1,1,1,0.0343561,12,7,-1,medium,medium,0.55,mixed,2,,,,,,friction_model,424392
D,D_00368,spray_bottle_use,oracle_sfc,1,1,0,0,1,1,0.02511122,12,7,-1,medium,medium,0.55,mixed,2,,,,,,friction_model,424392
D,D_00368,spray_bottle_use,semantic_only,1,1,0,0,1,1,0.0,12,7,-1,medium,medium,0.55,mixed,2,,,,,,friction_model,424392
D,D_00368,spray_bottle_use,posthoc_single,0,0,0,1,1,1,0.0343561,12,7,-1,medium,medium,0.55,mixed,2,,,,,,friction_model,424392
D,D_00368,spray_bottle_use,soft_penalty_fc,1,0,1,1,1,1,0.0343561,12,7,-1,medium,medium,0.55,mixed,2,,,,,,friction_model,424392
D,D_00369,spray_bottle_use,geometric_fc,1,0,1,1,1,1,0.0160315,12,7,-1,medium,medium,0.55,mixed,4,,,,,,friction_model,424393
D,D_00369,spray_bottle_use,oracle_sfc,1,1,0,0,1,1,0.0131987,12,7,-1,medium,medium,0.55,mixed,4,,,,,,friction_model,424393
D,D_00369,spray_bottle_use,semantic_only,1,1,0,0,1,1,0.0,12,7,-1,medium,medium,0.55,mixed,4,,,,,,friction_model,424393
D,D_00369,spray_bottle_use,posthoc_single,0,0,0,1,1,1,0.0160315,12,7,-1,medium,medium,0.55,mixed,4,,,,,,friction_model,424393
D,D_00369,spray_bottle_use,soft_penalty_fc,1,0,1,1,1,1,0.0160315,12,7,-1,medium,medium,0.55,mixed,4,,,,,,friction_model,424393
D,D_00370,spray_bottle_use,geometric_fc,1,0,1,1,1,1,0.01653725,12,7,-1,medium,medium,0.55,mixed,4,,,,,,friction_model,424394
D,D_00370,spray_bottle_use,oracle_sfc,1,1,0,0,1,1,0.01371293,12,7,-1,medium,medium,0.55,mixed,4,,,,,,friction_model,424394
D,D_00370,spray_bottle_use,semantic_only,1,1,0,0,1,1,0.0,12,7,-1,medium,medium,0.55,mixed,4,,,,,,friction_model,424394
D,D_00370,spray_bottle_use,posthoc_single,0,0,0,1,1,1,0.01653725,12,7,-1,medium,medium,0.55,mixed,4,,,,,,friction_model,424394
D,D_00370,spray_bottle_use,soft_penalty_fc,1,0,1,1,1,1,0.01653725,12,7,-1,medium,medium,0.55,mixed,4,,,,,,friction_model,424394
D,D_00371,spray_bottle_use,geometric_fc,1,0,1,1,1,1,0.01615967,12,7,-1,medium,medium,0.55,mixed,4,,,,,,friction_model,424395
D,D_00371,spray_bottle_use,oracle_sfc,1,1,0,0,1,1,0.01709044,12,7,-1,medium,medium,0.55,mixed,4,,,,,,friction_model,424395
D,D_00371,spray_bottle_use,semantic_only,1,1,0,0,1,1,0.0,12,7,-1,medium,medium,0.55,mixed,4,,,,,,friction_model,424395
D,D_00371,spray_bottle_use,posthoc_single,0,0,0,1,1,1,0.01615967,12,7,-1,medium,medium,0.55,mixed,4,,,,,,friction_model,424395
D,D_00371,spray_bottle_use,soft_penalty_fc,1,0,1,1,1,1,0.01615967,12,7,-1,medium,medium,0.55,mixed,4,,,,,,friction_model,424395
D,D_00372,spray_bottle_use,geometric_fc,1,0,1,1,1,1,0.01744596,12,7,-1,medium,medium,0.55,mixed,4,,,,,,friction_model,424396
D,D_00372,spray_bottle_use,oracle_sfc,1,1,0,0,1,1,0.01146705,12,7,-1,medium,medium,0.55,mixed,4,,,,,,friction_model,424396
D,D_00372,spray_bottle_use,semantic_only,1,1,0,0,1,1,0.0,12,7,-1,medium,medium,0.55,mixed,4,,,,,,friction_model,424396
D,D_00372,spray_bottle_use,posthoc_single,0,0,0,1,1,1,0.01744596,12,7,-1,medium,medium,0.55,mixed,4,,,,,,friction_model,424396
D,D_00372,spray_bottle_use,soft_penalty_fc,1,0,1,1,1,1,0.01744596,12,7,-1,medium,medium,0.55,mixed,4,,,,,,friction_model,424396
D,D_00373,spray_bottle_use,geometric_fc,1,0,1,1,1,1,0.01697178,12,7,-1,medium,medium,0.55,mixed,4,,,,,,friction_model,424397
D,D_00373,spray_bottle_use,oracle_sfc,1,1,0,0,1,1,0.0050726,12,7,-1,medium,medium,0.55,mixed,4,,,,,,friction_model,424397
D,D_00373,spray_bottle_use,semantic_only,1,1,0,0,1,1,0.0,12,7,-1,medium,medium,0.55,mixed,4,,,,,,friction_model,424397
D,D_00373,spray_bottle_use,posthoc_single,0,0,0,1,1,1,0.01697178,12,7,-1,medium,medium,0.55,mixed,4,,,,,,friction_model,424397
D,D_00373,spray_bottle_use,soft_penalty_fc,1,0,1,1,1,1,0.01697178,12,7,-1,medium,medium,0.55,mixed,4,,,,,,friction_model,424397
D,D_00374,spray_bottle_use,geometric_fc,1,0,1,1,1,1,0.01677423,12,7,-1,medium,medium,0.55,mixed,4,,,,,,friction_model,424398
D,D_00374,spray_bottle_use,oracle_sfc,1,1,0,0,1,1,0.01395631,12,7,-1,medium,medium,0.55,mixed,4,,,,,,friction_model,424398
D,D_00374,spray_bottle_use,semantic_only,1,1,0,0,1,1,0.0,12,7,-1,medium,medium,0.55,mixed,4,,,,,,friction_model,424398
D,D_00374,spray_bottle_use,posthoc_single,0,0,0,1,1,1,0.01677423,12,7,-1,medium,medium,0.55,mixed,4,,,,,,friction_model,424398
D,D_00374,spray_bottle_use,soft_penalty_fc,1,0,1,1,1,1,0.01677423,12,7,-1,medium,medium,0.55,mixed,4,,,,,,friction_model,424398
D,D_00375,spray_bottle_use,geometric_fc,1,0,1,1,1,1,0.0175943,12,7,-1,medium,medium,0.55,mixed,4,,,,,,friction_model,424399
D,D_00375,spray_bottle_use,oracle_sfc,1,1,0,0,1,1,0.01810113,12,7,-1,medium,medium,0.55,mixed,4,,,,,,friction_model,424399
D,D_00375,spray_bottle_use,semantic_only,1,1,0,0,1,1,0.0,12,7,-1,medium,medium,0.55,mixed,4,,,,,,friction_model,424399
D,D_00375,spray_bottle_use,posthoc_single,0,0,0,1,1,1,0.0175943,12,7,-1,medium,medium,0.55,mixed,4,,,,,,friction_model,424399
D,D_00375,spray_bottle_use,soft_penalty_fc,1,0,1,1,1,1,0.0175943,12,7,-1,medium,medium,0.55,mixed,4,,,,,,friction_model,424399
D,D_00376,spray_bottle_use,geometric_fc,1,0,1,1,1,1,0.01756156,12,7,-1,medium,medium,0.55,mixed,4,,,,,,friction_model,424400
D,D_00376,spray_bottle_use,oracle_sfc,1,1,0,0,1,1,0.00217171,12,7,-1,medium,medium,0.55,mixed,4,,,,,,friction_model,424400
D,D_00376,spray_bottle_use,semantic_only,1,1,0,0,1,1,0.0,12,7,-1,medium,medium,0.55,mixed,4,,,,,,friction_model,424400
D,D_00376,spray_bottle_use,posthoc_single,0,0,0,1,1,1,0.01756156,12,7,-1,medium,medium,0.55,mixed,4,,,,,,friction_model,424400
D,D_00376,spray_bottle_use,soft_penalty_fc,1,0,1,1,1,1,0.01756156,12,7,-1,medium,medium,0.55,mixed,4,,,,,,friction_model,424400
D,D_00377,spray_bottle_use,geometric_fc,1,0,1,1,1,1,0.00904369,12,7,-1,medium,medium,0.55,mixed,8,,,,,,friction_model,424401
D,D_00377,spray_bottle_use,oracle_sfc,1,1,0,0,1,1,0.00566381,12,7,-1,medium,medium,0.55,mixed,8,,,,,,friction_model,424401
D,D_00377,spray_bottle_use,semantic_only,1,1,0,0,1,1,0.0,12,7,-1,medium,medium,0.55,mixed,8,,,,,,friction_model,424401
D,D_00377,spray_bottle_use,posthoc_single,0,0,0,1,1,1,0.00904369,12,7,-1,medium,medium,0.55,mixed,8,,,,,,friction_model,424401
D,D_00377,spray_bottle_use,soft_penalty_fc,0,0,0,1,1,1,0.00904369,12,7,-1,medium,medium,0.55,mixed,8,,,,,,friction_model,424401
D,D_00378,spray_bottle_use,geometric_fc,1,0,1,1,1,1,0.00848232,12,7,-1,medium,medium,0.55,mixed,8,,,,,,friction_model,424402
D,D_00378,spray_bottle_use,oracle_sfc,1,1,0,0,1,1,0.00648195,12,7,-1,medium,medium,0.55,mixed,8,,,,,,friction_model,424402
D,D_00378,spray_bottle_use,semantic_only,1,1,0,0,1,1,0.0,12,7,-1,medium,medium,0.55,mixed,8,,,,,,friction_model,424402
D,D_00378,spray_bottle_use,posthoc_single,0,0,0,1,1,1,0.00848232,12,7,-1,medium,medium,0.55,mixed,8,,,,,,friction_model,424402
D,D_00378,spray_bottle_use,soft_penalty_fc,0,0,0,1,1,1,0.00848232,12,7,-1,medium,medium,0.55,mixed,8,,,,,,friction_model,424402
D,D_00379,spray_bottle_use,geometric_fc,1,0,1,1,1,1,0.0088053,12,7,-1,medium,medium,0.55,mixed,8,,,,,,friction_model,424403
D,D_00379,spray_bottle_use,oracle_sfc,1,1,0,0,1,1,0.00662602,12,7,-1,medium,medium,0.55,mixed,8,,,,,,friction_model,424403
D,D_00379,spray_bottle_use,semantic_only,1,1,0,0,1,1,0.0,12,7,-1,medium,medium,0.55,mixed,8,,,,,,friction_model,424403
D,D_00379,spray_bottle_use,posthoc_single,0,0,0,1,1,1,0.0088053,12,7,-1,medium,medium,0.55,mixed,8,,,,,,friction_model,424403
D,D_00379,spray_bottle_use,soft_penalty_fc,0,0,0,1,1,1,0.0088053,12,7,-1,medium,medium,0.55,mixed,8,,,,,,friction_model,424403
D,D_00380,spray_bottle_use,geometric_fc,1,0,1,1,1,1,0.00800832,12,7,-1,medium,medium,0.55,mixed,8,,,,,,friction_model,424404
D,D_00380,spray_bottle_use,oracle_sfc,1,1,0,0,1,1,0.00913565,12,7,-1,medium,medium,0.55,mixed,8,,,,,,friction_model,424404
D,D_00380,spray_bottle_use,semantic_only,1,1,0,0,1,1,0.0,12,7,-1,medium,medium,0.55,mixed,8,,,,,,friction_model,424404
D,D_00380,spray_bottle_use,posthoc_single,0,0,0,1,1,1,0.00800832,12,7,-1,medium,medium,0.55,mixed,8,,,,,,friction_model,424404
D,D_00380,spray_bottle_use,soft_penalty_fc,0,0,0,1,1,1,0.00800832,12,7,-1,medium,medium,0.55,mixed,8,,,,,,friction_model,424404
D,D_00381,spray_bottle_use,geometric_fc,1,0,1,1,1,1,0.00835844,12,7,-1,medium,medium,0.55,mixed,8,,,,,,friction_model,424405
D,D_00381,spray_bottle_use,oracle_sfc,1,1,0,0,1,1,0.00528416,12,7,-1,medium,medium,0.55,mixed,8,,,,,,friction_model,424405
D,D_00381,spray_bottle_use,semantic_only,1,1,0,0,1,1,0.0,12,7,-1,medium,medium,0.55,mixed,8,,,,,,friction_model,424405
D,D_00381,spray_bottle_use,posthoc_single,0,0,0,1,1,1,0.00835844,12,7,-1,medium,medium,0.55,mixed,8,,,,,,friction_model,424405
D,D_00381,spray_bottle_use,soft_penalty_fc,0,0,0,1,1,1,0.00835844,12,7,-1,medium,medium,0.55,mixed,8,,,,,,friction_model,424405
D,D_00382,spray_bottle_use,geometric_fc,1,0,1,1,1,1,0.0084297,12,7,-1,medium,medium,0.55,mixed,8,,,,,,friction_model,424406
D,D_00382,spray_bottle_use,oracle_sfc,1,1,0,0,1,1,0.00854598,12,7,-1,medium,medium,0.55,mixed,8,,,,,,friction_model,424406
D,D_00382,spray_bottle_use,semantic_only,1,1,0,0,1,1,0.0,12,7,-1,medium,medium,0.55,mixed,8,,,,,,friction_model,424406
D,D_00382,spray_bottle_use,posthoc_single,0,0,0,1,1,1,0.0084297,12,7,-1,medium,medium,0.55,mixed,8,,,,,,friction_model,424406
D,D_00382,spray_bottle_use,soft_penalty_fc,0,0,0,1,1,1,0.0084297,12,7,-1,medium,medium,0.55,mixed,8,,,,,,friction_model,424406
D,D_00383,spray_bottle_use,geometric_fc,1,0,1,1,1,1,0.00863683,12,7,-1,medium,medium,0.55,mixed,8,,,,,,friction_model,424407
D,D_00383,spray_bottle_use,oracle_sfc,1,1,0,0,1,1,0.00606958,12,7,-1,medium,medium,0.55,mixed,8,,,,,,friction_model,424407
D,D_00383,spray_bottle_use,semantic_only,1,1,0,0,1,1,0.0,12,7,-1,medium,medium,0.55,mixed,8,,,,,,friction_model,424407
D,D_00383,spray_bottle_use,posthoc_single,0,0,0,1,1,1,0.00863683,12,7,-1,medium,medium,0.55,mixed,8,,,,,,friction_model,424407
D,D_00383,spray_bottle_use,soft_penalty_fc,0,0,0,1,1,1,0.00863683,12,7,-1,medium,medium,0.55,mixed,8,,,,,,friction_model,424407
D,D_00384,spray_bottle_use,geometric_fc,1,0,1,1,1,1,0.00822118,12,7,-1,medium,medium,0.55,mixed,8,,,,,,friction_model,424408
D,D_00384,spray_bottle_use,oracle_sfc,1,1,0,0,1,1,0.00675486,12,7,-1,medium,medium,0.55,mixed,8,,,,,,friction_model,424408
D,D_00384,spray_bottle_use,semantic_only,1,1,0,0,1,1,0.0,12,7,-1,medium,medium,0.55,mixed,8,,,,,,friction_model,424408
D,D_00384,spray_bottle_use,posthoc_single,0,0,0,1,1,1,0.00822118,12,7,-1,medium,medium,0.55,mixed,8,,,,,,friction_model,424408
D,D_00384,spray_bottle_use,soft_penalty_fc,0,0,0,1,1,1,0.00822118,12,7,-1,medium,medium,0.55,mixed,8,,,,,,friction_model,424408
D,D_00385,apple_pick,geometric_fc,1,0,1,0,1,0,0.04345062,10,6,-1,medium,medium,0.55,low,2,,,,,,friction_model,424409
D,D_00385,apple_pick,oracle_sfc,0,0,0,0,1,0,0.0,10,6,-1,medium,medium,0.55,low,2,,,,,,friction_model,424409
D,D_00385,apple_pick,semantic_only,1,0,1,0,1,0,0.0,10,6,-1,medium,medium,0.55,low,2,,,,,,friction_model,424409
D,D_00385,apple_pick,posthoc_single,0,0,0,0,1,0,0.04345062,10,6,-1,medium,medium,0.55,low,2,,,,,,friction_model,424409
D,D_00385,apple_pick,soft_penalty_fc,1,0,1,0,1,0,0.04345062,10,6,-1,medium,medium,0.55,low,2,,,,,,friction_model,424409
D,D_00386,apple_pick,geometric_fc,1,0,1,0,1,0,0.04905297,10,6,-1,medium,medium,0.55,low,2,,,,,,friction_model,424410
D,D_00386,apple_pick,oracle_sfc,0,0,0,0,1,0,0.0,10,6,-1,medium,medium,0.55,low,2,,,,,,friction_model,424410
D,D_00386,apple_pick,semantic_only,1,0,1,0,1,0,0.0,10,6,-1,medium,medium,0.55,low,2,,,,,,friction_model,424410
D,D_00386,apple_pick,posthoc_single,0,0,0,0,1,0,0.04905297,10,6,-1,medium,medium,0.55,low,2,,,,,,friction_model,424410
D,D_00386,apple_pick,soft_penalty_fc,1,0,1,0,1,0,0.04905297,10,6,-1,medium,medium,0.55,low,2,,,,,,friction_model,424410
D,D_00387,apple_pick,geometric_fc,1,0,1,0,1,0,0.04539585,10,6,-1,medium,medium,0.55,low,2,,,,,,friction_model,424411
D,D_00387,apple_pick,oracle_sfc,0,0,0,0,1,0,0.0,10,6,-1,medium,medium,0.55,low,2,,,,,,friction_model,424411
D,D_00387,apple_pick,semantic_only,1,0,1,0,1,0,0.0,10,6,-1,medium,medium,0.55,low,2,,,,,,friction_model,424411
D,D_00387,apple_pick,posthoc_single,0,0,0,0,1,0,0.04539585,10,6,-1,medium,medium,0.55,low,2,,,,,,friction_model,424411
D,D_00387,apple_pick,soft_penalty_fc,1,0,1,0,1,0,0.04539585,10,6,-1,medium,medium,0.55,low,2,,,,,,friction_model,424411
D,D_00388,apple_pick,geometric_fc,1,0,1,0,1,0,0.04514358,10,6,-1,medium,medium,0.55,low,2,,,,,,friction_model,424412
D,D_00388,apple_pick,oracle_sfc,0,0,0,0,1,0,0.0,10,6,-1,medium,medium,0.55,low,2,,,,,,friction_model,424412
D,D_00388,apple_pick,semantic_only,1,0,1,0,1,0,0.0,10,6,-1,medium,medium,0.55,low,2,,,,,,friction_model,424412
D,D_00388,apple_pick,posthoc_single,0,0,0,0,1,0,0.04514358,10,6,-1,medium,medium,0.55,low,2,,,,,,friction_model,424412
D,D_00388,apple_pick,soft_penalty_fc,1,0,1,0,1,0,0.04514358,10,6,-1,medium,medium,0.55,low,2,,,,,,friction_model,424412
D,D_00389,apple_pick,geometric_fc,1,0,1,0,1,0,0.0413615,10,6,-1,medium,medium,0.55,low,2,,,,,,friction_model,424413
D,D_00389,apple_pick,oracle_sfc,0,0,0,0,1,0,0.0,10,6,-1,medium,medium,0.55,low,2,,,,,,friction_model,424413
D,D_00389,apple_pick,semantic_only,1,0,1,0,1,0,0.0,10,6,-1,medium,medium,0.55,low,2,,,,,,friction_model,424413
D,D_00389,apple_pick,posthoc_single,0,0,0,0,1,0,0.0413615,10,6,-1,medium,medium,0.55,low,2,,,,,,friction_model,424413
D,D_00389,apple_pick,soft_penalty_fc,1,0,1,0,1,0,0.0413615,10,6,-1,medium,medium,0.55,low,2,,,,,,friction_model,424413
D,D_00390,apple_pick,geometric_fc,1,0,1,0,1,0,0.04568435,10,6,-1,medium,medium,0.55,low,2,,,,,,friction_model,424414
D,D_00390,apple_pick,oracle_sfc,0,0,0,0,1,0,0.0,10,6,-1,medium,medium,0.55,low,2,,,,,,friction_model,424414
D,D_00390,apple_pick,semantic_only,1,0,1,0,1,0,0.0,10,6,-1,medium,medium,0.55,low,2,,,,,,friction_model,424414
D,D_00390,apple_pick,posthoc_single,0,0,0,0,1,0,0.04568435,10,6,-1,medium,medium,0.55,low,2,,,,,,friction_model,424414
D,D_00390,apple_pick,soft_penalty_fc,1,0,1,0,1,0,0.04568435,10,6,-1,medium,medium,0.55,low,2,,,,,,friction_model,424414
D,D_00391,apple_pick,geometric_fc,1,0,1,0,1,0,0.04417273,10,6,-1,medium,medium,0.55,low,2,,,,,,friction_model,424415
D,D_00391,apple_pick,oracle_sfc,0,0,0,0,1,0,0.0,10,6,-1,medium,medium,0.55,low,2,,,,,,friction_model,424415
D,D_00391,apple_pick,semantic_only,1,0,1,0,1,0,0.0,10,6,-1,medium,medium,0.55,low,2,,,,,,friction_model,424415
D,D_00391,apple_pick,posthoc_single,0,0,0,0,1,0,0.04417273,10,6,-1,medium,medium,0.55,low,2,,,,,,friction_model,424415
D,D_00391,apple_pick,soft_penalty_fc,1,0,1,0,1,0,0.04417273,10,6,-1,medium,medium,0.55,low,2,,,,,,friction_model,424415
D,D_00392,apple_pick,geometric_fc,1,0,1,0,1,0,0.04071874,10,6,-1,medium,medium,0.55,low,2,,,,,,friction_model,424416
D,D_00392,apple_pick,oracle_sfc,0,0,0,0,1,0,0.0,10,6,-1,medium,medium,0.55,low,2,,,,,,friction_model,424416
D,D_00392,apple_pick,semantic_only,1,0,1,0,1,0,0.0,10,6,-1,medium,medium,0.55,low,2,,,,,,friction_model,424416
D,D_00392,apple_pick,posthoc_single,0,0,0,0,1,0,0.04071874,10,6,-1,medium,medium,0.55,low,2,,,,,,friction_model,424416
D,D_00392,apple_pick,soft_penalty_fc,1,0,1,0,1,0,0.04071874,10,6,-1,medium,medium,0.55,low,2,,,,,,friction_model,424416
D,D_00393,apple_pick,geometric_fc,1,0,1,1,1,1,0.02390971,10,6,-1,medium,medium,0.55,low,4,,,,,,friction_model,424417
D,D_00393,apple_pick,oracle_sfc,1,1,0,0,1,1,0.0033084,10,6,-1,medium,medium,0.55,low,4,,,,,,friction_model,424417
D,D_00393,apple_pick,semantic_only,1,1,0,0,1,1,0.0,10,6,-1,medium,medium,0.55,low,4,,,,,,friction_model,424417
D,D_00393,apple_pick,posthoc_single,0,0,0,1,1,1,0.02390971,10,6,-1,medium,medium,0.55,low,4,,,,,,friction_model,424417
D,D_00393,apple_pick,soft_penalty_fc,1,0,1,1,1,1,0.02390971,10,6,-1,medium,medium,0.55,low,4,,,,,,friction_model,424417
D,D_00394,apple_pick,geometric_fc,1,0,1,0,1,0,0.01905713,10,6,-1,medium,medium,0.55,low,4,,,,,,friction_model,424418
D,D_00394,apple_pick,oracle_sfc,0,0,0,0,1,0,0.0,10,6,-1,medium,medium,0.55,low,4,,,,,,friction_model,424418
D,D_00394,apple_pick,semantic_only,1,0,1,0,1,0,0.0,10,6,-1,medium,medium,0.55,low,4,,,,,,friction_model,424418
D,D_00394,apple_pick,posthoc_single,0,0,0,0,1,0,0.01905713,10,6,-1,medium,medium,0.55,low,4,,,,,,friction_model,424418
D,D_00394,apple_pick,soft_penalty_fc,1,0,1,0,1,0,0.01905713,10,6,-1,medium,medium,0.55,low,4,,,,,,friction_model,424418
D,D_00395,apple_pick,geometric_fc,1,0,1,0,1,0,0.02346532,10,6,-1,medium,medium,0.55,low,4,,,,,,friction_model,424419
D,D_00395,apple_pick,oracle_sfc,0,0,0,0,1,0,0.0,10,6,-1,medium,medium,0.55,low,4,,,,,,friction_model,424419
D,D_00395,apple_pick,semantic_only,1,0,1,0,1,0,0.0,10,6,-1,medium,medium,0.55,low,4,,,,,,friction_model,424419
D,D_00395,apple_pick,posthoc_single,0,0,0,0,1,0,0.02346532,10,6,-1,medium,medium,0.55,low,4,,,,,,friction_model,424419
D,D_00395,apple_pick,soft_penalty_fc,1,0,1,0,1,0,0.02346532,10,6,-1,medium,medium,0.55,low,4,,,,,,friction_model,424419
D,D_00396,apple_pick,geometric_fc,1,0,1,1,1,1,0.02403221,10,6,-1,medium,medium,0.55,low,4,,,,,,friction_model,424420
D,D_00396,apple_pick,oracle_sfc,1,1,0,0,1,1,0.0035112,10,6,-1,medium,medium,0.55,low,4,,,,,,friction_model,424420
D,D_00396,apple_pick,semantic_only,1,1,0,0,1,1,0.0,10,6,-1,medium,medium,0.55,low,4,,,,,,friction_model,424420
D,D_00396,apple_pick,posthoc_single,0,0,0,1,1,1,0.02403221,10,6,-1,medium,medium,0.55,low,4,,,,,,friction_model,424420
D,D_00396,apple_pick,soft_penalty_fc,1,0,1,1,1,1,0.02403221,10,6,-1,medium,medium,0.55,low,4,,,,,,friction_model,424420
D,D_00397,apple_pick,geometric_fc,1,0,1,0,1,0,0.02185417,10,6,-1,medium,medium,0.55,low,4,,,,,,friction_model,424421
D,D_00397,apple_pick,oracle_sfc,0,0,0,0,1,0,0.0,10,6,-1,medium,medium,0.55,low,4,,,,,,friction_model,424421
D,D_00397,apple_pick,semantic_only,1,0,1,0,1,0,0.0,10,6,-1,medium,medium,0.55,low,4,,,,,,friction_model,424421
D,D_00397,apple_pick,posthoc_single,0,0,0,0,1,0,0.02185417,10,6,-1,medium,medium,0.55,low,4,,,,,,friction_model,424421
D,D_00397,apple_pick,soft_penalty_fc,1,0,1,0,1,0,0.02185417,10,6,-1,medium,medium,0.55,low,4,,,,,,friction_model,424421
D,D_00398,apple_pick,geometric_fc,1,0,1,0,1,0,0.01996358,10,6,-1,medium,medium,0.55,low,4,,,,,,friction_model,424422
D,D_00398,apple_pick,oracle_sfc,0,0,0,0,1,0,0.0,10,6,-1,medium,medium,0.55,low,4,,,,,,friction_model,424422
D,D_00398,apple_pick,semantic_only,1,0,1,0,1,0,0.0,10,6,-1,medium,medium,0.55,low,4,,,,,,friction_model,424422
D,D_00398,apple_pick,posthoc_single,0,0,0,0,1,0,0.01996358,10,6,-1,medium,medium,0.55,low,4,,,,,,friction_model,424422
D,D_00398,apple_pick,soft_penalty_fc,1,0,1,0,1,0,0.01996358,10,6,-1,medium,medium,0.55,low,4,,,,,,friction_model,424422
D,D_00399,apple_pick,geometric_fc,1,0,1,0,1,0,0.02471433,10,6,-1,medium,medium,0.55,low,4,,,,,,friction_model,424423
D,D_00399,apple_pick,oracle_sfc,0,0,0,0,1,0,0.0,10,6,-1,medium,medium,0.55,low,4,,,,,,friction_model,424423
D,D_00399,apple_pick,semantic_only,1,0,1,0,1,0,0.0,10,6,-1,medium,medium,0.55,low,4,,,,,,friction_model,424423
D,D_00399,apple_pick,posthoc_single,0,0,0,0,1,0,0.02471433,10,6,-1,medium,medium,0.55,low,4,,,,,,friction_model,424423
D,D_00399,apple_pick,soft_penalty_fc,1,0,1,0,1,0,0.02471433,10,6,-1,medium,medium,0.55,low,4,,,,,,friction_model,424423
D,D_00400,apple_pick,geometric_fc,1,0,1,1,1,1,0.02302446,10,6,-1,medium,medium,0.55,low,4,,,,,,friction_model,424424
D,D_00400,apple_pick,oracle_sfc,1,1,0,0,1,1,0.00296616,10,6,-1,medium,medium,0.55,low,4,,,,,,friction_model,424424
D,D_00400,apple_pick,semantic_only,1,1,0,0,1,1,0.0,10,6,-1,medium,medium,0.55,low,4,,,,,,friction_model,424424
D,D_00400,apple_pick,posthoc_single,0,0,0,1,1,1,0.02302446,10,6,-1,medium,medium,0.55,low,4,,,,,,friction_model,424424
D,D_00400,apple_pick,soft_penalty_fc,1,0,1,1,1,1,0.02302446,10,6,-1,medium,medium,0.55,low,4,,,,,,friction_model,424424
D,D_00401,apple_pick,geometric_fc,1,0,1,0,1,0,0.01225536,10,6,-1,medium,medium,0.55,low,8,,,,,,friction_model,424425
D,D_00401,apple_pick,oracle_sfc,0,0,0,0,1,0,0.0,10,6,-1,medium,medium,0.55,low,8,,,,,,friction_model,424425
D,D_00401,apple_pick,semantic_only,1,0,1,0,1,0,0.0,10,6,-1,medium,medium,0.55,low,8,,,,,,friction_model,424425
D,D_00401,apple_pick,posthoc_single,0,0,0,0,1,0,0.01225536,10,6,-1,medium,medium,0.55,low,8,,,,,,friction_model,424425
D,D_00401,apple_pick,soft_penalty_fc,1,0,1,0,1,0,0.01225536,10,6,-1,medium,medium,0.55,low,8,,,,,,friction_model,424425
D,D_00402,apple_pick,geometric_fc,1,0,1,0,1,0,0.01026938,10,6,-1,medium,medium,0.55,low,8,,,,,,friction_model,424426
D,D_00402,apple_pick,oracle_sfc,0,0,0,0,1,0,0.0,10,6,-1,medium,medium,0.55,low,8,,,,,,friction_model,424426
D,D_00402,apple_pick,semantic_only,1,0,1,0,1,0,0.0,10,6,-1,medium,medium,0.55,low,8,,,,,,friction_model,424426
D,D_00402,apple_pick,posthoc_single,0,0,0,0,1,0,0.01026938,10,6,-1,medium,medium,0.55,low,8,,,,,,friction_model,424426
D,D_00402,apple_pick,soft_penalty_fc,0,0,0,0,1,0,0.01026938,10,6,-1,medium,medium,0.55,low,8,,,,,,friction_model,424426
D,D_00403,apple_pick,geometric_fc,1,0,1,0,1,0,0.0098105,10,6,-1,medium,medium,0.55,low,8,,,,,,friction_model,424427
D,D_00403,apple_pick,oracle_sfc,0,0,0,0,1,0,0.0,10,6,-1,medium,medium,0.55,low,8,,,,,,friction_model,424427
D,D_00403,apple_pick,semantic_only,1,0,1,0,1,0,0.0,10,6,-1,medium,medium,0.55,low,8,,,,,,friction_model,424427
D,D_00403,apple_pick,posthoc_single,0,0,0,0,1,0,0.0098105,10,6,-1,medium,medium,0.55,low,8,,,,,,friction_model,424427
D,D_00403,apple_pick,soft_penalty_fc,0,0,0,0,1,0,0.0098105,10,6,-1,medium,medium,0.55,low,8,,,,,,friction_model,424427
D,D_00404,apple_pick,geometric_fc,1,0,1,0,1,0,0.01213884,10,6,-1,medium,medium,0.55,low,8,,,,,,friction_model,424428
D,D_00404,apple_pick,oracle_sfc,0,0,0,0,1,0,0.0,10,6,-1,medium,medium,0.55,low,8,,,,,,friction_model,424428
D,D_00404,apple_pick,semantic_only,1,0,1,0,1,0,0.0,10,6,-1,medium,medium,0.55,low,8,,,,,,friction_model,424428
D,D_00404,apple_pick,posthoc_single,0,0,0,0,1,0,0.01213884,10,6,-1,medium,medium,0.55,low,8,,,,,,friction_model,424428
D,D_00404,apple_pick,soft_penalty_fc,1,0,1,0,1,0,0.01213884,10,6,-1,medium,medium,0.55,low,8,,,,,,friction_model,424428
D,D_00405,apple_pick,geometric_fc,1,0,1,0,1,0,0.00928349,10,6,-1,medium,medium,0.55,low,8,,,,,,friction_model,424429
D,D_00405,apple_pick,oracle_sfc,0,0,0,0,1,0,0.0,10,6,-1,medium,medium,0.55,low,8,,,,,,friction_model,424429
D,D_00405,apple_pick,semantic_only,1,0,1,0,1,0,0.0,10,6,-1,medium,medium,0.55,low,8,,,,,,friction_model,424429
D,D_00405,apple_pick,posthoc_single,0,0,0,0,1,0,0.00928349,10,6,-1,medium,medium,0.55,low,8,,,,,,friction_model,424429
D,D_00405,apple_pick,soft_penalty_fc,0,0,0,0,1,0,0.00928349,10,6,-1,medium,medium,0.55,low,8,,,,,,friction_model,424429
D,D_00406,apple_pick,geometric_fc,1,0,1,0,1,0,0.01179358,10,6,-1,medium,medium,0.55,low,8,,,,,,friction_model,424430
D,D_00406,apple_pick,oracle_sfc,0,0,0,0,1,0,0.0,10,6,-1,medium,medium,0.55,low,8,,,,,,friction_model,424430
D,D_00406,apple_pick,semantic_only,1,0,1,0,1,0,0.0,10,6,-1,medium,medium,0.55,low,8,,,,,,friction_model,424430
D,D_00406,apple_pick,posthoc_single,0,0,0,0,1,0,0.01179358,10,6,-1,medium,medium,0.55,low,8,,,,,,friction_model,424430
D,D_00406,apple_pick,soft_penalty_fc,0,0,0,0,1,0,0.01179358,10,6,-1,medium,medium,0.55,low,8,,,,,,friction_model,424430
D,D_00407,apple_pick,geometric_fc,1,0,1,0,1,0,0.01066348,10,6,-1,medium,medium,0.55,low,8,,,,,,friction_model,424431
D,D_00407,apple_pick,oracle_sfc,0,0,0,0,1,0,0.0,10,6,-1,medium,medium,0.55,low,8,,,,,,friction_model,424431
D,D_00407,apple_pick,semantic_only,1,0,1,0,1,0,0.0,10,6,-1,medium,medium,0.55,low,8,,,,,,friction_model,424431
D,D_00407,apple_pick,posthoc_single,0,0,0,0,1,0,0.01066348,10,6,-1,medium,medium,0.55,low,8,,,,,,friction_model,424431
D,D_00407,apple_pick,soft_penalty_fc,0,0,0,0,1,0,0.01066348,10,6,-1,medium,medium,0.55,low,8,,,,,,friction_model,424431
D,D_00408,apple_pick,geometric_fc,1,0,1,1,1,1,0.0112873,10,6,-1,medium,medium,0.55,low,8,,,,,,friction_model,424432
D,D_00408,apple_pick,oracle_sfc,1,1,0,0,1,1,0.00125204,10,6,-1,medium,medium,0.55,low,8,,,,,,friction_model,424432
D,D_00408,apple_pick,semantic_only,1,1,0,0,1,1,0.0,10,6,-1,medium,medium,0.55,low,8,,,,,,friction_model,424432
D,D_00408,apple_pick,posthoc_single,0,0,0,1,1,1,0.0112873,10,6,-1,medium,medium,0.55,low,8,,,,,,friction_model,424432
D,D_00408,apple_pick,soft_penalty_fc,0,0,0,1,1,1,0.0112873,10,6,-1,medium,medium,0.55,low,8,,,,,,friction_model,424432
D,D_00409,apple_pick,geometric_fc,1,0,1,0,1,0,0.04190361,10,6,-1,medium,medium,0.55,medium,2,,,,,,friction_model,424433
D,D_00409,apple_pick,oracle_sfc,0,0,0,0,1,0,0.0,10,6,-1,medium,medium,0.55,medium,2,,,,,,friction_model,424433
D,D_00409,apple_pick,semantic_only,1,0,1,0,1,0,0.0,10,6,-1,medium,medium,0.55,medium,2,,,,,,friction_model,424433
D,D_00409,apple_pick,posthoc_single,0,0,0,0,1,0,0.04190361,10,6,-1,medium,medium,0.55,medium,2,,,,,,friction_model,424433
D,D_00409,apple_pick,soft_penalty_fc,1,0,1,0,1,0,0.04190361,10,6,-1,medium,medium,0.55,medium,2,,,,,,friction_model,424433
D,D_00410,apple_pick,geometric_fc,1,0,1,1,1,1,0.04822901,10,6,-1,medium,medium,0.55,medium,2,,,,,,friction_model,424434
D,D_00410,apple_pick,oracle_sfc,1,1,0,0,1,1,0.0243994,10,6,-1,medium,medium,0.55,medium,2,,,,,,friction_model,424434
D,D_00410,apple_pick,semantic_only,1,1,0,0,1,1,0.0,10,6,-1,medium,medium,0.55,medium,2,,,,,,friction_model,424434
D,D_00410,apple_pick,posthoc_single,0,0,0,1,1,1,0.04822901,10,6,-1,medium,medium,0.55,medium,2,,,,,,friction_model,424434
D,D_00410,apple_pick,soft_penalty_fc,1,0,1,1,1,1,0.04822901,10,6,-1,medium,medium,0.55,medium,2,,,,,,friction_model,424434
D,D_00411,apple_pick,geometric_fc,1,0,1,0,1,0,0.03889651,10,6,-1,medium,medium,0.55,medium,2,,,,,,friction_model,424435
D,D_00411,apple_pick,oracle_sfc,0,0,0,0,1,0,0.0,10,6,-1,medium,medium,0.55,medium,2,,,,,,friction_model,424435
D,D_00411,apple_pick,semantic_only,1,0,1,0,1,0,0.0,10,6,-1,medium,medium,0.55,medium,2,,,,,,friction_model,424435
D,D_00411,apple_pick,posthoc_single,0,0,0,0,1,0,0.03889651,10,6,-1,medium,medium,0.55,medium,2,,,,,,friction_model,424435
D,D_00411,apple_pick,soft_penalty_fc,1,0,1,0,1,0,0.03889651,10,6,-1,medium,medium,0.55,medium,2,,,,,,friction_model,424435
D,D_00412,apple_pick,geometric_fc,1,0,1,1,1,1,0.04658974,10,6,-1,medium,medium,0.55,medium,2,,,,,,friction_model,424436
D,D_00412,apple_pick,oracle_sfc,1,1,0,0,1,1,0.0232533,10,6,-1,medium,medium,0.55,medium,2,,,,,,friction_model,424436
D,D_00412,apple_pick,semantic_only,1,1,0,0,1,1,0.0,10,6,-1,medium,medium,0.55,medium,2,,,,,,friction_model,424436
D,D_00412,apple_pick,posthoc_single,0,0,0,1,1,1,0.04658974,10,6,-1,medium,medium,0.55,medium,2,,,,,,friction_model,424436
D,D_00412,apple_pick,soft_penalty_fc,1,0,1,1,1,1,0.04658974,10,6,-1,medium,medium,0.55,medium,2,,,,,,friction_model,424436
D,D_00413,apple_pick,geometric_fc,1,0,1,1,1,1,0.0389998,10,6,-1,medium,medium,0.55,medium,2,,,,,,friction_model,424437
D,D_00413,apple_pick,oracle_sfc,1,1,0,0,1,1,0.00038188,10,6,-1,medium,medium,0.55,medium,2,,,,,,friction_model,424437
D,D_00413,apple_pick,semantic_only,1,1,0,0,1,1,0.0,10,6,-1,medium,medium,0.55,medium,2,,,,,,friction_model,424437
D,D_00413,apple_pick,posthoc_single,0,0,0,1,1,1,0.0389998,10,6,-1,medium,medium,0.55,medium,2,,,,,,friction_model,424437
D,D_00413,apple_pick,soft_penalty_fc,1,0,1,1,1,1,0.0389998,10,6,-1,medium,medium,0.55,medium,2,,,,,,friction_model,424437
D,D_00414,apple_pick,geometric_fc,1,0,1,1,1,1,0.04570291,10,6,-1,medium,medium,0.55,medium,2,,,,,,friction_model,424438
D,D_00414,apple_pick,oracle_sfc,1,1,0,0,1,1,0.0061506,10,6,-1,medium,medium,0.55,medium,2,,,,,,friction_model,424438
D,D_00414,apple_pick,semantic_only,1,1,0,0,1,1,0.0,10,6,-1,medium,medium,0.55,medium,2,,,,,,friction_model,424438
D,D_00414,apple_pick,posthoc_single,0,0,0,1,1,1,0.04570291,10,6,-1,medium,medium,0.55,medium,2,,,,,,friction_model,424438
D,D_00414,apple_pick,soft_penalty_fc,1,0,1,1,1,1,0.04570291,10,6,-1,medium,medium,0.55,medium,2,,,,,,friction_model,424438
D,D_00415,apple_pick,geometric_fc,1,0,1,1,1,1,0.0405837,10,6,-1,medium,medium,0.55,medium,2,,,,,,friction_model,424439
D,D_00415,apple_pick,oracle_sfc,1,1,0,0,1,1,0.01934914,10,6,-1,medium,medium,0.55,medium,2,,,,,,friction_model,424439
D,D_00415,apple_pick,semantic_only,1,1,0,0,1,1,0.0,10,6,-1,medium,medium,0.55,medium,2,,,,,,friction_model,424439
D,D_00415,apple_pick,posthoc_single,0,0,0,1,1,1,0.0405837,10,6,-1,medium,medium,0.55,medium,2,,,,,,friction_model,424439
D,D_00415,apple_pick,soft_penalty_fc,1,0,1,1,1,1,0.0405837,10,6,-1,medium,medium,0.55,medium,2,,,,,,friction_model,424439
D,D_00416,apple_pick,geometric_fc,1,0,1,1,1,1,0.04734505,10,6,-1,medium,medium,0.55,medium,2,,,,,,friction_model,424440
D,D_00416,apple_pick,oracle_sfc,1,1,0,0,1,1,0.02612396,10,6,-1,medium,medium,0.55,medium,2,,,,,,friction_model,424440
D,D_00416,apple_pick,semantic_only,1,1,0,0,1,1,0.0,10,6,-1,medium,medium,0.55,medium,2,,,,,,friction_model,424440
D,D_00416,apple_pick,posthoc_single,0,0,0,1,1,1,0.04734505,10,6,-1,medium,medium,0.55,medium,2,,,,,,friction_model,424440
D,D_00416,apple_pick,soft_penalty_fc,1,0,1,1,1,1,0.04734505,10,6,-1,medium,medium,0.55,medium,2,,,,,,friction_model,424440
D,D_00417,apple_pick,geometric_fc,1,0,1,0,1,0,0.02208103,10,6,-1,medium,medium,0.55,medium,4,,,,,,friction_model,424441
D,D_00417,apple_pick,oracle_sfc,0,0,0,0,1,0,0.0,10,6,-1,medium,medium,0.55,medium,4,,,,,,friction_model,424441
D,D_00417,apple_pick,semantic_only,1,0,1,0,1,0,0.0,10,6,-1,medium,medium,0.55,medium,4,,,,,,friction_model,424441
D,D_00417,apple_pick,posthoc_single,0,0,0,0,1,0,0.02208103,10,6,-1,medium,medium,0.55,medium,4,,,,,,friction_model,424441
D,D_00417,apple_pick,soft_penalty_fc,1,0,1,0,1,0,0.02208103,10,6,-1,medium,medium,0.55,medium,4,,,,,,friction_model,424441
D,D_00418,apple_pick,geometric_fc,1,0,1,1,1,1,0.02197594,10,6,-1,medium,medium,0.55,medium,4,,,,,,friction_model,424442
D,D_00418,apple_pick,oracle_sfc,1,1,0,0,1,1,0.00535323,10,6,-1,medium,medium,0.55,medium,4,,,,,,friction_model,424442
D,D_00418,apple_pick,semantic_only,1,1,0,0,1,1,0.0,10,6,-1,medium,medium,0.55,medium,4,,,,,,friction_model,424442
D,D_00418,apple_pick,posthoc_single,0,0,0,1,1,1,0.02197594,10,6,-1,medium,medium,0.55,medium,4,,,,,,friction_model,424442
D,D_00418,apple_pick,soft_penalty_fc,1,0,1,1,1,1,0.02197594,10,6,-1,medium,medium,0.55,medium,4,,,,,,friction_model,424442
D,D_00419,apple_pick,geometric_fc,1,0,1,1,1,1,0.02240639,10,6,-1,medium,medium,0.55,medium,4,,,,,,friction_model,424443
D,D_00419,apple_pick,oracle_sfc,1,1,0,0,1,1,0.0030317,10,6,-1,medium,medium,0.55,medium,4,,,,,,friction_model,424443
D,D_00419,apple_pick,semantic_only,1,1,0,0,1,1,0.0,10,6,-1,medium,medium,0.55,medium,4,,,,,,friction_model,424443
D,D_00419,apple_pick,posthoc_single,0,0,0,1,1,1,0.02240639,10,6,-1,medium,medium,0.55,medium,4,,,,,,friction_model,424443
D,D_00419,apple_pick,soft_penalty_fc,1,0,1,1,1,1,0.02240639,10,6,-1,medium,medium,0.55,medium,4,,,,,,friction_model,424443
D,D_00420,apple_pick,geometric_fc,1,0,1,1,1,1,0.02347691,10,6,-1,medium,medium,0.55,medium,4,,,,,,friction_model,424444
D,D_00420,apple_pick,oracle_sfc,1,1,0,0,1,1,0.01398635,10,6,-1,medium,medium,0.55,medium,4,,,,,,friction_model,424444
D,D_00420,apple_pick,semantic_only,1,1,0,0,1,1,0.0,10,6,-1,medium,medium,0.55,medium,4,,,,,,friction_model,424444
D,D_00420,apple_pick,posthoc_single,0,0,0,1,1,1,0.02347691,10,6,-1,medium,medium,0.55,medium,4,,,,,,friction_model,424444
D,D_00420,apple_pick,soft_penalty_fc,1,0,1,1,1,1,0.02347691,10,6,-1,medium,medium,0.55,medium,4,,,,,,friction_model,424444
D,D_00421,apple_pick,geometric_fc,1,0,1,1,1,1,0.02424166,10,6,-1,medium,medium,0.55,medium,4,,,,,,friction_model,424445
D,D_00421,apple_pick,oracle_sfc,1,1,0,0,1,1,0.00634639,10,6,-1,medium,medium,0.55,medium,4,,,,,,friction_model,424445
D,D_00421,apple_pick,semantic_only,1,1,0,0,1,1,0.0,10,6,-1,medium,medium,0.55,medium,4,,,,,,friction_model,424445
D,D_00421,apple_pick,posthoc_single,0,0,0,1,1,1,0.02424166,10,6,-1,medium,medium,0.55,medium,4,,,,,,friction_model,424445
D,D_00421,apple_pick,soft_penalty_fc,1,0,1,1,1,1,0.02424166,10,6,-1,medium,medium,0.55,medium,4,,,,,,friction_model,424445
D,D_00422,apple_pick,geometric_fc,1,0,1,1,1,1,0.02216258,10,6,-1,medium,medium,0.55,medium,4,,,,,,friction_model,424446
D,D_00422,apple_pick,oracle_sfc,1,1,0,0,1,1,0.00270382,10,6,-1,medium,medium,0.55,medium,4,,,,,,friction_model,424446
D,D_00422,apple_pick,semantic_only,1,1,0,0,1,1,0.0,10,6,-1,medium,medium,0.55,medium,4,,,,,,friction_model,424446
D,D_00422,apple_pick,posthoc_single,0,0,0,1,1,1,0.02216258,10,6,-1,medium,medium,0.55,medium,4,,,,,,friction_model,424446
D,D_00422,apple_pick,soft_penalty_fc,1,0,1,1,1,1,0.02216258,10,6,-1,medium,medium,0.55,medium,4,,,,,,friction_model,424446
D,D_00423,apple_pick,geometric_fc,1,0,1,1,1,1,0.02159646,10,6,-1,medium,medium,0.55,medium,4,,,,,,friction_model,424447
D,D_00423,apple_pick,oracle_sfc,1,1,0,0,1,1,0.00860734,10,6,-1,medium,medium,0.55,medium,4,,,,,,friction_model,424447
D,D_00423,apple_pick,semantic_only,1,1,0,0,1,1,0.0,10,6,-1,medium,medium,0.55,medium,4,,,,,,friction_model,424447
D,D_00423,apple_pick,posthoc_single,0,0,0,1,1,1,0.02159646,10,6,-1,medium,medium,0.55,medium,4,,,,,,friction_model,424447
D,D_00423,apple_pick,soft_penalty_fc,1,0,1,1,1,1,0.02159646,10,6,-1,medium,medium,0.55,medium,4,,,,,,friction_model,424447
D,D_00424,apple_pick,geometric_fc,1,0,1,1,1,1,0.02400887,10,6,-1,medium,medium,0.55,medium,4,,,,,,friction_model,424448
D,D_00424,apple_pick,oracle_sfc,1,1,0,0,1,1,0.01679461,10,6,-1,medium,medium,0.55,medium,4,,,,,,friction_model,424448
D,D_00424,apple_pick,semantic_only,1,1,0,0,1,1,0.0,10,6,-1,medium,medium,0.55,medium,4,,,,,,friction_model,424448
D,D_00424,apple_pick,posthoc_single,0,0,0,1,1,1,0.02400887,10,6,-1,medium,medium,0.55,medium,4,,,,,,friction_model,424448
D,D_00424,apple_pick,soft_penalty_fc,1,0,1,1,1,1,0.02400887,10,6,-1,medium,medium,0.55,medium,4,,,,,,friction_model,424448
D,D_00425,apple_pick,geometric_fc,1,0,1,0,1,0,0.01104989,10,6,-1,medium,medium,0.55,medium,8,,,,,,friction_model,424449
D,D_00425,apple_pick,oracle_sfc,0,0,0,0,1,0,0.0,10,6,-1,medium,medium,0.55,medium,8,,,,,,friction_model,424449
D,D_00425,apple_pick,semantic_only,1,0,1,0,1,0,0.0,10,6,-1,medium,medium,0.55,medium,8,,,,,,friction_model,424449
D,D_00425,apple_pick,posthoc_single,0,0,0,0,1,0,0.01104989,10,6,-1,medium,medium,0.55,medium,8,,,,,,friction_model,424449
D,D_00425,apple_pick,soft_penalty_fc,0,0,0,0,1,0,0.01104989,10,6,-1,medium,medium,0.55,medium,8,,,,,,friction_model,424449
D,D_00426,apple_pick,geometric_fc,1,0,1,1,1,1,0.01083029,10,6,-1,medium,medium,0.55,medium,8,,,,,,friction_model,424450
D,D_00426,apple_pick,oracle_sfc,1,1,0,0,1,1,0.00157516,10,6,-1,medium,medium,0.55,medium,8,,,,,,friction_model,424450
D,D_00426,apple_pick,semantic_only,1,1,0,0,1,1,0.0,10,6,-1,medium,medium,0.55,medium,8,,,,,,friction_model,424450
D,D_00426,apple_pick,posthoc_single,0,0,0,1,1,1,0.01083029,10,6,-1,medium,medium,0.55,medium,8,,,,,,friction_model,424450
D,D_00426,apple_pick,soft_penalty_fc,0,0,0,1,1,1,0.01083029,10,6,-1,medium,medium,0.55,medium,8,,,,,,friction_model,424450
D,D_00427,apple_pick,geometric_fc,1,0,1,0,1,0,0.01089234,10,6,-1,medium,medium,0.55,medium,8,,,,,,friction_model,424451
D,D_00427,apple_pick,oracle_sfc,0,0,0,0,1,0,0.0,10,6,-1,medium,medium,0.55,medium,8,,,,,,friction_model,424451
D,D_00427,apple_pick,semantic_only,1,0,1,0,1,0,0.0,10,6,-1,medium,medium,0.55,medium,8,,,,,,friction_model,424451
D,D_00427,apple_pick,posthoc_single,0,0,0,0,1,0,0.01089234,10,6,-1,medium,medium,0.55,medium,8,,,,,,friction_model,424451
D,D_00427,apple_pick,soft_penalty_fc,0,0,0,0,1,0,0.01089234,10,6,-1,medium,medium,0.55,medium,8,,,,,,friction_model,424451
D,D_00428,apple_pick,geometric_fc,1,0,1,1,1,1,0.01196359,10,6,-1,medium,medium,0.55,medium,8,,,,,,friction_model,424452
D,D_00428,apple_pick,oracle_sfc,1,1,0,0,1,1,0.00581382,10,6,-1,medium,medium,0.55,medium,8,,,,,,friction_model,424452
D,D_00428,apple_pick,semantic_only,1,1,0,0,1,1,0.0,10,6,-1,medium,medium,0.55,medium,8,,,,,,friction_model,424452
D,D_00428,apple_pick,posthoc_single,0,0,0,1,1,1,0.01196359,10,6,-1,medium,medium,0.55,medium,8,,,,,,friction_model,424452
D,D_00428,apple_pick,soft_penalty_fc,0,0,0,1,1,1,0.01196359,10,6,-1,medium,medium,0.55,medium,8,,,,,,friction_model,424452
D,D_00429,apple_pick,geometric_fc,1,0,1,1,1,1,0.01081496,10,6,-1,medium,medium,0.55,medium,8,,,,,,friction_model,424453
D,D_00429,apple_pick,oracle_sfc,1,1,0,0,1,1,0.00140951,10,6,-1,medium,medium,0.55,medium,8,,,,,,friction_model,424453
D,D_00429,apple_pick,semantic_only,1,1,0,0,1,1,0.0,10,6,-1,medium,medium,0.55,medium,8,,,,,,friction_model,424453
D,D_00429,apple_pick,posthoc_single,0,0,0,1,1,1,0.01081496,10,6,-1,medium,medium,0.55,medium,8,,,,,,friction_model,424453
D,D_00429,apple_pick,soft_penalty_fc,0,0,0,1,1,1,0.01081496,10,6,-1,medium,medium,0.55,medium,8,,,,,,friction_model,424453
D,D_00430,apple_pick,geometric_fc,1,0,1,1,1,1,0.01199807,10,6,-1,medium,medium,0.55,medium,8,,,,,,friction_model,424454
D,D_00430,apple_pick,oracle_sfc,1,1,0,0,1,1,0.00646756,10,6,-1,medium,medium,0.55,medium,8,,,,,,friction_model,424454
D,D_00430,apple_pick,semantic_only,1,1,0,0,1,1,0.0,10,6,-1,medium,medium,0.55,medium,8,,,,,,friction_model,424454
D,D_00430,apple_pick,posthoc_single,0,0,0,1,1,1,0.01199807,10,6,-1,medium,medium,0.55,medium,8,,,,,,friction_model,424454
D,D_00430,apple_pick,soft_penalty_fc,0,0,0,1,1,1,0.01199807,10,6,-1,medium,medium,0.55,medium,8,,,,,,friction_model,424454
D,D_00431,apple_pick,geometric_fc,1,0,1,1,1,1,0.01214645,10,6,-1,medium,medium,0.55,medium,8,,,,,,friction_model,424455
D,D_00431,apple_pick,oracle_sfc,1,1,0,0,1,1,0.00165159,10,6,-1,medium,medium,0.55,medium,8,,,,,,friction_model,424455
D,D_00431,apple_pick,semantic_only,1,1,0,0,1,1,0.0,10,6,-1,medium,medium,0.55,medium,8,,,,,,friction_model,424455
D,D_00431,apple_pick,posthoc_single,0,0,0,1,1,1,0.01214645,10,6,-1,medium,medium,0.55,medium,8,,,,,,friction_model,424455
D,D_00431,apple_pick,soft_penalty_fc,1,0,1,1,1,1,0.01214645,10,6,-1,medium,medium,0.55,medium,8,,,,,,friction_model,424455
D,D_00432,apple_pick,geometric_fc,1,0,1,1,1,1,0.01040696,10,6,-1,medium,medium,0.55,medium,8,,,,,,friction_model,424456
D,D_00432,apple_pick,oracle_sfc,1,1,0,0,1,1,0.0024149,10,6,-1,medium,medium,0.55,medium,8,,,,,,friction_model,424456
D,D_00432,apple_pick,semantic_only,1,1,0,0,1,1,0.0,10,6,-1,medium,medium,0.55,medium,8,,,,,,friction_model,424456
D,D_00432,apple_pick,posthoc_single,0,0,0,1,1,1,0.01040696,10,6,-1,medium,medium,0.55,medium,8,,,,,,friction_model,424456
D,D_00432,apple_pick,soft_penalty_fc,0,0,0,1,1,1,0.01040696,10,6,-1,medium,medium,0.55,medium,8,,,,,,friction_model,424456
D,D_00433,apple_pick,geometric_fc,1,0,1,1,1,1,0.04636981,10,6,-1,medium,medium,0.55,high,2,,,,,,friction_model,424457
D,D_00433,apple_pick,oracle_sfc,1,1,0,0,1,1,0.02023266,10,6,-1,medium,medium,0.55,high,2,,,,,,friction_model,424457
D,D_00433,apple_pick,semantic_only,1,1,0,0,1,1,0.0,10,6,-1,medium,medium,0.55,high,2,,,,,,friction_model,424457
D,D_00433,apple_pick,posthoc_single,0,0,0,1,1,1,0.04636981,10,6,-1,medium,medium,0.55,high,2,,,,,,friction_model,424457
D,D_00433,apple_pick,soft_penalty_fc,1,0,1,1,1,1,0.04636981,10,6,-1,medium,medium,0.55,high,2,,,,,,friction_model,424457
D,D_00434,apple_pick,geometric_fc,1,0,1,1,1,1,0.04378315,10,6,-1,medium,medium,0.55,high,2,,,,,,friction_model,424458
D,D_00434,apple_pick,oracle_sfc,1,1,0,0,1,1,0.00742792,10,6,-1,medium,medium,0.55,high,2,,,,,,friction_model,424458
D,D_00434,apple_pick,semantic_only,1,1,0,0,1,1,0.0,10,6,-1,medium,medium,0.55,high,2,,,,,,friction_model,424458
D,D_00434,apple_pick,posthoc_single,0,0,0,1,1,1,0.04378315,10,6,-1,medium,medium,0.55,high,2,,,,,,friction_model,424458
D,D_00434,apple_pick,soft_penalty_fc,1,0,1,1,1,1,0.04378315,10,6,-1,medium,medium,0.55,high,2,,,,,,friction_model,424458
D,D_00435,apple_pick,geometric_fc,1,0,1,1,1,1,0.04881571,10,6,-1,medium,medium,0.55,high,2,,,,,,friction_model,424459
D,D_00435,apple_pick,oracle_sfc,1,1,0,0,1,1,0.03623962,10,6,-1,medium,medium,0.55,high,2,,,,,,friction_model,424459
D,D_00435,apple_pick,semantic_only,1,1,0,0,1,1,0.0,10,6,-1,medium,medium,0.55,high,2,,,,,,friction_model,424459
D,D_00435,apple_pick,posthoc_single,0,0,0,1,1,1,0.04881571,10,6,-1,medium,medium,0.55,high,2,,,,,,friction_model,424459
D,D_00435,apple_pick,soft_penalty_fc,1,0,1,1,1,1,0.04881571,10,6,-1,medium,medium,0.55,high,2,,,,,,friction_model,424459
D,D_00436,apple_pick,geometric_fc,1,0,1,1,1,1,0.04480131,10,6,-1,medium,medium,0.55,high,2,,,,,,friction_model,424460
D,D_00436,apple_pick,oracle_sfc,1,1,0,0,1,1,0.02877886,10,6,-1,medium,medium,0.55,high,2,,,,,,friction_model,424460
D,D_00436,apple_pick,semantic_only,1,1,0,0,1,1,0.0,10,6,-1,medium,medium,0.55,high,2,,,,,,friction_model,424460
D,D_00436,apple_pick,posthoc_single,0,0,0,1,1,1,0.04480131,10,6,-1,medium,medium,0.55,high,2,,,,,,friction_model,424460
D,D_00436,apple_pick,soft_penalty_fc,1,0,1,1,1,1,0.04480131,10,6,-1,medium,medium,0.55,high,2,,,,,,friction_model,424460
D,D_00437,apple_pick,geometric_fc,1,0,1,1,1,1,0.04702773,10,6,-1,medium,medium,0.55,high,2,,,,,,friction_model,424461
D,D_00437,apple_pick,oracle_sfc,1,1,0,0,1,1,0.03590034,10,6,-1,medium,medium,0.55,high,2,,,,,,friction_model,424461
D,D_00437,apple_pick,semantic_only,1,1,0,0,1,1,0.0,10,6,-1,medium,medium,0.55,high,2,,,,,,friction_model,424461
D,D_00437,apple_pick,posthoc_single,0,0,0,1,1,1,0.04702773,10,6,-1,medium,medium,0.55,high,2,,,,,,friction_model,424461
D,D_00437,apple_pick,soft_penalty_fc,1,0,1,1,1,1,0.04702773,10,6,-1,medium,medium,0.55,high,2,,,,,,friction_model,424461
D,D_00438,apple_pick,geometric_fc,1,0,1,1,1,1,0.04269434,10,6,-1,medium,medium,0.55,high,2,,,,,,friction_model,424462
D,D_00438,apple_pick,oracle_sfc,1,1,0,0,1,1,0.01163447,10,6,-1,medium,medium,0.55,high,2,,,,,,friction_model,424462
D,D_00438,apple_pick,semantic_only,1,1,0,0,1,1,0.0,10,6,-1,medium,medium,0.55,high,2,,,,,,friction_model,424462
D,D_00438,apple_pick,posthoc_single,0,0,0,1,1,1,0.04269434,10,6,-1,medium,medium,0.55,high,2,,,,,,friction_model,424462
D,D_00438,apple_pick,soft_penalty_fc,1,0,1,1,1,1,0.04269434,10,6,-1,medium,medium,0.55,high,2,,,,,,friction_model,424462
D,D_00439,apple_pick,geometric_fc,1,0,1,1,1,1,0.04856907,10,6,-1,medium,medium,0.55,high,2,,,,,,friction_model,424463
D,D_00439,apple_pick,oracle_sfc,1,1,0,0,1,1,0.03488996,10,6,-1,medium,medium,0.55,high,2,,,,,,friction_model,424463
D,D_00439,apple_pick,semantic_only,1,1,0,0,1,1,0.0,10,6,-1,medium,medium,0.55,high,2,,,,,,friction_model,424463
D,D_00439,apple_pick,posthoc_single,0,0,0,1,1,1,0.04856907,10,6,-1,medium,medium,0.55,high,2,,,,,,friction_model,424463
D,D_00439,apple_pick,soft_penalty_fc,1,0,1,1,1,1,0.04856907,10,6,-1,medium,medium,0.55,high,2,,,,,,friction_model,424463
D,D_00440,apple_pick,geometric_fc,1,0,1,1,1,1,0.04823167,10,6,-1,medium,medium,0.55,high,2,,,,,,friction_model,424464
D,D_00440,apple_pick,oracle_sfc,1,1,0,0,1,1,0.04269393,10,6,-1,medium,medium,0.55,high,2,,,,,,friction_model,424464
D,D_00440,apple_pick,semantic_only,1,1,0,0,1,1,0.0,10,6,-1,medium,medium,0.55,high,2,,,,,,friction_model,424464
D,D_00440,apple_pick,posthoc_single,0,0,0,1,1,1,0.04823167,10,6,-1,medium,medium,0.55,high,2,,,,,,friction_model,424464
D,D_00440,apple_pick,soft_penalty_fc,1,0,1,1,1,1,0.04823167,10,6,-1,medium,medium,0.55,high,2,,,,,,friction_model,424464
D,D_00441,apple_pick,geometric_fc,1,0,1,1,1,1,0.0210119,10,6,-1,medium,medium,0.55,high,4,,,,,,friction_model,424465
D,D_00441,apple_pick,oracle_sfc,1,1,0,0,1,1,0.00715095,10,6,-1,medium,medium,0.55,high,4,,,,,,friction_model,424465
D,D_00441,apple_pick,semantic_only,1,1,0,0,1,1,0.0,10,6,-1,medium,medium,0.55,high,4,,,,,,friction_model,424465
D,D_00441,apple_pick,posthoc_single,0,0,0,1,1,1,0.0210119,10,6,-1,medium,medium,0.55,high,4,,,,,,friction_model,424465
D,D_00441,apple_pick,soft_penalty_fc,1,0,1,1,1,1,0.0210119,10,6,-1,medium,medium,0.55,high,4,,,,,,friction_model,424465
D,D_00442,apple_pick,geometric_fc,1,0,1,1,1,1,0.02350598,10,6,-1,medium,medium,0.55,high,4,,,,,,friction_model,424466
D,D_00442,apple_pick,oracle_sfc,1,1,0,0,1,1,0.01734644,10,6,-1,medium,medium,0.55,high,4,,,,,,friction_model,424466
D,D_00442,apple_pick,semantic_only,1,1,0,0,1,1,0.0,10,6,-1,medium,medium,0.55,high,4,,,,,,friction_model,424466
D,D_00442,apple_pick,posthoc_single,0,0,0,1,1,1,0.02350598,10,6,-1,medium,medium,0.55,high,4,,,,,,friction_model,424466
D,D_00442,apple_pick,soft_penalty_fc,1,0,1,1,1,1,0.02350598,10,6,-1,medium,medium,0.55,high,4,,,,,,friction_model,424466
D,D_00443,apple_pick,geometric_fc,1,0,1,1,1,1,0.02162872,10,6,-1,medium,medium,0.55,high,4,,,,,,friction_model,424467
D,D_00443,apple_pick,oracle_sfc,1,1,0,0,1,1,0.01006988,10,6,-1,medium,medium,0.55,high,4,,,,,,friction_model,424467
D,D_00443,apple_pick,semantic_only,1,1,0,0,1,1,0.0,10,6,-1,medium,medium,0.55,high,4,,,,,,friction_model,424467
D,D_00443,apple_pick,posthoc_single,0,0,0,1,1,1,0.02162872,10,6,-1,medium,medium,0.55,high,4,,,,,,friction_model,424467
D,D_00443,apple_pick,soft_penalty_fc,1,0,1,1,1,1,0.02162872,10,6,-1,medium,medium,0.55,high,4,,,,,,friction_model,424467
D,D_00444,apple_pick,geometric_fc,1,0,1,1,1,1,0.02372184,10,6,-1,medium,medium,0.55,high,4,,,,,,friction_model,424468
D,D_00444,apple_pick,oracle_sfc,1,1,0,0,1,1,0.02155192,10,6,-1,medium,medium,0.55,high,4,,,,,,friction_model,424468
D,D_00444,apple_pick,semantic_only,1,1,0,0,1,1,0.0,10,6,-1,medium,medium,0.55,high,4,,,,,,friction_model,424468
D,D_00444,apple_pick,posthoc_single,0,0,0,1,1,1,0.02372184,10,6,-1,medium,medium,0.55,high,4,,,,,,friction_model,424468
D,D_00444,apple_pick,soft_penalty_fc,1,0,1,1,1,1,0.02372184,10,6,-1,medium,medium,0.55,high,4,,,,,,friction_model,424468
D,D_00445,apple_pick,geometric_fc,1,0,1,1,1,1,0.02296906,10,6,-1,medium,medium,0.55,high,4,,,,,,friction_model,424469
D,D_00445,apple_pick,oracle_sfc,1,1,0,0,1,1,0.01647974,10,6,-1,medium,medium,0.55,high,4,,,,,,friction_model,424469
D,D_00445,apple_pick,semantic_only,1,1,0,0,1,1,0.0,10,6,-1,medium,medium,0.55,high,4,,,,,,friction_model,424469
D,D_00445,apple_pick,posthoc_single,0,0,0,1,1,1,0.02296906,10,6,-1,medium,medium,0.55,high,4,,,,,,friction_model,424469
D,D_00445,apple_pick,soft_penalty_fc,1,0,1,1,1,1,0.02296906,10,6,-1,medium,medium,0.55,high,4,,,,,,friction_model,424469
D,D_00446,apple_pick,geometric_fc,1,0,1,1,1,1,0.02425585,10,6,-1,medium,medium,0.55,high,4,,,,,,friction_model,424470
D,D_00446,apple_pick,oracle_sfc,1,1,0,0,1,1,0.01892068,10,6,-1,medium,medium,0.55,high,4,,,,,,friction_model,424470
D,D_00446,apple_pick,semantic_only,1,1,0,0,1,1,0.0,10,6,-1,medium,medium,0.55,high,4,,,,,,friction_model,424470
D,D_00446,apple_pick,posthoc_single,0,0,0,1,1,1,0.02425585,10,6,-1,medium,medium,0.55,high,4,,,,,,friction_model,424470
D,D_00446,apple_pick,soft_penalty_fc,1,0,1,1,1,1,0.02425585,10,6,-1,medium,medium,0.55,high,4,,,,,,friction_model,424470
D,D_00447,apple_pick,geometric_fc,1,0,1,1,1,1,0.02117094,10,6,-1,medium,medium,0.55,high,4,,,,,,friction_model,424471
D,D_00447,apple_pick,oracle_sfc,1,1,0,0,1,1,0.01012227,10,6,-1,medium,medium,0.55,high,4,,,,,,friction_model,424471
D,D_00447,apple_pick,semantic_only,1,1,0,0,1,1,0.0,10,6,-1,medium,medium,0.55,high,4,,,,,,friction_model,424471
D,D_00447,apple_pick,posthoc_single,0,0,0,1,1,1,0.02117094,10,6,-1,medium,medium,0.55,high,4,,,,,,friction_model,424471
D,D_00447,apple_pick,soft_penalty_fc,1,0,1,1,1,1,0.02117094,10,6,-1,medium,medium,0.55,high,4,,,,,,friction_model,424471
D,D_00448,apple_pick,geometric_fc,1,0,1,1,1,1,0.02358141,10,6,-1,medium,medium,0.55,high,4,,,,,,friction_model,424472
D,D_00448,apple_pick,oracle_sfc,1,1,0,0,1,1,0.01259898,10,6,-1,medium,medium,0.55,high,4,,,,,,friction_model,424472
D,D_00448,apple_pick,semantic_only,1,1,0,0,1,1,0.0,10,6,-1,medium,medium,0.55,high,4,,,,,,friction_model,424472
D,D_00448,apple_pick,posthoc_single,0,0,0,1,1,1,0.02358141,10,6,-1,medium,medium,0.55,high,4,,,,,,friction_model,424472
D,D_00448,apple_pick,soft_penalty_fc,1,0,1,1,1,1,0.02358141,10,6,-1,medium,medium,0.55,high,4,,,,,,friction_model,424472
D,D_00449,apple_pick,geometric_fc,1,0,1,1,1,1,0.01169065,10,6,-1,medium,medium,0.55,high,8,,,,,,friction_model,424473
D,D_00449,apple_pick,oracle_sfc,1,1,0,0,1,1,0.00923423,10,6,-1,medium,medium,0.55,high,8,,,,,,friction_model,424473
D,D_00449,apple_pick,semantic_only,1,1,0,0,1,1,0.0,10,6,-1,medium,medium,0.55,high,8,,,,,,friction_model,424473
D,D_00449,apple_pick,posthoc_single,0,0,0,1,1,1,0.01169065,10,6,-1,medium,medium,0.55,high,8,,,,,,friction_model,424473
D,D_00449,apple_pick,soft_penalty_fc,0,0,0,1,1,1,0.01169065,10,6,-1,medium,medium,0.55,high,8,,,,,,friction_model,424473
D,D_00450,apple_pick,geometric_fc,1,0,1,1,1,1,0.01178539,10,6,-1,medium,medium,0.55,high,8,,,,,,friction_model,424474
D,D_00450,apple_pick,oracle_sfc,1,1,0,0,1,1,0.00626172,10,6,-1,medium,medium,0.55,high,8,,,,,,friction_model,424474
D,D_00450,apple_pick,semantic_only,1,1,0,0,1,1,0.0,10,6,-1,medium,medium,0.55,high,8,,,,,,friction_model,424474
D,D_00450,apple_pick,posthoc_single,0,0,0,1,1,1,0.01178539,10,6,-1,medium,medium,0.55,high,8,,,,,,friction_model,424474
D,D_00450,apple_pick,soft_penalty_fc,0,0,0,1,1,1,0.01178539,10,6,-1,medium,medium,0.55,high,8,,,,,,friction_model,424474
D,D_00451,apple_pick,geometric_fc,1,0,1,1,1,1,0.01138386,10,6,-1,medium,medium,0.55,high,8,,,,,,friction_model,424475
D,D_00451,apple_pick,oracle_sfc,1,1,0,0,1,1,0.0082063,10,6,-1,medium,medium,0.55,high,8,,,,,,friction_model,424475
D,D_00451,apple_pick,semantic_only,1,1,0,0,1,1,0.0,10,6,-1,medium,medium,0.55,high,8,,,,,,friction_model,424475
D,D_00451,apple_pick,posthoc_single,0,0,0,1,1,1,0.01138386,10,6,-1,medium,medium,0.55,high,8,,,,,,friction_model,424475
D,D_00451,apple_pick,soft_penalty_fc,0,0,0,1,1,1,0.01138386,10,6,-1,medium,medium,0.55,high,8,,,,,,friction_model,424475
D,D_00452,apple_pick,geometric_fc,1,0,1,1,1,1,0.01124469,10,6,-1,medium,medium,0.55,high,8,,,,,,friction_model,424476
D,D_00452,apple_pick,oracle_sfc,1,1,0,0,1,1,0.00596868,10,6,-1,medium,medium,0.55,high,8,,,,,,friction_model,424476
D,D_00452,apple_pick,semantic_only,1,1,0,0,1,1,0.0,10,6,-1,medium,medium,0.55,high,8,,,,,,friction_model,424476
D,D_00452,apple_pick,posthoc_single,0,0,0,1,1,1,0.01124469,10,6,-1,medium,medium,0.55,high,8,,,,,,friction_model,424476
D,D_00452,apple_pick,soft_penalty_fc,0,0,0,1,1,1,0.01124469,10,6,-1,medium,medium,0.55,high,8,,,,,,friction_model,424476
D,D_00453,apple_pick,geometric_fc,1,0,1,1,1,1,0.01112749,10,6,-1,medium,medium,0.55,high,8,,,,,,friction_model,424477
D,D_00453,apple_pick,oracle_sfc,1,1,0,0,1,1,0.0056474,10,6,-1,medium,medium,0.55,high,8,,,,,,friction_model,424477
D,D_00453,apple_pick,semantic_only,1,1,0,0,1,1,0.0,10,6,-1,medium,medium,0.55,high,8,,,,,,friction_model,424477
D,D_00453,apple_pick,posthoc_single,0,0,0,1,1,1,0.01112749,10,6,-1,medium,medium,0.55,high,8,,,,,,friction_model,424477
D,D_00453,apple_pick,soft_penalty_fc,0,0,0,1,1,1,0.01112749,10,6,-1,medium,medium,0.55,high,8,,,,,,friction_model,424477
D,D_00454,apple_pick,geometric_fc,1,0,1,1,1,1,0.01136699,10,6,-1,medium,medium,0.55,high,8,,,,,,friction_model,424478
D,D_00454,apple_pick,oracle_sfc,1,1,0,0,1,1,0.00954363,10,6,-1,medium,medium,0.55,high,8,,,,,,friction_model,424478
D,D_00454,apple_pick,semantic_only,1,1,0,0,1,1,0.0,10,6,-1,medium,medium,0.55,high,8,,,,,,friction_model,424478
D,D_00454,apple_pick,posthoc_single,0,0,0,1,1,1,0.01136699,10,6,-1,medium,medium,0.55,high,8,,,,,,friction_model,424478
D,D_00454,apple_pick,soft_penalty_fc,0,0,0,1,1,1,0.01136699,10,6,-1,medium,medium,0.55,high,8,,,,,,friction_model,424478
D,D_00455,apple_pick,geometric_fc,1,0,1,1,1,1,0.01049879,10,6,-1,medium,medium,0.55,high,8,,,,,,friction_model,424479
D,D_00455,apple_pick,oracle_sfc,1,1,0,0,1,1,0.00121328,10,6,-1,medium,medium,0.55,high,8,,,,,,friction_model,424479
D,D_00455,apple_pick,semantic_only,1,1,0,0,1,1,0.0,10,6,-1,medium,medium,0.55,high,8,,,,,,friction_model,424479
D,D_00455,apple_pick,posthoc_single,0,0,0,1,1,1,0.01049879,10,6,-1,medium,medium,0.55,high,8,,,,,,friction_model,424479
D,D_00455,apple_pick,soft_penalty_fc,0,0,0,1,1,1,0.01049879,10,6,-1,medium,medium,0.55,high,8,,,,,,friction_model,424479
D,D_00456,apple_pick,geometric_fc,1,0,1,1,1,1,0.01162013,10,6,-1,medium,medium,0.55,high,8,,,,,,friction_model,424480
D,D_00456,apple_pick,oracle_sfc,1,1,0,0,1,1,0.0074386,10,6,-1,medium,medium,0.55,high,8,,,,,,friction_model,424480
D,D_00456,apple_pick,semantic_only,1,1,0,0,1,1,0.0,10,6,-1,medium,medium,0.55,high,8,,,,,,friction_model,424480
D,D_00456,apple_pick,posthoc_single,0,0,0,1,1,1,0.01162013,10,6,-1,medium,medium,0.55,high,8,,,,,,friction_model,424480
D,D_00456,apple_pick,soft_penalty_fc,0,0,0,1,1,1,0.01162013,10,6,-1,medium,medium,0.55,high,8,,,,,,friction_model,424480
D,D_00457,apple_pick,geometric_fc,1,0,1,1,1,1,0.04533816,10,6,-1,medium,medium,0.55,mixed,2,,,,,,friction_model,424481
D,D_00457,apple_pick,oracle_sfc,1,1,0,0,1,1,0.00784991,10,6,-1,medium,medium,0.55,mixed,2,,,,,,friction_model,424481
D,D_00457,apple_pick,semantic_only,1,1,0,0,1,1,0.0,10,6,-1,medium,medium,0.55,mixed,2,,,,,,friction_model,424481
D,D_00457,apple_pick,posthoc_single,0,0,0,1,1,1,0.04533816,10,6,-1,medium,medium,0.55,mixed,2,,,,,,friction_model,424481
D,D_00457,apple_pick,soft_penalty_fc,1,0,1,1,1,1,0.04533816,10,6,-1,medium,medium,0.55,mixed,2,,,,,,friction_model,424481
D,D_00458,apple_pick,geometric_fc,1,0,1,1,1,1,0.04900021,10,6,-1,medium,medium,0.55,mixed,2,,,,,,friction_model,424482
D,D_00458,apple_pick,oracle_sfc,1,1,0,0,1,1,0.03670037,10,6,-1,medium,medium,0.55,mixed,2,,,,,,friction_model,424482
D,D_00458,apple_pick,semantic_only,1,1,0,0,1,1,0.0,10,6,-1,medium,medium,0.55,mixed,2,,,,,,friction_model,424482
D,D_00458,apple_pick,posthoc_single,0,0,0,1,1,1,0.04900021,10,6,-1,medium,medium,0.55,mixed,2,,,,,,friction_model,424482
D,D_00458,apple_pick,soft_penalty_fc,1,0,1,1,1,1,0.04900021,10,6,-1,medium,medium,0.55,mixed,2,,,,,,friction_model,424482
D,D_00459,apple_pick,geometric_fc,1,0,1,1,1,1,0.0471652,10,6,-1,medium,medium,0.55,mixed,2,,,,,,friction_model,424483
D,D_00459,apple_pick,oracle_sfc,1,1,0,0,1,1,0.01054901,10,6,-1,medium,medium,0.55,mixed,2,,,,,,friction_model,424483
D,D_00459,apple_pick,semantic_only,1,1,0,0,1,1,0.0,10,6,-1,medium,medium,0.55,mixed,2,,,,,,friction_model,424483
D,D_00459,apple_pick,posthoc_single,0,0,0,1,1,1,0.0471652,10,6,-1,medium,medium,0.55,mixed,2,,,,,,friction_model,424483
D,D_00459,apple_pick,soft_penalty_fc,1,0,1,1,1,1,0.0471652,10,6,-1,medium,medium,0.55,mixed,2,,,,,,friction_model,424483
D,D_00460,apple_pick,geometric_fc,1,0,1,1,1,1,0.04446686,10,6,-1,medium,medium,0.55,mixed,2,,,,,,friction_model,424484
D,D_00460,apple_pick,oracle_sfc,1,1,0,0,1,1,0.0221958,10,6,-1,medium,medium,0.55,mixed,2,,,,,,friction_model,424484
D,D_00460,apple_pick,semantic_only,1,1,0,0,1,1,0.0,10,6,-1,medium,medium,0.55,mixed,2,,,,,,friction_model,424484
D,D_00460,apple_pick,posthoc_single,0,0,0,1,1,1,0.04446686,10,6,-1,medium,medium,0.55,mixed,2,,,,,,friction_model,424484
D,D_00460,apple_pick,soft_penalty_fc,1,0,1,1,1,1,0.04446686,10,6,-1,medium,medium,0.55,mixed,2,,,,,,friction_model,424484
D,D_00461,apple_pick,geometric_fc,1,0,1,1,1,1,0.04608012,10,6,-1,medium,medium,0.55,mixed,2,,,,,,friction_model,424485
D,D_00461,apple_pick,oracle_sfc,1,1,0,0,1,1,0.02221905,10,6,-1,medium,medium,0.55,mixed,2,,,,,,friction_model,424485
D,D_00461,apple_pick,semantic_only,1,1,0,0,1,1,0.0,10,6,-1,medium,medium,0.55,mixed,2,,,,,,friction_model,424485
D,D_00461,apple_pick,posthoc_single,0,0,0,1,1,1,0.04608012,10,6,-1,medium,medium,0.55,mixed,2,,,,,,friction_model,424485
D,D_00461,apple_pick,soft_penalty_fc,1,0,1,1,1,1,0.04608012,10,6,-1,medium,medium,0.55,mixed,2,,,,,,friction_model,424485
D,D_00462,apple_pick,geometric_fc,1,0,1,1,1,1,0.04465852,10,6,-1,medium,medium,0.55,mixed,2,,,,,,friction_model,424486
D,D_00462,apple_pick,oracle_sfc,1,1,0,0,1,1,1.49e-06,10,6,-1,medium,medium,0.55,mixed,2,,,,,,friction_model,424486
D,D_00462,apple_pick,semantic_only,1,1,0,0,1,1,0.0,10,6,-1,medium,medium,0.55,mixed,2,,,,,,friction_model,424486
D,D_00462,apple_pick,posthoc_single,0,0,0,1,1,1,0.04465852,10,6,-1,medium,medium,0.55,mixed,2,,,,,,friction_model,424486
D,D_00462,apple_pick,soft_penalty_fc,1,0,1,1,1,1,0.04465852,10,6,-1,medium,medium,0.55,mixed,2,,,,,,friction_model,424486
D,D_00463,apple_pick,geometric_fc,1,0,1,1,1,1,0.04485117,10,6,-1,medium,medium,0.55,mixed,2,,,,,,friction_model,424487
D,D_00463,apple_pick,oracle_sfc,1,1,0,0,1,1,0.01283287,10,6,-1,medium,medium,0.55,mixed,2,,,,,,friction_model,424487
D,D_00463,apple_pick,semantic_only,1,1,0,0,1,1,0.0,10,6,-1,medium,medium,0.55,mixed,2,,,,,,friction_model,424487
D,D_00463,apple_pick,posthoc_single,0,0,0,1,1,1,0.04485117,10,6,-1,medium,medium,0.55,mixed,2,,,,,,friction_model,424487
D,D_00463,apple_pick,soft_penalty_fc,1,0,1,1,1,1,0.04485117,10,6,-1,medium,medium,0.55,mixed,2,,,,,,friction_model,424487
D,D_00464,apple_pick,geometric_fc,1,0,1,1,1,1,0.04687489,10,6,-1,medium,medium,0.55,mixed,2,,,,,,friction_model,424488
D,D_00464,apple_pick,oracle_sfc,1,1,0,0,1,1,0.01313898,10,6,-1,medium,medium,0.55,mixed,2,,,,,,friction_model,424488
D,D_00464,apple_pick,semantic_only,1,1,0,0,1,1,0.0,10,6,-1,medium,medium,0.55,mixed,2,,,,,,friction_model,424488
D,D_00464,apple_pick,posthoc_single,0,0,0,1,1,1,0.04687489,10,6,-1,medium,medium,0.55,mixed,2,,,,,,friction_model,424488
D,D_00464,apple_pick,soft_penalty_fc,1,0,1,1,1,1,0.04687489,10,6,-1,medium,medium,0.55,mixed,2,,,,,,friction_model,424488
D,D_00465,apple_pick,geometric_fc,1,0,1,0,1,0,0.02044964,10,6,-1,medium,medium,0.55,mixed,4,,,,,,friction_model,424489
D,D_00465,apple_pick,oracle_sfc,0,0,0,0,1,0,0.0,10,6,-1,medium,medium,0.55,mixed,4,,,,,,friction_model,424489
D,D_00465,apple_pick,semantic_only,1,0,1,0,1,0,0.0,10,6,-1,medium,medium,0.55,mixed,4,,,,,,friction_model,424489
D,D_00465,apple_pick,posthoc_single,0,0,0,0,1,0,0.02044964,10,6,-1,medium,medium,0.55,mixed,4,,,,,,friction_model,424489
D,D_00465,apple_pick,soft_penalty_fc,1,0,1,0,1,0,0.02044964,10,6,-1,medium,medium,0.55,mixed,4,,,,,,friction_model,424489
D,D_00466,apple_pick,geometric_fc,1,0,1,1,1,1,0.02314317,10,6,-1,medium,medium,0.55,mixed,4,,,,,,friction_model,424490
D,D_00466,apple_pick,oracle_sfc,1,1,0,0,1,1,0.00461501,10,6,-1,medium,medium,0.55,mixed,4,,,,,,friction_model,424490
D,D_00466,apple_pick,semantic_only,1,1,0,0,1,1,0.0,10,6,-1,medium,medium,0.55,mixed,4,,,,,,friction_model,424490
D,D_00466,apple_pick,posthoc_single,0,0,0,1,1,1,0.02314317,10,6,-1,medium,medium,0.55,mixed,4,,,,,,friction_model,424490
D,D_00466,apple_pick,soft_penalty_fc,1,0,1,1,1,1,0.02314317,10,6,-1,medium,medium,0.55,mixed,4,,,,,,friction_model,424490
D,D_00467,apple_pick,geometric_fc,1,0,1,1,1,1,0.02248872,10,6,-1,medium,medium,0.55,mixed,4,,,,,,friction_model,424491
D,D_00467,apple_pick,oracle_sfc,1,1,0,0,1,1,0.01512149,10,6,-1,medium,medium,0.55,mixed,4,,,,,,friction_model,424491
D,D_00467,apple_pick,semantic_only,1,1,0,0,1,1,0.0,10,6,-1,medium,medium,0.55,mixed,4,,,,,,friction_model,424491
D,D_00467,apple_pick,posthoc_single,0,0,0,1,1,1,0.02248872,10,6,-1,medium,medium,0.55,mixed,4,,,,,,friction_model,424491
D,D_00467,apple_pick,soft_penalty_fc,1,0,1,1,1,1,0.02248872,10,6,-1,medium,medium,0.55,mixed,4,,,,,,friction_model,424491
D,D_00468,apple_pick,geometric_fc,1,0,1,1,1,1,0.02403723,10,6,-1,medium,medium,0.55,mixed,4,,,,,,friction_model,424492
D,D_00468,apple_pick,oracle_sfc,1,1,0,0,1,1,0.01700029,10,6,-1,medium,medium,0.55,mixed,4,,,,,,friction_model,424492
D,D_00468,apple_pick,semantic_only,1,1,0,0,1,1,0.0,10,6,-1,medium,medium,0.55,mixed,4,,,,,,friction_model,424492
D,D_00468,apple_pick,posthoc_single,0,0,0,1,1,1,0.02403723,10,6,-1,medium,medium,0.55,mixed,4,,,,,,friction_model,424492
D,D_00468,apple_pick,soft_penalty_fc,1,0,1,1,1,1,0.02403723,10,6,-1,medium,medium,0.55,mixed,4,,,,,,friction_model,424492
D,D_00469,apple_pick,geometric_fc,1,0,1,0,1,0,0.02247698,10,6,-1,medium,medium,0.55,mixed,4,,,,,,friction_model,424493
D,D_00469,apple_pick,oracle_sfc,0,0,0,0,1,0,0.0,10,6,-1,medium,medium,0.55,mixed,4,,,,,,friction_model,424493
D,D_00469,apple_pick,semantic_only,1,0,1,0,1,0,0.0,10,6,-1,medium,medium,0.55,mixed,4,,,,,,friction_model,424493
D,D_00469,apple_pick,posthoc_single,0,0,0,0,1,0,0.02247698,10,6,-1,medium,medium,0.55,mixed,4,,,,,,friction_model,424493
D,D_00469,apple_pick,soft_penalty_fc,1,0,1,0,1,0,0.02247698,10,6,-1,medium,medium,0.55,mixed,4,,,,,,friction_model,424493
D,D_00470,apple_pick,geometric_fc,1,0,1,1,1,1,0.02122677,10,6,-1,medium,medium,0.55,mixed,4,,,,,,friction_model,424494
D,D_00470,apple_pick,oracle_sfc,1,1,0,0,1,1,0.0071134,10,6,-1,medium,medium,0.55,mixed,4,,,,,,friction_model,424494
D,D_00470,apple_pick,semantic_only,1,1,0,0,1,1,0.0,10,6,-1,medium,medium,0.55,mixed,4,,,,,,friction_model,424494
D,D_00470,apple_pick,posthoc_single,0,0,0,1,1,1,0.02122677,10,6,-1,medium,medium,0.55,mixed,4,,,,,,friction_model,424494
D,D_00470,apple_pick,soft_penalty_fc,1,0,1,1,1,1,0.02122677,10,6,-1,medium,medium,0.55,mixed,4,,,,,,friction_model,424494
D,D_00471,apple_pick,geometric_fc,1,0,1,0,1,0,0.02277575,10,6,-1,medium,medium,0.55,mixed,4,,,,,,friction_model,424495
D,D_00471,apple_pick,oracle_sfc,0,0,0,0,1,0,0.0,10,6,-1,medium,medium,0.55,mixed,4,,,,,,friction_model,424495
D,D_00471,apple_pick,semantic_only,1,0,1,0,1,0,0.0,10,6,-1,medium,medium,0.55,mixed,4,,,,,,friction_model,424495
D,D_00471,apple_pick,posthoc_single,0,0,0,0,1,0,0.02277575,10,6,-1,medium,medium,0.55,mixed,4,,,,,,friction_model,424495
D,D_00471,apple_pick,soft_penalty_fc,1,0,1,0,1,0,0.02277575,10,6,-1,medium,medium,0.55,mixed,4,,,,,,friction_model,424495
D,D_00472,apple_pick,geometric_fc,1,0,1,0,1,0,0.02200719,10,6,-1,medium,medium,0.55,mixed,4,,,,,,friction_model,424496
D,D_00472,apple_pick,oracle_sfc,0,0,0,0,1,0,0.0,10,6,-1,medium,medium,0.55,mixed,4,,,,,,friction_model,424496
D,D_00472,apple_pick,semantic_only,1,0,1,0,1,0,0.0,10,6,-1,medium,medium,0.55,mixed,4,,,,,,friction_model,424496
D,D_00472,apple_pick,posthoc_single,0,0,0,0,1,0,0.02200719,10,6,-1,medium,medium,0.55,mixed,4,,,,,,friction_model,424496
D,D_00472,apple_pick,soft_penalty_fc,1,0,1,0,1,0,0.02200719,10,6,-1,medium,medium,0.55,mixed,4,,,,,,friction_model,424496
D,D_00473,apple_pick,geometric_fc,1,0,1,1,1,1,0.01153027,10,6,-1,medium,medium,0.55,mixed,8,,,,,,friction_model,424497
D,D_00473,apple_pick,oracle_sfc,1,1,0,0,1,1,0.00306879,10,6,-1,medium,medium,0.55,mixed,8,,,,,,friction_model,424497
D,D_00473,apple_pick,semantic_only,1,1,0,0,1,1,0.0,10,6,-1,medium,medium,0.55,mixed,8,,,,,,friction_model,424497
D,D_00473,apple_pick,posthoc_single,0,0,0,1,1,1,0.01153027,10,6,-1,medium,medium,0.55,mixed,8,,,,,,friction_model,424497
D,D_00473,apple_pick,soft_penalty_fc,0,0,0,1,1,1,0.01153027,10,6,-1,medium,medium,0.55,mixed,8,,,,,,friction_model,424497
D,D_00474,apple_pick,geometric_fc,1,0,1,1,1,1,0.01216504,10,6,-1,medium,medium,0.55,mixed,8,,,,,,friction_model,424498
D,D_00474,apple_pick,oracle_sfc,1,1,0,0,1,1,0.00579097,10,6,-1,medium,medium,0.55,mixed,8,,,,,,friction_model,424498
D,D_00474,apple_pick,semantic_only,1,1,0,0,1,1,0.0,10,6,-1,medium,medium,0.55,mixed,8,,,,,,friction_model,424498
D,D_00474,apple_pick,posthoc_single,0,0,0,1,1,1,0.01216504,10,6,-1,medium,medium,0.55,mixed,8,,,,,,friction_model,424498
D,D_00474,apple_pick,soft_penalty_fc,1,0,1,1,1,1,0.01216504,10,6,-1,medium,medium,0.55,mixed,8,,,,,,friction_model,424498
D,D_00475,apple_pick,geometric_fc,1,0,1,1,1,1,0.01080826,10,6,-1,medium,medium,0.55,mixed,8,,,,,,friction_model,424499
D,D_00475,apple_pick,oracle_sfc,1,1,0,0,1,1,0.00197043,10,6,-1,medium,medium,0.55,mixed,8,,,,,,friction_model,424499
D,D_00475,apple_pick,semantic_only,1,1,0,0,1,1,0.0,10,6,-1,medium,medium,0.55,mixed,8,,,,,,friction_model,424499
D,D_00475,apple_pick,posthoc_single,0,0,0,1,1,1,0.01080826,10,6,-1,medium,medium,0.55,mixed,8,,,,,,friction_model,424499
D,D_00475,apple_pick,soft_penalty_fc,0,0,0,1,1,1,0.01080826,10,6,-1,medium,medium,0.55,mixed,8,,,,,,friction_model,424499
D,D_00476,apple_pick,geometric_fc,1,0,1,1,1,1,0.01018047,10,6,-1,medium,medium,0.55,mixed,8,,,,,,friction_model,424500
D,D_00476,apple_pick,oracle_sfc,1,1,0,0,1,1,0.00530348,10,6,-1,medium,medium,0.55,mixed,8,,,,,,friction_model,424500
D,D_00476,apple_pick,semantic_only,1,1,0,0,1,1,0.0,10,6,-1,medium,medium,0.55,mixed,8,,,,,,friction_model,424500
D,D_00476,apple_pick,posthoc_single,0,0,0,1,1,1,0.01018047,10,6,-1,medium,medium,0.55,mixed,8,,,,,,friction_model,424500
D,D_00476,apple_pick,soft_penalty_fc,0,0,0,1,1,1,0.01018047,10,6,-1,medium,medium,0.55,mixed,8,,,,,,friction_model,424500
D,D_00477,apple_pick,geometric_fc,1,0,1,0,1,0,0.01091497,10,6,-1,medium,medium,0.55,mixed,8,,,,,,friction_model,424501
D,D_00477,apple_pick,oracle_sfc,0,0,0,0,1,0,0.0,10,6,-1,medium,medium,0.55,mixed,8,,,,,,friction_model,424501
D,D_00477,apple_pick,semantic_only,1,0,1,0,1,0,0.0,10,6,-1,medium,medium,0.55,mixed,8,,,,,,friction_model,424501
D,D_00477,apple_pick,posthoc_single,0,0,0,0,1,0,0.01091497,10,6,-1,medium,medium,0.55,mixed,8,,,,,,friction_model,424501
D,D_00477,apple_pick,soft_penalty_fc,0,0,0,0,1,0,0.01091497,10,6,-1,medium,medium,0.55,mixed,8,,,,,,friction_model,424501
D,D_00478,apple_pick,geometric_fc,1,0,1,1,1,1,0.01163452,10,6,-1,medium,medium,0.55,mixed,8,,,,,,friction_model,424502
D,D_00478,apple_pick,oracle_sfc,1,1,0,0,1,1,0.00425155,10,6,-1,medium,medium,0.55,mixed,8,,,,,,friction_model,424502
D,D_00478,apple_pick,semantic_only,1,1,0,0,1,1,0.0,10,6,-1,medium,medium,0.55,mixed,8,,,,,,friction_model,424502
D,D_00478,apple_pick,posthoc_single,0,0,0,1,1,1,0.01163452,10,6,-1,medium,medium,0.55,mixed,8,,,,,,friction_model,424502
D,D_00478,apple_pick,soft_penalty_fc,0,0,0,1,1,1,0.01163452,10,6,-1,medium,medium,0.55,mixed,8,,,,,,friction_model,424502
D,D_00479,apple_pick,geometric_fc,1,0,1,1,1,1,0.0119357,10,6,-1,medium,medium,0.55,mixed,8,,,,,,friction_model,424503
D,D_00479,apple_pick,oracle_sfc,1,1,0,0,1,1,0.00594467,10,6,-1,medium,medium,0.55,mixed,8,,,,,,friction_model,424503
D,D_00479,apple_pick,semantic_only,1,1,0,0,1,1,0.0,10,6,-1,medium,medium,0.55,mixed,8,,,,,,friction_model,424503
D,D_00479,apple_pick,posthoc_single,0,0,0,1,1,1,0.0119357,10,6,-1,medium,medium,0.55,mixed,8,,,,,,friction_model,424503
D,D_00479,apple_pick,soft_penalty_fc,0,0,0,1,1,1,0.0119357,10,6,-1,medium,medium,0.55,mixed,8,,,,,,friction_model,424503
D,D_00480,apple_pick,geometric_fc,1,0,1,1,1,1,0.01228541,10,6,-1,medium,medium,0.55,mixed,8,,,,,,friction_model,424504
D,D_00480,apple_pick,oracle_sfc,1,1,0,0,1,1,0.00197144,10,6,-1,medium,medium,0.55,mixed,8,,,,,,friction_model,424504
D,D_00480,apple_pick,semantic_only,1,1,0,0,1,1,0.0,10,6,-1,medium,medium,0.55,mixed,8,,,,,,friction_model,424504
D,D_00480,apple_pick,posthoc_single,0,0,0,1,1,1,0.01228541,10,6,-1,medium,medium,0.55,mixed,8,,,,,,friction_model,424504
D,D_00480,apple_pick,soft_penalty_fc,1,0,1,1,1,1,0.01228541,10,6,-1,medium,medium,0.55,mixed,8,,,,,,friction_model,424504
D,D_00481,scissors_pass,geometric_fc,1,0,1,0,1,0,0.03394401,10,5,-1,medium,medium,0.55,low,2,,,,,,friction_model,424505
D,D_00481,scissors_pass,oracle_sfc,0,0,0,0,1,0,0.0,10,5,-1,medium,medium,0.55,low,2,,,,,,friction_model,424505
D,D_00481,scissors_pass,semantic_only,1,0,1,0,1,0,0.0,10,5,-1,medium,medium,0.55,low,2,,,,,,friction_model,424505
D,D_00481,scissors_pass,posthoc_single,0,0,0,0,1,0,0.03394401,10,5,-1,medium,medium,0.55,low,2,,,,,,friction_model,424505
D,D_00481,scissors_pass,soft_penalty_fc,1,0,1,0,1,0,0.03394401,10,5,-1,medium,medium,0.55,low,2,,,,,,friction_model,424505
D,D_00482,scissors_pass,geometric_fc,1,0,1,0,1,0,0.03268451,10,5,-1,medium,medium,0.55,low,2,,,,,,friction_model,424506
D,D_00482,scissors_pass,oracle_sfc,0,0,0,0,1,0,0.0,10,5,-1,medium,medium,0.55,low,2,,,,,,friction_model,424506
D,D_00482,scissors_pass,semantic_only,1,0,1,0,1,0,0.0,10,5,-1,medium,medium,0.55,low,2,,,,,,friction_model,424506
D,D_00482,scissors_pass,posthoc_single,0,0,0,0,1,0,0.03268451,10,5,-1,medium,medium,0.55,low,2,,,,,,friction_model,424506
D,D_00482,scissors_pass,soft_penalty_fc,1,0,1,0,1,0,0.03268451,10,5,-1,medium,medium,0.55,low,2,,,,,,friction_model,424506
D,D_00483,scissors_pass,geometric_fc,1,0,1,0,1,0,0.03639202,10,5,-1,medium,medium,0.55,low,2,,,,,,friction_model,424507
D,D_00483,scissors_pass,oracle_sfc,0,0,0,0,1,0,0.0,10,5,-1,medium,medium,0.55,low,2,,,,,,friction_model,424507
D,D_00483,scissors_pass,semantic_only,1,0,1,0,1,0,0.0,10,5,-1,medium,medium,0.55,low,2,,,,,,friction_model,424507
D,D_00483,scissors_pass,posthoc_single,0,0,0,0,1,0,0.03639202,10,5,-1,medium,medium,0.55,low,2,,,,,,friction_model,424507
D,D_00483,scissors_pass,soft_penalty_fc,1,0,1,0,1,0,0.03639202,10,5,-1,medium,medium,0.55,low,2,,,,,,friction_model,424507
D,D_00484,scissors_pass,geometric_fc,1,0,1,0,1,0,0.0318463,10,5,-1,medium,medium,0.55,low,2,,,,,,friction_model,424508
D,D_00484,scissors_pass,oracle_sfc,0,0,0,0,1,0,0.0,10,5,-1,medium,medium,0.55,low,2,,,,,,friction_model,424508
D,D_00484,scissors_pass,semantic_only,1,0,1,0,1,0,0.0,10,5,-1,medium,medium,0.55,low,2,,,,,,friction_model,424508
D,D_00484,scissors_pass,posthoc_single,0,0,0,0,1,0,0.0318463,10,5,-1,medium,medium,0.55,low,2,,,,,,friction_model,424508
D,D_00484,scissors_pass,soft_penalty_fc,1,0,1,0,1,0,0.0318463,10,5,-1,medium,medium,0.55,low,2,,,,,,friction_model,424508
D,D_00485,scissors_pass,geometric_fc,1,0,1,0,1,0,0.02937506,10,5,-1,medium,medium,0.55,low,2,,,,,,friction_model,424509
D,D_00485,scissors_pass,oracle_sfc,0,0,0,0,1,0,0.0,10,5,-1,medium,medium,0.55,low,2,,,,,,friction_model,424509
D,D_00485,scissors_pass,semantic_only,1,0,1,0,1,0,0.0,10,5,-1,medium,medium,0.55,low,2,,,,,,friction_model,424509
D,D_00485,scissors_pass,posthoc_single,0,0,0,0,1,0,0.02937506,10,5,-1,medium,medium,0.55,low,2,,,,,,friction_model,424509
D,D_00485,scissors_pass,soft_penalty_fc,1,0,1,0,1,0,0.02937506,10,5,-1,medium,medium,0.55,low,2,,,,,,friction_model,424509
D,D_00486,scissors_pass,geometric_fc,1,0,1,0,1,0,0.04451723,10,5,-1,medium,medium,0.55,low,2,,,,,,friction_model,424510
D,D_00486,scissors_pass,oracle_sfc,0,0,0,0,1,0,0.0,10,5,-1,medium,medium,0.55,low,2,,,,,,friction_model,424510
D,D_00486,scissors_pass,semantic_only,1,0,1,0,1,0,0.0,10,5,-1,medium,medium,0.55,low,2,,,,,,friction_model,424510
D,D_00486,scissors_pass,posthoc_single,0,0,0,0,1,0,0.04451723,10,5,-1,medium,medium,0.55,low,2,,,,,,friction_model,424510
D,D_00486,scissors_pass,soft_penalty_fc,1,0,1,0,1,0,0.04451723,10,5,-1,medium,medium,0.55,low,2,,,,,,friction_model,424510
D,D_00487,scissors_pass,geometric_fc,1,0,1,0,1,0,0.03488694,10,5,-1,medium,medium,0.55,low,2,,,,,,friction_model,424511
D,D_00487,scissors_pass,oracle_sfc,0,0,0,0,1,0,0.0,10,5,-1,medium,medium,0.55,low,2,,,,,,friction_model,424511
D,D_00487,scissors_pass,semantic_only,1,0,1,0,1,0,0.0,10,5,-1,medium,medium,0.55,low,2,,,,,,friction_model,424511
D,D_00487,scissors_pass,posthoc_single,0,0,0,0,1,0,0.03488694,10,5,-1,medium,medium,0.55,low,2,,,,,,friction_model,424511
D,D_00487,scissors_pass,soft_penalty_fc,1,0,1,0,1,0,0.03488694,10,5,-1,medium,medium,0.55,low,2,,,,,,friction_model,424511
D,D_00488,scissors_pass,geometric_fc,1,0,1,0,1,0,0.03184985,10,5,-1,medium,medium,0.55,low,2,,,,,,friction_model,424512
D,D_00488,scissors_pass,oracle_sfc,0,0,0,0,1,0,0.0,10,5,-1,medium,medium,0.55,low,2,,,,,,friction_model,424512
D,D_00488,scissors_pass,semantic_only,1,0,1,0,1,0,0.0,10,5,-1,medium,medium,0.55,low,2,,,,,,friction_model,424512
D,D_00488,scissors_pass,posthoc_single,0,0,0,0,1,0,0.03184985,10,5,-1,medium,medium,0.55,low,2,,,,,,friction_model,424512
D,D_00488,scissors_pass,soft_penalty_fc,1,0,1,0,1,0,0.03184985,10,5,-1,medium,medium,0.55,low,2,,,,,,friction_model,424512
D,D_00489,scissors_pass,geometric_fc,1,0,1,0,1,0,0.01888022,10,5,-1,medium,medium,0.55,low,4,,,,,,friction_model,424513
D,D_00489,scissors_pass,oracle_sfc,0,0,0,0,1,0,0.0,10,5,-1,medium,medium,0.55,low,4,,,,,,friction_model,424513
D,D_00489,scissors_pass,semantic_only,1,0,1,0,1,0,0.0,10,5,-1,medium,medium,0.55,low,4,,,,,,friction_model,424513
D,D_00489,scissors_pass,posthoc_single,0,0,0,0,1,0,0.01888022,10,5,-1,medium,medium,0.55,low,4,,,,,,friction_model,424513
D,D_00489,scissors_pass,soft_penalty_fc,1,0,1,0,1,0,0.01888022,10,5,-1,medium,medium,0.55,low,4,,,,,,friction_model,424513
D,D_00490,scissors_pass,geometric_fc,1,0,1,0,1,0,0.01883931,10,5,-1,medium,medium,0.55,low,4,,,,,,friction_model,424514
D,D_00490,scissors_pass,oracle_sfc,0,0,0,0,1,0,0.0,10,5,-1,medium,medium,0.55,low,4,,,,,,friction_model,424514
D,D_00490,scissors_pass,semantic_only,1,0,1,0,1,0,0.0,10,5,-1,medium,medium,0.55,low,4,,,,,,friction_model,424514
D,D_00490,scissors_pass,posthoc_single,0,0,0,0,1,0,0.01883931,10,5,-1,medium,medium,0.55,low,4,,,,,,friction_model,424514
D,D_00490,scissors_pass,soft_penalty_fc,1,0,1,0,1,0,0.01883931,10,5,-1,medium,medium,0.55,low,4,,,,,,friction_model,424514
D,D_00491,scissors_pass,geometric_fc,1,0,1,0,1,0,0.01934479,10,5,-1,medium,medium,0.55,low,4,,,,,,friction_model,424515
D,D_00491,scissors_pass,oracle_sfc,0,0,0,0,1,0,0.0,10,5,-1,medium,medium,0.55,low,4,,,,,,friction_model,424515
D,D_00491,scissors_pass,semantic_only,1,0,1,0,1,0,0.0,10,5,-1,medium,medium,0.55,low,4,,,,,,friction_model,424515
D,D_00491,scissors_pass,posthoc_single,0,0,0,0,1,0,0.01934479,10,5,-1,medium,medium,0.55,low,4,,,,,,friction_model,424515
D,D_00491,scissors_pass,soft_penalty_fc,1,0,1,0,1,0,0.01934479,10,5,-1,medium,medium,0.55,low,4,,,,,,friction_model,424515
D,D_00492,scissors_pass,geometric_fc,1,0,1,0,1,0,0.01974804,10,5,-1,medium,medium,0.55,low,4,,,,,,friction_model,424516
D,D_00492,scissors_pass,oracle_sfc,0,0,0,0,1,0,0.0,10,5,-1,medium,medium,0.55,low,4,,,,,,friction_model,424516
D,D_00492,scissors_pass,semantic_only,1,0,1,0,1,0,0.0,10,5,-1,medium,medium,0.55,low,4,,,,,,friction_model,424516
D,D_00492,scissors_pass,posthoc_single,0,0,0,0,1,0,0.01974804,10,5,-1,medium,medium,0.55,low,4,,,,,,friction_model,424516
D,D_00492,scissors_pass,soft_penalty_fc,1,0,1,0,1,0,0.01974804,10,5,-1,medium,medium,0.55,low,4,,,,,,friction_model,424516
D,D_00493,scissors_pass,geometric_fc,1,0,1,0,1,0,0.01851168,10,5,-1,medium,medium,0.55,low,4,,,,,,friction_model,424517
D,D_00493,scissors_pass,oracle_sfc,0,0,0,0,1,0,0.0,10,5,-1,medium,medium,0.55,low,4,,,,,,friction_model,424517
D,D_00493,scissors_pass,semantic_only,1,0,1,0,1,0,0.0,10,5,-1,medium,medium,0.55,low,4,,,,,,friction_model,424517
D,D_00493,scissors_pass,posthoc_single,0,0,0,0,1,0,0.01851168,10,5,-1,medium,medium,0.55,low,4,,,,,,friction_model,424517
D,D_00493,scissors_pass,soft_penalty_fc,1,0,1,0,1,0,0.01851168,10,5,-1,medium,medium,0.55,low,4,,,,,,friction_model,424517
D,D_00494,scissors_pass,geometric_fc,1,0,1,0,1,0,0.01828251,10,5,-1,medium,medium,0.55,low,4,,,,,,friction_model,424518
D,D_00494,scissors_pass,oracle_sfc,0,0,0,0,1,0,0.0,10,5,-1,medium,medium,0.55,low,4,,,,,,friction_model,424518
D,D_00494,scissors_pass,semantic_only,1,0,1,0,1,0,0.0,10,5,-1,medium,medium,0.55,low,4,,,,,,friction_model,424518
D,D_00494,scissors_pass,posthoc_single,0,0,0,0,1,0,0.01828251,10,5,-1,medium,medium,0.55,low,4,,,,,,friction_model,424518
D,D_00494,scissors_pass,soft_penalty_fc,1,0,1,0,1,0,0.01828251,10,5,-1,medium,medium,0.55,low,4,,,,,,friction_model,424518
D,D_00495,scissors_pass,geometric_fc,1,0,1,0,1,0,0.01810618,10,5,-1,medium,medium,0.55,low,4,,,,,,friction_model,424519
D,D_00495,scissors_pass,oracle_sfc,0,0,0,0,1,0,0.0,10,5,-1,medium,medium,0.55,low,4,,,,,,friction_model,424519
D,D_00495,scissors_pass,semantic_only,1,0,1,0,1,0,0.0,10,5,-1,medium,medium,0.55,low,4,,,,,,friction_model,424519
D,D_00495,scissors_pass,posthoc_single,0,0,0,0,1,0,0.01810618,10,5,-1,medium,medium,0.55,low,4,,,,,,friction_model,424519
D,D_00495,scissors_pass,soft_penalty_fc,1,0,1,0,1,0,0.01810618,10,5,-1,medium,medium,0.55,low,4,,,,,,friction_model,424519
D,D_00496,scissors_pass,geometric_fc,1,0,1,0,1,0,0.02132848,10,5,-1,medium,medium,0.55,low,4,,,,,,friction_model,424520
D,D_00496,scissors_pass,oracle_sfc,0,0,0,0,1,0,0.0,10,5,-1,medium,medium,0.55,low,4,,,,,,friction_model,424520
D,D_00496,scissors_pass,semantic_only,1,0,1,0,1,0,0.0,10,5,-1,medium,medium,0.55,low,4,,,,,,friction_model,424520
D,D_00496,scissors_pass,posthoc_single,0,0,0,0,1,0,0.02132848,10,5,-1,medium,medium,0.55,low,4,,,,,,friction_model,424520
D,D_00496,scissors_pass,soft_penalty_fc,1,0,1,0,1,0,0.02132848,10,5,-1,medium,medium,0.55,low,4,,,,,,friction_model,424520
D,D_00497,scissors_pass,geometric_fc,1,0,1,0,1,0,0.00815666,10,5,-1,medium,medium,0.55,low,8,,,,,,friction_model,424521
D,D_00497,scissors_pass,oracle_sfc,0,0,0,0,1,0,0.0,10,5,-1,medium,medium,0.55,low,8,,,,,,friction_model,424521
D,D_00497,scissors_pass,semantic_only,1,0,1,0,1,0,0.0,10,5,-1,medium,medium,0.55,low,8,,,,,,friction_model,424521
D,D_00497,scissors_pass,posthoc_single,0,0,0,0,1,0,0.00815666,10,5,-1,medium,medium,0.55,low,8,,,,,,friction_model,424521
D,D_00497,scissors_pass,soft_penalty_fc,0,0,0,0,1,0,0.00815666,10,5,-1,medium,medium,0.55,low,8,,,,,,friction_model,424521
D,D_00498,scissors_pass,geometric_fc,1,0,1,0,1,0,0.00952386,10,5,-1,medium,medium,0.55,low,8,,,,,,friction_model,424522
D,D_00498,scissors_pass,oracle_sfc,0,0,0,0,1,0,0.0,10,5,-1,medium,medium,0.55,low,8,,,,,,friction_model,424522
D,D_00498,scissors_pass,semantic_only,1,0,1,0,1,0,0.0,10,5,-1,medium,medium,0.55,low,8,,,,,,friction_model,424522
D,D_00498,scissors_pass,posthoc_single,0,0,0,0,1,0,0.00952386,10,5,-1,medium,medium,0.55,low,8,,,,,,friction_model,424522
D,D_00498,scissors_pass,soft_penalty_fc,0,0,0,0,1,0,0.00952386,10,5,-1,medium,medium,0.55,low,8,,,,,,friction_model,424522
D,D_00499,scissors_pass,geometric_fc,1,0,1,0,1,0,0.00931393,10,5,-1,medium,medium,0.55,low,8,,,,,,friction_model,424523
D,D_00499,scissors_pass,oracle_sfc,0,0,0,0,1,0,0.0,10,5,-1,medium,medium,0.55,low,8,,,,,,friction_model,424523
D,D_00499,scissors_pass,semantic_only,1,0,1,0,1,0,0.0,10,5,-1,medium,medium,0.55,low,8,,,,,,friction_model,424523
D,D_00499,scissors_pass,posthoc_single,0,0,0,0,1,0,0.00931393,10,5,-1,medium,medium,0.55,low,8,,,,,,friction_model,424523
D,D_00499,scissors_pass,soft_penalty_fc,0,0,0,0,1,0,0.00931393,10,5,-1,medium,medium,0.55,low,8,,,,,,friction_model,424523
D,D_00500,scissors_pass,geometric_fc,1,0,1,0,1,0,0.00989426,10,5,-1,medium,medium,0.55,low,8,,,,,,friction_model,424524
D,D_00500,scissors_pass,oracle_sfc,0,0,0,0,1,0,0.0,10,5,-1,medium,medium,0.55,low,8,,,,,,friction_model,424524
D,D_00500,scissors_pass,semantic_only,1,0,1,0,1,0,0.0,10,5,-1,medium,medium,0.55,low,8,,,,,,friction_model,424524
D,D_00500,scissors_pass,posthoc_single,0,0,0,0,1,0,0.00989426,10,5,-1,medium,medium,0.55,low,8,,,,,,friction_model,424524
D,D_00500,scissors_pass,soft_penalty_fc,0,0,0,0,1,0,0.00989426,10,5,-1,medium,medium,0.55,low,8,,,,,,friction_model,424524
D,D_00501,scissors_pass,geometric_fc,1,0,1,0,1,0,0.00887533,10,5,-1,medium,medium,0.55,low,8,,,,,,friction_model,424525
D,D_00501,scissors_pass,oracle_sfc,0,0,0,0,1,0,0.0,10,5,-1,medium,medium,0.55,low,8,,,,,,friction_model,424525
D,D_00501,scissors_pass,semantic_only,1,0,1,0,1,0,0.0,10,5,-1,medium,medium,0.55,low,8,,,,,,friction_model,424525
D,D_00501,scissors_pass,posthoc_single,0,0,0,0,1,0,0.00887533,10,5,-1,medium,medium,0.55,low,8,,,,,,friction_model,424525
D,D_00501,scissors_pass,soft_penalty_fc,0,0,0,0,1,0,0.00887533,10,5,-1,medium,medium,0.55,low,8,,,,,,friction_model,424525
D,D_00502,scissors_pass,geometric_fc,1,0,1,0,1,0,0.00913274,10,5,-1,medium,medium,0.55,low,8,,,,,,friction_model,424526
D,D_00502,scissors_pass,oracle_sfc,0,0,0,0,1,0,0.0,10,5,-1,medium,medium,0.55,low,8,,,,,,friction_model,424526
D,D_00502,scissors_pass,semantic_only,1,0,1,0,1,0,0.0,10,5,-1,medium,medium,0.55,low,8,,,,,,friction_model,424526
D,D_00502,scissors_pass,posthoc_single,0,0,0,0,1,0,0.00913274,10,5,-1,medium,medium,0.55,low,8,,,,,,friction_model,424526
D,D_00502,scissors_pass,soft_penalty_fc,0,0,0,0,1,0,0.00913274,10,5,-1,medium,medium,0.55,low,8,,,,,,friction_model,424526
D,D_00503,scissors_pass,geometric_fc,1,0,1,0,1,0,0.00720615,10,5,-1,medium,medium,0.55,low,8,,,,,,friction_model,424527
D,D_00503,scissors_pass,oracle_sfc,0,0,0,0,1,0,0.0,10,5,-1,medium,medium,0.55,low,8,,,,,,friction_model,424527
D,D_00503,scissors_pass,semantic_only,1,0,1,0,1,0,0.0,10,5,-1,medium,medium,0.55,low,8,,,,,,friction_model,424527
D,D_00503,scissors_pass,posthoc_single,0,0,0,0,1,0,0.00720615,10,5,-1,medium,medium,0.55,low,8,,,,,,friction_model,424527
D,D_00503,scissors_pass,soft_penalty_fc,0,0,0,0,1,0,0.00720615,10,5,-1,medium,medium,0.55,low,8,,,,,,friction_model,424527
D,D_00504,scissors_pass,geometric_fc,1,0,1,0,1,0,0.00567904,10,5,-1,medium,medium,0.55,low,8,,,,,,friction_model,424528
D,D_00504,scissors_pass,oracle_sfc,0,0,0,0,1,0,0.0,10,5,-1,medium,medium,0.55,low,8,,,,,,friction_model,424528
D,D_00504,scissors_pass,semantic_only,1,0,1,0,1,0,0.0,10,5,-1,medium,medium,0.55,low,8,,,,,,friction_model,424528
D,D_00504,scissors_pass,posthoc_single,0,0,0,0,1,0,0.00567904,10,5,-1,medium,medium,0.55,low,8,,,,,,friction_model,424528
D,D_00504,scissors_pass,soft_penalty_fc,0,0,0,0,1,0,0.00567904,10,5,-1,medium,medium,0.55,low,8,,,,,,friction_model,424528
D,D_00505,scissors_pass,geometric_fc,1,0,1,0,1,0,0.038847,10,5,-1,medium,medium,0.55,medium,2,,,,,,friction_model,424529
D,D_00505,scissors_pass,oracle_sfc,0,0,0,0,1,0,0.0,10,5,-1,medium,medium,0.55,medium,2,,,,,,friction_model,424529
D,D_00505,scissors_pass,semantic_only,1,0,1,0,1,0,0.0,10,5,-1,medium,medium,0.55,medium,2,,,,,,friction_model,424529
D,D_00505,scissors_pass,posthoc_single,0,0,0,0,1,0,0.038847,10,5,-1,medium,medium,0.55,medium,2,,,,,,friction_model,424529
D,D_00505,scissors_pass,soft_penalty_fc,1,0,1,0,1,0,0.038847,10,5,-1,medium,medium,0.55,medium,2,,,,,,friction_model,424529
D,D_00506,scissors_pass,geometric_fc,1,0,1,0,1,0,0.03873345,10,5,-1,medium,medium,0.55,medium,2,,,,,,friction_model,424530
D,D_00506,scissors_pass,oracle_sfc,0,0,0,0,1,0,0.0,10,5,-1,medium,medium,0.55,medium,2,,,,,,friction_model,424530
D,D_00506,scissors_pass,semantic_only,1,0,1,0,1,0,0.0,10,5,-1,medium,medium,0.55,medium,2,,,,,,friction_model,424530
D,D_00506,scissors_pass,posthoc_single,0,0,0,0,1,0,0.03873345,10,5,-1,medium,medium,0.55,medium,2,,,,,,friction_model,424530
D,D_00506,scissors_pass,soft_penalty_fc,1,0,1,0,1,0,0.03873345,10,5,-1,medium,medium,0.55,medium,2,,,,,,friction_model,424530
D,D_00507,scissors_pass,geometric_fc,1,0,1,0,1,0,0.04257227,10,5,-1,medium,medium,0.55,medium,2,,,,,,friction_model,424531
D,D_00507,scissors_pass,oracle_sfc,0,0,0,0,1,0,0.0,10,5,-1,medium,medium,0.55,medium,2,,,,,,friction_model,424531
D,D_00507,scissors_pass,semantic_only,1,0,1,0,1,0,0.0,10,5,-1,medium,medium,0.55,medium,2,,,,,,friction_model,424531
D,D_00507,scissors_pass,posthoc_single,0,0,0,0,1,0,0.04257227,10,5,-1,medium,medium,0.55,medium,2,,,,,,friction_model,424531
D,D_00507,scissors_pass,soft_penalty_fc,1,0,1,0,1,0,0.04257227,10,5,-1,medium,medium,0.55,medium,2,,,,,,friction_model,424531
D,D_00508,scissors_pass,geometric_fc,1,0,1,0,1,0,0.03873245,10,5,-1,medium,medium,0.55,medium,2,,,,,,friction_model,424532
D,D_00508,scissors_pass,oracle_sfc,0,0,0,0,1,0,0.0,10,5,-1,medium,medium,0.55,medium,2,,,,,,friction_model,424532
D,D_00508,scissors_pass,semantic_only,1,0,1,0,1,0,0.0,10,5,-1,medium,medium,0.55,medium,2,,,,,,friction_model,424532
D,D_00508,scissors_pass,posthoc_single,0,0,0,0,1,0,0.03873245,10,5,-1,medium,medium,0.55,medium,2,,,,,,friction_model,424532
D,D_00508,scissors_pass,soft_penalty_fc,1,0,1,0,1,0,0.03873245,10,5,-1,medium,medium,0.55,medium,2,,,,,,friction_model,424532
D,D_00509,scissors_pass,geometric_fc,1,0,1,0,1,0,0.03379812,10,5,-1,medium,medium,0.55,medium,2,,,,,,friction_model,424533
D,D_00509,scissors_pass,oracle_sfc,0,0,0,0,1,0,0.0,10,5,-1,medium,medium,0.55,medium,2,,,,,,friction_model,424533
D,D_00509,scissors_pass,semantic_only,1,0,1,0,1,0,0.0,10,5,-1,medium,medium,0.55,medium,2,,,,,,friction_model,424533
D,D_00509,scissors_pass,posthoc_single,0,0,0,0,1,0,0.03379812,10,5,-1,medium,medium,0.55,medium,2,,,,,,friction_model,424533
D,D_00509,scissors_pass,soft_penalty_fc,1,0,1,0,1,0,0.03379812,10,5,-1,medium,medium,0.55,medium,2,,,,,,friction_model,424533
D,D_00510,scissors_pass,geometric_fc,1,0,1,0,1,0,0.04047483,10,5,-1,medium,medium,0.55,medium,2,,,,,,friction_model,424534
D,D_00510,scissors_pass,oracle_sfc,0,0,0,0,1,0,0.0,10,5,-1,medium,medium,0.55,medium,2,,,,,,friction_model,424534
D,D_00510,scissors_pass,semantic_only,1,0,1,0,1,0,0.0,10,5,-1,medium,medium,0.55,medium,2,,,,,,friction_model,424534
D,D_00510,scissors_pass,posthoc_single,0,0,0,0,1,0,0.04047483,10,5,-1,medium,medium,0.55,medium,2,,,,,,friction_model,424534
D,D_00510,scissors_pass,soft_penalty_fc,1,0,1,0,1,0,0.04047483,10,5,-1,medium,medium,0.55,medium,2,,,,,,friction_model,424534
D,D_00511,scissors_pass,geometric_fc,1,0,1,0,1,0,0.04153928,10,5,-1,medium,medium,0.55,medium,2,,,,,,friction_model,424535
D,D_00511,scissors_pass,oracle_sfc,0,0,0,0,1,0,0.0,10,5,-1,medium,medium,0.55,medium,2,,,,,,friction_model,424535
D,D_00511,scissors_pass,semantic_only,1,0,1,0,1,0,0.0,10,5,-1,medium,medium,0.55,medium,2,,,,,,friction_model,424535
D,D_00511,scissors_pass,posthoc_single,0,0,0,0,1,0,0.04153928,10,5,-1,medium,medium,0.55,medium,2,,,,,,friction_model,424535
D,D_00511,scissors_pass,soft_penalty_fc,1,0,1,0,1,0,0.04153928,10,5,-1,medium,medium,0.55,medium,2,,,,,,friction_model,424535
D,D_00512,scissors_pass,geometric_fc,1,0,1,0,1,0,0.04073586,10,5,-1,medium,medium,0.55,medium,2,,,,,,friction_model,424536
D,D_00512,scissors_pass,oracle_sfc,0,0,0,0,1,0,0.0,10,5,-1,medium,medium,0.55,medium,2,,,,,,friction_model,424536
D,D_00512,scissors_pass,semantic_only,1,0,1,0,1,0,0.0,10,5,-1,medium,medium,0.55,medium,2,,,,,,friction_model,424536
D,D_00512,scissors_pass,posthoc_single,0,0,0,0,1,0,0.04073586,10,5,-1,medium,medium,0.55,medium,2,,,,,,friction_model,424536
D,D_00512,scissors_pass,soft_penalty_fc,1,0,1,0,1,0,0.04073586,10,5,-1,medium,medium,0.55,medium,2,,,,,,friction_model,424536
D,D_00513,scissors_pass,geometric_fc,1,0,1,0,1,0,0.02127743,10,5,-1,medium,medium,0.55,medium,4,,,,,,friction_model,424537
D,D_00513,scissors_pass,oracle_sfc,0,0,0,0,1,0,0.0,10,5,-1,medium,medium,0.55,medium,4,,,,,,friction_model,424537
D,D_00513,scissors_pass,semantic_only,1,0,1,0,1,0,0.0,10,5,-1,medium,medium,0.55,medium,4,,,,,,friction_model,424537
D,D_00513,scissors_pass,posthoc_single,0,0,0,0,1,0,0.02127743,10,5,-1,medium,medium,0.55,medium,4,,,,,,friction_model,424537
D,D_00513,scissors_pass,soft_penalty_fc,1,0,1,0,1,0,0.02127743,10,5,-1,medium,medium,0.55,medium,4,,,,,,friction_model,424537
D,D_00514,scissors_pass,geometric_fc,1,0,1,0,1,0,0.02024632,10,5,-1,medium,medium,0.55,medium,4,,,,,,friction_model,424538
D,D_00514,scissors_pass,oracle_sfc,0,0,0,0,1,0,0.0,10,5,-1,medium,medium,0.55,medium,4,,,,,,friction_model,424538
D,D_00514,scissors_pass,semantic_only,1,0,1,0,1,0,0.0,10,5,-1,medium,medium,0.55,medium,4,,,,,,friction_model,424538
D,D_00514,scissors_pass,posthoc_single,0,0,0,0,1,0,0.02024632,10,5,-1,medium,medium,0.55,medium,4,,,,,,friction_model,424538
D,D_00514,scissors_pass,soft_penalty_fc,1,0,1,0,1,0,0.02024632,10,5,-1,medium,medium,0.55,medium,4,,,,,,friction_model,424538
D,D_00515,scissors_pass,geometric_fc,1,0,1,0,1,0,0.0170204,10,5,-1,medium,medium,0.55,medium,4,,,,,,friction_model,424539
D,D_00515,scissors_pass,oracle_sfc,0,0,0,0,1,0,0.0,10,5,-1,medium,medium,0.55,medium,4,,,,,,friction_model,424539
D,D_00515,scissors_pass,semantic_only,1,0,1,0,1,0,0.0,10,5,-1,medium,medium,0.55,medium,4,,,,,,friction_model,424539
D,D_00515,scissors_pass,posthoc_single,0,0,0,0,1,0,0.0170204,10,5,-1,medium,medium,0.55,medium,4,,,,,,friction_model,424539
D,D_00515,scissors_pass,soft_penalty_fc,1,0,1,0,1,0,0.0170204,10,5,-1,medium,medium,0.55,medium,4,,,,,,friction_model,424539
D,D_00516,scissors_pass,geometric_fc,1,0,1,0,1,0,0.02030322,10,5,-1,medium,medium,0.55,medium,4,,,,,,friction_model,424540
D,D_00516,scissors_pass,oracle_sfc,0,0,0,0,1,0,0.0,10,5,-1,medium,medium,0.55,medium,4,,,,,,friction_model,424540
D,D_00516,scissors_pass,semantic_only,1,0,1,0,1,0,0.0,10,5,-1,medium,medium,0.55,medium,4,,,,,,friction_model,424540
D,D_00516,scissors_pass,posthoc_single,0,0,0,0,1,0,0.02030322,10,5,-1,medium,medium,0.55,medium,4,,,,,,friction_model,424540
D,D_00516,scissors_pass,soft_penalty_fc,1,0,1,0,1,0,0.02030322,10,5,-1,medium,medium,0.55,medium,4,,,,,,friction_model,424540
D,D_00517,scissors_pass,geometric_fc,1,0,1,0,1,0,0.02100335,10,5,-1,medium,medium,0.55,medium,4,,,,,,friction_model,424541
D,D_00517,scissors_pass,oracle_sfc,0,0,0,0,1,0,0.0,10,5,-1,medium,medium,0.55,medium,4,,,,,,friction_model,424541
D,D_00517,scissors_pass,semantic_only,1,0,1,0,1,0,0.0,10,5,-1,medium,medium,0.55,medium,4,,,,,,friction_model,424541
D,D_00517,scissors_pass,posthoc_single,0,0,0,0,1,0,0.02100335,10,5,-1,medium,medium,0.55,medium,4,,,,,,friction_model,424541
D,D_00517,scissors_pass,soft_penalty_fc,1,0,1,0,1,0,0.02100335,10,5,-1,medium,medium,0.55,medium,4,,,,,,friction_model,424541
D,D_00518,scissors_pass,geometric_fc,1,0,1,0,1,0,0.01919503,10,5,-1,medium,medium,0.55,medium,4,,,,,,friction_model,424542
D,D_00518,scissors_pass,oracle_sfc,0,0,0,0,1,0,0.0,10,5,-1,medium,medium,0.55,medium,4,,,,,,friction_model,424542
D,D_00518,scissors_pass,semantic_only,1,0,1,0,1,0,0.0,10,5,-1,medium,medium,0.55,medium,4,,,,,,friction_model,424542
D,D_00518,scissors_pass,posthoc_single,0,0,0,0,1,0,0.01919503,10,5,-1,medium,medium,0.55,medium,4,,,,,,friction_model,424542
D,D_00518,scissors_pass,soft_penalty_fc,1,0,1,0,1,0,0.01919503,10,5,-1,medium,medium,0.55,medium,4,,,,,,friction_model,424542
D,D_00519,scissors_pass,geometric_fc,1,0,1,0,1,0,0.01896568,10,5,-1,medium,medium,0.55,medium,4,,,,,,friction_model,424543
D,D_00519,scissors_pass,oracle_sfc,0,0,0,0,1,0,0.0,10,5,-1,medium,medium,0.55,medium,4,,,,,,friction_model,424543
D,D_00519,scissors_pass,semantic_only,1,0,1,0,1,0,0.0,10,5,-1,medium,medium,0.55,medium,4,,,,,,friction_model,424543
D,D_00519,scissors_pass,posthoc_single,0,0,0,0,1,0,0.01896568,10,5,-1,medium,medium,0.55,medium,4,,,,,,friction_model,424543
D,D_00519,scissors_pass,soft_penalty_fc,1,0,1,0,1,0,0.01896568,10,5,-1,medium,medium,0.55,medium,4,,,,,,friction_model,424543
D,D_00520,scissors_pass,geometric_fc,1,0,1,0,1,0,0.02074339,10,5,-1,medium,medium,0.55,medium,4,,,,,,friction_model,424544
D,D_00520,scissors_pass,oracle_sfc,0,0,0,0,1,0,0.0,10,5,-1,medium,medium,0.55,medium,4,,,,,,friction_model,424544
D,D_00520,scissors_pass,semantic_only,1,0,1,0,1,0,0.0,10,5,-1,medium,medium,0.55,medium,4,,,,,,friction_model,424544
D,D_00520,scissors_pass,posthoc_single,0,0,0,0,1,0,0.02074339,10,5,-1,medium,medium,0.55,medium,4,,,,,,friction_model,424544
D,D_00520,scissors_pass,soft_penalty_fc,1,0,1,0,1,0,0.02074339,10,5,-1,medium,medium,0.55,medium,4,,,,,,friction_model,424544
D,D_00521,scissors_pass,geometric_fc,1,0,1,0,1,0,0.0084462,10,5,-1,medium,medium,0.55,medium,8,,,,,,friction_model,424545
D,D_00521,scissors_pass,oracle_sfc,0,0,0,0,1,0,0.0,10,5,-1,medium,medium,0.55,medium,8,,,,,,friction_model,424545
D,D_00521,scissors_pass,semantic_only,1,0,1,0,1,0,0.0,10,5,-1,medium,medium,0.55,medium,8,,,,,,friction_model,424545
D,D_00521,scissors_pass,posthoc_single,0,0,0,0,1,0,0.0084462,10,5,-1,medium,medium,0.55,medium,8,,,,,,friction_model,424545
D,D_00521,scissors_pass,soft_penalty_fc,0,0,0,0,1,0,0.0084462,10,5,-1,medium,medium,0.55,medium,8,,,,,,friction_model,424545
D,D_00522,scissors_pass,geometric_fc,1,0,1,0,1,0,0.00933581,10,5,-1,medium,medium,0.55,medium,8,,,,,,friction_model,424546
D,D_00522,scissors_pass,oracle_sfc,0,0,0,0,1,0,0.0,10,5,-1,medium,medium,0.55,medium,8,,,,,,friction_model,424546
D,D_00522,scissors_pass,semantic_only,1,0,1,0,1,0,0.0,10,5,-1,medium,medium,0.55,medium,8,,,,,,friction_model,424546
D,D_00522,scissors_pass,posthoc_single,0,0,0,0,1,0,0.00933581,10,5,-1,medium,medium,0.55,medium,8,,,,,,friction_model,424546
D,D_00522,scissors_pass,soft_penalty_fc,0,0,0,0,1,0,0.00933581,10,5,-1,medium,medium,0.55,medium,8,,,,,,friction_model,424546
D,D_00523,scissors_pass,geometric_fc,1,0,1,0,1,0,0.01023779,10,5,-1,medium,medium,0.55,medium,8,,,,,,friction_model,424547
D,D_00523,scissors_pass,oracle_sfc,0,0,0,0,1,0,0.0,10,5,-1,medium,medium,0.55,medium,8,,,,,,friction_model,424547
D,D_00523,scissors_pass,semantic_only,1,0,1,0,1,0,0.0,10,5,-1,medium,medium,0.55,medium,8,,,,,,friction_model,424547
D,D_00523,scissors_pass,posthoc_single,0,0,0,0,1,0,0.01023779,10,5,-1,medium,medium,0.55,medium,8,,,,,,friction_model,424547
D,D_00523,scissors_pass,soft_penalty_fc,0,0,0,0,1,0,0.01023779,10,5,-1,medium,medium,0.55,medium,8,,,,,,friction_model,424547
D,D_00524,scissors_pass,geometric_fc,1,0,1,0,1,0,0.00929834,10,5,-1,medium,medium,0.55,medium,8,,,,,,friction_model,424548
D,D_00524,scissors_pass,oracle_sfc,0,0,0,0,1,0,0.0,10,5,-1,medium,medium,0.55,medium,8,,,,,,friction_model,424548
D,D_00524,scissors_pass,semantic_only,1,0,1,0,1,0,0.0,10,5,-1,medium,medium,0.55,medium,8,,,,,,friction_model,424548
D,D_00524,scissors_pass,posthoc_single,0,0,0,0,1,0,0.00929834,10,5,-1,medium,medium,0.55,medium,8,,,,,,friction_model,424548
D,D_00524,scissors_pass,soft_penalty_fc,0,0,0,0,1,0,0.00929834,10,5,-1,medium,medium,0.55,medium,8,,,,,,friction_model,424548
D,D_00525,scissors_pass,geometric_fc,1,0,1,0,1,0,0.00838346,10,5,-1,medium,medium,0.55,medium,8,,,,,,friction_model,424549
D,D_00525,scissors_pass,oracle_sfc,0,0,0,0,1,0,0.0,10,5,-1,medium,medium,0.55,medium,8,,,,,,friction_model,424549
D,D_00525,scissors_pass,semantic_only,1,0,1,0,1,0,0.0,10,5,-1,medium,medium,0.55,medium,8,,,,,,friction_model,424549
D,D_00525,scissors_pass,posthoc_single,0,0,0,0,1,0,0.00838346,10,5,-1,medium,medium,0.55,medium,8,,,,,,friction_model,424549
D,D_00525,scissors_pass,soft_penalty_fc,0,0,0,0,1,0,0.00838346,10,5,-1,medium,medium,0.55,medium,8,,,,,,friction_model,424549
D,D_00526,scissors_pass,geometric_fc,1,0,1,0,1,0,0.01054126,10,5,-1,medium,medium,0.55,medium,8,,,,,,friction_model,424550
D,D_00526,scissors_pass,oracle_sfc,0,0,0,0,1,0,0.0,10,5,-1,medium,medium,0.55,medium,8,,,,,,friction_model,424550
D,D_00526,scissors_pass,semantic_only,1,0,1,0,1,0,0.0,10,5,-1,medium,medium,0.55,medium,8,,,,,,friction_model,424550
D,D_00526,scissors_pass,posthoc_single,0,0,0,0,1,0,0.01054126,10,5,-1,medium,medium,0.55,medium,8,,,,,,friction_model,424550
D,D_00526,scissors_pass,soft_penalty_fc,0,0,0,0,1,0,0.01054126,10,5,-1,medium,medium,0.55,medium,8,,,,,,friction_model,424550
D,D_00527,scissors_pass,geometric_fc,1,0,1,0,1,0,0.00999949,10,5,-1,medium,medium,0.55,medium,8,,,,,,friction_model,424551
D,D_00527,scissors_pass,oracle_sfc,0,0,0,0,1,0,0.0,10,5,-1,medium,medium,0.55,medium,8,,,,,,friction_model,424551
D,D_00527,scissors_pass,semantic_only,1,0,1,0,1,0,0.0,10,5,-1,medium,medium,0.55,medium,8,,,,,,friction_model,424551
D,D_00527,scissors_pass,posthoc_single,0,0,0,0,1,0,0.00999949,10,5,-1,medium,medium,0.55,medium,8,,,,,,friction_model,424551
D,D_00527,scissors_pass,soft_penalty_fc,0,0,0,0,1,0,0.00999949,10,5,-1,medium,medium,0.55,medium,8,,,,,,friction_model,424551
D,D_00528,scissors_pass,geometric_fc,1,0,1,0,1,0,0.00985278,10,5,-1,medium,medium,0.55,medium,8,,,,,,friction_model,424552
D,D_00528,scissors_pass,oracle_sfc,0,0,0,0,1,0,0.0,10,5,-1,medium,medium,0.55,medium,8,,,,,,friction_model,424552
D,D_00528,scissors_pass,semantic_only,1,0,1,0,1,0,0.0,10,5,-1,medium,medium,0.55,medium,8,,,,,,friction_model,424552
D,D_00528,scissors_pass,posthoc_single,0,0,0,0,1,0,0.00985278,10,5,-1,medium,medium,0.55,medium,8,,,,,,friction_model,424552
D,D_00528,scissors_pass,soft_penalty_fc,0,0,0,0,1,0,0.00985278,10,5,-1,medium,medium,0.55,medium,8,,,,,,friction_model,424552
D,D_00529,scissors_pass,geometric_fc,1,0,1,0,1,0,0.04491196,10,5,-1,medium,medium,0.55,high,2,,,,,,friction_model,424553
D,D_00529,scissors_pass,oracle_sfc,0,0,0,0,1,0,0.0,10,5,-1,medium,medium,0.55,high,2,,,,,,friction_model,424553
D,D_00529,scissors_pass,semantic_only,1,0,1,0,1,0,0.0,10,5,-1,medium,medium,0.55,high,2,,,,,,friction_model,424553
D,D_00529,scissors_pass,posthoc_single,0,0,0,0,1,0,0.04491196,10,5,-1,medium,medium,0.55,high,2,,,,,,friction_model,424553
D,D_00529,scissors_pass,soft_penalty_fc,1,0,1,0,1,0,0.04491196,10,5,-1,medium,medium,0.55,high,2,,,,,,friction_model,424553
D,D_00530,scissors_pass,geometric_fc,1,0,1,0,1,0,0.04427883,10,5,-1,medium,medium,0.55,high,2,,,,,,friction_model,424554
D,D_00530,scissors_pass,oracle_sfc,0,0,0,0,1,0,0.0,10,5,-1,medium,medium,0.55,high,2,,,,,,friction_model,424554
D,D_00530,scissors_pass,semantic_only,1,0,1,0,1,0,0.0,10,5,-1,medium,medium,0.55,high,2,,,,,,friction_model,424554
D,D_00530,scissors_pass,posthoc_single,0,0,0,0,1,0,0.04427883,10,5,-1,medium,medium,0.55,high,2,,,,,,friction_model,424554
D,D_00530,scissors_pass,soft_penalty_fc,1,0,1,0,1,0,0.04427883,10,5,-1,medium,medium,0.55,high,2,,,,,,friction_model,424554
D,D_00531,scissors_pass,geometric_fc,1,0,1,0,1,0,0.03722299,10,5,-1,medium,medium,0.55,high,2,,,,,,friction_model,424555
D,D_00531,scissors_pass,oracle_sfc,0,0,0,0,1,0,0.0,10,5,-1,medium,medium,0.55,high,2,,,,,,friction_model,424555
D,D_00531,scissors_pass,semantic_only,1,0,1,0,1,0,0.0,10,5,-1,medium,medium,0.55,high,2,,,,,,friction_model,424555
D,D_00531,scissors_pass,posthoc_single,0,0,0,0,1,0,0.03722299,10,5,-1,medium,medium,0.55,high,2,,,,,,friction_model,424555
D,D_00531,scissors_pass,soft_penalty_fc,1,0,1,0,1,0,0.03722299,10,5,-1,medium,medium,0.55,high,2,,,,,,friction_model,424555
D,D_00532,scissors_pass,geometric_fc,1,0,1,0,1,0,0.0438458,10,5,-1,medium,medium,0.55,high,2,,,,,,friction_model,424556
D,D_00532,scissors_pass,oracle_sfc,0,0,0,0,1,0,0.0,10,5,-1,medium,medium,0.55,high,2,,,,,,friction_model,424556
D,D_00532,scissors_pass,semantic_only,1,0,1,0,1,0,0.0,10,5,-1,medium,medium,0.55,high,2,,,,,,friction_model,424556
D,D_00532,scissors_pass,posthoc_single,0,0,0,0,1,0,0.0438458,10,5,-1,medium,medium,0.55,high,2,,,,,,friction_model,424556
D,D_00532,scissors_pass,soft_penalty_fc,1,0,1,0,1,0,0.0438458,10,5,-1,medium,medium,0.55,high,2,,,,,,friction_model,424556
D,D_00533,scissors_pass,geometric_fc,1,0,1,0,1,0,0.04290196,10,5,-1,medium,medium,0.55,high,2,,,,,,friction_model,424557
D,D_00533,scissors_pass,oracle_sfc,0,0,0,0,1,0,0.0,10,5,-1,medium,medium,0.55,high,2,,,,,,friction_model,424557
D,D_00533,scissors_pass,semantic_only,1,0,1,0,1,0,0.0,10,5,-1,medium,medium,0.55,high,2,,,,,,friction_model,424557
D,D_00533,scissors_pass,posthoc_single,0,0,0,0,1,0,0.04290196,10,5,-1,medium,medium,0.55,high,2,,,,,,friction_model,424557
D,D_00533,scissors_pass,soft_penalty_fc,1,0,1,0,1,0,0.04290196,10,5,-1,medium,medium,0.55,high,2,,,,,,friction_model,424557
D,D_00534,scissors_pass,geometric_fc,1,0,1,0,1,0,0.04101619,10,5,-1,medium,medium,0.55,high,2,,,,,,friction_model,424558
D,D_00534,scissors_pass,oracle_sfc,0,0,0,0,1,0,0.0,10,5,-1,medium,medium,0.55,high,2,,,,,,friction_model,424558
D,D_00534,scissors_pass,semantic_only,1,0,1,0,1,0,0.0,10,5,-1,medium,medium,0.55,high,2,,,,,,friction_model,424558
D,D_00534,scissors_pass,posthoc_single,0,0,0,0,1,0,0.04101619,10,5,-1,medium,medium,0.55,high,2,,,,,,friction_model,424558
D,D_00534,scissors_pass,soft_penalty_fc,1,0,1,0,1,0,0.04101619,10,5,-1,medium,medium,0.55,high,2,,,,,,friction_model,424558
D,D_00535,scissors_pass,geometric_fc,1,0,1,0,1,0,0.04139317,10,5,-1,medium,medium,0.55,high,2,,,,,,friction_model,424559
D,D_00535,scissors_pass,oracle_sfc,0,0,0,0,1,0,0.0,10,5,-1,medium,medium,0.55,high,2,,,,,,friction_model,424559
D,D_00535,scissors_pass,semantic_only,1,0,1,0,1,0,0.0,10,5,-1,medium,medium,0.55,high,2,,,,,,friction_model,424559
D,D_00535,scissors_pass,posthoc_single,0,0,0,0,1,0,0.04139317,10,5,-1,medium,medium,0.55,high,2,,,,,,friction_model,424559
D,D_00535,scissors_pass,soft_penalty_fc,1,0,1,0,1,0,0.04139317,10,5,-1,medium,medium,0.55,high,2,,,,,,friction_model,424559
D,D_00536,scissors_pass,geometric_fc,1,0,1,0,1,0,0.04331657,10,5,-1,medium,medium,0.55,high,2,,,,,,friction_model,424560
D,D_00536,scissors_pass,oracle_sfc,0,0,0,0,1,0,0.0,10,5,-1,medium,medium,0.55,high,2,,,,,,friction_model,424560
D,D_00536,scissors_pass,semantic_only,1,0,1,0,1,0,0.0,10,5,-1,medium,medium,0.55,high,2,,,,,,friction_model,424560
D,D_00536,scissors_pass,posthoc_single,0,0,0,0,1,0,0.04331657,10,5,-1,medium,medium,0.55,high,2,,,,,,friction_model,424560
D,D_00536,scissors_pass,soft_penalty_fc,1,0,1,0,1,0,0.04331657,10,5,-1,medium,medium,0.55,high,2,,,,,,friction_model,424560
D,D_00537,scissors_pass,geometric_fc,1,0,1,1,1,1,0.02146918,10,5,-1,medium,medium,0.55,high,4,,,,,,friction_model,424561
D,D_00537,scissors_pass,oracle_sfc,1,1,0,0,1,1,0.0016913,10,5,-1,medium,medium,0.55,high,4,,,,,,friction_model,424561
D,D_00537,scissors_pass,semantic_only,1,1,0,0,1,1,0.0,10,5,-1,medium,medium,0.55,high,4,,,,,,friction_model,424561
D,D_00537,scissors_pass,posthoc_single,0,0,0,1,1,1,0.02146918,10,5,-1,medium,medium,0.55,high,4,,,,,,friction_model,424561
D,D_00537,scissors_pass,soft_penalty_fc,1,0,1,1,1,1,0.02146918,10,5,-1,medium,medium,0.55,high,4,,,,,,friction_model,424561
D,D_00538,scissors_pass,geometric_fc,1,0,1,0,1,0,0.02144362,10,5,-1,medium,medium,0.55,high,4,,,,,,friction_model,424562
D,D_00538,scissors_pass,oracle_sfc,0,0,0,0,1,0,0.0,10,5,-1,medium,medium,0.55,high,4,,,,,,friction_model,424562
D,D_00538,scissors_pass,semantic_only,1,0,1,0,1,0,0.0,10,5,-1,medium,medium,0.55,high,4,,,,,,friction_model,424562
D,D_00538,scissors_pass,posthoc_single,0,0,0,0,1,0,0.02144362,10,5,-1,medium,medium,0.55,high,4,,,,,,friction_model,424562
D,D_00538,scissors_pass,soft_penalty_fc,1,0,1,0,1,0,0.02144362,10,5,-1,medium,medium,0.55,high,4,,,,,,friction_model,424562
D,D_00539,scissors_pass,geometric_fc,1,0,1,0,1,0,0.02105425,10,5,-1,medium,medium,0.55,high,4,,,,,,friction_model,424563
D,D_00539,scissors_pass,oracle_sfc,0,0,0,0,1,0,0.0,10,5,-1,medium,medium,0.55,high,4,,,,,,friction_model,424563
D,D_00539,scissors_pass,semantic_only,1,0,1,0,1,0,0.0,10,5,-1,medium,medium,0.55,high,4,,,,,,friction_model,424563
D,D_00539,scissors_pass,posthoc_single,0,0,0,0,1,0,0.02105425,10,5,-1,medium,medium,0.55,high,4,,,,,,friction_model,424563
D,D_00539,scissors_pass,soft_penalty_fc,1,0,1,0,1,0,0.02105425,10,5,-1,medium,medium,0.55,high,4,,,,,,friction_model,424563
D,D_00540,scissors_pass,geometric_fc,1,0,1,0,1,0,0.02097189,10,5,-1,medium,medium,0.55,high,4,,,,,,friction_model,424564
D,D_00540,scissors_pass,oracle_sfc,0,0,0,0,1,0,0.0,10,5,-1,medium,medium,0.55,high,4,,,,,,friction_model,424564
D,D_00540,scissors_pass,semantic_only,1,0,1,0,1,0,0.0,10,5,-1,medium,medium,0.55,high,4,,,,,,friction_model,424564
D,D_00540,scissors_pass,posthoc_single,0,0,0,0,1,0,0.02097189,10,5,-1,medium,medium,0.55,high,4,,,,,,friction_model,424564
D,D_00540,scissors_pass,soft_penalty_fc,1,0,1,0,1,0,0.02097189,10,5,-1,medium,medium,0.55,high,4,,,,,,friction_model,424564
D,D_00541,scissors_pass,geometric_fc,1,0,1,0,1,0,0.02229704,10,5,-1,medium,medium,0.55,high,4,,,,,,friction_model,424565
D,D_00541,scissors_pass,oracle_sfc,0,0,0,0,1,0,0.0,10,5,-1,medium,medium,0.55,high,4,,,,,,friction_model,424565
D,D_00541,scissors_pass,semantic_only,1,0,1,0,1,0,0.0,10,5,-1,medium,medium,0.55,high,4,,,,,,friction_model,424565
D,D_00541,scissors_pass,posthoc_single,0,0,0,0,1,0,0.02229704,10,5,-1,medium,medium,0.55,high,4,,,,,,friction_model,424565
D,D_00541,scissors_pass,soft_penalty_fc,1,0,1,0,1,0,0.02229704,10,5,-1,medium,medium,0.55,high,4,,,,,,friction_model,424565
D,D_00542,scissors_pass,geometric_fc,1,0,1,0,1,0,0.02172771,10,5,-1,medium,medium,0.55,high,4,,,,,,friction_model,424566
D,D_00542,scissors_pass,oracle_sfc,0,0,0,0,1,0,0.0,10,5,-1,medium,medium,0.55,high,4,,,,,,friction_model,424566
D,D_00542,scissors_pass,semantic_only,1,0,1,0,1,0,0.0,10,5,-1,medium,medium,0.55,high,4,,,,,,friction_model,424566
D,D_00542,scissors_pass,posthoc_single,0,0,0,0,1,0,0.02172771,10,5,-1,medium,medium,0.55,high,4,,,,,,friction_model,424566
D,D_00542,scissors_pass,soft_penalty_fc,1,0,1,0,1,0,0.02172771,10,5,-1,medium,medium,0.55,high,4,,,,,,friction_model,424566
D,D_00543,scissors_pass,geometric_fc,1,0,1,0,1,0,0.0203101,10,5,-1,medium,medium,0.55,high,4,,,,,,friction_model,424567
D,D_00543,scissors_pass,oracle_sfc,0,0,0,0,1,0,0.0,10,5,-1,medium,medium,0.55,high,4,,,,,,friction_model,424567
D,D_00543,scissors_pass,semantic_only,1,0,1,0,1,0,0.0,10,5,-1,medium,medium,0.55,high,4,,,,,,friction_model,424567
D,D_00543,scissors_pass,posthoc_single,0,0,0,0,1,0,0.0203101,10,5,-1,medium,medium,0.55,high,4,,,,,,friction_model,424567
D,D_00543,scissors_pass,soft_penalty_fc,1,0,1,0,1,0,0.0203101,10,5,-1,medium,medium,0.55,high,4,,,,,,friction_model,424567
D,D_00544,scissors_pass,geometric_fc,1,0,1,0,1,0,0.02258763,10,5,-1,medium,medium,0.55,high,4,,,,,,friction_model,424568
D,D_00544,scissors_pass,oracle_sfc,0,0,0,0,1,0,0.0,10,5,-1,medium,medium,0.55,high,4,,,,,,friction_model,424568
D,D_00544,scissors_pass,semantic_only,1,0,1,0,1,0,0.0,10,5,-1,medium,medium,0.55,high,4,,,,,,friction_model,424568
D,D_00544,scissors_pass,posthoc_single,0,0,0,0,1,0,0.02258763,10,5,-1,medium,medium,0.55,high,4,,,,,,friction_model,424568
D,D_00544,scissors_pass,soft_penalty_fc,1,0,1,0,1,0,0.02258763,10,5,-1,medium,medium,0.55,high,4,,,,,,friction_model,424568
D,D_00545,scissors_pass,geometric_fc,1,0,1,0,1,0,0.01042731,10,5,-1,medium,medium,0.55,high,8,,,,,,friction_model,424569
D,D_00545,scissors_pass,oracle_sfc,0,0,0,0,1,0,0.0,10,5,-1,medium,medium,0.55,high,8,,,,,,friction_model,424569
D,D_00545,scissors_pass,semantic_only,1,0,1,0,1,0,0.0,10,5,-1,medium,medium,0.55,high,8,,,,,,friction_model,424569
D,D_00545,scissors_pass,posthoc_single,0,0,0,0,1,0,0.01042731,10,5,-1,medium,medium,0.55,high,8,,,,,,friction_model,424569
D,D_00545,scissors_pass,soft_penalty_fc,0,0,0,0,1,0,0.01042731,10,5,-1,medium,medium,0.55,high,8,,,,,,friction_model,424569
D,D_00546,scissors_pass,geometric_fc,1,0,1,0,1,0,0.01001437,10,5,-1,medium,medium,0.55,high,8,,,,,,friction_model,424570
D,D_00546,scissors_pass,oracle_sfc,0,0,0,0,1,0,0.0,10,5,-1,medium,medium,0.55,high,8,,,,,,friction_model,424570
D,D_00546,scissors_pass,semantic_only,1,0,1,0,1,0,0.0,10,5,-1,medium,medium,0.55,high,8,,,,,,friction_model,424570
D,D_00546,scissors_pass,posthoc_single,0,0,0,0,1,0,0.01001437,10,5,-1,medium,medium,0.55,high,8,,,,,,friction_model,424570
D,D_00546,scissors_pass,soft_penalty_fc,0,0,0,0,1,0,0.01001437,10,5,-1,medium,medium,0.55,high,8,,,,,,friction_model,424570
D,D_00547,scissors_pass,geometric_fc,1,0,1,0,1,0,0.01089574,10,5,-1,medium,medium,0.55,high,8,,,,,,friction_model,424571
D,D_00547,scissors_pass,oracle_sfc,0,0,0,0,1,0,0.0,10,5,-1,medium,medium,0.55,high,8,,,,,,friction_model,424571
D,D_00547,scissors_pass,semantic_only,1,0,1,0,1,0,0.0,10,5,-1,medium,medium,0.55,high,8,,,,,,friction_model,424571
D,D_00547,scissors_pass,posthoc_single,0,0,0,0,1,0,0.01089574,10,5,-1,medium,medium,0.55,high,8,,,,,,friction_model,424571
D,D_00547,scissors_pass,soft_penalty_fc,0,0,0,0,1,0,0.01089574,10,5,-1,medium,medium,0.55,high,8,,,,,,friction_model,424571
D,D_00548,scissors_pass,geometric_fc,1,0,1,0,1,0,0.01021038,10,5,-1,medium,medium,0.55,high,8,,,,,,friction_model,424572
D,D_00548,scissors_pass,oracle_sfc,0,0,0,0,1,0,0.0,10,5,-1,medium,medium,0.55,high,8,,,,,,friction_model,424572
D,D_00548,scissors_pass,semantic_only,1,0,1,0,1,0,0.0,10,5,-1,medium,medium,0.55,high,8,,,,,,friction_model,424572
D,D_00548,scissors_pass,posthoc_single,0,0,0,0,1,0,0.01021038,10,5,-1,medium,medium,0.55,high,8,,,,,,friction_model,424572
D,D_00548,scissors_pass,soft_penalty_fc,0,0,0,0,1,0,0.01021038,10,5,-1,medium,medium,0.55,high,8,,,,,,friction_model,424572
D,D_00549,scissors_pass,geometric_fc,1,0,1,1,1,1,0.01083587,10,5,-1,medium,medium,0.55,high,8,,,,,,friction_model,424573
D,D_00549,scissors_pass,oracle_sfc,1,1,0,0,1,1,0.00015617,10,5,-1,medium,medium,0.55,high,8,,,,,,friction_model,424573
D,D_00549,scissors_pass,semantic_only,1,1,0,0,1,1,0.0,10,5,-1,medium,medium,0.55,high,8,,,,,,friction_model,424573
D,D_00549,scissors_pass,posthoc_single,0,0,0,1,1,1,0.01083587,10,5,-1,medium,medium,0.55,high,8,,,,,,friction_model,424573
D,D_00549,scissors_pass,soft_penalty_fc,0,0,0,1,1,1,0.01083587,10,5,-1,medium,medium,0.55,high,8,,,,,,friction_model,424573
D,D_00550,scissors_pass,geometric_fc,1,0,1,0,1,0,0.01098211,10,5,-1,medium,medium,0.55,high,8,,,,,,friction_model,424574
D,D_00550,scissors_pass,oracle_sfc,0,0,0,0,1,0,0.0,10,5,-1,medium,medium,0.55,high,8,,,,,,friction_model,424574
D,D_00550,scissors_pass,semantic_only,1,0,1,0,1,0,0.0,10,5,-1,medium,medium,0.55,high,8,,,,,,friction_model,424574
D,D_00550,scissors_pass,posthoc_single,0,0,0,0,1,0,0.01098211,10,5,-1,medium,medium,0.55,high,8,,,,,,friction_model,424574
D,D_00550,scissors_pass,soft_penalty_fc,0,0,0,0,1,0,0.01098211,10,5,-1,medium,medium,0.55,high,8,,,,,,friction_model,424574
D,D_00551,scissors_pass,geometric_fc,1,0,1,0,1,0,0.01096396,10,5,-1,medium,medium,0.55,high,8,,,,,,friction_model,424575
D,D_00551,scissors_pass,oracle_sfc,0,0,0,0,1,0,0.0,10,5,-1,medium,medium,0.55,high,8,,,,,,friction_model,424575
D,D_00551,scissors_pass,semantic_only,1,0,1,0,1,0,0.0,10,5,-1,medium,medium,0.55,high,8,,,,,,friction_model,424575
D,D_00551,scissors_pass,posthoc_single,0,0,0,0,1,0,0.01096396,10,5,-1,medium,medium,0.55,high,8,,,,,,friction_model,424575
D,D_00551,scissors_pass,soft_penalty_fc,0,0,0,0,1,0,0.01096396,10,5,-1,medium,medium,0.55,high,8,,,,,,friction_model,424575
D,D_00552,scissors_pass,geometric_fc,1,0,1,0,1,0,0.01019012,10,5,-1,medium,medium,0.55,high,8,,,,,,friction_model,424576
D,D_00552,scissors_pass,oracle_sfc,0,0,0,0,1,0,0.0,10,5,-1,medium,medium,0.55,high,8,,,,,,friction_model,424576
D,D_00552,scissors_pass,semantic_only,1,0,1,0,1,0,0.0,10,5,-1,medium,medium,0.55,high,8,,,,,,friction_model,424576
D,D_00552,scissors_pass,posthoc_single,0,0,0,0,1,0,0.01019012,10,5,-1,medium,medium,0.55,high,8,,,,,,friction_model,424576
D,D_00552,scissors_pass,soft_penalty_fc,0,0,0,0,1,0,0.01019012,10,5,-1,medium,medium,0.55,high,8,,,,,,friction_model,424576
D,D_00553,scissors_pass,geometric_fc,1,0,1,0,1,0,0.04427634,10,5,-1,medium,medium,0.55,mixed,2,,,,,,friction_model,424577
D,D_00553,scissors_pass,oracle_sfc,0,0,0,0,1,0,0.0,10,5,-1,medium,medium,0.55,mixed,2,,,,,,friction_model,424577
D,D_00553,scissors_pass,semantic_only,1,0,1,0,1,0,0.0,10,5,-1,medium,medium,0.55,mixed,2,,,,,,friction_model,424577
D,D_00553,scissors_pass,posthoc_single,0,0,0,0,1,0,0.04427634,10,5,-1,medium,medium,0.55,mixed,2,,,,,,friction_model,424577
D,D_00553,scissors_pass,soft_penalty_fc,1,0,1,0,1,0,0.04427634,10,5,-1,medium,medium,0.55,mixed,2,,,,,,friction_model,424577
D,D_00554,scissors_pass,geometric_fc,1,0,1,0,1,0,0.03720561,10,5,-1,medium,medium,0.55,mixed,2,,,,,,friction_model,424578
D,D_00554,scissors_pass,oracle_sfc,0,0,0,0,1,0,0.0,10,5,-1,medium,medium,0.55,mixed,2,,,,,,friction_model,424578
D,D_00554,scissors_pass,semantic_only,1,0,1,0,1,0,0.0,10,5,-1,medium,medium,0.55,mixed,2,,,,,,friction_model,424578
D,D_00554,scissors_pass,posthoc_single,0,0,0,0,1,0,0.03720561,10,5,-1,medium,medium,0.55,mixed,2,,,,,,friction_model,424578
D,D_00554,scissors_pass,soft_penalty_fc,1,0,1,0,1,0,0.03720561,10,5,-1,medium,medium,0.55,mixed,2,,,,,,friction_model,424578
D,D_00555,scissors_pass,geometric_fc,1,0,1,0,1,0,0.04495247,10,5,-1,medium,medium,0.55,mixed,2,,,,,,friction_model,424579
D,D_00555,scissors_pass,oracle_sfc,0,0,0,0,1,0,0.0,10,5,-1,medium,medium,0.55,mixed,2,,,,,,friction_model,424579
D,D_00555,scissors_pass,semantic_only,1,0,1,0,1,0,0.0,10,5,-1,medium,medium,0.55,mixed,2,,,,,,friction_model,424579
D,D_00555,scissors_pass,posthoc_single,0,0,0,0,1,0,0.04495247,10,5,-1,medium,medium,0.55,mixed,2,,,,,,friction_model,424579
D,D_00555,scissors_pass,soft_penalty_fc,1,0,1,0,1,0,0.04495247,10,5,-1,medium,medium,0.55,mixed,2,,,,,,friction_model,424579
D,D_00556,scissors_pass,geometric_fc,1,0,1,0,1,0,0.04368971,10,5,-1,medium,medium,0.55,mixed,2,,,,,,friction_model,424580
D,D_00556,scissors_pass,oracle_sfc,0,0,0,0,1,0,0.0,10,5,-1,medium,medium,0.55,mixed,2,,,,,,friction_model,424580
D,D_00556,scissors_pass,semantic_only,1,0,1,0,1,0,0.0,10,5,-1,medium,medium,0.55,mixed,2,,,,,,friction_model,424580
D,D_00556,scissors_pass,posthoc_single,0,0,0,0,1,0,0.04368971,10,5,-1,medium,medium,0.55,mixed,2,,,,,,friction_model,424580
D,D_00556,scissors_pass,soft_penalty_fc,1,0,1,0,1,0,0.04368971,10,5,-1,medium,medium,0.55,mixed,2,,,,,,friction_model,424580
D,D_00557,scissors_pass,geometric_fc,1,0,1,0,1,0,0.03929311,10,5,-1,medium,medium,0.55,mixed,2,,,,,,friction_model,424581
D,D_00557,scissors_pass,oracle_sfc,0,0,0,0,1,0,0.0,10,5,-1,medium,medium,0.55,mixed,2,,,,,,friction_model,424581
D,D_00557,scissors_pass,semantic_only,1,0,1,0,1,0,0.0,10,5,-1,medium,medium,0.55,mixed,2,,,,,,friction_model,424581
D,D_00557,scissors_pass,posthoc_single,0,0,0,0,1,0,0.03929311,10,5,-1,medium,medium,0.55,mixed,2,,,,,,friction_model,424581
D,D_00557,scissors_pass,soft_penalty_fc,1,0,1,0,1,0,0.03929311,10,5,-1,medium,medium,0.55,mixed,2,,,,,,friction_model,424581
D,D_00558,scissors_pass,geometric_fc,1,0,1,0,1,0,0.04356899,10,5,-1,medium,medium,0.55,mixed,2,,,,,,friction_model,424582
D,D_00558,scissors_pass,oracle_sfc,0,0,0,0,1,0,0.0,10,5,-1,medium,medium,0.55,mixed,2,,,,,,friction_model,424582
D,D_00558,scissors_pass,semantic_only,1,0,1,0,1,0,0.0,10,5,-1,medium,medium,0.55,mixed,2,,,,,,friction_model,424582
D,D_00558,scissors_pass,posthoc_single,0,0,0,0,1,0,0.04356899,10,5,-1,medium,medium,0.55,mixed,2,,,,,,friction_model,424582
D,D_00558,scissors_pass,soft_penalty_fc,1,0,1,0,1,0,0.04356899,10,5,-1,medium,medium,0.55,mixed,2,,,,,,friction_model,424582
D,D_00559,scissors_pass,geometric_fc,1,0,1,0,1,0,0.0423293,10,5,-1,medium,medium,0.55,mixed,2,,,,,,friction_model,424583
D,D_00559,scissors_pass,oracle_sfc,0,0,0,0,1,0,0.0,10,5,-1,medium,medium,0.55,mixed,2,,,,,,friction_model,424583
D,D_00559,scissors_pass,semantic_only,1,0,1,0,1,0,0.0,10,5,-1,medium,medium,0.55,mixed,2,,,,,,friction_model,424583
D,D_00559,scissors_pass,posthoc_single,0,0,0,0,1,0,0.0423293,10,5,-1,medium,medium,0.55,mixed,2,,,,,,friction_model,424583
D,D_00559,scissors_pass,soft_penalty_fc,1,0,1,0,1,0,0.0423293,10,5,-1,medium,medium,0.55,mixed,2,,,,,,friction_model,424583
D,D_00560,scissors_pass,geometric_fc,1,0,1,0,1,0,0.04131759,10,5,-1,medium,medium,0.55,mixed,2,,,,,,friction_model,424584
D,D_00560,scissors_pass,oracle_sfc,0,0,0,0,1,0,0.0,10,5,-1,medium,medium,0.55,mixed,2,,,,,,friction_model,424584
D,D_00560,scissors_pass,semantic_only,1,0,1,0,1,0,0.0,10,5,-1,medium,medium,0.55,mixed,2,,,,,,friction_model,424584
D,D_00560,scissors_pass,posthoc_single,0,0,0,0,1,0,0.04131759,10,5,-1,medium,medium,0.55,mixed,2,,,,,,friction_model,424584
D,D_00560,scissors_pass,soft_penalty_fc,1,0,1,0,1,0,0.04131759,10,5,-1,medium,medium,0.55,mixed,2,,,,,,friction_model,424584
D,D_00561,scissors_pass,geometric_fc,1,0,1,0,1,0,0.02039773,10,5,-1,medium,medium,0.55,mixed,4,,,,,,friction_model,424585
D,D_00561,scissors_pass,oracle_sfc,0,0,0,0,1,0,0.0,10,5,-1,medium,medium,0.55,mixed,4,,,,,,friction_model,424585
D,D_00561,scissors_pass,semantic_only,1,0,1,0,1,0,0.0,10,5,-1,medium,medium,0.55,mixed,4,,,,,,friction_model,424585
D,D_00561,scissors_pass,posthoc_single,0,0,0,0,1,0,0.02039773,10,5,-1,medium,medium,0.55,mixed,4,,,,,,friction_model,424585
D,D_00561,scissors_pass,soft_penalty_fc,1,0,1,0,1,0,0.02039773,10,5,-1,medium,medium,0.55,mixed,4,,,,,,friction_model,424585
D,D_00562,scissors_pass,geometric_fc,1,0,1,0,1,0,0.0204049,10,5,-1,medium,medium,0.55,mixed,4,,,,,,friction_model,424586
D,D_00562,scissors_pass,oracle_sfc,0,0,0,0,1,0,0.0,10,5,-1,medium,medium,0.55,mixed,4,,,,,,friction_model,424586
D,D_00562,scissors_pass,semantic_only,1,0,1,0,1,0,0.0,10,5,-1,medium,medium,0.55,mixed,4,,,,,,friction_model,424586
D,D_00562,scissors_pass,posthoc_single,0,0,0,0,1,0,0.0204049,10,5,-1,medium,medium,0.55,mixed,4,,,,,,friction_model,424586
D,D_00562,scissors_pass,soft_penalty_fc,1,0,1,0,1,0,0.0204049,10,5,-1,medium,medium,0.55,mixed,4,,,,,,friction_model,424586
D,D_00563,scissors_pass,geometric_fc,1,0,1,0,1,0,0.01864183,10,5,-1,medium,medium,0.55,mixed,4,,,,,,friction_model,424587
D,D_00563,scissors_pass,oracle_sfc,0,0,0,0,1,0,0.0,10,5,-1,medium,medium,0.55,mixed,4,,,,,,friction_model,424587
D,D_00563,scissors_pass,semantic_only,1,0,1,0,1,0,0.0,10,5,-1,medium,medium,0.55,mixed,4,,,,,,friction_model,424587
D,D_00563,scissors_pass,posthoc_single,0,0,0,0,1,0,0.01864183,10,5,-1,medium,medium,0.55,mixed,4,,,,,,friction_model,424587
D,D_00563,scissors_pass,soft_penalty_fc,1,0,1,0,1,0,0.01864183,10,5,-1,medium,medium,0.55,mixed,4,,,,,,friction_model,424587
D,D_00564,scissors_pass,geometric_fc,1,0,1,0,1,0,0.02035049,10,5,-1,medium,medium,0.55,mixed,4,,,,,,friction_model,424588
D,D_00564,scissors_pass,oracle_sfc,0,0,0,0,1,0,0.0,10,5,-1,medium,medium,0.55,mixed,4,,,,,,friction_model,424588
D,D_00564,scissors_pass,semantic_only,1,0,1,0,1,0,0.0,10,5,-1,medium,medium,0.55,mixed,4,,,,,,friction_model,424588
D,D_00564,scissors_pass,posthoc_single,0,0,0,0,1,0,0.02035049,10,5,-1,medium,medium,0.55,mixed,4,,,,,,friction_model,424588
D,D_00564,scissors_pass,soft_penalty_fc,1,0,1,0,1,0,0.02035049,10,5,-1,medium,medium,0.55,mixed,4,,,,,,friction_model,424588
D,D_00565,scissors_pass,geometric_fc,1,0,1,0,1,0,0.01992062,10,5,-1,medium,medium,0.55,mixed,4,,,,,,friction_model,424589
D,D_00565,scissors_pass,oracle_sfc,0,0,0,0,1,0,0.0,10,5,-1,medium,medium,0.55,mixed,4,,,,,,friction_model,424589
D,D_00565,scissors_pass,semantic_only,1,0,1,0,1,0,0.0,10,5,-1,medium,medium,0.55,mixed,4,,,,,,friction_model,424589
D,D_00565,scissors_pass,posthoc_single,0,0,0,0,1,0,0.01992062,10,5,-1,medium,medium,0.55,mixed,4,,,,,,friction_model,424589
D,D_00565,scissors_pass,soft_penalty_fc,1,0,1,0,1,0,0.01992062,10,5,-1,medium,medium,0.55,mixed,4,,,,,,friction_model,424589
D,D_00566,scissors_pass,geometric_fc,1,0,1,0,1,0,0.02178653,10,5,-1,medium,medium,0.55,mixed,4,,,,,,friction_model,424590
D,D_00566,scissors_pass,oracle_sfc,0,0,0,0,1,0,0.0,10,5,-1,medium,medium,0.55,mixed,4,,,,,,friction_model,424590
D,D_00566,scissors_pass,semantic_only,1,0,1,0,1,0,0.0,10,5,-1,medium,medium,0.55,mixed,4,,,,,,friction_model,424590
D,D_00566,scissors_pass,posthoc_single,0,0,0,0,1,0,0.02178653,10,5,-1,medium,medium,0.55,mixed,4,,,,,,friction_model,424590
D,D_00566,scissors_pass,soft_penalty_fc,1,0,1,0,1,0,0.02178653,10,5,-1,medium,medium,0.55,mixed,4,,,,,,friction_model,424590
D,D_00567,scissors_pass,geometric_fc,1,0,1,0,1,0,0.02098958,10,5,-1,medium,medium,0.55,mixed,4,,,,,,friction_model,424591
D,D_00567,scissors_pass,oracle_sfc,0,0,0,0,1,0,0.0,10,5,-1,medium,medium,0.55,mixed,4,,,,,,friction_model,424591
D,D_00567,scissors_pass,semantic_only,1,0,1,0,1,0,0.0,10,5,-1,medium,medium,0.55,mixed,4,,,,,,friction_model,424591
D,D_00567,scissors_pass,posthoc_single,0,0,0,0,1,0,0.02098958,10,5,-1,medium,medium,0.55,mixed,4,,,,,,friction_model,424591
D,D_00567,scissors_pass,soft_penalty_fc,1,0,1,0,1,0,0.02098958,10,5,-1,medium,medium,0.55,mixed,4,,,,,,friction_model,424591
D,D_00568,scissors_pass,geometric_fc,1,0,1,0,1,0,0.01924134,10,5,-1,medium,medium,0.55,mixed,4,,,,,,friction_model,424592
D,D_00568,scissors_pass,oracle_sfc,0,0,0,0,1,0,0.0,10,5,-1,medium,medium,0.55,mixed,4,,,,,,friction_model,424592
D,D_00568,scissors_pass,semantic_only,1,0,1,0,1,0,0.0,10,5,-1,medium,medium,0.55,mixed,4,,,,,,friction_model,424592
D,D_00568,scissors_pass,posthoc_single,0,0,0,0,1,0,0.01924134,10,5,-1,medium,medium,0.55,mixed,4,,,,,,friction_model,424592
D,D_00568,scissors_pass,soft_penalty_fc,1,0,1,0,1,0,0.01924134,10,5,-1,medium,medium,0.55,mixed,4,,,,,,friction_model,424592
D,D_00569,scissors_pass,geometric_fc,1,0,1,0,1,0,0.00931812,10,5,-1,medium,medium,0.55,mixed,8,,,,,,friction_model,424593
D,D_00569,scissors_pass,oracle_sfc,0,0,0,0,1,0,0.0,10,5,-1,medium,medium,0.55,mixed,8,,,,,,friction_model,424593
D,D_00569,scissors_pass,semantic_only,1,0,1,0,1,0,0.0,10,5,-1,medium,medium,0.55,mixed,8,,,,,,friction_model,424593
D,D_00569,scissors_pass,posthoc_single,0,0,0,0,1,0,0.00931812,10,5,-1,medium,medium,0.55,mixed,8,,,,,,friction_model,424593
D,D_00569,scissors_pass,soft_penalty_fc,0,0,0,0,1,0,0.00931812,10,5,-1,medium,medium,0.55,mixed,8,,,,,,friction_model,424593
D,D_00570,scissors_pass,geometric_fc,1,0,1,0,1,0,0.00984312,10,5,-1,medium,medium,0.55,mixed,8,,,,,,friction_model,424594
D,D_00570,scissors_pass,oracle_sfc,0,0,0,0,1,0,0.0,10,5,-1,medium,medium,0.55,mixed,8,,,,,,friction_model,424594
D,D_00570,scissors_pass,semantic_only,1,0,1,0,1,0,0.0,10,5,-1,medium,medium,0.55,mixed,8,,,,,,friction_model,424594
D,D_00570,scissors_pass,posthoc_single,0,0,0,0,1,0,0.00984312,10,5,-1,medium,medium,0.55,mixed,8,,,,,,friction_model,424594
D,D_00570,scissors_pass,soft_penalty_fc,0,0,0,0,1,0,0.00984312,10,5,-1,medium,medium,0.55,mixed,8,,,,,,friction_model,424594
D,D_00571,scissors_pass,geometric_fc,1,0,1,0,1,0,0.01060659,10,5,-1,medium,medium,0.55,mixed,8,,,,,,friction_model,424595
D,D_00571,scissors_pass,oracle_sfc,0,0,0,0,1,0,0.0,10,5,-1,medium,medium,0.55,mixed,8,,,,,,friction_model,424595
D,D_00571,scissors_pass,semantic_only,1,0,1,0,1,0,0.0,10,5,-1,medium,medium,0.55,mixed,8,,,,,,friction_model,424595
D,D_00571,scissors_pass,posthoc_single,0,0,0,0,1,0,0.01060659,10,5,-1,medium,medium,0.55,mixed,8,,,,,,friction_model,424595
D,D_00571,scissors_pass,soft_penalty_fc,0,0,0,0,1,0,0.01060659,10,5,-1,medium,medium,0.55,mixed,8,,,,,,friction_model,424595
D,D_00572,scissors_pass,geometric_fc,1,0,1,0,1,0,0.01024133,10,5,-1,medium,medium,0.55,mixed,8,,,,,,friction_model,424596
D,D_00572,scissors_pass,oracle_sfc,0,0,0,0,1,0,0.0,10,5,-1,medium,medium,0.55,mixed,8,,,,,,friction_model,424596
D,D_00572,scissors_pass,semantic_only,1,0,1,0,1,0,0.0,10,5,-1,medium,medium,0.55,mixed,8,,,,,,friction_model,424596
D,D_00572,scissors_pass,posthoc_single,0,0,0,0,1,0,0.01024133,10,5,-1,medium,medium,0.55,mixed,8,,,,,,friction_model,424596
D,D_00572,scissors_pass,soft_penalty_fc,0,0,0,0,1,0,0.01024133,10,5,-1,medium,medium,0.55,mixed,8,,,,,,friction_model,424596
D,D_00573,scissors_pass,geometric_fc,1,0,1,0,1,0,0.01157243,10,5,-1,medium,medium,0.55,mixed,8,,,,,,friction_model,424597
D,D_00573,scissors_pass,oracle_sfc,0,0,0,0,1,0,0.0,10,5,-1,medium,medium,0.55,mixed,8,,,,,,friction_model,424597
D,D_00573,scissors_pass,semantic_only,1,0,1,0,1,0,0.0,10,5,-1,medium,medium,0.55,mixed,8,,,,,,friction_model,424597
D,D_00573,scissors_pass,posthoc_single,0,0,0,0,1,0,0.01157243,10,5,-1,medium,medium,0.55,mixed,8,,,,,,friction_model,424597
D,D_00573,scissors_pass,soft_penalty_fc,0,0,0,0,1,0,0.01157243,10,5,-1,medium,medium,0.55,mixed,8,,,,,,friction_model,424597
D,D_00574,scissors_pass,geometric_fc,1,0,1,0,1,0,0.01001086,10,5,-1,medium,medium,0.55,mixed,8,,,,,,friction_model,424598
D,D_00574,scissors_pass,oracle_sfc,0,0,0,0,1,0,0.0,10,5,-1,medium,medium,0.55,mixed,8,,,,,,friction_model,424598
D,D_00574,scissors_pass,semantic_only,1,0,1,0,1,0,0.0,10,5,-1,medium,medium,0.55,mixed,8,,,,,,friction_model,424598
D,D_00574,scissors_pass,posthoc_single,0,0,0,0,1,0,0.01001086,10,5,-1,medium,medium,0.55,mixed,8,,,,,,friction_model,424598
D,D_00574,scissors_pass,soft_penalty_fc,0,0,0,0,1,0,0.01001086,10,5,-1,medium,medium,0.55,mixed,8,,,,,,friction_model,424598
D,D_00575,scissors_pass,geometric_fc,1,0,1,0,1,0,0.00990704,10,5,-1,medium,medium,0.55,mixed,8,,,,,,friction_model,424599
D,D_00575,scissors_pass,oracle_sfc,0,0,0,0,1,0,0.0,10,5,-1,medium,medium,0.55,mixed,8,,,,,,friction_model,424599
D,D_00575,scissors_pass,semantic_only,1,0,1,0,1,0,0.0,10,5,-1,medium,medium,0.55,mixed,8,,,,,,friction_model,424599
D,D_00575,scissors_pass,posthoc_single,0,0,0,0,1,0,0.00990704,10,5,-1,medium,medium,0.55,mixed,8,,,,,,friction_model,424599
D,D_00575,scissors_pass,soft_penalty_fc,0,0,0,0,1,0,0.00990704,10,5,-1,medium,medium,0.55,mixed,8,,,,,,friction_model,424599
D,D_00576,scissors_pass,geometric_fc,1,0,1,0,1,0,0.01021633,10,5,-1,medium,medium,0.55,mixed,8,,,,,,friction_model,424600
D,D_00576,scissors_pass,oracle_sfc,0,0,0,0,1,0,0.0,10,5,-1,medium,medium,0.55,mixed,8,,,,,,friction_model,424600
D,D_00576,scissors_pass,semantic_only,1,0,1,0,1,0,0.0,10,5,-1,medium,medium,0.55,mixed,8,,,,,,friction_model,424600
D,D_00576,scissors_pass,posthoc_single,0,0,0,0,1,0,0.01021633,10,5,-1,medium,medium,0.55,mixed,8,,,,,,friction_model,424600
D,D_00576,scissors_pass,soft_penalty_fc,0,0,0,0,1,0,0.01021633,10,5,-1,medium,medium,0.55,mixed,8,,,,,,friction_model,424600
D,D_00577,syringe_handoff,geometric_fc,1,0,1,0,1,0,0.04095632,11,6,-1,medium,medium,0.55,low,2,,,,,,friction_model,424601
D,D_00577,syringe_handoff,oracle_sfc,0,0,0,0,1,0,0.0,11,6,-1,medium,medium,0.55,low,2,,,,,,friction_model,424601
D,D_00577,syringe_handoff,semantic_only,1,0,1,0,1,0,0.0,11,6,-1,medium,medium,0.55,low,2,,,,,,friction_model,424601
D,D_00577,syringe_handoff,posthoc_single,0,0,0,0,1,0,0.04095632,11,6,-1,medium,medium,0.55,low,2,,,,,,friction_model,424601
D,D_00577,syringe_handoff,soft_penalty_fc,1,0,1,0,1,0,0.04095632,11,6,-1,medium,medium,0.55,low,2,,,,,,friction_model,424601
D,D_00578,syringe_handoff,geometric_fc,1,0,1,0,1,0,0.03703997,11,6,-1,medium,medium,0.55,low,2,,,,,,friction_model,424602
D,D_00578,syringe_handoff,oracle_sfc,0,0,0,0,1,0,0.0,11,6,-1,medium,medium,0.55,low,2,,,,,,friction_model,424602
D,D_00578,syringe_handoff,semantic_only,1,0,1,0,1,0,0.0,11,6,-1,medium,medium,0.55,low,2,,,,,,friction_model,424602
D,D_00578,syringe_handoff,posthoc_single,0,0,0,0,1,0,0.03703997,11,6,-1,medium,medium,0.55,low,2,,,,,,friction_model,424602
D,D_00578,syringe_handoff,soft_penalty_fc,1,0,1,0,1,0,0.03703997,11,6,-1,medium,medium,0.55,low,2,,,,,,friction_model,424602
D,D_00579,syringe_handoff,geometric_fc,1,0,1,0,1,0,0.03901722,11,6,-1,medium,medium,0.55,low,2,,,,,,friction_model,424603
D,D_00579,syringe_handoff,oracle_sfc,0,0,0,0,1,0,0.0,11,6,-1,medium,medium,0.55,low,2,,,,,,friction_model,424603
D,D_00579,syringe_handoff,semantic_only,1,0,1,0,1,0,0.0,11,6,-1,medium,medium,0.55,low,2,,,,,,friction_model,424603
D,D_00579,syringe_handoff,posthoc_single,0,0,0,0,1,0,0.03901722,11,6,-1,medium,medium,0.55,low,2,,,,,,friction_model,424603
D,D_00579,syringe_handoff,soft_penalty_fc,1,0,1,0,1,0,0.03901722,11,6,-1,medium,medium,0.55,low,2,,,,,,friction_model,424603
D,D_00580,syringe_handoff,geometric_fc,1,0,1,0,1,0,0.0402379,11,6,-1,medium,medium,0.55,low,2,,,,,,friction_model,424604
D,D_00580,syringe_handoff,oracle_sfc,0,0,0,0,1,0,0.0,11,6,-1,medium,medium,0.55,low,2,,,,,,friction_model,424604
D,D_00580,syringe_handoff,semantic_only,1,0,1,0,1,0,0.0,11,6,-1,medium,medium,0.55,low,2,,,,,,friction_model,424604
D,D_00580,syringe_handoff,posthoc_single,0,0,0,0,1,0,0.0402379,11,6,-1,medium,medium,0.55,low,2,,,,,,friction_model,424604
D,D_00580,syringe_handoff,soft_penalty_fc,1,0,1,0,1,0,0.0402379,11,6,-1,medium,medium,0.55,low,2,,,,,,friction_model,424604
D,D_00581,syringe_handoff,geometric_fc,1,0,1,0,1,0,0.04062806,11,6,-1,medium,medium,0.55,low,2,,,,,,friction_model,424605
D,D_00581,syringe_handoff,oracle_sfc,0,0,0,0,1,0,0.0,11,6,-1,medium,medium,0.55,low,2,,,,,,friction_model,424605
D,D_00581,syringe_handoff,semantic_only,1,0,1,0,1,0,0.0,11,6,-1,medium,medium,0.55,low,2,,,,,,friction_model,424605
D,D_00581,syringe_handoff,posthoc_single,0,0,0,0,1,0,0.04062806,11,6,-1,medium,medium,0.55,low,2,,,,,,friction_model,424605
D,D_00581,syringe_handoff,soft_penalty_fc,1,0,1,0,1,0,0.04062806,11,6,-1,medium,medium,0.55,low,2,,,,,,friction_model,424605
D,D_00582,syringe_handoff,geometric_fc,1,0,1,0,1,0,0.04049067,11,6,-1,medium,medium,0.55,low,2,,,,,,friction_model,424606
D,D_00582,syringe_handoff,oracle_sfc,0,0,0,0,1,0,0.0,11,6,-1,medium,medium,0.55,low,2,,,,,,friction_model,424606
D,D_00582,syringe_handoff,semantic_only,1,0,1,0,1,0,0.0,11,6,-1,medium,medium,0.55,low,2,,,,,,friction_model,424606
D,D_00582,syringe_handoff,posthoc_single,0,0,0,0,1,0,0.04049067,11,6,-1,medium,medium,0.55,low,2,,,,,,friction_model,424606
D,D_00582,syringe_handoff,soft_penalty_fc,1,0,1,0,1,0,0.04049067,11,6,-1,medium,medium,0.55,low,2,,,,,,friction_model,424606
D,D_00583,syringe_handoff,geometric_fc,1,0,1,0,1,0,0.04021803,11,6,-1,medium,medium,0.55,low,2,,,,,,friction_model,424607
D,D_00583,syringe_handoff,oracle_sfc,0,0,0,0,1,0,0.0,11,6,-1,medium,medium,0.55,low,2,,,,,,friction_model,424607
D,D_00583,syringe_handoff,semantic_only,1,0,1,0,1,0,0.0,11,6,-1,medium,medium,0.55,low,2,,,,,,friction_model,424607
D,D_00583,syringe_handoff,posthoc_single,0,0,0,0,1,0,0.04021803,11,6,-1,medium,medium,0.55,low,2,,,,,,friction_model,424607
D,D_00583,syringe_handoff,soft_penalty_fc,1,0,1,0,1,0,0.04021803,11,6,-1,medium,medium,0.55,low,2,,,,,,friction_model,424607
D,D_00584,syringe_handoff,geometric_fc,1,0,1,0,1,0,0.04037588,11,6,-1,medium,medium,0.55,low,2,,,,,,friction_model,424608
D,D_00584,syringe_handoff,oracle_sfc,0,0,0,0,1,0,0.0,11,6,-1,medium,medium,0.55,low,2,,,,,,friction_model,424608
D,D_00584,syringe_handoff,semantic_only,1,0,1,0,1,0,0.0,11,6,-1,medium,medium,0.55,low,2,,,,,,friction_model,424608
D,D_00584,syringe_handoff,posthoc_single,0,0,0,0,1,0,0.04037588,11,6,-1,medium,medium,0.55,low,2,,,,,,friction_model,424608
D,D_00584,syringe_handoff,soft_penalty_fc,1,0,1,0,1,0,0.04037588,11,6,-1,medium,medium,0.55,low,2,,,,,,friction_model,424608
D,D_00585,syringe_handoff,geometric_fc,1,0,1,0,1,0,0.01904474,11,6,-1,medium,medium,0.55,low,4,,,,,,friction_model,424609
D,D_00585,syringe_handoff,oracle_sfc,0,0,0,0,1,0,0.0,11,6,-1,medium,medium,0.55,low,4,,,,,,friction_model,424609
D,D_00585,syringe_handoff,semantic_only,1,0,1,0,1,0,0.0,11,6,-1,medium,medium,0.55,low,4,,,,,,friction_model,424609
D,D_00585,syringe_handoff,posthoc_single,0,0,0,0,1,0,0.01904474,11,6,-1,medium,medium,0.55,low,4,,,,,,friction_model,424609
D,D_00585,syringe_handoff,soft_penalty_fc,1,0,1,0,1,0,0.01904474,11,6,-1,medium,medium,0.55,low,4,,,,,,friction_model,424609
D,D_00586,syringe_handoff,geometric_fc,1,0,1,0,1,0,0.02011733,11,6,-1,medium,medium,0.55,low,4,,,,,,friction_model,424610
D,D_00586,syringe_handoff,oracle_sfc,0,0,0,0,1,0,0.0,11,6,-1,medium,medium,0.55,low,4,,,,,,friction_model,424610
D,D_00586,syringe_handoff,semantic_only,1,0,1,0,1,0,0.0,11,6,-1,medium,medium,0.55,low,4,,,,,,friction_model,424610
D,D_00586,syringe_handoff,posthoc_single,0,0,0,0,1,0,0.02011733,11,6,-1,medium,medium,0.55,low,4,,,,,,friction_model,424610
D,D_00586,syringe_handoff,soft_penalty_fc,1,0,1,0,1,0,0.02011733,11,6,-1,medium,medium,0.55,low,4,,,,,,friction_model,424610
D,D_00587,syringe_handoff,geometric_fc,1,0,1,0,1,0,0.02033338,11,6,-1,medium,medium,0.55,low,4,,,,,,friction_model,424611
D,D_00587,syringe_handoff,oracle_sfc,0,0,0,0,1,0,0.0,11,6,-1,medium,medium,0.55,low,4,,,,,,friction_model,424611
D,D_00587,syringe_handoff,semantic_only,1,0,1,0,1,0,0.0,11,6,-1,medium,medium,0.55,low,4,,,,,,friction_model,424611
D,D_00587,syringe_handoff,posthoc_single,0,0,0,0,1,0,0.02033338,11,6,-1,medium,medium,0.55,low,4,,,,,,friction_model,424611
D,D_00587,syringe_handoff,soft_penalty_fc,1,0,1,0,1,0,0.02033338,11,6,-1,medium,medium,0.55,low,4,,,,,,friction_model,424611
D,D_00588,syringe_handoff,geometric_fc,1,0,1,0,1,0,0.0199422,11,6,-1,medium,medium,0.55,low,4,,,,,,friction_model,424612
D,D_00588,syringe_handoff,oracle_sfc,0,0,0,0,1,0,0.0,11,6,-1,medium,medium,0.55,low,4,,,,,,friction_model,424612
D,D_00588,syringe_handoff,semantic_only,1,0,1,0,1,0,0.0,11,6,-1,medium,medium,0.55,low,4,,,,,,friction_model,424612
D,D_00588,syringe_handoff,posthoc_single,0,0,0,0,1,0,0.0199422,11,6,-1,medium,medium,0.55,low,4,,,,,,friction_model,424612
D,D_00588,syringe_handoff,soft_penalty_fc,1,0,1,0,1,0,0.0199422,11,6,-1,medium,medium,0.55,low,4,,,,,,friction_model,424612
D,D_00589,syringe_handoff,geometric_fc,1,0,1,0,1,0,0.0203311,11,6,-1,medium,medium,0.55,low,4,,,,,,friction_model,424613
D,D_00589,syringe_handoff,oracle_sfc,0,0,0,0,1,0,0.0,11,6,-1,medium,medium,0.55,low,4,,,,,,friction_model,424613
D,D_00589,syringe_handoff,semantic_only,1,0,1,0,1,0,0.0,11,6,-1,medium,medium,0.55,low,4,,,,,,friction_model,424613
D,D_00589,syringe_handoff,posthoc_single,0,0,0,0,1,0,0.0203311,11,6,-1,medium,medium,0.55,low,4,,,,,,friction_model,424613
D,D_00589,syringe_handoff,soft_penalty_fc,1,0,1,0,1,0,0.0203311,11,6,-1,medium,medium,0.55,low,4,,,,,,friction_model,424613
D,D_00590,syringe_handoff,geometric_fc,1,0,1,0,1,0,0.02002712,11,6,-1,medium,medium,0.55,low,4,,,,,,friction_model,424614
D,D_00590,syringe_handoff,oracle_sfc,0,0,0,0,1,0,0.0,11,6,-1,medium,medium,0.55,low,4,,,,,,friction_model,424614
D,D_00590,syringe_handoff,semantic_only,1,0,1,0,1,0,0.0,11,6,-1,medium,medium,0.55,low,4,,,,,,friction_model,424614
D,D_00590,syringe_handoff,posthoc_single,0,0,0,0,1,0,0.02002712,11,6,-1,medium,medium,0.55,low,4,,,,,,friction_model,424614
D,D_00590,syringe_handoff,soft_penalty_fc,1,0,1,0,1,0,0.02002712,11,6,-1,medium,medium,0.55,low,4,,,,,,friction_model,424614
D,D_00591,syringe_handoff,geometric_fc,1,0,1,0,1,0,0.01996293,11,6,-1,medium,medium,0.55,low,4,,,,,,friction_model,424615
D,D_00591,syringe_handoff,oracle_sfc,0,0,0,0,1,0,0.0,11,6,-1,medium,medium,0.55,low,4,,,,,,friction_model,424615
D,D_00591,syringe_handoff,semantic_only,1,0,1,0,1,0,0.0,11,6,-1,medium,medium,0.55,low,4,,,,,,friction_model,424615
D,D_00591,syringe_handoff,posthoc_single,0,0,0,0,1,0,0.01996293,11,6,-1,medium,medium,0.55,low,4,,,,,,friction_model,424615
D,D_00591,syringe_handoff,soft_penalty_fc,1,0,1,0,1,0,0.01996293,11,6,-1,medium,medium,0.55,low,4,,,,,,friction_model,424615
D,D_00592,syringe_handoff,geometric_fc,1,0,1,0,1,0,0.01969727,11,6,-1,medium,medium,0.55,low,4,,,,,,friction_model,424616
D,D_00592,syringe_handoff,oracle_sfc,0,0,0,0,1,0,0.0,11,6,-1,medium,medium,0.55,low,4,,,,,,friction_model,424616
D,D_00592,syringe_handoff,semantic_only,1,0,1,0,1,0,0.0,11,6,-1,medium,medium,0.55,low,4,,,,,,friction_model,424616
D,D_00592,syringe_handoff,posthoc_single,0,0,0,0,1,0,0.01969727,11,6,-1,medium,medium,0.55,low,4,,,,,,friction_model,424616
D,D_00592,syringe_handoff,soft_penalty_fc,1,0,1,0,1,0,0.01969727,11,6,-1,medium,medium,0.55,low,4,,,,,,friction_model,424616
D,D_00593,syringe_handoff,geometric_fc,1,0,1,0,1,0,0.00990698,11,6,-1,medium,medium,0.55,low,8,,,,,,friction_model,424617
D,D_00593,syringe_handoff,oracle_sfc,0,0,0,0,1,0,0.0,11,6,-1,medium,medium,0.55,low,8,,,,,,friction_model,424617
D,D_00593,syringe_handoff,semantic_only,1,0,1,0,1,0,0.0,11,6,-1,medium,medium,0.55,low,8,,,,,,friction_model,424617
D,D_00593,syringe_handoff,posthoc_single,0,0,0,0,1,0,0.00990698,11,6,-1,medium,medium,0.55,low,8,,,,,,friction_model,424617
D,D_00593,syringe_handoff,soft_penalty_fc,0,0,0,0,1,0,0.00990698,11,6,-1,medium,medium,0.55,low,8,,,,,,friction_model,424617
D,D_00594,syringe_handoff,geometric_fc,1,0,1,0,1,0,0.0100656,11,6,-1,medium,medium,0.55,low,8,,,,,,friction_model,424618
D,D_00594,syringe_handoff,oracle_sfc,0,0,0,0,1,0,0.0,11,6,-1,medium,medium,0.55,low,8,,,,,,friction_model,424618
D,D_00594,syringe_handoff,semantic_only,1,0,1,0,1,0,0.0,11,6,-1,medium,medium,0.55,low,8,,,,,,friction_model,424618
D,D_00594,syringe_handoff,posthoc_single,0,0,0,0,1,0,0.0100656,11,6,-1,medium,medium,0.55,low,8,,,,,,friction_model,424618
D,D_00594,syringe_handoff,soft_penalty_fc,0,0,0,0,1,0,0.0100656,11,6,-1,medium,medium,0.55,low,8,,,,,,friction_model,424618
D,D_00595,syringe_handoff,geometric_fc,1,0,1,0,1,0,0.01014426,11,6,-1,medium,medium,0.55,low,8,,,,,,friction_model,424619
D,D_00595,syringe_handoff,oracle_sfc,0,0,0,0,1,0,0.0,11,6,-1,medium,medium,0.55,low,8,,,,,,friction_model,424619
D,D_00595,syringe_handoff,semantic_only,1,0,1,0,1,0,0.0,11,6,-1,medium,medium,0.55,low,8,,,,,,friction_model,424619
D,D_00595,syringe_handoff,posthoc_single,0,0,0,0,1,0,0.01014426,11,6,-1,medium,medium,0.55,low,8,,,,,,friction_model,424619
D,D_00595,syringe_handoff,soft_penalty_fc,0,0,0,0,1,0,0.01014426,11,6,-1,medium,medium,0.55,low,8,,,,,,friction_model,424619
D,D_00596,syringe_handoff,geometric_fc,1,0,1,0,1,0,0.00985194,11,6,-1,medium,medium,0.55,low,8,,,,,,friction_model,424620
D,D_00596,syringe_handoff,oracle_sfc,0,0,0,0,1,0,0.0,11,6,-1,medium,medium,0.55,low,8,,,,,,friction_model,424620
D,D_00596,syringe_handoff,semantic_only,1,0,1,0,1,0,0.0,11,6,-1,medium,medium,0.55,low,8,,,,,,friction_model,424620
D,D_00596,syringe_handoff,posthoc_single,0,0,0,0,1,0,0.00985194,11,6,-1,medium,medium,0.55,low,8,,,,,,friction_model,424620
D,D_00596,syringe_handoff,soft_penalty_fc,0,0,0,0,1,0,0.00985194,11,6,-1,medium,medium,0.55,low,8,,,,,,friction_model,424620
D,D_00597,syringe_handoff,geometric_fc,1,0,1,0,1,0,0.01016649,11,6,-1,medium,medium,0.55,low,8,,,,,,friction_model,424621
D,D_00597,syringe_handoff,oracle_sfc,0,0,0,0,1,0,0.0,11,6,-1,medium,medium,0.55,low,8,,,,,,friction_model,424621
D,D_00597,syringe_handoff,semantic_only,1,0,1,0,1,0,0.0,11,6,-1,medium,medium,0.55,low,8,,,,,,friction_model,424621
D,D_00597,syringe_handoff,posthoc_single,0,0,0,0,1,0,0.01016649,11,6,-1,medium,medium,0.55,low,8,,,,,,friction_model,424621
D,D_00597,syringe_handoff,soft_penalty_fc,0,0,0,0,1,0,0.01016649,11,6,-1,medium,medium,0.55,low,8,,,,,,friction_model,424621
D,D_00598,syringe_handoff,geometric_fc,1,0,1,0,1,0,0.00986931,11,6,-1,medium,medium,0.55,low,8,,,,,,friction_model,424622
D,D_00598,syringe_handoff,oracle_sfc,0,0,0,0,1,0,0.0,11,6,-1,medium,medium,0.55,low,8,,,,,,friction_model,424622
D,D_00598,syringe_handoff,semantic_only,1,0,1,0,1,0,0.0,11,6,-1,medium,medium,0.55,low,8,,,,,,friction_model,424622
D,D_00598,syringe_handoff,posthoc_single,0,0,0,0,1,0,0.00986931,11,6,-1,medium,medium,0.55,low,8,,,,,,friction_model,424622
D,D_00598,syringe_handoff,soft_penalty_fc,0,0,0,0,1,0,0.00986931,11,6,-1,medium,medium,0.55,low,8,,,,,,friction_model,424622
D,D_00599,syringe_handoff,geometric_fc,1,0,1,0,1,0,0.01028694,11,6,-1,medium,medium,0.55,low,8,,,,,,friction_model,424623
D,D_00599,syringe_handoff,oracle_sfc,0,0,0,0,1,0,0.0,11,6,-1,medium,medium,0.55,low,8,,,,,,friction_model,424623
D,D_00599,syringe_handoff,semantic_only,1,0,1,0,1,0,0.0,11,6,-1,medium,medium,0.55,low,8,,,,,,friction_model,424623
D,D_00599,syringe_handoff,posthoc_single,0,0,0,0,1,0,0.01028694,11,6,-1,medium,medium,0.55,low,8,,,,,,friction_model,424623
D,D_00599,syringe_handoff,soft_penalty_fc,0,0,0,0,1,0,0.01028694,11,6,-1,medium,medium,0.55,low,8,,,,,,friction_model,424623
D,D_00600,syringe_handoff,geometric_fc,1,0,1,0,1,0,0.01009956,11,6,-1,medium,medium,0.55,low,8,,,,,,friction_model,424624
D,D_00600,syringe_handoff,oracle_sfc,0,0,0,0,1,0,0.0,11,6,-1,medium,medium,0.55,low,8,,,,,,friction_model,424624
D,D_00600,syringe_handoff,semantic_only,1,0,1,0,1,0,0.0,11,6,-1,medium,medium,0.55,low,8,,,,,,friction_model,424624
D,D_00600,syringe_handoff,posthoc_single,0,0,0,0,1,0,0.01009956,11,6,-1,medium,medium,0.55,low,8,,,,,,friction_model,424624
D,D_00600,syringe_handoff,soft_penalty_fc,0,0,0,0,1,0,0.01009956,11,6,-1,medium,medium,0.55,low,8,,,,,,friction_model,424624
D,D_00601,syringe_handoff,geometric_fc,1,0,1,0,1,0,0.03938039,11,6,-1,medium,medium,0.55,medium,2,,,,,,friction_model,424625
D,D_00601,syringe_handoff,oracle_sfc,0,0,0,0,1,0,0.0,11,6,-1,medium,medium,0.55,medium,2,,,,,,friction_model,424625
D,D_00601,syringe_handoff,semantic_only,1,0,1,0,1,0,0.0,11,6,-1,medium,medium,0.55,medium,2,,,,,,friction_model,424625
D,D_00601,syringe_handoff,posthoc_single,0,0,0,0,1,0,0.03938039,11,6,-1,medium,medium,0.55,medium,2,,,,,,friction_model,424625
D,D_00601,syringe_handoff,soft_penalty_fc,1,0,1,0,1,0,0.03938039,11,6,-1,medium,medium,0.55,medium,2,,,,,,friction_model,424625
D,D_00602,syringe_handoff,geometric_fc,1,0,1,0,1,0,0.0405603,11,6,-1,medium,medium,0.55,medium,2,,,,,,friction_model,424626
D,D_00602,syringe_handoff,oracle_sfc,0,0,0,0,1,0,0.0,11,6,-1,medium,medium,0.55,medium,2,,,,,,friction_model,424626
D,D_00602,syringe_handoff,semantic_only,1,0,1,0,1,0,0.0,11,6,-1,medium,medium,0.55,medium,2,,,,,,friction_model,424626
D,D_00602,syringe_handoff,posthoc_single,0,0,0,0,1,0,0.0405603,11,6,-1,medium,medium,0.55,medium,2,,,,,,friction_model,424626
D,D_00602,syringe_handoff,soft_penalty_fc,1,0,1,0,1,0,0.0405603,11,6,-1,medium,medium,0.55,medium,2,,,,,,friction_model,424626
D,D_00603,syringe_handoff,geometric_fc,1,0,1,0,1,0,0.03852999,11,6,-1,medium,medium,0.55,medium,2,,,,,,friction_model,424627
D,D_00603,syringe_handoff,oracle_sfc,0,0,0,0,1,0,0.0,11,6,-1,medium,medium,0.55,medium,2,,,,,,friction_model,424627
D,D_00603,syringe_handoff,semantic_only,1,0,1,0,1,0,0.0,11,6,-1,medium,medium,0.55,medium,2,,,,,,friction_model,424627
D,D_00603,syringe_handoff,posthoc_single,0,0,0,0,1,0,0.03852999,11,6,-1,medium,medium,0.55,medium,2,,,,,,friction_model,424627
D,D_00603,syringe_handoff,soft_penalty_fc,1,0,1,0,1,0,0.03852999,11,6,-1,medium,medium,0.55,medium,2,,,,,,friction_model,424627
D,D_00604,syringe_handoff,geometric_fc,1,0,1,0,1,0,0.04059262,11,6,-1,medium,medium,0.55,medium,2,,,,,,friction_model,424628
D,D_00604,syringe_handoff,oracle_sfc,0,0,0,0,1,0,0.0,11,6,-1,medium,medium,0.55,medium,2,,,,,,friction_model,424628
D,D_00604,syringe_handoff,semantic_only,1,0,1,0,1,0,0.0,11,6,-1,medium,medium,0.55,medium,2,,,,,,friction_model,424628
D,D_00604,syringe_handoff,posthoc_single,0,0,0,0,1,0,0.04059262,11,6,-1,medium,medium,0.55,medium,2,,,,,,friction_model,424628
D,D_00604,syringe_handoff,soft_penalty_fc,1,0,1,0,1,0,0.04059262,11,6,-1,medium,medium,0.55,medium,2,,,,,,friction_model,424628
D,D_00605,syringe_handoff,geometric_fc,1,0,1,0,1,0,0.03960035,11,6,-1,medium,medium,0.55,medium,2,,,,,,friction_model,424629
D,D_00605,syringe_handoff,oracle_sfc,0,0,0,0,1,0,0.0,11,6,-1,medium,medium,0.55,medium,2,,,,,,friction_model,424629
D,D_00605,syringe_handoff,semantic_only,1,0,1,0,1,0,0.0,11,6,-1,medium,medium,0.55,medium,2,,,,,,friction_model,424629
D,D_00605,syringe_handoff,posthoc_single,0,0,0,0,1,0,0.03960035,11,6,-1,medium,medium,0.55,medium,2,,,,,,friction_model,424629
D,D_00605,syringe_handoff,soft_penalty_fc,1,0,1,0,1,0,0.03960035,11,6,-1,medium,medium,0.55,medium,2,,,,,,friction_model,424629
D,D_00606,syringe_handoff,geometric_fc,1,0,1,0,1,0,0.03962515,11,6,-1,medium,medium,0.55,medium,2,,,,,,friction_model,424630
D,D_00606,syringe_handoff,oracle_sfc,0,0,0,0,1,0,0.0,11,6,-1,medium,medium,0.55,medium,2,,,,,,friction_model,424630
D,D_00606,syringe_handoff,semantic_only,1,0,1,0,1,0,0.0,11,6,-1,medium,medium,0.55,medium,2,,,,,,friction_model,424630
D,D_00606,syringe_handoff,posthoc_single,0,0,0,0,1,0,0.03962515,11,6,-1,medium,medium,0.55,medium,2,,,,,,friction_model,424630
D,D_00606,syringe_handoff,soft_penalty_fc,1,0,1,0,1,0,0.03962515,11,6,-1,medium,medium,0.55,medium,2,,,,,,friction_model,424630
D,D_00607,syringe_handoff,geometric_fc,1,0,1,0,1,0,0.03985344,11,6,-1,medium,medium,0.55,medium,2,,,,,,friction_model,424631
D,D_00607,syringe_handoff,oracle_sfc,0,0,0,0,1,0,0.0,11,6,-1,medium,medium,0.55,medium,2,,,,,,friction_model,424631
D,D_00607,syringe_handoff,semantic_only,1,0,1,0,1,0,0.0,11,6,-1,medium,medium,0.55,medium,2,,,,,,friction_model,424631
D,D_00607,syringe_handoff,posthoc_single,0,0,0,0,1,0,0.03985344,11,6,-1,medium,medium,0.55,medium,2,,,,,,friction_model,424631
D,D_00607,syringe_handoff,soft_penalty_fc,1,0,1,0,1,0,0.03985344,11,6,-1,medium,medium,0.55,medium,2,,,,,,friction_model,424631
D,D_00608,syringe_handoff,geometric_fc,1,0,1,0,1,0,0.04066795,11,6,-1,medium,medium,0.55,medium,2,,,,,,friction_model,424632
D,D_00608,syringe_handoff,oracle_sfc,0,0,0,0,1,0,0.0,11,6,-1,medium,medium,0.55,medium,2,,,,,,friction_model,424632
D,D_00608,syringe_handoff,semantic_only,1,0,1,0,1,0,0.0,11,6,-1,medium,medium,0.55,medium,2,,,,,,friction_model,424632
D,D_00608,syringe_handoff,posthoc_single,0,0,0,0,1,0,0.04066795,11,6,-1,medium,medium,0.55,medium,2,,,,,,friction_model,424632
D,D_00608,syringe_handoff,soft_penalty_fc,1,0,1,0,1,0,0.04066795,11,6,-1,medium,medium,0.55,medium,2,,,,,,friction_model,424632
D,D_00609,syringe_handoff,geometric_fc,1,0,1,0,1,0,0.01990467,11,6,-1,medium,medium,0.55,medium,4,,,,,,friction_model,424633
D,D_00609,syringe_handoff,oracle_sfc,0,0,0,0,1,0,0.0,11,6,-1,medium,medium,0.55,medium,4,,,,,,friction_model,424633
D,D_00609,syringe_handoff,semantic_only,1,0,1,0,1,0,0.0,11,6,-1,medium,medium,0.55,medium,4,,,,,,friction_model,424633
D,D_00609,syringe_handoff,posthoc_single,0,0,0,0,1,0,0.01990467,11,6,-1,medium,medium,0.55,medium,4,,,,,,friction_model,424633
D,D_00609,syringe_handoff,soft_penalty_fc,1,0,1,0,1,0,0.01990467,11,6,-1,medium,medium,0.55,medium,4,,,,,,friction_model,424633
D,D_00610,syringe_handoff,geometric_fc,1,0,1,0,1,0,0.01995779,11,6,-1,medium,medium,0.55,medium,4,,,,,,friction_model,424634
D,D_00610,syringe_handoff,oracle_sfc,0,0,0,0,1,0,0.0,11,6,-1,medium,medium,0.55,medium,4,,,,,,friction_model,424634
D,D_00610,syringe_handoff,semantic_only,1,0,1,0,1,0,0.0,11,6,-1,medium,medium,0.55,medium,4,,,,,,friction_model,424634
D,D_00610,syringe_handoff,posthoc_single,0,0,0,0,1,0,0.01995779,11,6,-1,medium,medium,0.55,medium,4,,,,,,friction_model,424634
D,D_00610,syringe_handoff,soft_penalty_fc,1,0,1,0,1,0,0.01995779,11,6,-1,medium,medium,0.55,medium,4,,,,,,friction_model,424634
D,D_00611,syringe_handoff,geometric_fc,1,0,1,0,1,0,0.02013484,11,6,-1,medium,medium,0.55,medium,4,,,,,,friction_model,424635
D,D_00611,syringe_handoff,oracle_sfc,0,0,0,0,1,0,0.0,11,6,-1,medium,medium,0.55,medium,4,,,,,,friction_model,424635
D,D_00611,syringe_handoff,semantic_only,1,0,1,0,1,0,0.0,11,6,-1,medium,medium,0.55,medium,4,,,,,,friction_model,424635
D,D_00611,syringe_handoff,posthoc_single,0,0,0,0,1,0,0.02013484,11,6,-1,medium,medium,0.55,medium,4,,,,,,friction_model,424635
D,D_00611,syringe_handoff,soft_penalty_fc,1,0,1,0,1,0,0.02013484,11,6,-1,medium,medium,0.55,medium,4,,,,,,friction_model,424635
D,D_00612,syringe_handoff,geometric_fc,1,0,1,0,1,0,0.01962747,11,6,-1,medium,medium,0.55,medium,4,,,,,,friction_model,424636
D,D_00612,syringe_handoff,oracle_sfc,0,0,0,0,1,0,0.0,11,6,-1,medium,medium,0.55,medium,4,,,,,,friction_model,424636
D,D_00612,syringe_handoff,semantic_only,1,0,1,0,1,0,0.0,11,6,-1,medium,medium,0.55,medium,4,,,,,,friction_model,424636
D,D_00612,syringe_handoff,posthoc_single,0,0,0,0,1,0,0.01962747,11,6,-1,medium,medium,0.55,medium,4,,,,,,friction_model,424636
D,D_00612,syringe_handoff,soft_penalty_fc,1,0,1,0,1,0,0.01962747,11,6,-1,medium,medium,0.55,medium,4,,,,,,friction_model,424636
D,D_00613,syringe_handoff,geometric_fc,1,0,1,0,1,0,0.01969413,11,6,-1,medium,medium,0.55,medium,4,,,,,,friction_model,424637
D,D_00613,syringe_handoff,oracle_sfc,0,0,0,0,1,0,0.0,11,6,-1,medium,medium,0.55,medium,4,,,,,,friction_model,424637
D,D_00613,syringe_handoff,semantic_only,1,0,1,0,1,0,0.0,11,6,-1,medium,medium,0.55,medium,4,,,,,,friction_model,424637
D,D_00613,syringe_handoff,posthoc_single,0,0,0,0,1,0,0.01969413,11,6,-1,medium,medium,0.55,medium,4,,,,,,friction_model,424637
D,D_00613,syringe_handoff,soft_penalty_fc,1,0,1,0,1,0,0.01969413,11,6,-1,medium,medium,0.55,medium,4,,,,,,friction_model,424637
D,D_00614,syringe_handoff,geometric_fc,1,0,1,0,1,0,0.02052167,11,6,-1,medium,medium,0.55,medium,4,,,,,,friction_model,424638
D,D_00614,syringe_handoff,oracle_sfc,0,0,0,0,1,0,0.0,11,6,-1,medium,medium,0.55,medium,4,,,,,,friction_model,424638
D,D_00614,syringe_handoff,semantic_only,1,0,1,0,1,0,0.0,11,6,-1,medium,medium,0.55,medium,4,,,,,,friction_model,424638
D,D_00614,syringe_handoff,posthoc_single,0,0,0,0,1,0,0.02052167,11,6,-1,medium,medium,0.55,medium,4,,,,,,friction_model,424638
D,D_00614,syringe_handoff,soft_penalty_fc,1,0,1,0,1,0,0.02052167,11,6,-1,medium,medium,0.55,medium,4,,,,,,friction_model,424638
D,D_00615,syringe_handoff,geometric_fc,1,0,1,0,1,0,0.01956258,11,6,-1,medium,medium,0.55,medium,4,,,,,,friction_model,424639
D,D_00615,syringe_handoff,oracle_sfc,0,0,0,0,1,0,0.0,11,6,-1,medium,medium,0.55,medium,4,,,,,,friction_model,424639
D,D_00615,syringe_handoff,semantic_only,1,0,1,0,1,0,0.0,11,6,-1,medium,medium,0.55,medium,4,,,,,,friction_model,424639
D,D_00615,syringe_handoff,posthoc_single,0,0,0,0,1,0,0.01956258,11,6,-1,medium,medium,0.55,medium,4,,,,,,friction_model,424639
D,D_00615,syringe_handoff,soft_penalty_fc,1,0,1,0,1,0,0.01956258,11,6,-1,medium,medium,0.55,medium,4,,,,,,friction_model,424639
D,D_00616,syringe_handoff,geometric_fc,1,0,1,0,1,0,0.02074231,11,6,-1,medium,medium,0.55,medium,4,,,,,,friction_model,424640
D,D_00616,syringe_handoff,oracle_sfc,0,0,0,0,1,0,0.0,11,6,-1,medium,medium,0.55,medium,4,,,,,,friction_model,424640
D,D_00616,syringe_handoff,semantic_only,1,0,1,0,1,0,0.0,11,6,-1,medium,medium,0.55,medium,4,,,,,,friction_model,424640
D,D_00616,syringe_handoff,posthoc_single,0,0,0,0,1,0,0.02074231,11,6,-1,medium,medium,0.55,medium,4,,,,,,friction_model,424640
D,D_00616,syringe_handoff,soft_penalty_fc,1,0,1,0,1,0,0.02074231,11,6,-1,medium,medium,0.55,medium,4,,,,,,friction_model,424640
D,D_00617,syringe_handoff,geometric_fc,1,0,1,0,1,0,0.00986253,11,6,-1,medium,medium,0.55,medium,8,,,,,,friction_model,424641
D,D_00617,syringe_handoff,oracle_sfc,0,0,0,0,1,0,0.0,11,6,-1,medium,medium,0.55,medium,8,,,,,,friction_model,424641
D,D_00617,syringe_handoff,semantic_only,1,0,1,0,1,0,0.0,11,6,-1,medium,medium,0.55,medium,8,,,,,,friction_model,424641
D,D_00617,syringe_handoff,posthoc_single,0,0,0,0,1,0,0.00986253,11,6,-1,medium,medium,0.55,medium,8,,,,,,friction_model,424641
D,D_00617,syringe_handoff,soft_penalty_fc,0,0,0,0,1,0,0.00986253,11,6,-1,medium,medium,0.55,medium,8,,,,,,friction_model,424641
D,D_00618,syringe_handoff,geometric_fc,1,0,1,0,1,0,0.00959762,11,6,-1,medium,medium,0.55,medium,8,,,,,,friction_model,424642
D,D_00618,syringe_handoff,oracle_sfc,0,0,0,0,1,0,0.0,11,6,-1,medium,medium,0.55,medium,8,,,,,,friction_model,424642
D,D_00618,syringe_handoff,semantic_only,1,0,1,0,1,0,0.0,11,6,-1,medium,medium,0.55,medium,8,,,,,,friction_model,424642
D,D_00618,syringe_handoff,posthoc_single,0,0,0,0,1,0,0.00959762,11,6,-1,medium,medium,0.55,medium,8,,,,,,friction_model,424642
D,D_00618,syringe_handoff,soft_penalty_fc,0,0,0,0,1,0,0.00959762,11,6,-1,medium,medium,0.55,medium,8,,,,,,friction_model,424642
D,D_00619,syringe_handoff,geometric_fc,1,0,1,0,1,0,0.00976086,11,6,-1,medium,medium,0.55,medium,8,,,,,,friction_model,424643
D,D_00619,syringe_handoff,oracle_sfc,0,0,0,0,1,0,0.0,11,6,-1,medium,medium,0.55,medium,8,,,,,,friction_model,424643
D,D_00619,syringe_handoff,semantic_only,1,0,1,0,1,0,0.0,11,6,-1,medium,medium,0.55,medium,8,,,,,,friction_model,424643
D,D_00619,syringe_handoff,posthoc_single,0,0,0,0,1,0,0.00976086,11,6,-1,medium,medium,0.55,medium,8,,,,,,friction_model,424643
D,D_00619,syringe_handoff,soft_penalty_fc,0,0,0,0,1,0,0.00976086,11,6,-1,medium,medium,0.55,medium,8,,,,,,friction_model,424643
D,D_00620,syringe_handoff,geometric_fc,1,0,1,0,1,0,0.00983967,11,6,-1,medium,medium,0.55,medium,8,,,,,,friction_model,424644
D,D_00620,syringe_handoff,oracle_sfc,0,0,0,0,1,0,0.0,11,6,-1,medium,medium,0.55,medium,8,,,,,,friction_model,424644
D,D_00620,syringe_handoff,semantic_only,1,0,1,0,1,0,0.0,11,6,-1,medium,medium,0.55,medium,8,,,,,,friction_model,424644
D,D_00620,syringe_handoff,posthoc_single,0,0,0,0,1,0,0.00983967,11,6,-1,medium,medium,0.55,medium,8,,,,,,friction_model,424644
D,D_00620,syringe_handoff,soft_penalty_fc,0,0,0,0,1,0,0.00983967,11,6,-1,medium,medium,0.55,medium,8,,,,,,friction_model,424644
D,D_00621,syringe_handoff,geometric_fc,1,0,1,0,1,0,0.01012119,11,6,-1,medium,medium,0.55,medium,8,,,,,,friction_model,424645
D,D_00621,syringe_handoff,oracle_sfc,0,0,0,0,1,0,0.0,11,6,-1,medium,medium,0.55,medium,8,,,,,,friction_model,424645
D,D_00621,syringe_handoff,semantic_only,1,0,1,0,1,0,0.0,11,6,-1,medium,medium,0.55,medium,8,,,,,,friction_model,424645
D,D_00621,syringe_handoff,posthoc_single,0,0,0,0,1,0,0.01012119,11,6,-1,medium,medium,0.55,medium,8,,,,,,friction_model,424645
D,D_00621,syringe_handoff,soft_penalty_fc,0,0,0,0,1,0,0.01012119,11,6,-1,medium,medium,0.55,medium,8,,,,,,friction_model,424645
D,D_00622,syringe_handoff,geometric_fc,1,0,1,0,1,0,0.01005287,11,6,-1,medium,medium,0.55,medium,8,,,,,,friction_model,424646
D,D_00622,syringe_handoff,oracle_sfc,0,0,0,0,1,0,0.0,11,6,-1,medium,medium,0.55,medium,8,,,,,,friction_model,424646
D,D_00622,syringe_handoff,semantic_only,1,0,1,0,1,0,0.0,11,6,-1,medium,medium,0.55,medium,8,,,,,,friction_model,424646
D,D_00622,syringe_handoff,posthoc_single,0,0,0,0,1,0,0.01005287,11,6,-1,medium,medium,0.55,medium,8,,,,,,friction_model,424646
D,D_00622,syringe_handoff,soft_penalty_fc,0,0,0,0,1,0,0.01005287,11,6,-1,medium,medium,0.55,medium,8,,,,,,friction_model,424646
D,D_00623,syringe_handoff,geometric_fc,1,0,1,0,1,0,0.01004894,11,6,-1,medium,medium,0.55,medium,8,,,,,,friction_model,424647
D,D_00623,syringe_handoff,oracle_sfc,0,0,0,0,1,0,0.0,11,6,-1,medium,medium,0.55,medium,8,,,,,,friction_model,424647
D,D_00623,syringe_handoff,semantic_only,1,0,1,0,1,0,0.0,11,6,-1,medium,medium,0.55,medium,8,,,,,,friction_model,424647
D,D_00623,syringe_handoff,posthoc_single,0,0,0,0,1,0,0.01004894,11,6,-1,medium,medium,0.55,medium,8,,,,,,friction_model,424647
D,D_00623,syringe_handoff,soft_penalty_fc,0,0,0,0,1,0,0.01004894,11,6,-1,medium,medium,0.55,medium,8,,,,,,friction_model,424647
D,D_00624,syringe_handoff,geometric_fc,1,0,1,0,1,0,0.01029153,11,6,-1,medium,medium,0.55,medium,8,,,,,,friction_model,424648
D,D_00624,syringe_handoff,oracle_sfc,0,0,0,0,1,0,0.0,11,6,-1,medium,medium,0.55,medium,8,,,,,,friction_model,424648
D,D_00624,syringe_handoff,semantic_only,1,0,1,0,1,0,0.0,11,6,-1,medium,medium,0.55,medium,8,,,,,,friction_model,424648
D,D_00624,syringe_handoff,posthoc_single,0,0,0,0,1,0,0.01029153,11,6,-1,medium,medium,0.55,medium,8,,,,,,friction_model,424648
D,D_00624,syringe_handoff,soft_penalty_fc,0,0,0,0,1,0,0.01029153,11,6,-1,medium,medium,0.55,medium,8,,,,,,friction_model,424648
D,D_00625,syringe_handoff,geometric_fc,1,0,1,0,1,0,0.0412468,11,6,-1,medium,medium,0.55,high,2,,,,,,friction_model,424649
D,D_00625,syringe_handoff,oracle_sfc,0,0,0,0,1,0,0.0,11,6,-1,medium,medium,0.55,high,2,,,,,,friction_model,424649
D,D_00625,syringe_handoff,semantic_only,1,0,1,0,1,0,0.0,11,6,-1,medium,medium,0.55,high,2,,,,,,friction_model,424649
D,D_00625,syringe_handoff,posthoc_single,0,0,0,0,1,0,0.0412468,11,6,-1,medium,medium,0.55,high,2,,,,,,friction_model,424649
D,D_00625,syringe_handoff,soft_penalty_fc,1,0,1,0,1,0,0.0412468,11,6,-1,medium,medium,0.55,high,2,,,,,,friction_model,424649
D,D_00626,syringe_handoff,geometric_fc,1,0,1,0,1,0,0.03980733,11,6,-1,medium,medium,0.55,high,2,,,,,,friction_model,424650
D,D_00626,syringe_handoff,oracle_sfc,0,0,0,0,1,0,0.0,11,6,-1,medium,medium,0.55,high,2,,,,,,friction_model,424650
D,D_00626,syringe_handoff,semantic_only,1,0,1,0,1,0,0.0,11,6,-1,medium,medium,0.55,high,2,,,,,,friction_model,424650
D,D_00626,syringe_handoff,posthoc_single,0,0,0,0,1,0,0.03980733,11,6,-1,medium,medium,0.55,high,2,,,,,,friction_model,424650
D,D_00626,syringe_handoff,soft_penalty_fc,1,0,1,0,1,0,0.03980733,11,6,-1,medium,medium,0.55,high,2,,,,,,friction_model,424650
D,D_00627,syringe_handoff,geometric_fc,1,0,1,0,1,0,0.04136054,11,6,-1,medium,medium,0.55,high,2,,,,,,friction_model,424651
D,D_00627,syringe_handoff,oracle_sfc,0,0,0,0,1,0,0.0,11,6,-1,medium,medium,0.55,high,2,,,,,,friction_model,424651
D,D_00627,syringe_handoff,semantic_only,1,0,1,0,1,0,0.0,11,6,-1,medium,medium,0.55,high,2,,,,,,friction_model,424651
D,D_00627,syringe_handoff,posthoc_single,0,0,0,0,1,0,0.04136054,11,6,-1,medium,medium,0.55,high,2,,,,,,friction_model,424651
D,D_00627,syringe_handoff,soft_penalty_fc,1,0,1,0,1,0,0.04136054,11,6,-1,medium,medium,0.55,high,2,,,,,,friction_model,424651
D,D_00628,syringe_handoff,geometric_fc,1,0,1,0,1,0,0.04037665,11,6,-1,medium,medium,0.55,high,2,,,,,,friction_model,424652
D,D_00628,syringe_handoff,oracle_sfc,0,0,0,0,1,0,0.0,11,6,-1,medium,medium,0.55,high,2,,,,,,friction_model,424652
D,D_00628,syringe_handoff,semantic_only,1,0,1,0,1,0,0.0,11,6,-1,medium,medium,0.55,high,2,,,,,,friction_model,424652
D,D_00628,syringe_handoff,posthoc_single,0,0,0,0,1,0,0.04037665,11,6,-1,medium,medium,0.55,high,2,,,,,,friction_model,424652
D,D_00628,syringe_handoff,soft_penalty_fc,1,0,1,0,1,0,0.04037665,11,6,-1,medium,medium,0.55,high,2,,,,,,friction_model,424652
D,D_00629,syringe_handoff,geometric_fc,1,0,1,0,1,0,0.04038941,11,6,-1,medium,medium,0.55,high,2,,,,,,friction_model,424653
D,D_00629,syringe_handoff,oracle_sfc,0,0,0,0,1,0,0.0,11,6,-1,medium,medium,0.55,high,2,,,,,,friction_model,424653
D,D_00629,syringe_handoff,semantic_only,1,0,1,0,1,0,0.0,11,6,-1,medium,medium,0.55,high,2,,,,,,friction_model,424653
D,D_00629,syringe_handoff,posthoc_single,0,0,0,0,1,0,0.04038941,11,6,-1,medium,medium,0.55,high,2,,,,,,friction_model,424653
D,D_00629,syringe_handoff,soft_penalty_fc,1,0,1,0,1,0,0.04038941,11,6,-1,medium,medium,0.55,high,2,,,,,,friction_model,424653
D,D_00630,syringe_handoff,geometric_fc,1,0,1,0,1,0,0.04187539,11,6,-1,medium,medium,0.55,high,2,,,,,,friction_model,424654
D,D_00630,syringe_handoff,oracle_sfc,0,0,0,0,1,0,0.0,11,6,-1,medium,medium,0.55,high,2,,,,,,friction_model,424654
D,D_00630,syringe_handoff,semantic_only,1,0,1,0,1,0,0.0,11,6,-1,medium,medium,0.55,high,2,,,,,,friction_model,424654
D,D_00630,syringe_handoff,posthoc_single,0,0,0,0,1,0,0.04187539,11,6,-1,medium,medium,0.55,high,2,,,,,,friction_model,424654
D,D_00630,syringe_handoff,soft_penalty_fc,1,0,1,0,1,0,0.04187539,11,6,-1,medium,medium,0.55,high,2,,,,,,friction_model,424654
D,D_00631,syringe_handoff,geometric_fc,1,0,1,0,1,0,0.03926921,11,6,-1,medium,medium,0.55,high,2,,,,,,friction_model,424655
D,D_00631,syringe_handoff,oracle_sfc,0,0,0,0,1,0,0.0,11,6,-1,medium,medium,0.55,high,2,,,,,,friction_model,424655
D,D_00631,syringe_handoff,semantic_only,1,0,1,0,1,0,0.0,11,6,-1,medium,medium,0.55,high,2,,,,,,friction_model,424655
D,D_00631,syringe_handoff,posthoc_single,0,0,0,0,1,0,0.03926921,11,6,-1,medium,medium,0.55,high,2,,,,,,friction_model,424655
D,D_00631,syringe_handoff,soft_penalty_fc,1,0,1,0,1,0,0.03926921,11,6,-1,medium,medium,0.55,high,2,,,,,,friction_model,424655
D,D_00632,syringe_handoff,geometric_fc,1,0,1,0,1,0,0.04098641,11,6,-1,medium,medium,0.55,high,2,,,,,,friction_model,424656
D,D_00632,syringe_handoff,oracle_sfc,0,0,0,0,1,0,0.0,11,6,-1,medium,medium,0.55,high,2,,,,,,friction_model,424656
D,D_00632,syringe_handoff,semantic_only,1,0,1,0,1,0,0.0,11,6,-1,medium,medium,0.55,high,2,,,,,,friction_model,424656
D,D_00632,syringe_handoff,posthoc_single,0,0,0,0,1,0,0.04098641,11,6,-1,medium,medium,0.55,high,2,,,,,,friction_model,424656
D,D_00632,syringe_handoff,soft_penalty_fc,1,0,1,0,1,0,0.04098641,11,6,-1,medium,medium,0.55,high,2,,,,,,friction_model,424656
D,D_00633,syringe_handoff,geometric_fc,1,0,1,0,1,0,0.01992493,11,6,-1,medium,medium,0.55,high,4,,,,,,friction_model,424657
D,D_00633,syringe_handoff,oracle_sfc,0,0,0,0,1,0,0.0,11,6,-1,medium,medium,0.55,high,4,,,,,,friction_model,424657
D,D_00633,syringe_handoff,semantic_only,1,0,1,0,1,0,0.0,11,6,-1,medium,medium,0.55,high,4,,,,,,friction_model,424657
D,D_00633,syringe_handoff,posthoc_single,0,0,0,0,1,0,0.01992493,11,6,-1,medium,medium,0.55,high,4,,,,,,friction_model,424657
D,D_00633,syringe_handoff,soft_penalty_fc,1,0,1,0,1,0,0.01992493,11,6,-1,medium,medium,0.55,high,4,,,,,,friction_model,424657
D,D_00634,syringe_handoff,geometric_fc,1,0,1,0,1,0,0.02003453,11,6,-1,medium,medium,0.55,high,4,,,,,,friction_model,424658
D,D_00634,syringe_handoff,oracle_sfc,0,0,0,0,1,0,0.0,11,6,-1,medium,medium,0.55,high,4,,,,,,friction_model,424658
D,D_00634,syringe_handoff,semantic_only,1,0,1,0,1,0,0.0,11,6,-1,medium,medium,0.55,high,4,,,,,,friction_model,424658
D,D_00634,syringe_handoff,posthoc_single,0,0,0,0,1,0,0.02003453,11,6,-1,medium,medium,0.55,high,4,,,,,,friction_model,424658
D,D_00634,syringe_handoff,soft_penalty_fc,1,0,1,0,1,0,0.02003453,11,6,-1,medium,medium,0.55,high,4,,,,,,friction_model,424658
D,D_00635,syringe_handoff,geometric_fc,1,0,1,0,1,0,0.02018325,11,6,-1,medium,medium,0.55,high,4,,,,,,friction_model,424659
D,D_00635,syringe_handoff,oracle_sfc,0,0,0,0,1,0,0.0,11,6,-1,medium,medium,0.55,high,4,,,,,,friction_model,424659
D,D_00635,syringe_handoff,semantic_only,1,0,1,0,1,0,0.0,11,6,-1,medium,medium,0.55,high,4,,,,,,friction_model,424659
D,D_00635,syringe_handoff,posthoc_single,0,0,0,0,1,0,0.02018325,11,6,-1,medium,medium,0.55,high,4,,,,,,friction_model,424659
D,D_00635,syringe_handoff,soft_penalty_fc,1,0,1,0,1,0,0.02018325,11,6,-1,medium,medium,0.55,high,4,,,,,,friction_model,424659
D,D_00636,syringe_handoff,geometric_fc,1,0,1,0,1,0,0.02064233,11,6,-1,medium,medium,0.55,high,4,,,,,,friction_model,424660
D,D_00636,syringe_handoff,oracle_sfc,0,0,0,0,1,0,0.0,11,6,-1,medium,medium,0.55,high,4,,,,,,friction_model,424660
D,D_00636,syringe_handoff,semantic_only,1,0,1,0,1,0,0.0,11,6,-1,medium,medium,0.55,high,4,,,,,,friction_model,424660
D,D_00636,syringe_handoff,posthoc_single,0,0,0,0,1,0,0.02064233,11,6,-1,medium,medium,0.55,high,4,,,,,,friction_model,424660
D,D_00636,syringe_handoff,soft_penalty_fc,1,0,1,0,1,0,0.02064233,11,6,-1,medium,medium,0.55,high,4,,,,,,friction_model,424660
D,D_00637,syringe_handoff,geometric_fc,1,0,1,0,1,0,0.02020984,11,6,-1,medium,medium,0.55,high,4,,,,,,friction_model,424661
D,D_00637,syringe_handoff,oracle_sfc,0,0,0,0,1,0,0.0,11,6,-1,medium,medium,0.55,high,4,,,,,,friction_model,424661
D,D_00637,syringe_handoff,semantic_only,1,0,1,0,1,0,0.0,11,6,-1,medium,medium,0.55,high,4,,,,,,friction_model,424661
D,D_00637,syringe_handoff,posthoc_single,0,0,0,0,1,0,0.02020984,11,6,-1,medium,medium,0.55,high,4,,,,,,friction_model,424661
D,D_00637,syringe_handoff,soft_penalty_fc,1,0,1,0,1,0,0.02020984,11,6,-1,medium,medium,0.55,high,4,,,,,,friction_model,424661
D,D_00638,syringe_handoff,geometric_fc,1,0,1,0,1,0,0.02078856,11,6,-1,medium,medium,0.55,high,4,,,,,,friction_model,424662
D,D_00638,syringe_handoff,oracle_sfc,0,0,0,0,1,0,0.0,11,6,-1,medium,medium,0.55,high,4,,,,,,friction_model,424662
D,D_00638,syringe_handoff,semantic_only,1,0,1,0,1,0,0.0,11,6,-1,medium,medium,0.55,high,4,,,,,,friction_model,424662
D,D_00638,syringe_handoff,posthoc_single,0,0,0,0,1,0,0.02078856,11,6,-1,medium,medium,0.55,high,4,,,,,,friction_model,424662
D,D_00638,syringe_handoff,soft_penalty_fc,1,0,1,0,1,0,0.02078856,11,6,-1,medium,medium,0.55,high,4,,,,,,friction_model,424662
D,D_00639,syringe_handoff,geometric_fc,1,0,1,0,1,0,0.0199311,11,6,-1,medium,medium,0.55,high,4,,,,,,friction_model,424663
D,D_00639,syringe_handoff,oracle_sfc,0,0,0,0,1,0,0.0,11,6,-1,medium,medium,0.55,high,4,,,,,,friction_model,424663
D,D_00639,syringe_handoff,semantic_only,1,0,1,0,1,0,0.0,11,6,-1,medium,medium,0.55,high,4,,,,,,friction_model,424663
D,D_00639,syringe_handoff,posthoc_single,0,0,0,0,1,0,0.0199311,11,6,-1,medium,medium,0.55,high,4,,,,,,friction_model,424663
D,D_00639,syringe_handoff,soft_penalty_fc,1,0,1,0,1,0,0.0199311,11,6,-1,medium,medium,0.55,high,4,,,,,,friction_model,424663
D,D_00640,syringe_handoff,geometric_fc,1,0,1,0,1,0,0.02061276,11,6,-1,medium,medium,0.55,high,4,,,,,,friction_model,424664
D,D_00640,syringe_handoff,oracle_sfc,0,0,0,0,1,0,0.0,11,6,-1,medium,medium,0.55,high,4,,,,,,friction_model,424664
D,D_00640,syringe_handoff,semantic_only,1,0,1,0,1,0,0.0,11,6,-1,medium,medium,0.55,high,4,,,,,,friction_model,424664
D,D_00640,syringe_handoff,posthoc_single,0,0,0,0,1,0,0.02061276,11,6,-1,medium,medium,0.55,high,4,,,,,,friction_model,424664
D,D_00640,syringe_handoff,soft_penalty_fc,1,0,1,0,1,0,0.02061276,11,6,-1,medium,medium,0.55,high,4,,,,,,friction_model,424664
D,D_00641,syringe_handoff,geometric_fc,1,0,1,0,1,0,0.01013625,11,6,-1,medium,medium,0.55,high,8,,,,,,friction_model,424665
D,D_00641,syringe_handoff,oracle_sfc,0,0,0,0,1,0,0.0,11,6,-1,medium,medium,0.55,high,8,,,,,,friction_model,424665
D,D_00641,syringe_handoff,semantic_only,1,0,1,0,1,0,0.0,11,6,-1,medium,medium,0.55,high,8,,,,,,friction_model,424665
D,D_00641,syringe_handoff,posthoc_single,0,0,0,0,1,0,0.01013625,11,6,-1,medium,medium,0.55,high,8,,,,,,friction_model,424665
D,D_00641,syringe_handoff,soft_penalty_fc,0,0,0,0,1,0,0.01013625,11,6,-1,medium,medium,0.55,high,8,,,,,,friction_model,424665
D,D_00642,syringe_handoff,geometric_fc,1,0,1,0,1,0,0.01010147,11,6,-1,medium,medium,0.55,high,8,,,,,,friction_model,424666
D,D_00642,syringe_handoff,oracle_sfc,0,0,0,0,1,0,0.0,11,6,-1,medium,medium,0.55,high,8,,,,,,friction_model,424666
D,D_00642,syringe_handoff,semantic_only,1,0,1,0,1,0,0.0,11,6,-1,medium,medium,0.55,high,8,,,,,,friction_model,424666
D,D_00642,syringe_handoff,posthoc_single,0,0,0,0,1,0,0.01010147,11,6,-1,medium,medium,0.55,high,8,,,,,,friction_model,424666
D,D_00642,syringe_handoff,soft_penalty_fc,0,0,0,0,1,0,0.01010147,11,6,-1,medium,medium,0.55,high,8,,,,,,friction_model,424666
D,D_00643,syringe_handoff,geometric_fc,1,0,1,0,1,0,0.01001283,11,6,-1,medium,medium,0.55,high,8,,,,,,friction_model,424667
D,D_00643,syringe_handoff,oracle_sfc,0,0,0,0,1,0,0.0,11,6,-1,medium,medium,0.55,high,8,,,,,,friction_model,424667
D,D_00643,syringe_handoff,semantic_only,1,0,1,0,1,0,0.0,11,6,-1,medium,medium,0.55,high,8,,,,,,friction_model,424667
D,D_00643,syringe_handoff,posthoc_single,0,0,0,0,1,0,0.01001283,11,6,-1,medium,medium,0.55,high,8,,,,,,friction_model,424667
D,D_00643,syringe_handoff,soft_penalty_fc,0,0,0,0,1,0,0.01001283,11,6,-1,medium,medium,0.55,high,8,,,,,,friction_model,424667
D,D_00644,syringe_handoff,geometric_fc,1,0,1,0,1,0,0.01037731,11,6,-1,medium,medium,0.55,high,8,,,,,,friction_model,424668
D,D_00644,syringe_handoff,oracle_sfc,0,0,0,0,1,0,0.0,11,6,-1,medium,medium,0.55,high,8,,,,,,friction_model,424668
D,D_00644,syringe_handoff,semantic_only,1,0,1,0,1,0,0.0,11,6,-1,medium,medium,0.55,high,8,,,,,,friction_model,424668
D,D_00644,syringe_handoff,posthoc_single,0,0,0,0,1,0,0.01037731,11,6,-1,medium,medium,0.55,high,8,,,,,,friction_model,424668
D,D_00644,syringe_handoff,soft_penalty_fc,0,0,0,0,1,0,0.01037731,11,6,-1,medium,medium,0.55,high,8,,,,,,friction_model,424668
D,D_00645,syringe_handoff,geometric_fc,1,0,1,0,1,0,0.0103033,11,6,-1,medium,medium,0.55,high,8,,,,,,friction_model,424669
D,D_00645,syringe_handoff,oracle_sfc,0,0,0,0,1,0,0.0,11,6,-1,medium,medium,0.55,high,8,,,,,,friction_model,424669
D,D_00645,syringe_handoff,semantic_only,1,0,1,0,1,0,0.0,11,6,-1,medium,medium,0.55,high,8,,,,,,friction_model,424669
D,D_00645,syringe_handoff,posthoc_single,0,0,0,0,1,0,0.0103033,11,6,-1,medium,medium,0.55,high,8,,,,,,friction_model,424669
D,D_00645,syringe_handoff,soft_penalty_fc,0,0,0,0,1,0,0.0103033,11,6,-1,medium,medium,0.55,high,8,,,,,,friction_model,424669
D,D_00646,syringe_handoff,geometric_fc,1,0,1,0,1,0,0.01039471,11,6,-1,medium,medium,0.55,high,8,,,,,,friction_model,424670
D,D_00646,syringe_handoff,oracle_sfc,0,0,0,0,1,0,0.0,11,6,-1,medium,medium,0.55,high,8,,,,,,friction_model,424670
D,D_00646,syringe_handoff,semantic_only,1,0,1,0,1,0,0.0,11,6,-1,medium,medium,0.55,high,8,,,,,,friction_model,424670
D,D_00646,syringe_handoff,posthoc_single,0,0,0,0,1,0,0.01039471,11,6,-1,medium,medium,0.55,high,8,,,,,,friction_model,424670
D,D_00646,syringe_handoff,soft_penalty_fc,0,0,0,0,1,0,0.01039471,11,6,-1,medium,medium,0.55,high,8,,,,,,friction_model,424670
D,D_00647,syringe_handoff,geometric_fc,1,0,1,0,1,0,0.01013288,11,6,-1,medium,medium,0.55,high,8,,,,,,friction_model,424671
D,D_00647,syringe_handoff,oracle_sfc,0,0,0,0,1,0,0.0,11,6,-1,medium,medium,0.55,high,8,,,,,,friction_model,424671
D,D_00647,syringe_handoff,semantic_only,1,0,1,0,1,0,0.0,11,6,-1,medium,medium,0.55,high,8,,,,,,friction_model,424671
D,D_00647,syringe_handoff,posthoc_single,0,0,0,0,1,0,0.01013288,11,6,-1,medium,medium,0.55,high,8,,,,,,friction_model,424671
D,D_00647,syringe_handoff,soft_penalty_fc,0,0,0,0,1,0,0.01013288,11,6,-1,medium,medium,0.55,high,8,,,,,,friction_model,424671
D,D_00648,syringe_handoff,geometric_fc,1,0,1,0,1,0,0.010108,11,6,-1,medium,medium,0.55,high,8,,,,,,friction_model,424672
D,D_00648,syringe_handoff,oracle_sfc,0,0,0,0,1,0,0.0,11,6,-1,medium,medium,0.55,high,8,,,,,,friction_model,424672
D,D_00648,syringe_handoff,semantic_only,1,0,1,0,1,0,0.0,11,6,-1,medium,medium,0.55,high,8,,,,,,friction_model,424672
D,D_00648,syringe_handoff,posthoc_single,0,0,0,0,1,0,0.010108,11,6,-1,medium,medium,0.55,high,8,,,,,,friction_model,424672
D,D_00648,syringe_handoff,soft_penalty_fc,0,0,0,0,1,0,0.010108,11,6,-1,medium,medium,0.55,high,8,,,,,,friction_model,424672
D,D_00649,syringe_handoff,geometric_fc,1,0,1,0,1,0,0.04039189,11,6,-1,medium,medium,0.55,mixed,2,,,,,,friction_model,424673
D,D_00649,syringe_handoff,oracle_sfc,0,0,0,0,1,0,0.0,11,6,-1,medium,medium,0.55,mixed,2,,,,,,friction_model,424673
D,D_00649,syringe_handoff,semantic_only,1,0,1,0,1,0,0.0,11,6,-1,medium,medium,0.55,mixed,2,,,,,,friction_model,424673
D,D_00649,syringe_handoff,posthoc_single,0,0,0,0,1,0,0.04039189,11,6,-1,medium,medium,0.55,mixed,2,,,,,,friction_model,424673
D,D_00649,syringe_handoff,soft_penalty_fc,1,0,1,0,1,0,0.04039189,11,6,-1,medium,medium,0.55,mixed,2,,,,,,friction_model,424673
D,D_00650,syringe_handoff,geometric_fc,1,0,1,0,1,0,0.03880889,11,6,-1,medium,medium,0.55,mixed,2,,,,,,friction_model,424674
D,D_00650,syringe_handoff,oracle_sfc,0,0,0,0,1,0,0.0,11,6,-1,medium,medium,0.55,mixed,2,,,,,,friction_model,424674
D,D_00650,syringe_handoff,semantic_only,1,0,1,0,1,0,0.0,11,6,-1,medium,medium,0.55,mixed,2,,,,,,friction_model,424674
D,D_00650,syringe_handoff,posthoc_single,0,0,0,0,1,0,0.03880889,11,6,-1,medium,medium,0.55,mixed,2,,,,,,friction_model,424674
D,D_00650,syringe_handoff,soft_penalty_fc,1,0,1,0,1,0,0.03880889,11,6,-1,medium,medium,0.55,mixed,2,,,,,,friction_model,424674
D,D_00651,syringe_handoff,geometric_fc,1,0,1,0,1,0,0.04015908,11,6,-1,medium,medium,0.55,mixed,2,,,,,,friction_model,424675
D,D_00651,syringe_handoff,oracle_sfc,0,0,0,0,1,0,0.0,11,6,-1,medium,medium,0.55,mixed,2,,,,,,friction_model,424675
D,D_00651,syringe_handoff,semantic_only,1,0,1,0,1,0,0.0,11,6,-1,medium,medium,0.55,mixed,2,,,,,,friction_model,424675
D,D_00651,syringe_handoff,posthoc_single,0,0,0,0,1,0,0.04015908,11,6,-1,medium,medium,0.55,mixed,2,,,,,,friction_model,424675
D,D_00651,syringe_handoff,soft_penalty_fc,1,0,1,0,1,0,0.04015908,11,6,-1,medium,medium,0.55,mixed,2,,,,,,friction_model,424675
D,D_00652,syringe_handoff,geometric_fc,1,0,1,0,1,0,0.04073178,11,6,-1,medium,medium,0.55,mixed,2,,,,,,friction_model,424676
D,D_00652,syringe_handoff,oracle_sfc,0,0,0,0,1,0,0.0,11,6,-1,medium,medium,0.55,mixed,2,,,,,,friction_model,424676
D,D_00652,syringe_handoff,semantic_only,1,0,1,0,1,0,0.0,11,6,-1,medium,medium,0.55,mixed,2,,,,,,friction_model,424676
D,D_00652,syringe_handoff,posthoc_single,0,0,0,0,1,0,0.04073178,11,6,-1,medium,medium,0.55,mixed,2,,,,,,friction_model,424676
D,D_00652,syringe_handoff,soft_penalty_fc,1,0,1,0,1,0,0.04073178,11,6,-1,medium,medium,0.55,mixed,2,,,,,,friction_model,424676
D,D_00653,syringe_handoff,geometric_fc,1,0,1,0,1,0,0.04067155,11,6,-1,medium,medium,0.55,mixed,2,,,,,,friction_model,424677
D,D_00653,syringe_handoff,oracle_sfc,0,0,0,0,1,0,0.0,11,6,-1,medium,medium,0.55,mixed,2,,,,,,friction_model,424677
D,D_00653,syringe_handoff,semantic_only,1,0,1,0,1,0,0.0,11,6,-1,medium,medium,0.55,mixed,2,,,,,,friction_model,424677
D,D_00653,syringe_handoff,posthoc_single,0,0,0,0,1,0,0.04067155,11,6,-1,medium,medium,0.55,mixed,2,,,,,,friction_model,424677
D,D_00653,syringe_handoff,soft_penalty_fc,1,0,1,0,1,0,0.04067155,11,6,-1,medium,medium,0.55,mixed,2,,,,,,friction_model,424677
D,D_00654,syringe_handoff,geometric_fc,1,0,1,0,1,0,0.04262683,11,6,-1,medium,medium,0.55,mixed,2,,,,,,friction_model,424678
D,D_00654,syringe_handoff,oracle_sfc,0,0,0,0,1,0,0.0,11,6,-1,medium,medium,0.55,mixed,2,,,,,,friction_model,424678
D,D_00654,syringe_handoff,semantic_only,1,0,1,0,1,0,0.0,11,6,-1,medium,medium,0.55,mixed,2,,,,,,friction_model,424678
D,D_00654,syringe_handoff,posthoc_single,0,0,0,0,1,0,0.04262683,11,6,-1,medium,medium,0.55,mixed,2,,,,,,friction_model,424678
D,D_00654,syringe_handoff,soft_penalty_fc,1,0,1,0,1,0,0.04262683,11,6,-1,medium,medium,0.55,mixed,2,,,,,,friction_model,424678
D,D_00655,syringe_handoff,geometric_fc,1,0,1,0,1,0,0.04062225,11,6,-1,medium,medium,0.55,mixed,2,,,,,,friction_model,424679
D,D_00655,syringe_handoff,oracle_sfc,0,0,0,0,1,0,0.0,11,6,-1,medium,medium,0.55,mixed,2,,,,,,friction_model,424679
D,D_00655,syringe_handoff,semantic_only,1,0,1,0,1,0,0.0,11,6,-1,medium,medium,0.55,mixed,2,,,,,,friction_model,424679
D,D_00655,syringe_handoff,posthoc_single,0,0,0,0,1,0,0.04062225,11,6,-1,medium,medium,0.55,mixed,2,,,,,,friction_model,424679
D,D_00655,syringe_handoff,soft_penalty_fc,1,0,1,0,1,0,0.04062225,11,6,-1,medium,medium,0.55,mixed,2,,,,,,friction_model,424679
D,D_00656,syringe_handoff,geometric_fc,1,0,1,0,1,0,0.03876882,11,6,-1,medium,medium,0.55,mixed,2,,,,,,friction_model,424680
D,D_00656,syringe_handoff,oracle_sfc,0,0,0,0,1,0,0.0,11,6,-1,medium,medium,0.55,mixed,2,,,,,,friction_model,424680
D,D_00656,syringe_handoff,semantic_only,1,0,1,0,1,0,0.0,11,6,-1,medium,medium,0.55,mixed,2,,,,,,friction_model,424680
D,D_00656,syringe_handoff,posthoc_single,0,0,0,0,1,0,0.03876882,11,6,-1,medium,medium,0.55,mixed,2,,,,,,friction_model,424680
D,D_00656,syringe_handoff,soft_penalty_fc,1,0,1,0,1,0,0.03876882,11,6,-1,medium,medium,0.55,mixed,2,,,,,,friction_model,424680
D,D_00657,syringe_handoff,geometric_fc,1,0,1,0,1,0,0.02073327,11,6,-1,medium,medium,0.55,mixed,4,,,,,,friction_model,424681
D,D_00657,syringe_handoff,oracle_sfc,0,0,0,0,1,0,0.0,11,6,-1,medium,medium,0.55,mixed,4,,,,,,friction_model,424681
D,D_00657,syringe_handoff,semantic_only,1,0,1,0,1,0,0.0,11,6,-1,medium,medium,0.55,mixed,4,,,,,,friction_model,424681
D,D_00657,syringe_handoff,posthoc_single,0,0,0,0,1,0,0.02073327,11,6,-1,medium,medium,0.55,mixed,4,,,,,,friction_model,424681
D,D_00657,syringe_handoff,soft_penalty_fc,1,0,1,0,1,0,0.02073327,11,6,-1,medium,medium,0.55,mixed,4,,,,,,friction_model,424681
D,D_00658,syringe_handoff,geometric_fc,1,0,1,0,1,0,0.02056321,11,6,-1,medium,medium,0.55,mixed,4,,,,,,friction_model,424682
D,D_00658,syringe_handoff,oracle_sfc,0,0,0,0,1,0,0.0,11,6,-1,medium,medium,0.55,mixed,4,,,,,,friction_model,424682
D,D_00658,syringe_handoff,semantic_only,1,0,1,0,1,0,0.0,11,6,-1,medium,medium,0.55,mixed,4,,,,,,friction_model,424682
D,D_00658,syringe_handoff,posthoc_single,0,0,0,0,1,0,0.02056321,11,6,-1,medium,medium,0.55,mixed,4,,,,,,friction_model,424682
D,D_00658,syringe_handoff,soft_penalty_fc,1,0,1,0,1,0,0.02056321,11,6,-1,medium,medium,0.55,mixed,4,,,,,,friction_model,424682
D,D_00659,syringe_handoff,geometric_fc,1,0,1,0,1,0,0.01972051,11,6,-1,medium,medium,0.55,mixed,4,,,,,,friction_model,424683
D,D_00659,syringe_handoff,oracle_sfc,0,0,0,0,1,0,0.0,11,6,-1,medium,medium,0.55,mixed,4,,,,,,friction_model,424683
D,D_00659,syringe_handoff,semantic_only,1,0,1,0,1,0,0.0,11,6,-1,medium,medium,0.55,mixed,4,,,,,,friction_model,424683
D,D_00659,syringe_handoff,posthoc_single,0,0,0,0,1,0,0.01972051,11,6,-1,medium,medium,0.55,mixed,4,,,,,,friction_model,424683
D,D_00659,syringe_handoff,soft_penalty_fc,1,0,1,0,1,0,0.01972051,11,6,-1,medium,medium,0.55,mixed,4,,,,,,friction_model,424683
D,D_00660,syringe_handoff,geometric_fc,1,0,1,0,1,0,0.02016033,11,6,-1,medium,medium,0.55,mixed,4,,,,,,friction_model,424684
D,D_00660,syringe_handoff,oracle_sfc,0,0,0,0,1,0,0.0,11,6,-1,medium,medium,0.55,mixed,4,,,,,,friction_model,424684
D,D_00660,syringe_handoff,semantic_only,1,0,1,0,1,0,0.0,11,6,-1,medium,medium,0.55,mixed,4,,,,,,friction_model,424684
D,D_00660,syringe_handoff,posthoc_single,0,0,0,0,1,0,0.02016033,11,6,-1,medium,medium,0.55,mixed,4,,,,,,friction_model,424684
D,D_00660,syringe_handoff,soft_penalty_fc,1,0,1,0,1,0,0.02016033,11,6,-1,medium,medium,0.55,mixed,4,,,,,,friction_model,424684
D,D_00661,syringe_handoff,geometric_fc,1,0,1,0,1,0,0.02039608,11,6,-1,medium,medium,0.55,mixed,4,,,,,,friction_model,424685
D,D_00661,syringe_handoff,oracle_sfc,0,0,0,0,1,0,0.0,11,6,-1,medium,medium,0.55,mixed,4,,,,,,friction_model,424685
D,D_00661,syringe_handoff,semantic_only,1,0,1,0,1,0,0.0,11,6,-1,medium,medium,0.55,mixed,4,,,,,,friction_model,424685
D,D_00661,syringe_handoff,posthoc_single,0,0,0,0,1,0,0.02039608,11,6,-1,medium,medium,0.55,mixed,4,,,,,,friction_model,424685
D,D_00661,syringe_handoff,soft_penalty_fc,1,0,1,0,1,0,0.02039608,11,6,-1,medium,medium,0.55,mixed,4,,,,,,friction_model,424685
D,D_00662,syringe_handoff,geometric_fc,1,0,1,0,1,0,0.02069486,11,6,-1,medium,medium,0.55,mixed,4,,,,,,friction_model,424686
D,D_00662,syringe_handoff,oracle_sfc,0,0,0,0,1,0,0.0,11,6,-1,medium,medium,0.55,mixed,4,,,,,,friction_model,424686
D,D_00662,syringe_handoff,semantic_only,1,0,1,0,1,0,0.0,11,6,-1,medium,medium,0.55,mixed,4,,,,,,friction_model,424686
D,D_00662,syringe_handoff,posthoc_single,0,0,0,0,1,0,0.02069486,11,6,-1,medium,medium,0.55,mixed,4,,,,,,friction_model,424686
D,D_00662,syringe_handoff,soft_penalty_fc,1,0,1,0,1,0,0.02069486,11,6,-1,medium,medium,0.55,mixed,4,,,,,,friction_model,424686
D,D_00663,syringe_handoff,geometric_fc,1,0,1,0,1,0,0.0198923,11,6,-1,medium,medium,0.55,mixed,4,,,,,,friction_model,424687
D,D_00663,syringe_handoff,oracle_sfc,0,0,0,0,1,0,0.0,11,6,-1,medium,medium,0.55,mixed,4,,,,,,friction_model,424687
D,D_00663,syringe_handoff,semantic_only,1,0,1,0,1,0,0.0,11,6,-1,medium,medium,0.55,mixed,4,,,,,,friction_model,424687
D,D_00663,syringe_handoff,posthoc_single,0,0,0,0,1,0,0.0198923,11,6,-1,medium,medium,0.55,mixed,4,,,,,,friction_model,424687
D,D_00663,syringe_handoff,soft_penalty_fc,1,0,1,0,1,0,0.0198923,11,6,-1,medium,medium,0.55,mixed,4,,,,,,friction_model,424687
D,D_00664,syringe_handoff,geometric_fc,1,0,1,0,1,0,0.01930654,11,6,-1,medium,medium,0.55,mixed,4,,,,,,friction_model,424688
D,D_00664,syringe_handoff,oracle_sfc,0,0,0,0,1,0,0.0,11,6,-1,medium,medium,0.55,mixed,4,,,,,,friction_model,424688
D,D_00664,syringe_handoff,semantic_only,1,0,1,0,1,0,0.0,11,6,-1,medium,medium,0.55,mixed,4,,,,,,friction_model,424688
D,D_00664,syringe_handoff,posthoc_single,0,0,0,0,1,0,0.01930654,11,6,-1,medium,medium,0.55,mixed,4,,,,,,friction_model,424688
D,D_00664,syringe_handoff,soft_penalty_fc,1,0,1,0,1,0,0.01930654,11,6,-1,medium,medium,0.55,mixed,4,,,,,,friction_model,424688
D,D_00665,syringe_handoff,geometric_fc,1,0,1,0,1,0,0.00996678,11,6,-1,medium,medium,0.55,mixed,8,,,,,,friction_model,424689
D,D_00665,syringe_handoff,oracle_sfc,0,0,0,0,1,0,0.0,11,6,-1,medium,medium,0.55,mixed,8,,,,,,friction_model,424689
D,D_00665,syringe_handoff,semantic_only,1,0,1,0,1,0,0.0,11,6,-1,medium,medium,0.55,mixed,8,,,,,,friction_model,424689
D,D_00665,syringe_handoff,posthoc_single,0,0,0,0,1,0,0.00996678,11,6,-1,medium,medium,0.55,mixed,8,,,,,,friction_model,424689
D,D_00665,syringe_handoff,soft_penalty_fc,0,0,0,0,1,0,0.00996678,11,6,-1,medium,medium,0.55,mixed,8,,,,,,friction_model,424689
D,D_00666,syringe_handoff,geometric_fc,1,0,1,0,1,0,0.0100648,11,6,-1,medium,medium,0.55,mixed,8,,,,,,friction_model,424690
D,D_00666,syringe_handoff,oracle_sfc,0,0,0,0,1,0,0.0,11,6,-1,medium,medium,0.55,mixed,8,,,,,,friction_model,424690
D,D_00666,syringe_handoff,semantic_only,1,0,1,0,1,0,0.0,11,6,-1,medium,medium,0.55,mixed,8,,,,,,friction_model,424690
D,D_00666,syringe_handoff,posthoc_single,0,0,0,0,1,0,0.0100648,11,6,-1,medium,medium,0.55,mixed,8,,,,,,friction_model,424690
D,D_00666,syringe_handoff,soft_penalty_fc,0,0,0,0,1,0,0.0100648,11,6,-1,medium,medium,0.55,mixed,8,,,,,,friction_model,424690
D,D_00667,syringe_handoff,geometric_fc,1,0,1,0,1,0,0.00991359,11,6,-1,medium,medium,0.55,mixed,8,,,,,,friction_model,424691
D,D_00667,syringe_handoff,oracle_sfc,0,0,0,0,1,0,0.0,11,6,-1,medium,medium,0.55,mixed,8,,,,,,friction_model,424691
D,D_00667,syringe_handoff,semantic_only,1,0,1,0,1,0,0.0,11,6,-1,medium,medium,0.55,mixed,8,,,,,,friction_model,424691
D,D_00667,syringe_handoff,posthoc_single,0,0,0,0,1,0,0.00991359,11,6,-1,medium,medium,0.55,mixed,8,,,,,,friction_model,424691
D,D_00667,syringe_handoff,soft_penalty_fc,0,0,0,0,1,0,0.00991359,11,6,-1,medium,medium,0.55,mixed,8,,,,,,friction_model,424691
D,D_00668,syringe_handoff,geometric_fc,1,0,1,0,1,0,0.0103831,11,6,-1,medium,medium,0.55,mixed,8,,,,,,friction_model,424692
D,D_00668,syringe_handoff,oracle_sfc,0,0,0,0,1,0,0.0,11,6,-1,medium,medium,0.55,mixed,8,,,,,,friction_model,424692
D,D_00668,syringe_handoff,semantic_only,1,0,1,0,1,0,0.0,11,6,-1,medium,medium,0.55,mixed,8,,,,,,friction_model,424692
D,D_00668,syringe_handoff,posthoc_single,0,0,0,0,1,0,0.0103831,11,6,-1,medium,medium,0.55,mixed,8,,,,,,friction_model,424692
D,D_00668,syringe_handoff,soft_penalty_fc,0,0,0,0,1,0,0.0103831,11,6,-1,medium,medium,0.55,mixed,8,,,,,,friction_model,424692
D,D_00669,syringe_handoff,geometric_fc,1,0,1,0,1,0,0.00996499,11,6,-1,medium,medium,0.55,mixed,8,,,,,,friction_model,424693
D,D_00669,syringe_handoff,oracle_sfc,0,0,0,0,1,0,0.0,11,6,-1,medium,medium,0.55,mixed,8,,,,,,friction_model,424693
D,D_00669,syringe_handoff,semantic_only,1,0,1,0,1,0,0.0,11,6,-1,medium,medium,0.55,mixed,8,,,,,,friction_model,424693
D,D_00669,syringe_handoff,posthoc_single,0,0,0,0,1,0,0.00996499,11,6,-1,medium,medium,0.55,mixed,8,,,,,,friction_model,424693
D,D_00669,syringe_handoff,soft_penalty_fc,0,0,0,0,1,0,0.00996499,11,6,-1,medium,medium,0.55,mixed,8,,,,,,friction_model,424693
D,D_00670,syringe_handoff,geometric_fc,1,0,1,0,1,0,0.01013066,11,6,-1,medium,medium,0.55,mixed,8,,,,,,friction_model,424694
D,D_00670,syringe_handoff,oracle_sfc,0,0,0,0,1,0,0.0,11,6,-1,medium,medium,0.55,mixed,8,,,,,,friction_model,424694
D,D_00670,syringe_handoff,semantic_only,1,0,1,0,1,0,0.0,11,6,-1,medium,medium,0.55,mixed,8,,,,,,friction_model,424694
D,D_00670,syringe_handoff,posthoc_single,0,0,0,0,1,0,0.01013066,11,6,-1,medium,medium,0.55,mixed,8,,,,,,friction_model,424694
D,D_00670,syringe_handoff,soft_penalty_fc,0,0,0,0,1,0,0.01013066,11,6,-1,medium,medium,0.55,mixed,8,,,,,,friction_model,424694
D,D_00671,syringe_handoff,geometric_fc,1,0,1,0,1,0,0.01003111,11,6,-1,medium,medium,0.55,mixed,8,,,,,,friction_model,424695
D,D_00671,syringe_handoff,oracle_sfc,0,0,0,0,1,0,0.0,11,6,-1,medium,medium,0.55,mixed,8,,,,,,friction_model,424695
D,D_00671,syringe_handoff,semantic_only,1,0,1,0,1,0,0.0,11,6,-1,medium,medium,0.55,mixed,8,,,,,,friction_model,424695
D,D_00671,syringe_handoff,posthoc_single,0,0,0,0,1,0,0.01003111,11,6,-1,medium,medium,0.55,mixed,8,,,,,,friction_model,424695
D,D_00671,syringe_handoff,soft_penalty_fc,0,0,0,0,1,0,0.01003111,11,6,-1,medium,medium,0.55,mixed,8,,,,,,friction_model,424695
D,D_00672,syringe_handoff,geometric_fc,1,0,1,0,1,0,0.01004468,11,6,-1,medium,medium,0.55,mixed,8,,,,,,friction_model,424696
D,D_00672,syringe_handoff,oracle_sfc,0,0,0,0,1,0,0.0,11,6,-1,medium,medium,0.55,mixed,8,,,,,,friction_model,424696
D,D_00672,syringe_handoff,semantic_only,1,0,1,0,1,0,0.0,11,6,-1,medium,medium,0.55,mixed,8,,,,,,friction_model,424696
D,D_00672,syringe_handoff,posthoc_single,0,0,0,0,1,0,0.01004468,11,6,-1,medium,medium,0.55,mixed,8,,,,,,friction_model,424696
D,D_00672,syringe_handoff,soft_penalty_fc,0,0,0,0,1,0,0.01004468,11,6,-1,medium,medium,0.55,mixed,8,,,,,,friction_model,424696
D,D_00673,pan_carry,geometric_fc,1,0,1,0,1,0,0.03211796,14,7,-1,medium,medium,0.55,low,2,,,,,,friction_model,424697
D,D_00673,pan_carry,oracle_sfc,0,0,0,0,1,0,0.0,14,7,-1,medium,medium,0.55,low,2,,,,,,friction_model,424697
D,D_00673,pan_carry,semantic_only,1,0,1,0,1,0,0.0,14,7,-1,medium,medium,0.55,low,2,,,,,,friction_model,424697
D,D_00673,pan_carry,posthoc_single,0,0,0,0,1,0,0.03211796,14,7,-1,medium,medium,0.55,low,2,,,,,,friction_model,424697
D,D_00673,pan_carry,soft_penalty_fc,1,0,1,0,1,0,0.03211796,14,7,-1,medium,medium,0.55,low,2,,,,,,friction_model,424697
D,D_00674,pan_carry,geometric_fc,1,0,1,0,1,0,0.03353016,14,7,-1,medium,medium,0.55,low,2,,,,,,friction_model,424698
D,D_00674,pan_carry,oracle_sfc,0,0,0,0,1,0,0.0,14,7,-1,medium,medium,0.55,low,2,,,,,,friction_model,424698
D,D_00674,pan_carry,semantic_only,1,0,1,0,1,0,0.0,14,7,-1,medium,medium,0.55,low,2,,,,,,friction_model,424698
D,D_00674,pan_carry,posthoc_single,0,0,0,0,1,0,0.03353016,14,7,-1,medium,medium,0.55,low,2,,,,,,friction_model,424698
D,D_00674,pan_carry,soft_penalty_fc,1,0,1,0,1,0,0.03353016,14,7,-1,medium,medium,0.55,low,2,,,,,,friction_model,424698
D,D_00675,pan_carry,geometric_fc,1,0,1,0,1,0,0.03372558,14,7,-1,medium,medium,0.55,low,2,,,,,,friction_model,424699
D,D_00675,pan_carry,oracle_sfc,0,0,0,0,1,0,0.0,14,7,-1,medium,medium,0.55,low,2,,,,,,friction_model,424699
D,D_00675,pan_carry,semantic_only,1,0,1,0,1,0,0.0,14,7,-1,medium,medium,0.55,low,2,,,,,,friction_model,424699
D,D_00675,pan_carry,posthoc_single,0,0,0,0,1,0,0.03372558,14,7,-1,medium,medium,0.55,low,2,,,,,,friction_model,424699
D,D_00675,pan_carry,soft_penalty_fc,1,0,1,0,1,0,0.03372558,14,7,-1,medium,medium,0.55,low,2,,,,,,friction_model,424699
D,D_00676,pan_carry,geometric_fc,1,0,1,0,1,0,0.03357244,14,7,-1,medium,medium,0.55,low,2,,,,,,friction_model,424700
D,D_00676,pan_carry,oracle_sfc,0,0,0,0,1,0,0.0,14,7,-1,medium,medium,0.55,low,2,,,,,,friction_model,424700
D,D_00676,pan_carry,semantic_only,1,0,1,0,1,0,0.0,14,7,-1,medium,medium,0.55,low,2,,,,,,friction_model,424700
D,D_00676,pan_carry,posthoc_single,0,0,0,0,1,0,0.03357244,14,7,-1,medium,medium,0.55,low,2,,,,,,friction_model,424700
D,D_00676,pan_carry,soft_penalty_fc,1,0,1,0,1,0,0.03357244,14,7,-1,medium,medium,0.55,low,2,,,,,,friction_model,424700
D,D_00677,pan_carry,geometric_fc,1,0,1,0,1,0,0.03468769,14,7,-1,medium,medium,0.55,low,2,,,,,,friction_model,424701
D,D_00677,pan_carry,oracle_sfc,0,0,0,0,1,0,0.0,14,7,-1,medium,medium,0.55,low,2,,,,,,friction_model,424701
D,D_00677,pan_carry,semantic_only,1,0,1,0,1,0,0.0,14,7,-1,medium,medium,0.55,low,2,,,,,,friction_model,424701
D,D_00677,pan_carry,posthoc_single,0,0,0,0,1,0,0.03468769,14,7,-1,medium,medium,0.55,low,2,,,,,,friction_model,424701
D,D_00677,pan_carry,soft_penalty_fc,1,0,1,0,1,0,0.03468769,14,7,-1,medium,medium,0.55,low,2,,,,,,friction_model,424701
D,D_00678,pan_carry,geometric_fc,1,0,1,0,1,0,0.03395408,14,7,-1,medium,medium,0.55,low,2,,,,,,friction_model,424702
D,D_00678,pan_carry,oracle_sfc,0,0,0,0,1,0,0.0,14,7,-1,medium,medium,0.55,low,2,,,,,,friction_model,424702
D,D_00678,pan_carry,semantic_only,1,0,1,0,1,0,0.0,14,7,-1,medium,medium,0.55,low,2,,,,,,friction_model,424702
D,D_00678,pan_carry,posthoc_single,0,0,0,0,1,0,0.03395408,14,7,-1,medium,medium,0.55,low,2,,,,,,friction_model,424702
D,D_00678,pan_carry,soft_penalty_fc,1,0,1,0,1,0,0.03395408,14,7,-1,medium,medium,0.55,low,2,,,,,,friction_model,424702
D,D_00679,pan_carry,geometric_fc,1,0,1,0,1,0,0.03266108,14,7,-1,medium,medium,0.55,low,2,,,,,,friction_model,424703
D,D_00679,pan_carry,oracle_sfc,0,0,0,0,1,0,0.0,14,7,-1,medium,medium,0.55,low,2,,,,,,friction_model,424703
D,D_00679,pan_carry,semantic_only,1,0,1,0,1,0,0.0,14,7,-1,medium,medium,0.55,low,2,,,,,,friction_model,424703
D,D_00679,pan_carry,posthoc_single,0,0,0,0,1,0,0.03266108,14,7,-1,medium,medium,0.55,low,2,,,,,,friction_model,424703
D,D_00679,pan_carry,soft_penalty_fc,1,0,1,0,1,0,0.03266108,14,7,-1,medium,medium,0.55,low,2,,,,,,friction_model,424703
D,D_00680,pan_carry,geometric_fc,1,0,1,0,1,0,0.03263315,14,7,-1,medium,medium,0.55,low,2,,,,,,friction_model,424704
D,D_00680,pan_carry,oracle_sfc,0,0,0,0,1,0,0.0,14,7,-1,medium,medium,0.55,low,2,,,,,,friction_model,424704
D,D_00680,pan_carry,semantic_only,1,0,1,0,1,0,0.0,14,7,-1,medium,medium,0.55,low,2,,,,,,friction_model,424704
D,D_00680,pan_carry,posthoc_single,0,0,0,0,1,0,0.03263315,14,7,-1,medium,medium,0.55,low,2,,,,,,friction_model,424704
D,D_00680,pan_carry,soft_penalty_fc,1,0,1,0,1,0,0.03263315,14,7,-1,medium,medium,0.55,low,2,,,,,,friction_model,424704
D,D_00681,pan_carry,geometric_fc,1,0,1,0,1,0,0.01745738,14,7,-1,medium,medium,0.55,low,4,,,,,,friction_model,424705
D,D_00681,pan_carry,oracle_sfc,0,0,0,0,1,0,0.0,14,7,-1,medium,medium,0.55,low,4,,,,,,friction_model,424705
D,D_00681,pan_carry,semantic_only,1,0,1,0,1,0,0.0,14,7,-1,medium,medium,0.55,low,4,,,,,,friction_model,424705
D,D_00681,pan_carry,posthoc_single,0,0,0,0,1,0,0.01745738,14,7,-1,medium,medium,0.55,low,4,,,,,,friction_model,424705
D,D_00681,pan_carry,soft_penalty_fc,1,0,1,0,1,0,0.01745738,14,7,-1,medium,medium,0.55,low,4,,,,,,friction_model,424705
D,D_00682,pan_carry,geometric_fc,1,0,1,0,1,0,0.01724758,14,7,-1,medium,medium,0.55,low,4,,,,,,friction_model,424706
D,D_00682,pan_carry,oracle_sfc,0,0,0,0,1,0,0.0,14,7,-1,medium,medium,0.55,low,4,,,,,,friction_model,424706
D,D_00682,pan_carry,semantic_only,1,0,1,0,1,0,0.0,14,7,-1,medium,medium,0.55,low,4,,,,,,friction_model,424706
D,D_00682,pan_carry,posthoc_single,0,0,0,0,1,0,0.01724758,14,7,-1,medium,medium,0.55,low,4,,,,,,friction_model,424706
D,D_00682,pan_carry,soft_penalty_fc,1,0,1,0,1,0,0.01724758,14,7,-1,medium,medium,0.55,low,4,,,,,,friction_model,424706
D,D_00683,pan_carry,geometric_fc,1,0,1,0,1,0,0.01629258,14,7,-1,medium,medium,0.55,low,4,,,,,,friction_model,424707
D,D_00683,pan_carry,oracle_sfc,0,0,0,0,1,0,0.0,14,7,-1,medium,medium,0.55,low,4,,,,,,friction_model,424707
D,D_00683,pan_carry,semantic_only,1,0,1,0,1,0,0.0,14,7,-1,medium,medium,0.55,low,4,,,,,,friction_model,424707
D,D_00683,pan_carry,posthoc_single,0,0,0,0,1,0,0.01629258,14,7,-1,medium,medium,0.55,low,4,,,,,,friction_model,424707
D,D_00683,pan_carry,soft_penalty_fc,1,0,1,0,1,0,0.01629258,14,7,-1,medium,medium,0.55,low,4,,,,,,friction_model,424707
D,D_00684,pan_carry,geometric_fc,1,0,1,0,1,0,0.01649772,14,7,-1,medium,medium,0.55,low,4,,,,,,friction_model,424708
D,D_00684,pan_carry,oracle_sfc,0,0,0,0,1,0,0.0,14,7,-1,medium,medium,0.55,low,4,,,,,,friction_model,424708
D,D_00684,pan_carry,semantic_only,1,0,1,0,1,0,0.0,14,7,-1,medium,medium,0.55,low,4,,,,,,friction_model,424708
D,D_00684,pan_carry,posthoc_single,0,0,0,0,1,0,0.01649772,14,7,-1,medium,medium,0.55,low,4,,,,,,friction_model,424708
D,D_00684,pan_carry,soft_penalty_fc,1,0,1,0,1,0,0.01649772,14,7,-1,medium,medium,0.55,low,4,,,,,,friction_model,424708
D,D_00685,pan_carry,geometric_fc,1,0,1,0,1,0,0.01647397,14,7,-1,medium,medium,0.55,low,4,,,,,,friction_model,424709
D,D_00685,pan_carry,oracle_sfc,0,0,0,0,1,0,0.0,14,7,-1,medium,medium,0.55,low,4,,,,,,friction_model,424709
D,D_00685,pan_carry,semantic_only,1,0,1,0,1,0,0.0,14,7,-1,medium,medium,0.55,low,4,,,,,,friction_model,424709
D,D_00685,pan_carry,posthoc_single,0,0,0,0,1,0,0.01647397,14,7,-1,medium,medium,0.55,low,4,,,,,,friction_model,424709
D,D_00685,pan_carry,soft_penalty_fc,1,0,1,0,1,0,0.01647397,14,7,-1,medium,medium,0.55,low,4,,,,,,friction_model,424709
D,D_00686,pan_carry,geometric_fc,1,0,1,0,1,0,0.01645939,14,7,-1,medium,medium,0.55,low,4,,,,,,friction_model,424710
D,D_00686,pan_carry,oracle_sfc,0,0,0,0,1,0,0.0,14,7,-1,medium,medium,0.55,low,4,,,,,,friction_model,424710
D,D_00686,pan_carry,semantic_only,1,0,1,0,1,0,0.0,14,7,-1,medium,medium,0.55,low,4,,,,,,friction_model,424710
D,D_00686,pan_carry,posthoc_single,0,0,0,0,1,0,0.01645939,14,7,-1,medium,medium,0.55,low,4,,,,,,friction_model,424710
D,D_00686,pan_carry,soft_penalty_fc,1,0,1,0,1,0,0.01645939,14,7,-1,medium,medium,0.55,low,4,,,,,,friction_model,424710
D,D_00687,pan_carry,geometric_fc,1,0,1,0,1,0,0.01660745,14,7,-1,medium,medium,0.55,low,4,,,,,,friction_model,424711
D,D_00687,pan_carry,oracle_sfc,0,0,0,0,1,0,0.0,14,7,-1,medium,medium,0.55,low,4,,,,,,friction_model,424711
D,D_00687,pan_carry,semantic_only,1,0,1,0,1,0,0.0,14,7,-1,medium,medium,0.55,low,4,,,,,,friction_model,424711
D,D_00687,pan_carry,posthoc_single,0,0,0,0,1,0,0.01660745,14,7,-1,medium,medium,0.55,low,4,,,,,,friction_model,424711
D,D_00687,pan_carry,soft_penalty_fc,1,0,1,0,1,0,0.01660745,14,7,-1,medium,medium,0.55,low,4,,,,,,friction_model,424711
D,D_00688,pan_carry,geometric_fc,1,0,1,0,1,0,0.01709958,14,7,-1,medium,medium,0.55,low,4,,,,,,friction_model,424712
D,D_00688,pan_carry,oracle_sfc,0,0,0,0,1,0,0.0,14,7,-1,medium,medium,0.55,low,4,,,,,,friction_model,424712
D,D_00688,pan_carry,semantic_only,1,0,1,0,1,0,0.0,14,7,-1,medium,medium,0.55,low,4,,,,,,friction_model,424712
D,D_00688,pan_carry,posthoc_single,0,0,0,0,1,0,0.01709958,14,7,-1,medium,medium,0.55,low,4,,,,,,friction_model,424712
D,D_00688,pan_carry,soft_penalty_fc,1,0,1,0,1,0,0.01709958,14,7,-1,medium,medium,0.55,low,4,,,,,,friction_model,424712
D,D_00689,pan_carry,geometric_fc,1,0,1,0,1,0,0.00815383,14,7,-1,medium,medium,0.55,low,8,,,,,,friction_model,424713
D,D_00689,pan_carry,oracle_sfc,0,0,0,0,1,0,0.0,14,7,-1,medium,medium,0.55,low,8,,,,,,friction_model,424713
D,D_00689,pan_carry,semantic_only,1,0,1,0,1,0,0.0,14,7,-1,medium,medium,0.55,low,8,,,,,,friction_model,424713
D,D_00689,pan_carry,posthoc_single,0,0,0,0,1,0,0.00815383,14,7,-1,medium,medium,0.55,low,8,,,,,,friction_model,424713
D,D_00689,pan_carry,soft_penalty_fc,0,0,0,0,1,0,0.00815383,14,7,-1,medium,medium,0.55,low,8,,,,,,friction_model,424713
D,D_00690,pan_carry,geometric_fc,1,0,1,0,1,0,0.00841364,14,7,-1,medium,medium,0.55,low,8,,,,,,friction_model,424714
D,D_00690,pan_carry,oracle_sfc,0,0,0,0,1,0,0.0,14,7,-1,medium,medium,0.55,low,8,,,,,,friction_model,424714
D,D_00690,pan_carry,semantic_only,1,0,1,0,1,0,0.0,14,7,-1,medium,medium,0.55,low,8,,,,,,friction_model,424714
D,D_00690,pan_carry,posthoc_single,0,0,0,0,1,0,0.00841364,14,7,-1,medium,medium,0.55,low,8,,,,,,friction_model,424714
D,D_00690,pan_carry,soft_penalty_fc,0,0,0,0,1,0,0.00841364,14,7,-1,medium,medium,0.55,low,8,,,,,,friction_model,424714
D,D_00691,pan_carry,geometric_fc,1,0,1,0,1,0,0.00828117,14,7,-1,medium,medium,0.55,low,8,,,,,,friction_model,424715
D,D_00691,pan_carry,oracle_sfc,0,0,0,0,1,0,0.0,14,7,-1,medium,medium,0.55,low,8,,,,,,friction_model,424715
D,D_00691,pan_carry,semantic_only,1,0,1,0,1,0,0.0,14,7,-1,medium,medium,0.55,low,8,,,,,,friction_model,424715
D,D_00691,pan_carry,posthoc_single,0,0,0,0,1,0,0.00828117,14,7,-1,medium,medium,0.55,low,8,,,,,,friction_model,424715
D,D_00691,pan_carry,soft_penalty_fc,0,0,0,0,1,0,0.00828117,14,7,-1,medium,medium,0.55,low,8,,,,,,friction_model,424715
D,D_00692,pan_carry,geometric_fc,1,0,1,0,1,0,0.00853496,14,7,-1,medium,medium,0.55,low,8,,,,,,friction_model,424716
D,D_00692,pan_carry,oracle_sfc,0,0,0,0,1,0,0.0,14,7,-1,medium,medium,0.55,low,8,,,,,,friction_model,424716
D,D_00692,pan_carry,semantic_only,1,0,1,0,1,0,0.0,14,7,-1,medium,medium,0.55,low,8,,,,,,friction_model,424716
D,D_00692,pan_carry,posthoc_single,0,0,0,0,1,0,0.00853496,14,7,-1,medium,medium,0.55,low,8,,,,,,friction_model,424716
D,D_00692,pan_carry,soft_penalty_fc,0,0,0,0,1,0,0.00853496,14,7,-1,medium,medium,0.55,low,8,,,,,,friction_model,424716
D,D_00693,pan_carry,geometric_fc,1,0,1,0,1,0,0.00841652,14,7,-1,medium,medium,0.55,low,8,,,,,,friction_model,424717
D,D_00693,pan_carry,oracle_sfc,0,0,0,0,1,0,0.0,14,7,-1,medium,medium,0.55,low,8,,,,,,friction_model,424717
D,D_00693,pan_carry,semantic_only,1,0,1,0,1,0,0.0,14,7,-1,medium,medium,0.55,low,8,,,,,,friction_model,424717
D,D_00693,pan_carry,posthoc_single,0,0,0,0,1,0,0.00841652,14,7,-1,medium,medium,0.55,low,8,,,,,,friction_model,424717
D,D_00693,pan_carry,soft_penalty_fc,0,0,0,0,1,0,0.00841652,14,7,-1,medium,medium,0.55,low,8,,,,,,friction_model,424717
D,D_00694,pan_carry,geometric_fc,1,0,1,0,1,0,0.00831132,14,7,-1,medium,medium,0.55,low,8,,,,,,friction_model,424718
D,D_00694,pan_carry,oracle_sfc,0,0,0,0,1,0,0.0,14,7,-1,medium,medium,0.55,low,8,,,,,,friction_model,424718
D,D_00694,pan_carry,semantic_only,1,0,1,0,1,0,0.0,14,7,-1,medium,medium,0.55,low,8,,,,,,friction_model,424718
D,D_00694,pan_carry,posthoc_single,0,0,0,0,1,0,0.00831132,14,7,-1,medium,medium,0.55,low,8,,,,,,friction_model,424718
D,D_00694,pan_carry,soft_penalty_fc,0,0,0,0,1,0,0.00831132,14,7,-1,medium,medium,0.55,low,8,,,,,,friction_model,424718
D,D_00695,pan_carry,geometric_fc,1,0,1,0,1,0,0.00878378,14,7,-1,medium,medium,0.55,low,8,,,,,,friction_model,424719
D,D_00695,pan_carry,oracle_sfc,0,0,0,0,1,0,0.0,14,7,-1,medium,medium,0.55,low,8,,,,,,friction_model,424719
D,D_00695,pan_carry,semantic_only,1,0,1,0,1,0,0.0,14,7,-1,medium,medium,0.55,low,8,,,,,,friction_model,424719
D,D_00695,pan_carry,posthoc_single,0,0,0,0,1,0,0.00878378,14,7,-1,medium,medium,0.55,low,8,,,,,,friction_model,424719
D,D_00695,pan_carry,soft_penalty_fc,0,0,0,0,1,0,0.00878378,14,7,-1,medium,medium,0.55,low,8,,,,,,friction_model,424719
D,D_00696,pan_carry,geometric_fc,1,0,1,0,1,0,0.00850833,14,7,-1,medium,medium,0.55,low,8,,,,,,friction_model,424720
D,D_00696,pan_carry,oracle_sfc,0,0,0,0,1,0,0.0,14,7,-1,medium,medium,0.55,low,8,,,,,,friction_model,424720
D,D_00696,pan_carry,semantic_only,1,0,1,0,1,0,0.0,14,7,-1,medium,medium,0.55,low,8,,,,,,friction_model,424720
D,D_00696,pan_carry,posthoc_single,0,0,0,0,1,0,0.00850833,14,7,-1,medium,medium,0.55,low,8,,,,,,friction_model,424720
D,D_00696,pan_carry,soft_penalty_fc,0,0,0,0,1,0,0.00850833,14,7,-1,medium,medium,0.55,low,8,,,,,,friction_model,424720
D,D_00697,pan_carry,geometric_fc,1,0,1,0,1,0,0.03367048,14,7,-1,medium,medium,0.55,medium,2,,,,,,friction_model,424721
D,D_00697,pan_carry,oracle_sfc,0,0,0,0,1,0,0.0,14,7,-1,medium,medium,0.55,medium,2,,,,,,friction_model,424721
D,D_00697,pan_carry,semantic_only,1,0,1,0,1,0,0.0,14,7,-1,medium,medium,0.55,medium,2,,,,,,friction_model,424721
D,D_00697,pan_carry,posthoc_single,0,0,0,0,1,0,0.03367048,14,7,-1,medium,medium,0.55,medium,2,,,,,,friction_model,424721
D,D_00697,pan_carry,soft_penalty_fc,1,0,1,0,1,0,0.03367048,14,7,-1,medium,medium,0.55,medium,2,,,,,,friction_model,424721
D,D_00698,pan_carry,geometric_fc,1,0,1,1,1,1,0.03514472,14,7,-1,medium,medium,0.55,medium,2,,,,,,friction_model,424722
D,D_00698,pan_carry,oracle_sfc,1,1,0,0,1,1,0.00207837,14,7,-1,medium,medium,0.55,medium,2,,,,,,friction_model,424722
D,D_00698,pan_carry,semantic_only,1,1,0,0,1,1,0.0,14,7,-1,medium,medium,0.55,medium,2,,,,,,friction_model,424722
D,D_00698,pan_carry,posthoc_single,0,0,0,1,1,1,0.03514472,14,7,-1,medium,medium,0.55,medium,2,,,,,,friction_model,424722
D,D_00698,pan_carry,soft_penalty_fc,1,0,1,1,1,1,0.03514472,14,7,-1,medium,medium,0.55,medium,2,,,,,,friction_model,424722
D,D_00699,pan_carry,geometric_fc,1,0,1,0,1,0,0.03466859,14,7,-1,medium,medium,0.55,medium,2,,,,,,friction_model,424723
D,D_00699,pan_carry,oracle_sfc,0,0,0,0,1,0,0.0,14,7,-1,medium,medium,0.55,medium,2,,,,,,friction_model,424723
D,D_00699,pan_carry,semantic_only,1,0,1,0,1,0,0.0,14,7,-1,medium,medium,0.55,medium,2,,,,,,friction_model,424723
D,D_00699,pan_carry,posthoc_single,0,0,0,0,1,0,0.03466859,14,7,-1,medium,medium,0.55,medium,2,,,,,,friction_model,424723
D,D_00699,pan_carry,soft_penalty_fc,1,0,1,0,1,0,0.03466859,14,7,-1,medium,medium,0.55,medium,2,,,,,,friction_model,424723
D,D_00700,pan_carry,geometric_fc,1,0,1,0,1,0,0.03231964,14,7,-1,medium,medium,0.55,medium,2,,,,,,friction_model,424724
D,D_00700,pan_carry,oracle_sfc,0,0,0,0,1,0,0.0,14,7,-1,medium,medium,0.55,medium,2,,,,,,friction_model,424724
D,D_00700,pan_carry,semantic_only,1,0,1,0,1,0,0.0,14,7,-1,medium,medium,0.55,medium,2,,,,,,friction_model,424724
D,D_00700,pan_carry,posthoc_single,0,0,0,0,1,0,0.03231964,14,7,-1,medium,medium,0.55,medium,2,,,,,,friction_model,424724
D,D_00700,pan_carry,soft_penalty_fc,1,0,1,0,1,0,0.03231964,14,7,-1,medium,medium,0.55,medium,2,,,,,,friction_model,424724
D,D_00701,pan_carry,geometric_fc,1,0,1,0,1,0,0.03477139,14,7,-1,medium,medium,0.55,medium,2,,,,,,friction_model,424725
D,D_00701,pan_carry,oracle_sfc,0,0,0,0,1,0,0.0,14,7,-1,medium,medium,0.55,medium,2,,,,,,friction_model,424725
D,D_00701,pan_carry,semantic_only,1,0,1,0,1,0,0.0,14,7,-1,medium,medium,0.55,medium,2,,,,,,friction_model,424725
D,D_00701,pan_carry,posthoc_single,0,0,0,0,1,0,0.03477139,14,7,-1,medium,medium,0.55,medium,2,,,,,,friction_model,424725
D,D_00701,pan_carry,soft_penalty_fc,1,0,1,0,1,0,0.03477139,14,7,-1,medium,medium,0.55,medium,2,,,,,,friction_model,424725
D,D_00702,pan_carry,geometric_fc,1,0,1,0,1,0,0.03399319,14,7,-1,medium,medium,0.55,medium,2,,,,,,friction_model,424726
D,D_00702,pan_carry,oracle_sfc,0,0,0,0,1,0,0.0,14,7,-1,medium,medium,0.55,medium,2,,,,,,friction_model,424726
D,D_00702,pan_carry,semantic_only,1,0,1,0,1,0,0.0,14,7,-1,medium,medium,0.55,medium,2,,,,,,friction_model,424726
D,D_00702,pan_carry,posthoc_single,0,0,0,0,1,0,0.03399319,14,7,-1,medium,medium,0.55,medium,2,,,,,,friction_model,424726
D,D_00702,pan_carry,soft_penalty_fc,1,0,1,0,1,0,0.03399319,14,7,-1,medium,medium,0.55,medium,2,,,,,,friction_model,424726
D,D_00703,pan_carry,geometric_fc,1,0,1,1,1,1,0.03413627,14,7,-1,medium,medium,0.55,medium,2,,,,,,friction_model,424727
D,D_00703,pan_carry,oracle_sfc,1,1,0,0,1,1,0.00465391,14,7,-1,medium,medium,0.55,medium,2,,,,,,friction_model,424727
D,D_00703,pan_carry,semantic_only,1,1,0,0,1,1,0.0,14,7,-1,medium,medium,0.55,medium,2,,,,,,friction_model,424727
D,D_00703,pan_carry,posthoc_single,0,0,0,1,1,1,0.03413627,14,7,-1,medium,medium,0.55,medium,2,,,,,,friction_model,424727
D,D_00703,pan_carry,soft_penalty_fc,1,0,1,1,1,1,0.03413627,14,7,-1,medium,medium,0.55,medium,2,,,,,,friction_model,424727
D,D_00704,pan_carry,geometric_fc,1,0,1,0,1,0,0.03245178,14,7,-1,medium,medium,0.55,medium,2,,,,,,friction_model,424728
D,D_00704,pan_carry,oracle_sfc,0,0,0,0,1,0,0.0,14,7,-1,medium,medium,0.55,medium,2,,,,,,friction_model,424728
D,D_00704,pan_carry,semantic_only,1,0,1,0,1,0,0.0,14,7,-1,medium,medium,0.55,medium,2,,,,,,friction_model,424728
D,D_00704,pan_carry,posthoc_single,0,0,0,0,1,0,0.03245178,14,7,-1,medium,medium,0.55,medium,2,,,,,,friction_model,424728
D,D_00704,pan_carry,soft_penalty_fc,1,0,1,0,1,0,0.03245178,14,7,-1,medium,medium,0.55,medium,2,,,,,,friction_model,424728
D,D_00705,pan_carry,geometric_fc,1,0,1,0,1,0,0.01663831,14,7,-1,medium,medium,0.55,medium,4,,,,,,friction_model,424729
D,D_00705,pan_carry,oracle_sfc,0,0,0,0,1,0,0.0,14,7,-1,medium,medium,0.55,medium,4,,,,,,friction_model,424729
D,D_00705,pan_carry,semantic_only,1,0,1,0,1,0,0.0,14,7,-1,medium,medium,0.55,medium,4,,,,,,friction_model,424729
D,D_00705,pan_carry,posthoc_single,0,0,0,0,1,0,0.01663831,14,7,-1,medium,medium,0.55,medium,4,,,,,,friction_model,424729
D,D_00705,pan_carry,soft_penalty_fc,1,0,1,0,1,0,0.01663831,14,7,-1,medium,medium,0.55,medium,4,,,,,,friction_model,424729
D,D_00706,pan_carry,geometric_fc,1,0,1,0,1,0,0.01651252,14,7,-1,medium,medium,0.55,medium,4,,,,,,friction_model,424730
D,D_00706,pan_carry,oracle_sfc,0,0,0,0,1,0,0.0,14,7,-1,medium,medium,0.55,medium,4,,,,,,friction_model,424730
D,D_00706,pan_carry,semantic_only,1,0,1,0,1,0,0.0,14,7,-1,medium,medium,0.55,medium,4,,,,,,friction_model,424730
D,D_00706,pan_carry,posthoc_single,0,0,0,0,1,0,0.01651252,14,7,-1,medium,medium,0.55,medium,4,,,,,,friction_model,424730
D,D_00706,pan_carry,soft_penalty_fc,1,0,1,0,1,0,0.01651252,14,7,-1,medium,medium,0.55,medium,4,,,,,,friction_model,424730
D,D_00707,pan_carry,geometric_fc,1,0,1,0,1,0,0.0176536,14,7,-1,medium,medium,0.55,medium,4,,,,,,friction_model,424731
D,D_00707,pan_carry,oracle_sfc,0,0,0,0,1,0,0.0,14,7,-1,medium,medium,0.55,medium,4,,,,,,friction_model,424731
D,D_00707,pan_carry,semantic_only,1,0,1,0,1,0,0.0,14,7,-1,medium,medium,0.55,medium,4,,,,,,friction_model,424731
D,D_00707,pan_carry,posthoc_single,0,0,0,0,1,0,0.0176536,14,7,-1,medium,medium,0.55,medium,4,,,,,,friction_model,424731
D,D_00707,pan_carry,soft_penalty_fc,1,0,1,0,1,0,0.0176536,14,7,-1,medium,medium,0.55,medium,4,,,,,,friction_model,424731
D,D_00708,pan_carry,geometric_fc,1,0,1,0,1,0,0.0162145,14,7,-1,medium,medium,0.55,medium,4,,,,,,friction_model,424732
D,D_00708,pan_carry,oracle_sfc,0,0,0,0,1,0,0.0,14,7,-1,medium,medium,0.55,medium,4,,,,,,friction_model,424732
D,D_00708,pan_carry,semantic_only,1,0,1,0,1,0,0.0,14,7,-1,medium,medium,0.55,medium,4,,,,,,friction_model,424732
D,D_00708,pan_carry,posthoc_single,0,0,0,0,1,0,0.0162145,14,7,-1,medium,medium,0.55,medium,4,,,,,,friction_model,424732
D,D_00708,pan_carry,soft_penalty_fc,1,0,1,0,1,0,0.0162145,14,7,-1,medium,medium,0.55,medium,4,,,,,,friction_model,424732
D,D_00709,pan_carry,geometric_fc,1,0,1,0,1,0,0.01676039,14,7,-1,medium,medium,0.55,medium,4,,,,,,friction_model,424733
D,D_00709,pan_carry,oracle_sfc,0,0,0,0,1,0,0.0,14,7,-1,medium,medium,0.55,medium,4,,,,,,friction_model,424733
D,D_00709,pan_carry,semantic_only,1,0,1,0,1,0,0.0,14,7,-1,medium,medium,0.55,medium,4,,,,,,friction_model,424733
D,D_00709,pan_carry,posthoc_single,0,0,0,0,1,0,0.01676039,14,7,-1,medium,medium,0.55,medium,4,,,,,,friction_model,424733
D,D_00709,pan_carry,soft_penalty_fc,1,0,1,0,1,0,0.01676039,14,7,-1,medium,medium,0.55,medium,4,,,,,,friction_model,424733
D,D_00710,pan_carry,geometric_fc,1,0,1,0,1,0,0.01678968,14,7,-1,medium,medium,0.55,medium,4,,,,,,friction_model,424734
D,D_00710,pan_carry,oracle_sfc,0,0,0,0,1,0,0.0,14,7,-1,medium,medium,0.55,medium,4,,,,,,friction_model,424734
D,D_00710,pan_carry,semantic_only,1,0,1,0,1,0,0.0,14,7,-1,medium,medium,0.55,medium,4,,,,,,friction_model,424734
D,D_00710,pan_carry,posthoc_single,0,0,0,0,1,0,0.01678968,14,7,-1,medium,medium,0.55,medium,4,,,,,,friction_model,424734
D,D_00710,pan_carry,soft_penalty_fc,1,0,1,0,1,0,0.01678968,14,7,-1,medium,medium,0.55,medium,4,,,,,,friction_model,424734
D,D_00711,pan_carry,geometric_fc,1,0,1,0,1,0,0.01650059,14,7,-1,medium,medium,0.55,medium,4,,,,,,friction_model,424735
D,D_00711,pan_carry,oracle_sfc,0,0,0,0,1,0,0.0,14,7,-1,medium,medium,0.55,medium,4,,,,,,friction_model,424735
D,D_00711,pan_carry,semantic_only,1,0,1,0,1,0,0.0,14,7,-1,medium,medium,0.55,medium,4,,,,,,friction_model,424735
D,D_00711,pan_carry,posthoc_single,0,0,0,0,1,0,0.01650059,14,7,-1,medium,medium,0.55,medium,4,,,,,,friction_model,424735
D,D_00711,pan_carry,soft_penalty_fc,1,0,1,0,1,0,0.01650059,14,7,-1,medium,medium,0.55,medium,4,,,,,,friction_model,424735
D,D_00712,pan_carry,geometric_fc,1,0,1,0,1,0,0.01655977,14,7,-1,medium,medium,0.55,medium,4,,,,,,friction_model,424736
D,D_00712,pan_carry,oracle_sfc,0,0,0,0,1,0,0.0,14,7,-1,medium,medium,0.55,medium,4,,,,,,friction_model,424736
D,D_00712,pan_carry,semantic_only,1,0,1,0,1,0,0.0,14,7,-1,medium,medium,0.55,medium,4,,,,,,friction_model,424736
D,D_00712,pan_carry,posthoc_single,0,0,0,0,1,0,0.01655977,14,7,-1,medium,medium,0.55,medium,4,,,,,,friction_model,424736
D,D_00712,pan_carry,soft_penalty_fc,1,0,1,0,1,0,0.01655977,14,7,-1,medium,medium,0.55,medium,4,,,,,,friction_model,424736
D,D_00713,pan_carry,geometric_fc,1,0,1,1,1,1,0.00828967,14,7,-1,medium,medium,0.55,medium,8,,,,,,friction_model,424737
D,D_00713,pan_carry,oracle_sfc,1,1,0,0,1,1,0.0021228,14,7,-1,medium,medium,0.55,medium,8,,,,,,friction_model,424737
D,D_00713,pan_carry,semantic_only,1,1,0,0,1,1,0.0,14,7,-1,medium,medium,0.55,medium,8,,,,,,friction_model,424737
D,D_00713,pan_carry,posthoc_single,0,0,0,1,1,1,0.00828967,14,7,-1,medium,medium,0.55,medium,8,,,,,,friction_model,424737
D,D_00713,pan_carry,soft_penalty_fc,0,0,0,1,1,1,0.00828967,14,7,-1,medium,medium,0.55,medium,8,,,,,,friction_model,424737
D,D_00714,pan_carry,geometric_fc,1,0,1,0,1,0,0.00752042,14,7,-1,medium,medium,0.55,medium,8,,,,,,friction_model,424738
D,D_00714,pan_carry,oracle_sfc,0,0,0,0,1,0,0.0,14,7,-1,medium,medium,0.55,medium,8,,,,,,friction_model,424738
D,D_00714,pan_carry,semantic_only,1,0,1,0,1,0,0.0,14,7,-1,medium,medium,0.55,medium,8,,,,,,friction_model,424738
D,D_00714,pan_carry,posthoc_single,0,0,0,0,1,0,0.00752042,14,7,-1,medium,medium,0.55,medium,8,,,,,,friction_model,424738
D,D_00714,pan_carry,soft_penalty_fc,0,0,0,0,1,0,0.00752042,14,7,-1,medium,medium,0.55,medium,8,,,,,,friction_model,424738
D,D_00715,pan_carry,geometric_fc,1,0,1,0,1,0,0.00836001,14,7,-1,medium,medium,0.55,medium,8,,,,,,friction_model,424739
D,D_00715,pan_carry,oracle_sfc,0,0,0,0,1,0,0.0,14,7,-1,medium,medium,0.55,medium,8,,,,,,friction_model,424739
D,D_00715,pan_carry,semantic_only,1,0,1,0,1,0,0.0,14,7,-1,medium,medium,0.55,medium,8,,,,,,friction_model,424739
D,D_00715,pan_carry,posthoc_single,0,0,0,0,1,0,0.00836001,14,7,-1,medium,medium,0.55,medium,8,,,,,,friction_model,424739
D,D_00715,pan_carry,soft_penalty_fc,0,0,0,0,1,0,0.00836001,14,7,-1,medium,medium,0.55,medium,8,,,,,,friction_model,424739
D,D_00716,pan_carry,geometric_fc,1,0,1,0,1,0,0.00813303,14,7,-1,medium,medium,0.55,medium,8,,,,,,friction_model,424740
D,D_00716,pan_carry,oracle_sfc,0,0,0,0,1,0,0.0,14,7,-1,medium,medium,0.55,medium,8,,,,,,friction_model,424740
D,D_00716,pan_carry,semantic_only,1,0,1,0,1,0,0.0,14,7,-1,medium,medium,0.55,medium,8,,,,,,friction_model,424740
D,D_00716,pan_carry,posthoc_single,0,0,0,0,1,0,0.00813303,14,7,-1,medium,medium,0.55,medium,8,,,,,,friction_model,424740
D,D_00716,pan_carry,soft_penalty_fc,0,0,0,0,1,0,0.00813303,14,7,-1,medium,medium,0.55,medium,8,,,,,,friction_model,424740
D,D_00717,pan_carry,geometric_fc,1,0,1,0,1,0,0.0085298,14,7,-1,medium,medium,0.55,medium,8,,,,,,friction_model,424741
D,D_00717,pan_carry,oracle_sfc,0,0,0,0,1,0,0.0,14,7,-1,medium,medium,0.55,medium,8,,,,,,friction_model,424741
D,D_00717,pan_carry,semantic_only,1,0,1,0,1,0,0.0,14,7,-1,medium,medium,0.55,medium,8,,,,,,friction_model,424741
D,D_00717,pan_carry,posthoc_single,0,0,0,0,1,0,0.0085298,14,7,-1,medium,medium,0.55,medium,8,,,,,,friction_model,424741
D,D_00717,pan_carry,soft_penalty_fc,0,0,0,0,1,0,0.0085298,14,7,-1,medium,medium,0.55,medium,8,,,,,,friction_model,424741
D,D_00718,pan_carry,geometric_fc,1,0,1,0,1,0,0.00860722,14,7,-1,medium,medium,0.55,medium,8,,,,,,friction_model,424742
D,D_00718,pan_carry,oracle_sfc,0,0,0,0,1,0,0.0,14,7,-1,medium,medium,0.55,medium,8,,,,,,friction_model,424742
D,D_00718,pan_carry,semantic_only,1,0,1,0,1,0,0.0,14,7,-1,medium,medium,0.55,medium,8,,,,,,friction_model,424742
D,D_00718,pan_carry,posthoc_single,0,0,0,0,1,0,0.00860722,14,7,-1,medium,medium,0.55,medium,8,,,,,,friction_model,424742
D,D_00718,pan_carry,soft_penalty_fc,0,0,0,0,1,0,0.00860722,14,7,-1,medium,medium,0.55,medium,8,,,,,,friction_model,424742
D,D_00719,pan_carry,geometric_fc,1,0,1,0,1,0,0.00884652,14,7,-1,medium,medium,0.55,medium,8,,,,,,friction_model,424743
D,D_00719,pan_carry,oracle_sfc,0,0,0,0,1,0,0.0,14,7,-1,medium,medium,0.55,medium,8,,,,,,friction_model,424743
D,D_00719,pan_carry,semantic_only,1,0,1,0,1,0,0.0,14,7,-1,medium,medium,0.55,medium,8,,,,,,friction_model,424743
D,D_00719,pan_carry,posthoc_single,0,0,0,0,1,0,0.00884652,14,7,-1,medium,medium,0.55,medium,8,,,,,,friction_model,424743
D,D_00719,pan_carry,soft_penalty_fc,0,0,0,0,1,0,0.00884652,14,7,-1,medium,medium,0.55,medium,8,,,,,,friction_model,424743
D,D_00720,pan_carry,geometric_fc,1,0,1,0,1,0,0.00853967,14,7,-1,medium,medium,0.55,medium,8,,,,,,friction_model,424744
D,D_00720,pan_carry,oracle_sfc,0,0,0,0,1,0,0.0,14,7,-1,medium,medium,0.55,medium,8,,,,,,friction_model,424744
D,D_00720,pan_carry,semantic_only,1,0,1,0,1,0,0.0,14,7,-1,medium,medium,0.55,medium,8,,,,,,friction_model,424744
D,D_00720,pan_carry,posthoc_single,0,0,0,0,1,0,0.00853967,14,7,-1,medium,medium,0.55,medium,8,,,,,,friction_model,424744
D,D_00720,pan_carry,soft_penalty_fc,0,0,0,0,1,0,0.00853967,14,7,-1,medium,medium,0.55,medium,8,,,,,,friction_model,424744
D,D_00721,pan_carry,geometric_fc,1,0,1,1,1,1,0.03481064,14,7,-1,medium,medium,0.55,high,2,,,,,,friction_model,424745
D,D_00721,pan_carry,oracle_sfc,1,1,0,0,1,1,0.01196194,14,7,-1,medium,medium,0.55,high,2,,,,,,friction_model,424745
D,D_00721,pan_carry,semantic_only,1,1,0,0,1,1,0.0,14,7,-1,medium,medium,0.55,high,2,,,,,,friction_model,424745
D,D_00721,pan_carry,posthoc_single,0,0,0,1,1,1,0.03481064,14,7,-1,medium,medium,0.55,high,2,,,,,,friction_model,424745
D,D_00721,pan_carry,soft_penalty_fc,1,0,1,1,1,1,0.03481064,14,7,-1,medium,medium,0.55,high,2,,,,,,friction_model,424745
D,D_00722,pan_carry,geometric_fc,1,0,1,1,1,1,0.03484823,14,7,-1,medium,medium,0.55,high,2,,,,,,friction_model,424746
D,D_00722,pan_carry,oracle_sfc,1,1,0,0,1,1,0.00902485,14,7,-1,medium,medium,0.55,high,2,,,,,,friction_model,424746
D,D_00722,pan_carry,semantic_only,1,1,0,0,1,1,0.0,14,7,-1,medium,medium,0.55,high,2,,,,,,friction_model,424746
D,D_00722,pan_carry,posthoc_single,0,0,0,1,1,1,0.03484823,14,7,-1,medium,medium,0.55,high,2,,,,,,friction_model,424746
D,D_00722,pan_carry,soft_penalty_fc,1,0,1,1,1,1,0.03484823,14,7,-1,medium,medium,0.55,high,2,,,,,,friction_model,424746
D,D_00723,pan_carry,geometric_fc,1,0,1,1,1,1,0.035436,14,7,-1,medium,medium,0.55,high,2,,,,,,friction_model,424747
D,D_00723,pan_carry,oracle_sfc,1,1,0,0,1,1,0.0137006,14,7,-1,medium,medium,0.55,high,2,,,,,,friction_model,424747
D,D_00723,pan_carry,semantic_only,1,1,0,0,1,1,0.0,14,7,-1,medium,medium,0.55,high,2,,,,,,friction_model,424747
D,D_00723,pan_carry,posthoc_single,0,0,0,1,1,1,0.035436,14,7,-1,medium,medium,0.55,high,2,,,,,,friction_model,424747
D,D_00723,pan_carry,soft_penalty_fc,1,0,1,1,1,1,0.035436,14,7,-1,medium,medium,0.55,high,2,,,,,,friction_model,424747
D,D_00724,pan_carry,geometric_fc,1,0,1,1,1,1,0.03335939,14,7,-1,medium,medium,0.55,high,2,,,,,,friction_model,424748
D,D_00724,pan_carry,oracle_sfc,1,1,0,0,1,1,0.02420649,14,7,-1,medium,medium,0.55,high,2,,,,,,friction_model,424748
D,D_00724,pan_carry,semantic_only,1,1,0,0,1,1,0.0,14,7,-1,medium,medium,0.55,high,2,,,,,,friction_model,424748
D,D_00724,pan_carry,posthoc_single,0,0,0,1,1,1,0.03335939,14,7,-1,medium,medium,0.55,high,2,,,,,,friction_model,424748
D,D_00724,pan_carry,soft_penalty_fc,1,0,1,1,1,1,0.03335939,14,7,-1,medium,medium,0.55,high,2,,,,,,friction_model,424748
D,D_00725,pan_carry,geometric_fc,1,0,1,1,1,1,0.0335803,14,7,-1,medium,medium,0.55,high,2,,,,,,friction_model,424749
D,D_00725,pan_carry,oracle_sfc,1,1,0,0,1,1,0.01714568,14,7,-1,medium,medium,0.55,high,2,,,,,,friction_model,424749
D,D_00725,pan_carry,semantic_only,1,1,0,0,1,1,0.0,14,7,-1,medium,medium,0.55,high,2,,,,,,friction_model,424749
D,D_00725,pan_carry,posthoc_single,0,0,0,1,1,1,0.0335803,14,7,-1,medium,medium,0.55,high,2,,,,,,friction_model,424749
D,D_00725,pan_carry,soft_penalty_fc,1,0,1,1,1,1,0.0335803,14,7,-1,medium,medium,0.55,high,2,,,,,,friction_model,424749
D,D_00726,pan_carry,geometric_fc,1,0,1,0,1,0,0.0342104,14,7,-1,medium,medium,0.55,high,2,,,,,,friction_model,424750
D,D_00726,pan_carry,oracle_sfc,0,0,0,0,1,0,0.0,14,7,-1,medium,medium,0.55,high,2,,,,,,friction_model,424750
D,D_00726,pan_carry,semantic_only,1,0,1,0,1,0,0.0,14,7,-1,medium,medium,0.55,high,2,,,,,,friction_model,424750
D,D_00726,pan_carry,posthoc_single,0,0,0,0,1,0,0.0342104,14,7,-1,medium,medium,0.55,high,2,,,,,,friction_model,424750
D,D_00726,pan_carry,soft_penalty_fc,1,0,1,0,1,0,0.0342104,14,7,-1,medium,medium,0.55,high,2,,,,,,friction_model,424750
D,D_00727,pan_carry,geometric_fc,1,0,1,1,1,1,0.03293067,14,7,-1,medium,medium,0.55,high,2,,,,,,friction_model,424751
D,D_00727,pan_carry,oracle_sfc,1,1,0,0,1,1,0.01184373,14,7,-1,medium,medium,0.55,high,2,,,,,,friction_model,424751
D,D_00727,pan_carry,semantic_only,1,1,0,0,1,1,0.0,14,7,-1,medium,medium,0.55,high,2,,,,,,friction_model,424751
D,D_00727,pan_carry,posthoc_single,0,0,0,1,1,1,0.03293067,14,7,-1,medium,medium,0.55,high,2,,,,,,friction_model,424751
D,D_00727,pan_carry,soft_penalty_fc,1,0,1,1,1,1,0.03293067,14,7,-1,medium,medium,0.55,high,2,,,,,,friction_model,424751
D,D_00728,pan_carry,geometric_fc,1,0,1,1,1,1,0.03335149,14,7,-1,medium,medium,0.55,high,2,,,,,,friction_model,424752
D,D_00728,pan_carry,oracle_sfc,1,1,0,0,1,1,0.02561542,14,7,-1,medium,medium,0.55,high,2,,,,,,friction_model,424752
D,D_00728,pan_carry,semantic_only,1,1,0,0,1,1,0.0,14,7,-1,medium,medium,0.55,high,2,,,,,,friction_model,424752
D,D_00728,pan_carry,posthoc_single,0,0,0,1,1,1,0.03335149,14,7,-1,medium,medium,0.55,high,2,,,,,,friction_model,424752
D,D_00728,pan_carry,soft_penalty_fc,1,0,1,1,1,1,0.03335149,14,7,-1,medium,medium,0.55,high,2,,,,,,friction_model,424752
D,D_00729,pan_carry,geometric_fc,1,0,1,1,1,1,0.01649229,14,7,-1,medium,medium,0.55,high,4,,,,,,friction_model,424753
D,D_00729,pan_carry,oracle_sfc,1,1,0,0,1,1,0.0031654,14,7,-1,medium,medium,0.55,high,4,,,,,,friction_model,424753
D,D_00729,pan_carry,semantic_only,1,1,0,0,1,1,0.0,14,7,-1,medium,medium,0.55,high,4,,,,,,friction_model,424753
D,D_00729,pan_carry,posthoc_single,0,0,0,1,1,1,0.01649229,14,7,-1,medium,medium,0.55,high,4,,,,,,friction_model,424753
D,D_00729,pan_carry,soft_penalty_fc,1,0,1,1,1,1,0.01649229,14,7,-1,medium,medium,0.55,high,4,,,,,,friction_model,424753
D,D_00730,pan_carry,geometric_fc,1,0,1,1,1,1,0.01712151,14,7,-1,medium,medium,0.55,high,4,,,,,,friction_model,424754
D,D_00730,pan_carry,oracle_sfc,1,1,0,0,1,1,0.00920467,14,7,-1,medium,medium,0.55,high,4,,,,,,friction_model,424754
D,D_00730,pan_carry,semantic_only,1,1,0,0,1,1,0.0,14,7,-1,medium,medium,0.55,high,4,,,,,,friction_model,424754
D,D_00730,pan_carry,posthoc_single,0,0,0,1,1,1,0.01712151,14,7,-1,medium,medium,0.55,high,4,,,,,,friction_model,424754
D,D_00730,pan_carry,soft_penalty_fc,1,0,1,1,1,1,0.01712151,14,7,-1,medium,medium,0.55,high,4,,,,,,friction_model,424754
D,D_00731,pan_carry,geometric_fc,1,0,1,1,1,1,0.0172495,14,7,-1,medium,medium,0.55,high,4,,,,,,friction_model,424755
D,D_00731,pan_carry,oracle_sfc,1,1,0,0,1,1,0.00979038,14,7,-1,medium,medium,0.55,high,4,,,,,,friction_model,424755
D,D_00731,pan_carry,semantic_only,1,1,0,0,1,1,0.0,14,7,-1,medium,medium,0.55,high,4,,,,,,friction_model,424755
D,D_00731,pan_carry,posthoc_single,0,0,0,1,1,1,0.0172495,14,7,-1,medium,medium,0.55,high,4,,,,,,friction_model,424755
D,D_00731,pan_carry,soft_penalty_fc,1,0,1,1,1,1,0.0172495,14,7,-1,medium,medium,0.55,high,4,,,,,,friction_model,424755
D,D_00732,pan_carry,geometric_fc,1,0,1,1,1,1,0.0174251,14,7,-1,medium,medium,0.55,high,4,,,,,,friction_model,424756
D,D_00732,pan_carry,oracle_sfc,1,1,0,0,1,1,0.00326974,14,7,-1,medium,medium,0.55,high,4,,,,,,friction_model,424756
D,D_00732,pan_carry,semantic_only,1,1,0,0,1,1,0.0,14,7,-1,medium,medium,0.55,high,4,,,,,,friction_model,424756
D,D_00732,pan_carry,posthoc_single,0,0,0,1,1,1,0.0174251,14,7,-1,medium,medium,0.55,high,4,,,,,,friction_model,424756
D,D_00732,pan_carry,soft_penalty_fc,1,0,1,1,1,1,0.0174251,14,7,-1,medium,medium,0.55,high,4,,,,,,friction_model,424756
D,D_00733,pan_carry,geometric_fc,1,0,1,1,1,1,0.01674059,14,7,-1,medium,medium,0.55,high,4,,,,,,friction_model,424757
D,D_00733,pan_carry,oracle_sfc,1,1,0,0,1,1,0.00522053,14,7,-1,medium,medium,0.55,high,4,,,,,,friction_model,424757
D,D_00733,pan_carry,semantic_only,1,1,0,0,1,1,0.0,14,7,-1,medium,medium,0.55,high,4,,,,,,friction_model,424757
D,D_00733,pan_carry,posthoc_single,0,0,0,1,1,1,0.01674059,14,7,-1,medium,medium,0.55,high,4,,,,,,friction_model,424757
D,D_00733,pan_carry,soft_penalty_fc,1,0,1,1,1,1,0.01674059,14,7,-1,medium,medium,0.55,high,4,,,,,,friction_model,424757
D,D_00734,pan_carry,geometric_fc,1,0,1,1,1,1,0.01681214,14,7,-1,medium,medium,0.55,high,4,,,,,,friction_model,424758
D,D_00734,pan_carry,oracle_sfc,1,1,0,0,1,1,0.00637879,14,7,-1,medium,medium,0.55,high,4,,,,,,friction_model,424758
D,D_00734,pan_carry,semantic_only,1,1,0,0,1,1,0.0,14,7,-1,medium,medium,0.55,high,4,,,,,,friction_model,424758
D,D_00734,pan_carry,posthoc_single,0,0,0,1,1,1,0.01681214,14,7,-1,medium,medium,0.55,high,4,,,,,,friction_model,424758
D,D_00734,pan_carry,soft_penalty_fc,1,0,1,1,1,1,0.01681214,14,7,-1,medium,medium,0.55,high,4,,,,,,friction_model,424758
D,D_00735,pan_carry,geometric_fc,1,0,1,1,1,1,0.016397,14,7,-1,medium,medium,0.55,high,4,,,,,,friction_model,424759
D,D_00735,pan_carry,oracle_sfc,1,1,0,0,1,1,0.00653215,14,7,-1,medium,medium,0.55,high,4,,,,,,friction_model,424759
D,D_00735,pan_carry,semantic_only,1,1,0,0,1,1,0.0,14,7,-1,medium,medium,0.55,high,4,,,,,,friction_model,424759
D,D_00735,pan_carry,posthoc_single,0,0,0,1,1,1,0.016397,14,7,-1,medium,medium,0.55,high,4,,,,,,friction_model,424759
D,D_00735,pan_carry,soft_penalty_fc,1,0,1,1,1,1,0.016397,14,7,-1,medium,medium,0.55,high,4,,,,,,friction_model,424759
D,D_00736,pan_carry,geometric_fc,1,0,1,0,1,0,0.01675444,14,7,-1,medium,medium,0.55,high,4,,,,,,friction_model,424760
D,D_00736,pan_carry,oracle_sfc,0,0,0,0,1,0,0.0,14,7,-1,medium,medium,0.55,high,4,,,,,,friction_model,424760
D,D_00736,pan_carry,semantic_only,1,0,1,0,1,0,0.0,14,7,-1,medium,medium,0.55,high,4,,,,,,friction_model,424760
D,D_00736,pan_carry,posthoc_single,0,0,0,0,1,0,0.01675444,14,7,-1,medium,medium,0.55,high,4,,,,,,friction_model,424760
D,D_00736,pan_carry,soft_penalty_fc,1,0,1,0,1,0,0.01675444,14,7,-1,medium,medium,0.55,high,4,,,,,,friction_model,424760
D,D_00737,pan_carry,geometric_fc,1,0,1,1,1,1,0.00834086,14,7,-1,medium,medium,0.55,high,8,,,,,,friction_model,424761
D,D_00737,pan_carry,oracle_sfc,1,1,0,0,1,1,0.00252303,14,7,-1,medium,medium,0.55,high,8,,,,,,friction_model,424761
D,D_00737,pan_carry,semantic_only,1,1,0,0,1,1,0.0,14,7,-1,medium,medium,0.55,high,8,,,,,,friction_model,424761
D,D_00737,pan_carry,posthoc_single,0,0,0,1,1,1,0.00834086,14,7,-1,medium,medium,0.55,high,8,,,,,,friction_model,424761
D,D_00737,pan_carry,soft_penalty_fc,0,0,0,1,1,1,0.00834086,14,7,-1,medium,medium,0.55,high,8,,,,,,friction_model,424761
D,D_00738,pan_carry,geometric_fc,1,0,1,1,1,1,0.00832001,14,7,-1,medium,medium,0.55,high,8,,,,,,friction_model,424762
D,D_00738,pan_carry,oracle_sfc,1,1,0,0,1,1,0.00444705,14,7,-1,medium,medium,0.55,high,8,,,,,,friction_model,424762
D,D_00738,pan_carry,semantic_only,1,1,0,0,1,1,0.0,14,7,-1,medium,medium,0.55,high,8,,,,,,friction_model,424762
D,D_00738,pan_carry,posthoc_single,0,0,0,1,1,1,0.00832001,14,7,-1,medium,medium,0.55,high,8,,,,,,friction_model,424762
D,D_00738,pan_carry,soft_penalty_fc,0,0,0,1,1,1,0.00832001,14,7,-1,medium,medium,0.55,high,8,,,,,,friction_model,424762
D,D_00739,pan_carry,geometric_fc,1,0,1,1,1,1,0.0084227,14,7,-1,medium,medium,0.55,high,8,,,,,,friction_model,424763
D,D_00739,pan_carry,oracle_sfc,1,1,0,0,1,1,0.0037479,14,7,-1,medium,medium,0.55,high,8,,,,,,friction_model,424763
D,D_00739,pan_carry,semantic_only,1,1,0,0,1,1,0.0,14,7,-1,medium,medium,0.55,high,8,,,,,,friction_model,424763
D,D_00739,pan_carry,posthoc_single,0,0,0,1,1,1,0.0084227,14,7,-1,medium,medium,0.55,high,8,,,,,,friction_model,424763
D,D_00739,pan_carry,soft_penalty_fc,0,0,0,1,1,1,0.0084227,14,7,-1,medium,medium,0.55,high,8,,,,,,friction_model,424763
D,D_00740,pan_carry,geometric_fc,1,0,1,1,1,1,0.00846612,14,7,-1,medium,medium,0.55,high,8,,,,,,friction_model,424764
D,D_00740,pan_carry,oracle_sfc,1,1,0,0,1,1,0.0034822,14,7,-1,medium,medium,0.55,high,8,,,,,,friction_model,424764
D,D_00740,pan_carry,semantic_only,1,1,0,0,1,1,0.0,14,7,-1,medium,medium,0.55,high,8,,,,,,friction_model,424764
D,D_00740,pan_carry,posthoc_single,0,0,0,1,1,1,0.00846612,14,7,-1,medium,medium,0.55,high,8,,,,,,friction_model,424764
D,D_00740,pan_carry,soft_penalty_fc,0,0,0,1,1,1,0.00846612,14,7,-1,medium,medium,0.55,high,8,,,,,,friction_model,424764
D,D_00741,pan_carry,geometric_fc,1,0,1,1,1,1,0.00840569,14,7,-1,medium,medium,0.55,high,8,,,,,,friction_model,424765
D,D_00741,pan_carry,oracle_sfc,1,1,0,0,1,1,0.00139971,14,7,-1,medium,medium,0.55,high,8,,,,,,friction_model,424765
D,D_00741,pan_carry,semantic_only,1,1,0,0,1,1,0.0,14,7,-1,medium,medium,0.55,high,8,,,,,,friction_model,424765
D,D_00741,pan_carry,posthoc_single,0,0,0,1,1,1,0.00840569,14,7,-1,medium,medium,0.55,high,8,,,,,,friction_model,424765
D,D_00741,pan_carry,soft_penalty_fc,0,0,0,1,1,1,0.00840569,14,7,-1,medium,medium,0.55,high,8,,,,,,friction_model,424765
D,D_00742,pan_carry,geometric_fc,1,0,1,0,1,0,0.00861713,14,7,-1,medium,medium,0.55,high,8,,,,,,friction_model,424766
D,D_00742,pan_carry,oracle_sfc,0,0,0,0,1,0,0.0,14,7,-1,medium,medium,0.55,high,8,,,,,,friction_model,424766
D,D_00742,pan_carry,semantic_only,1,0,1,0,1,0,0.0,14,7,-1,medium,medium,0.55,high,8,,,,,,friction_model,424766
D,D_00742,pan_carry,posthoc_single,0,0,0,0,1,0,0.00861713,14,7,-1,medium,medium,0.55,high,8,,,,,,friction_model,424766
D,D_00742,pan_carry,soft_penalty_fc,0,0,0,0,1,0,0.00861713,14,7,-1,medium,medium,0.55,high,8,,,,,,friction_model,424766
D,D_00743,pan_carry,geometric_fc,1,0,1,1,1,1,0.00868329,14,7,-1,medium,medium,0.55,high,8,,,,,,friction_model,424767
D,D_00743,pan_carry,oracle_sfc,1,1,0,0,1,1,0.00310864,14,7,-1,medium,medium,0.55,high,8,,,,,,friction_model,424767
D,D_00743,pan_carry,semantic_only,1,1,0,0,1,1,0.0,14,7,-1,medium,medium,0.55,high,8,,,,,,friction_model,424767
D,D_00743,pan_carry,posthoc_single,0,0,0,1,1,1,0.00868329,14,7,-1,medium,medium,0.55,high,8,,,,,,friction_model,424767
D,D_00743,pan_carry,soft_penalty_fc,0,0,0,1,1,1,0.00868329,14,7,-1,medium,medium,0.55,high,8,,,,,,friction_model,424767
D,D_00744,pan_carry,geometric_fc,1,0,1,1,1,1,0.00825219,14,7,-1,medium,medium,0.55,high,8,,,,,,friction_model,424768
D,D_00744,pan_carry,oracle_sfc,1,1,0,0,1,1,0.00243958,14,7,-1,medium,medium,0.55,high,8,,,,,,friction_model,424768
D,D_00744,pan_carry,semantic_only,1,1,0,0,1,1,0.0,14,7,-1,medium,medium,0.55,high,8,,,,,,friction_model,424768
D,D_00744,pan_carry,posthoc_single,0,0,0,1,1,1,0.00825219,14,7,-1,medium,medium,0.55,high,8,,,,,,friction_model,424768
D,D_00744,pan_carry,soft_penalty_fc,0,0,0,1,1,1,0.00825219,14,7,-1,medium,medium,0.55,high,8,,,,,,friction_model,424768
D,D_00745,pan_carry,geometric_fc,1,0,1,0,1,0,0.03350396,14,7,-1,medium,medium,0.55,mixed,2,,,,,,friction_model,424769
D,D_00745,pan_carry,oracle_sfc,0,0,0,0,1,0,0.0,14,7,-1,medium,medium,0.55,mixed,2,,,,,,friction_model,424769
D,D_00745,pan_carry,semantic_only,1,0,1,0,1,0,0.0,14,7,-1,medium,medium,0.55,mixed,2,,,,,,friction_model,424769
D,D_00745,pan_carry,posthoc_single,0,0,0,0,1,0,0.03350396,14,7,-1,medium,medium,0.55,mixed,2,,,,,,friction_model,424769
D,D_00745,pan_carry,soft_penalty_fc,1,0,1,0,1,0,0.03350396,14,7,-1,medium,medium,0.55,mixed,2,,,,,,friction_model,424769
D,D_00746,pan_carry,geometric_fc,1,0,1,0,1,0,0.03449063,14,7,-1,medium,medium,0.55,mixed,2,,,,,,friction_model,424770
D,D_00746,pan_carry,oracle_sfc,0,0,0,0,1,0,0.0,14,7,-1,medium,medium,0.55,mixed,2,,,,,,friction_model,424770
D,D_00746,pan_carry,semantic_only,1,0,1,0,1,0,0.0,14,7,-1,medium,medium,0.55,mixed,2,,,,,,friction_model,424770
D,D_00746,pan_carry,posthoc_single,0,0,0,0,1,0,0.03449063,14,7,-1,medium,medium,0.55,mixed,2,,,,,,friction_model,424770
D,D_00746,pan_carry,soft_penalty_fc,1,0,1,0,1,0,0.03449063,14,7,-1,medium,medium,0.55,mixed,2,,,,,,friction_model,424770
D,D_00747,pan_carry,geometric_fc,1,0,1,0,1,0,0.03288976,14,7,-1,medium,medium,0.55,mixed,2,,,,,,friction_model,424771
D,D_00747,pan_carry,oracle_sfc,0,0,0,0,1,0,0.0,14,7,-1,medium,medium,0.55,mixed,2,,,,,,friction_model,424771
D,D_00747,pan_carry,semantic_only,1,0,1,0,1,0,0.0,14,7,-1,medium,medium,0.55,mixed,2,,,,,,friction_model,424771
D,D_00747,pan_carry,posthoc_single,0,0,0,0,1,0,0.03288976,14,7,-1,medium,medium,0.55,mixed,2,,,,,,friction_model,424771
D,D_00747,pan_carry,soft_penalty_fc,1,0,1,0,1,0,0.03288976,14,7,-1,medium,medium,0.55,mixed,2,,,,,,friction_model,424771
D,D_00748,pan_carry,geometric_fc,1,0,1,0,1,0,0.03285027,14,7,-1,medium,medium,0.55,mixed,2,,,,,,friction_model,424772
D,D_00748,pan_carry,oracle_sfc,0,0,0,0,1,0,0.0,14,7,-1,medium,medium,0.55,mixed,2,,,,,,friction_model,424772
D,D_00748,pan_carry,semantic_only,1,0,1,0,1,0,0.0,14,7,-1,medium,medium,0.55,mixed,2,,,,,,friction_model,424772
D,D_00748,pan_carry,posthoc_single,0,0,0,0,1,0,0.03285027,14,7,-1,medium,medium,0.55,mixed,2,,,,,,friction_model,424772
D,D_00748,pan_carry,soft_penalty_fc,1,0,1,0,1,0,0.03285027,14,7,-1,medium,medium,0.55,mixed,2,,,,,,friction_model,424772
D,D_00749,pan_carry,geometric_fc,1,0,1,0,1,0,0.03477325,14,7,-1,medium,medium,0.55,mixed,2,,,,,,friction_model,424773
D,D_00749,pan_carry,oracle_sfc,0,0,0,0,1,0,0.0,14,7,-1,medium,medium,0.55,mixed,2,,,,,,friction_model,424773
D,D_00749,pan_carry,semantic_only,1,0,1,0,1,0,0.0,14,7,-1,medium,medium,0.55,mixed,2,,,,,,friction_model,424773
D,D_00749,pan_carry,posthoc_single,0,0,0,0,1,0,0.03477325,14,7,-1,medium,medium,0.55,mixed,2,,,,,,friction_model,424773
D,D_00749,pan_carry,soft_penalty_fc,1,0,1,0,1,0,0.03477325,14,7,-1,medium,medium,0.55,mixed,2,,,,,,friction_model,424773
D,D_00750,pan_carry,geometric_fc,1,0,1,0,1,0,0.03288441,14,7,-1,medium,medium,0.55,mixed,2,,,,,,friction_model,424774
D,D_00750,pan_carry,oracle_sfc,0,0,0,0,1,0,0.0,14,7,-1,medium,medium,0.55,mixed,2,,,,,,friction_model,424774
D,D_00750,pan_carry,semantic_only,1,0,1,0,1,0,0.0,14,7,-1,medium,medium,0.55,mixed,2,,,,,,friction_model,424774
D,D_00750,pan_carry,posthoc_single,0,0,0,0,1,0,0.03288441,14,7,-1,medium,medium,0.55,mixed,2,,,,,,friction_model,424774
D,D_00750,pan_carry,soft_penalty_fc,1,0,1,0,1,0,0.03288441,14,7,-1,medium,medium,0.55,mixed,2,,,,,,friction_model,424774
D,D_00751,pan_carry,geometric_fc,1,0,1,0,1,0,0.03416768,14,7,-1,medium,medium,0.55,mixed,2,,,,,,friction_model,424775
D,D_00751,pan_carry,oracle_sfc,0,0,0,0,1,0,0.0,14,7,-1,medium,medium,0.55,mixed,2,,,,,,friction_model,424775
D,D_00751,pan_carry,semantic_only,1,0,1,0,1,0,0.0,14,7,-1,medium,medium,0.55,mixed,2,,,,,,friction_model,424775
D,D_00751,pan_carry,posthoc_single,0,0,0,0,1,0,0.03416768,14,7,-1,medium,medium,0.55,mixed,2,,,,,,friction_model,424775
D,D_00751,pan_carry,soft_penalty_fc,1,0,1,0,1,0,0.03416768,14,7,-1,medium,medium,0.55,mixed,2,,,,,,friction_model,424775
D,D_00752,pan_carry,geometric_fc,1,0,1,0,1,0,0.03477522,14,7,-1,medium,medium,0.55,mixed,2,,,,,,friction_model,424776
D,D_00752,pan_carry,oracle_sfc,0,0,0,0,1,0,0.0,14,7,-1,medium,medium,0.55,mixed,2,,,,,,friction_model,424776
D,D_00752,pan_carry,semantic_only,1,0,1,0,1,0,0.0,14,7,-1,medium,medium,0.55,mixed,2,,,,,,friction_model,424776
D,D_00752,pan_carry,posthoc_single,0,0,0,0,1,0,0.03477522,14,7,-1,medium,medium,0.55,mixed,2,,,,,,friction_model,424776
D,D_00752,pan_carry,soft_penalty_fc,1,0,1,0,1,0,0.03477522,14,7,-1,medium,medium,0.55,mixed,2,,,,,,friction_model,424776
D,D_00753,pan_carry,geometric_fc,1,0,1,0,1,0,0.01630385,14,7,-1,medium,medium,0.55,mixed,4,,,,,,friction_model,424777
D,D_00753,pan_carry,oracle_sfc,0,0,0,0,1,0,0.0,14,7,-1,medium,medium,0.55,mixed,4,,,,,,friction_model,424777
D,D_00753,pan_carry,semantic_only,1,0,1,0,1,0,0.0,14,7,-1,medium,medium,0.55,mixed,4,,,,,,friction_model,424777
D,D_00753,pan_carry,posthoc_single,0,0,0,0,1,0,0.01630385,14,7,-1,medium,medium,0.55,mixed,4,,,,,,friction_model,424777
D,D_00753,pan_carry,soft_penalty_fc,1,0,1,0,1,0,0.01630385,14,7,-1,medium,medium,0.55,mixed,4,,,,,,friction_model,424777
D,D_00754,pan_carry,geometric_fc,1,0,1,1,1,1,0.01673774,14,7,-1,medium,medium,0.55,mixed,4,,,,,,friction_model,424778
D,D_00754,pan_carry,oracle_sfc,1,1,0,0,1,1,0.00342499,14,7,-1,medium,medium,0.55,mixed,4,,,,,,friction_model,424778
D,D_00754,pan_carry,semantic_only,1,1,0,0,1,1,0.0,14,7,-1,medium,medium,0.55,mixed,4,,,,,,friction_model,424778
D,D_00754,pan_carry,posthoc_single,0,0,0,1,1,1,0.01673774,14,7,-1,medium,medium,0.55,mixed,4,,,,,,friction_model,424778
D,D_00754,pan_carry,soft_penalty_fc,1,0,1,1,1,1,0.01673774,14,7,-1,medium,medium,0.55,mixed,4,,,,,,friction_model,424778
D,D_00755,pan_carry,geometric_fc,1,0,1,1,1,1,0.01720802,14,7,-1,medium,medium,0.55,mixed,4,,,,,,friction_model,424779
D,D_00755,pan_carry,oracle_sfc,1,1,0,0,1,1,0.00675504,14,7,-1,medium,medium,0.55,mixed,4,,,,,,friction_model,424779
D,D_00755,pan_carry,semantic_only,1,1,0,0,1,1,0.0,14,7,-1,medium,medium,0.55,mixed,4,,,,,,friction_model,424779
D,D_00755,pan_carry,posthoc_single,0,0,0,1,1,1,0.01720802,14,7,-1,medium,medium,0.55,mixed,4,,,,,,friction_model,424779
D,D_00755,pan_carry,soft_penalty_fc,1,0,1,1,1,1,0.01720802,14,7,-1,medium,medium,0.55,mixed,4,,,,,,friction_model,424779
D,D_00756,pan_carry,geometric_fc,1,0,1,1,1,1,0.01644128,14,7,-1,medium,medium,0.55,mixed,4,,,,,,friction_model,424780
D,D_00756,pan_carry,oracle_sfc,1,1,0,0,1,1,0.0091576,14,7,-1,medium,medium,0.55,mixed,4,,,,,,friction_model,424780
D,D_00756,pan_carry,semantic_only,1,1,0,0,1,1,0.0,14,7,-1,medium,medium,0.55,mixed,4,,,,,,friction_model,424780
D,D_00756,pan_carry,posthoc_single,0,0,0,1,1,1,0.01644128,14,7,-1,medium,medium,0.55,mixed,4,,,,,,friction_model,424780
D,D_00756,pan_carry,soft_penalty_fc,1,0,1,1,1,1,0.01644128,14,7,-1,medium,medium,0.55,mixed,4,,,,,,friction_model,424780
D,D_00757,pan_carry,geometric_fc,1,0,1,1,1,1,0.01648657,14,7,-1,medium,medium,0.55,mixed,4,,,,,,friction_model,424781
D,D_00757,pan_carry,oracle_sfc,1,1,0,0,1,1,0.00801435,14,7,-1,medium,medium,0.55,mixed,4,,,,,,friction_model,424781
D,D_00757,pan_carry,semantic_only,1,1,0,0,1,1,0.0,14,7,-1,medium,medium,0.55,mixed,4,,,,,,friction_model,424781
D,D_00757,pan_carry,posthoc_single,0,0,0,1,1,1,0.01648657,14,7,-1,medium,medium,0.55,mixed,4,,,,,,friction_model,424781
D,D_00757,pan_carry,soft_penalty_fc,1,0,1,1,1,1,0.01648657,14,7,-1,medium,medium,0.55,mixed,4,,,,,,friction_model,424781
D,D_00758,pan_carry,geometric_fc,1,0,1,1,1,1,0.01677797,14,7,-1,medium,medium,0.55,mixed,4,,,,,,friction_model,424782
D,D_00758,pan_carry,oracle_sfc,1,1,0,0,1,1,0.00430054,14,7,-1,medium,medium,0.55,mixed,4,,,,,,friction_model,424782
D,D_00758,pan_carry,semantic_only,1,1,0,0,1,1,0.0,14,7,-1,medium,medium,0.55,mixed,4,,,,,,friction_model,424782
D,D_00758,pan_carry,posthoc_single,0,0,0,1,1,1,0.01677797,14,7,-1,medium,medium,0.55,mixed,4,,,,,,friction_model,424782
D,D_00758,pan_carry,soft_penalty_fc,1,0,1,1,1,1,0.01677797,14,7,-1,medium,medium,0.55,mixed,4,,,,,,friction_model,424782
D,D_00759,pan_carry,geometric_fc,1,0,1,1,1,1,0.01685759,14,7,-1,medium,medium,0.55,mixed,4,,,,,,friction_model,424783
D,D_00759,pan_carry,oracle_sfc,1,1,0,0,1,1,0.00550507,14,7,-1,medium,medium,0.55,mixed,4,,,,,,friction_model,424783
D,D_00759,pan_carry,semantic_only,1,1,0,0,1,1,0.0,14,7,-1,medium,medium,0.55,mixed,4,,,,,,friction_model,424783
D,D_00759,pan_carry,posthoc_single,0,0,0,1,1,1,0.01685759,14,7,-1,medium,medium,0.55,mixed,4,,,,,,friction_model,424783
D,D_00759,pan_carry,soft_penalty_fc,1,0,1,1,1,1,0.01685759,14,7,-1,medium,medium,0.55,mixed,4,,,,,,friction_model,424783
D,D_00760,pan_carry,geometric_fc,1,0,1,0,1,0,0.01579724,14,7,-1,medium,medium,0.55,mixed,4,,,,,,friction_model,424784
D,D_00760,pan_carry,oracle_sfc,0,0,0,0,1,0,0.0,14,7,-1,medium,medium,0.55,mixed,4,,,,,,friction_model,424784
D,D_00760,pan_carry,semantic_only,1,0,1,0,1,0,0.0,14,7,-1,medium,medium,0.55,mixed,4,,,,,,friction_model,424784
D,D_00760,pan_carry,posthoc_single,0,0,0,0,1,0,0.01579724,14,7,-1,medium,medium,0.55,mixed,4,,,,,,friction_model,424784
D,D_00760,pan_carry,soft_penalty_fc,1,0,1,0,1,0,0.01579724,14,7,-1,medium,medium,0.55,mixed,4,,,,,,friction_model,424784
D,D_00761,pan_carry,geometric_fc,1,0,1,1,1,1,0.0085251,14,7,-1,medium,medium,0.55,mixed,8,,,,,,friction_model,424785
D,D_00761,pan_carry,oracle_sfc,1,1,0,0,1,1,0.00108507,14,7,-1,medium,medium,0.55,mixed,8,,,,,,friction_model,424785
D,D_00761,pan_carry,semantic_only,1,1,0,0,1,1,0.0,14,7,-1,medium,medium,0.55,mixed,8,,,,,,friction_model,424785
D,D_00761,pan_carry,posthoc_single,0,0,0,1,1,1,0.0085251,14,7,-1,medium,medium,0.55,mixed,8,,,,,,friction_model,424785
D,D_00761,pan_carry,soft_penalty_fc,0,0,0,1,1,1,0.0085251,14,7,-1,medium,medium,0.55,mixed,8,,,,,,friction_model,424785
D,D_00762,pan_carry,geometric_fc,1,0,1,1,1,1,0.00852116,14,7,-1,medium,medium,0.55,mixed,8,,,,,,friction_model,424786
D,D_00762,pan_carry,oracle_sfc,1,1,0,0,1,1,0.00413643,14,7,-1,medium,medium,0.55,mixed,8,,,,,,friction_model,424786
D,D_00762,pan_carry,semantic_only,1,1,0,0,1,1,0.0,14,7,-1,medium,medium,0.55,mixed,8,,,,,,friction_model,424786
D,D_00762,pan_carry,posthoc_single,0,0,0,1,1,1,0.00852116,14,7,-1,medium,medium,0.55,mixed,8,,,,,,friction_model,424786
D,D_00762,pan_carry,soft_penalty_fc,0,0,0,1,1,1,0.00852116,14,7,-1,medium,medium,0.55,mixed,8,,,,,,friction_model,424786
D,D_00763,pan_carry,geometric_fc,1,0,1,1,1,1,0.00817297,14,7,-1,medium,medium,0.55,mixed,8,,,,,,friction_model,424787
D,D_00763,pan_carry,oracle_sfc,1,1,0,0,1,1,0.00240968,14,7,-1,medium,medium,0.55,mixed,8,,,,,,friction_model,424787
D,D_00763,pan_carry,semantic_only,1,1,0,0,1,1,0.0,14,7,-1,medium,medium,0.55,mixed,8,,,,,,friction_model,424787
D,D_00763,pan_carry,posthoc_single,0,0,0,1,1,1,0.00817297,14,7,-1,medium,medium,0.55,mixed,8,,,,,,friction_model,424787
D,D_00763,pan_carry,soft_penalty_fc,0,0,0,1,1,1,0.00817297,14,7,-1,medium,medium,0.55,mixed,8,,,,,,friction_model,424787
D,D_00764,pan_carry,geometric_fc,1,0,1,1,1,1,0.00822809,14,7,-1,medium,medium,0.55,mixed,8,,,,,,friction_model,424788
D,D_00764,pan_carry,oracle_sfc,1,1,0,0,1,1,0.00198342,14,7,-1,medium,medium,0.55,mixed,8,,,,,,friction_model,424788
D,D_00764,pan_carry,semantic_only,1,1,0,0,1,1,0.0,14,7,-1,medium,medium,0.55,mixed,8,,,,,,friction_model,424788
D,D_00764,pan_carry,posthoc_single,0,0,0,1,1,1,0.00822809,14,7,-1,medium,medium,0.55,mixed,8,,,,,,friction_model,424788
D,D_00764,pan_carry,soft_penalty_fc,0,0,0,1,1,1,0.00822809,14,7,-1,medium,medium,0.55,mixed,8,,,,,,friction_model,424788
D,D_00765,pan_carry,geometric_fc,1,0,1,0,1,0,0.00832902,14,7,-1,medium,medium,0.55,mixed,8,,,,,,friction_model,424789
D,D_00765,pan_carry,oracle_sfc,0,0,0,0,1,0,0.0,14,7,-1,medium,medium,0.55,mixed,8,,,,,,friction_model,424789
D,D_00765,pan_carry,semantic_only,1,0,1,0,1,0,0.0,14,7,-1,medium,medium,0.55,mixed,8,,,,,,friction_model,424789
D,D_00765,pan_carry,posthoc_single,0,0,0,0,1,0,0.00832902,14,7,-1,medium,medium,0.55,mixed,8,,,,,,friction_model,424789
D,D_00765,pan_carry,soft_penalty_fc,0,0,0,0,1,0,0.00832902,14,7,-1,medium,medium,0.55,mixed,8,,,,,,friction_model,424789
D,D_00766,pan_carry,geometric_fc,1,0,1,1,1,1,0.00832277,14,7,-1,medium,medium,0.55,mixed,8,,,,,,friction_model,424790
D,D_00766,pan_carry,oracle_sfc,1,1,0,0,1,1,0.00081929,14,7,-1,medium,medium,0.55,mixed,8,,,,,,friction_model,424790
D,D_00766,pan_carry,semantic_only,1,1,0,0,1,1,0.0,14,7,-1,medium,medium,0.55,mixed,8,,,,,,friction_model,424790
D,D_00766,pan_carry,posthoc_single,0,0,0,1,1,1,0.00832277,14,7,-1,medium,medium,0.55,mixed,8,,,,,,friction_model,424790
D,D_00766,pan_carry,soft_penalty_fc,0,0,0,1,1,1,0.00832277,14,7,-1,medium,medium,0.55,mixed,8,,,,,,friction_model,424790
D,D_00767,pan_carry,geometric_fc,1,0,1,0,1,0,0.00815234,14,7,-1,medium,medium,0.55,mixed,8,,,,,,friction_model,424791
D,D_00767,pan_carry,oracle_sfc,0,0,0,0,1,0,0.0,14,7,-1,medium,medium,0.55,mixed,8,,,,,,friction_model,424791
D,D_00767,pan_carry,semantic_only,1,0,1,0,1,0,0.0,14,7,-1,medium,medium,0.55,mixed,8,,,,,,friction_model,424791
D,D_00767,pan_carry,posthoc_single,0,0,0,0,1,0,0.00815234,14,7,-1,medium,medium,0.55,mixed,8,,,,,,friction_model,424791
D,D_00767,pan_carry,soft_penalty_fc,0,0,0,0,1,0,0.00815234,14,7,-1,medium,medium,0.55,mixed,8,,,,,,friction_model,424791
D,D_00768,pan_carry,geometric_fc,1,0,1,0,1,0,0.00793262,14,7,-1,medium,medium,0.55,mixed,8,,,,,,friction_model,424792
D,D_00768,pan_carry,oracle_sfc,0,0,0,0,1,0,0.0,14,7,-1,medium,medium,0.55,mixed,8,,,,,,friction_model,424792
D,D_00768,pan_carry,semantic_only,1,0,1,0,1,0,0.0,14,7,-1,medium,medium,0.55,mixed,8,,,,,,friction_model,424792
D,D_00768,pan_carry,posthoc_single,0,0,0,0,1,0,0.00793262,14,7,-1,medium,medium,0.55,mixed,8,,,,,,friction_model,424792
D,D_00768,pan_carry,soft_penalty_fc,0,0,0,0,1,0,0.00793262,14,7,-1,medium,medium,0.55,mixed,8,,,,,,friction_model,424792
