family,case_id,task,method,accepted,true_legal_certificate,unsafe_false_certificate,missed_true_sfc,geometric_feasible,oracle_sfc_feasible,quality,num_contacts,num_true_allowed,num_observed_allowed,density,allowed_sparsity,trap_strength,friction_band,facets,role_error_rate,confidence_mode,risk_threshold,topk_budget,control,condition,seed
G,G_00001,knife_pass,geometric_fc,1,0,1,0,1,0,0.04368932,9,3,-1,medium,high,0.75,medium,2,,,,,,counterexample_audit,724025
G,G_00001,knife_pass,oracle_sfc,0,0,0,0,1,0,0.0,9,3,-1,medium,high,0.75,medium,2,,,,,,counterexample_audit,724025
G,G_00001,knife_pass,semantic_only,1,0,1,0,1,0,0.0,9,3,-1,medium,high,0.75,medium,2,,,,,,counterexample_audit,724025
G,G_00001,knife_pass,posthoc_single,0,0,0,0,1,0,0.04368932,9,3,-1,medium,high,0.75,medium,2,,,,,,counterexample_audit,724025
G,G_00001,knife_pass,soft_penalty_fc,1,0,1,0,1,0,0.04368932,9,3,-1,medium,high,0.75,medium,2,,,,,,counterexample_audit,724025
G,G_00001,knife_pass,observed_sfc,1,0,1,0,1,0,0.07926614,9,3,4,medium,high,0.75,medium,2,0.2,overconfident,0.7,,,counterexample_audit,724025
G,G_00001,knife_pass,risk_aware_sfc,1,0,1,0,1,0,0.07926614,9,3,4,medium,high,0.75,medium,2,0.2,overconfident,0.7,,,counterexample_audit,724025
G,G_00001,knife_pass,abstaining_sfc,1,0,1,0,1,0,0.07926614,9,3,4,medium,high,0.75,medium,2,0.2,overconfident,0.7,,,counterexample_audit,724025
G,G_00002,knife_pass,geometric_fc,1,0,1,0,1,0,0.04515816,9,3,-1,medium,high,0.75,medium,2,,,,,,counterexample_audit,724026
G,G_00002,knife_pass,oracle_sfc,0,0,0,0,1,0,0.0,9,3,-1,medium,high,0.75,medium,2,,,,,,counterexample_audit,724026
G,G_00002,knife_pass,semantic_only,1,0,1,0,1,0,0.0,9,3,-1,medium,high,0.75,medium,2,,,,,,counterexample_audit,724026
G,G_00002,knife_pass,posthoc_single,0,0,0,0,1,0,0.04515816,9,3,-1,medium,high,0.75,medium,2,,,,,,counterexample_audit,724026
G,G_00002,knife_pass,soft_penalty_fc,1,0,1,0,1,0,0.04515816,9,3,-1,medium,high,0.75,medium,2,,,,,,counterexample_audit,724026
G,G_00002,knife_pass,observed_sfc,1,0,1,0,1,0,0.05304871,9,3,4,medium,high,0.75,medium,2,0.2,overconfident,0.7,,,counterexample_audit,724026
G,G_00002,knife_pass,risk_aware_sfc,1,0,1,0,1,0,0.05304871,9,3,4,medium,high,0.75,medium,2,0.2,overconfident,0.7,,,counterexample_audit,724026
G,G_00002,knife_pass,abstaining_sfc,1,0,1,0,1,0,0.05304871,9,3,4,medium,high,0.75,medium,2,0.2,overconfident,0.7,,,counterexample_audit,724026
G,G_00003,knife_pass,geometric_fc,1,0,1,0,1,0,0.04625048,9,3,-1,medium,high,0.75,medium,2,,,,,,counterexample_audit,724027
G,G_00003,knife_pass,oracle_sfc,0,0,0,0,1,0,0.0,9,3,-1,medium,high,0.75,medium,2,,,,,,counterexample_audit,724027
G,G_00003,knife_pass,semantic_only,1,0,1,0,1,0,0.0,9,3,-1,medium,high,0.75,medium,2,,,,,,counterexample_audit,724027
G,G_00003,knife_pass,posthoc_single,0,0,0,0,1,0,0.04625048,9,3,-1,medium,high,0.75,medium,2,,,,,,counterexample_audit,724027
G,G_00003,knife_pass,soft_penalty_fc,1,0,1,0,1,0,0.04625048,9,3,-1,medium,high,0.75,medium,2,,,,,,counterexample_audit,724027
G,G_00003,knife_pass,observed_sfc,1,0,1,0,1,0,0.05022478,9,3,4,medium,high,0.75,medium,2,0.2,overconfident,0.7,,,counterexample_audit,724027
G,G_00003,knife_pass,risk_aware_sfc,1,0,1,0,1,0,0.05022478,9,3,4,medium,high,0.75,medium,2,0.2,overconfident,0.7,,,counterexample_audit,724027
G,G_00003,knife_pass,abstaining_sfc,1,0,1,0,1,0,0.05022478,9,3,4,medium,high,0.75,medium,2,0.2,overconfident,0.7,,,counterexample_audit,724027
G,G_00004,knife_pass,geometric_fc,1,0,1,0,1,0,0.04679151,9,3,-1,medium,high,0.75,medium,2,,,,,,counterexample_audit,724028
G,G_00004,knife_pass,oracle_sfc,0,0,0,0,1,0,0.0,9,3,-1,medium,high,0.75,medium,2,,,,,,counterexample_audit,724028
G,G_00004,knife_pass,semantic_only,1,0,1,0,1,0,0.0,9,3,-1,medium,high,0.75,medium,2,,,,,,counterexample_audit,724028
G,G_00004,knife_pass,posthoc_single,0,0,0,0,1,0,0.04679151,9,3,-1,medium,high,0.75,medium,2,,,,,,counterexample_audit,724028
G,G_00004,knife_pass,soft_penalty_fc,1,0,1,0,1,0,0.04679151,9,3,-1,medium,high,0.75,medium,2,,,,,,counterexample_audit,724028
G,G_00004,knife_pass,observed_sfc,0,0,0,0,1,0,0.0,9,3,3,medium,high,0.75,medium,2,0.2,overconfident,0.7,,,counterexample_audit,724028
G,G_00004,knife_pass,risk_aware_sfc,0,0,0,0,1,0,0.0,9,3,3,medium,high,0.75,medium,2,0.2,overconfident,0.7,,,counterexample_audit,724028
G,G_00004,knife_pass,abstaining_sfc,0,0,0,0,1,0,0.0,9,3,3,medium,high,0.75,medium,2,0.2,overconfident,0.7,,,counterexample_audit,724028
G,G_00005,knife_pass,geometric_fc,1,0,1,0,1,0,0.04691873,9,3,-1,medium,high,0.75,medium,2,,,,,,counterexample_audit,724029
G,G_00005,knife_pass,oracle_sfc,0,0,0,0,1,0,0.0,9,3,-1,medium,high,0.75,medium,2,,,,,,counterexample_audit,724029
G,G_00005,knife_pass,semantic_only,1,0,1,0,1,0,0.0,9,3,-1,medium,high,0.75,medium,2,,,,,,counterexample_audit,724029
G,G_00005,knife_pass,posthoc_single,0,0,0,0,1,0,0.04691873,9,3,-1,medium,high,0.75,medium,2,,,,,,counterexample_audit,724029
G,G_00005,knife_pass,soft_penalty_fc,1,0,1,0,1,0,0.04691873,9,3,-1,medium,high,0.75,medium,2,,,,,,counterexample_audit,724029
G,G_00005,knife_pass,observed_sfc,0,0,0,0,1,0,0.0,9,3,3,medium,high,0.75,medium,2,0.2,overconfident,0.7,,,counterexample_audit,724029
G,G_00005,knife_pass,risk_aware_sfc,0,0,0,0,1,0,0.0,9,3,3,medium,high,0.75,medium,2,0.2,overconfident,0.7,,,counterexample_audit,724029
G,G_00005,knife_pass,abstaining_sfc,0,0,0,0,1,0,0.0,9,3,3,medium,high,0.75,medium,2,0.2,overconfident,0.7,,,counterexample_audit,724029
G,G_00006,knife_pass,geometric_fc,1,0,1,0,1,0,0.04603721,9,3,-1,medium,high,0.75,medium,2,,,,,,counterexample_audit,724030
G,G_00006,knife_pass,oracle_sfc,0,0,0,0,1,0,0.0,9,3,-1,medium,high,0.75,medium,2,,,,,,counterexample_audit,724030
G,G_00006,knife_pass,semantic_only,1,0,1,0,1,0,0.0,9,3,-1,medium,high,0.75,medium,2,,,,,,counterexample_audit,724030
G,G_00006,knife_pass,posthoc_single,0,0,0,0,1,0,0.04603721,9,3,-1,medium,high,0.75,medium,2,,,,,,counterexample_audit,724030
G,G_00006,knife_pass,soft_penalty_fc,1,0,1,0,1,0,0.04603721,9,3,-1,medium,high,0.75,medium,2,,,,,,counterexample_audit,724030
G,G_00006,knife_pass,observed_sfc,1,0,1,0,1,0,0.05665463,9,3,4,medium,high,0.75,medium,2,0.2,overconfident,0.7,,,counterexample_audit,724030
G,G_00006,knife_pass,risk_aware_sfc,1,0,1,0,1,0,0.05665463,9,3,4,medium,high,0.75,medium,2,0.2,overconfident,0.7,,,counterexample_audit,724030
G,G_00006,knife_pass,abstaining_sfc,1,0,1,0,1,0,0.05665463,9,3,4,medium,high,0.75,medium,2,0.2,overconfident,0.7,,,counterexample_audit,724030
G,G_00007,knife_pass,geometric_fc,1,0,1,0,1,0,0.04497063,9,3,-1,medium,high,0.75,medium,2,,,,,,counterexample_audit,724031
G,G_00007,knife_pass,oracle_sfc,0,0,0,0,1,0,0.0,9,3,-1,medium,high,0.75,medium,2,,,,,,counterexample_audit,724031
G,G_00007,knife_pass,semantic_only,1,0,1,0,1,0,0.0,9,3,-1,medium,high,0.75,medium,2,,,,,,counterexample_audit,724031
G,G_00007,knife_pass,posthoc_single,0,0,0,0,1,0,0.04497063,9,3,-1,medium,high,0.75,medium,2,,,,,,counterexample_audit,724031
G,G_00007,knife_pass,soft_penalty_fc,1,0,1,0,1,0,0.04497063,9,3,-1,medium,high,0.75,medium,2,,,,,,counterexample_audit,724031
G,G_00007,knife_pass,observed_sfc,0,0,0,0,1,0,0.0,9,3,2,medium,high,0.75,medium,2,0.2,overconfident,0.7,,,counterexample_audit,724031
G,G_00007,knife_pass,risk_aware_sfc,0,0,0,0,1,0,0.0,9,3,2,medium,high,0.75,medium,2,0.2,overconfident,0.7,,,counterexample_audit,724031
G,G_00007,knife_pass,abstaining_sfc,0,0,0,0,1,0,0.0,9,3,2,medium,high,0.75,medium,2,0.2,overconfident,0.7,,,counterexample_audit,724031
G,G_00008,knife_pass,geometric_fc,1,0,1,0,1,0,0.04409417,9,3,-1,medium,high,0.75,medium,2,,,,,,counterexample_audit,724032
G,G_00008,knife_pass,oracle_sfc,0,0,0,0,1,0,0.0,9,3,-1,medium,high,0.75,medium,2,,,,,,counterexample_audit,724032
G,G_00008,knife_pass,semantic_only,1,0,1,0,1,0,0.0,9,3,-1,medium,high,0.75,medium,2,,,,,,counterexample_audit,724032
G,G_00008,knife_pass,posthoc_single,0,0,0,0,1,0,0.04409417,9,3,-1,medium,high,0.75,medium,2,,,,,,counterexample_audit,724032
G,G_00008,knife_pass,soft_penalty_fc,1,0,1,0,1,0,0.04409417,9,3,-1,medium,high,0.75,medium,2,,,,,,counterexample_audit,724032
G,G_00008,knife_pass,observed_sfc,1,0,1,0,1,0,0.08572006,9,3,5,medium,high,0.75,medium,2,0.2,overconfident,0.7,,,counterexample_audit,724032
G,G_00008,knife_pass,risk_aware_sfc,1,0,1,0,1,0,0.08572006,9,3,5,medium,high,0.75,medium,2,0.2,overconfident,0.7,,,counterexample_audit,724032
G,G_00008,knife_pass,abstaining_sfc,1,0,1,0,1,0,0.08572006,9,3,5,medium,high,0.75,medium,2,0.2,overconfident,0.7,,,counterexample_audit,724032
G,G_00009,knife_pass,geometric_fc,1,0,1,0,1,0,0.04583427,9,3,-1,medium,high,0.75,medium,2,,,,,,counterexample_audit,724033
G,G_00009,knife_pass,oracle_sfc,0,0,0,0,1,0,0.0,9,3,-1,medium,high,0.75,medium,2,,,,,,counterexample_audit,724033
G,G_00009,knife_pass,semantic_only,1,0,1,0,1,0,0.0,9,3,-1,medium,high,0.75,medium,2,,,,,,counterexample_audit,724033
G,G_00009,knife_pass,posthoc_single,0,0,0,0,1,0,0.04583427,9,3,-1,medium,high,0.75,medium,2,,,,,,counterexample_audit,724033
G,G_00009,knife_pass,soft_penalty_fc,1,0,1,0,1,0,0.04583427,9,3,-1,medium,high,0.75,medium,2,,,,,,counterexample_audit,724033
G,G_00009,knife_pass,observed_sfc,0,0,0,0,1,0,0.0,9,3,3,medium,high,0.75,medium,2,0.2,overconfident,0.7,,,counterexample_audit,724033
G,G_00009,knife_pass,risk_aware_sfc,0,0,0,0,1,0,0.0,9,3,3,medium,high,0.75,medium,2,0.2,overconfident,0.7,,,counterexample_audit,724033
G,G_00009,knife_pass,abstaining_sfc,0,0,0,0,1,0,0.0,9,3,3,medium,high,0.75,medium,2,0.2,overconfident,0.7,,,counterexample_audit,724033
G,G_00010,knife_pass,geometric_fc,1,0,1,0,1,0,0.0454686,9,3,-1,medium,high,0.75,medium,2,,,,,,counterexample_audit,724034
G,G_00010,knife_pass,oracle_sfc,0,0,0,0,1,0,0.0,9,3,-1,medium,high,0.75,medium,2,,,,,,counterexample_audit,724034
G,G_00010,knife_pass,semantic_only,1,0,1,0,1,0,0.0,9,3,-1,medium,high,0.75,medium,2,,,,,,counterexample_audit,724034
G,G_00010,knife_pass,posthoc_single,0,0,0,0,1,0,0.0454686,9,3,-1,medium,high,0.75,medium,2,,,,,,counterexample_audit,724034
G,G_00010,knife_pass,soft_penalty_fc,1,0,1,0,1,0,0.0454686,9,3,-1,medium,high,0.75,medium,2,,,,,,counterexample_audit,724034
G,G_00010,knife_pass,observed_sfc,1,0,1,0,1,0,0.10307922,9,3,4,medium,high,0.75,medium,2,0.2,overconfident,0.7,,,counterexample_audit,724034
G,G_00010,knife_pass,risk_aware_sfc,1,0,1,0,1,0,0.10307922,9,3,4,medium,high,0.75,medium,2,0.2,overconfident,0.7,,,counterexample_audit,724034
G,G_00010,knife_pass,abstaining_sfc,1,0,1,0,1,0,0.10307922,9,3,4,medium,high,0.75,medium,2,0.2,overconfident,0.7,,,counterexample_audit,724034
G,G_00011,knife_pass,geometric_fc,1,0,1,0,1,0,0.04558931,9,3,-1,medium,high,0.75,medium,2,,,,,,counterexample_audit,724035
G,G_00011,knife_pass,oracle_sfc,0,0,0,0,1,0,0.0,9,3,-1,medium,high,0.75,medium,2,,,,,,counterexample_audit,724035
G,G_00011,knife_pass,semantic_only,1,0,1,0,1,0,0.0,9,3,-1,medium,high,0.75,medium,2,,,,,,counterexample_audit,724035
G,G_00011,knife_pass,posthoc_single,0,0,0,0,1,0,0.04558931,9,3,-1,medium,high,0.75,medium,2,,,,,,counterexample_audit,724035
G,G_00011,knife_pass,soft_penalty_fc,1,0,1,0,1,0,0.04558931,9,3,-1,medium,high,0.75,medium,2,,,,,,counterexample_audit,724035
G,G_00011,knife_pass,observed_sfc,0,0,0,0,1,0,0.0,9,3,3,medium,high,0.75,medium,2,0.2,overconfident,0.7,,,counterexample_audit,724035
G,G_00011,knife_pass,risk_aware_sfc,0,0,0,0,1,0,0.0,9,3,3,medium,high,0.75,medium,2,0.2,overconfident,0.7,,,counterexample_audit,724035
G,G_00011,knife_pass,abstaining_sfc,0,0,0,0,1,0,0.0,9,3,3,medium,high,0.75,medium,2,0.2,overconfident,0.7,,,counterexample_audit,724035
G,G_00012,knife_pass,geometric_fc,1,0,1,0,1,0,0.04426294,9,3,-1,medium,high,0.75,medium,2,,,,,,counterexample_audit,724036
G,G_00012,knife_pass,oracle_sfc,0,0,0,0,1,0,0.0,9,3,-1,medium,high,0.75,medium,2,,,,,,counterexample_audit,724036
G,G_00012,knife_pass,semantic_only,1,0,1,0,1,0,0.0,9,3,-1,medium,high,0.75,medium,2,,,,,,counterexample_audit,724036
G,G_00012,knife_pass,posthoc_single,0,0,0,0,1,0,0.04426294,9,3,-1,medium,high,0.75,medium,2,,,,,,counterexample_audit,724036
G,G_00012,knife_pass,soft_penalty_fc,1,0,1,0,1,0,0.04426294,9,3,-1,medium,high,0.75,medium,2,,,,,,counterexample_audit,724036
G,G_00012,knife_pass,observed_sfc,0,0,0,0,1,0,0.0,9,3,3,medium,high,0.75,medium,2,0.2,overconfident,0.7,,,counterexample_audit,724036
G,G_00012,knife_pass,risk_aware_sfc,0,0,0,0,1,0,0.0,9,3,3,medium,high,0.75,medium,2,0.2,overconfident,0.7,,,counterexample_audit,724036
G,G_00012,knife_pass,abstaining_sfc,0,0,0,0,1,0,0.0,9,3,3,medium,high,0.75,medium,2,0.2,overconfident,0.7,,,counterexample_audit,724036
G,G_00013,knife_pass,geometric_fc,1,0,1,0,1,0,0.0460401,9,3,-1,medium,high,0.75,medium,2,,,,,,counterexample_audit,724037
G,G_00013,knife_pass,oracle_sfc,0,0,0,0,1,0,0.0,9,3,-1,medium,high,0.75,medium,2,,,,,,counterexample_audit,724037
G,G_00013,knife_pass,semantic_only,1,0,1,0,1,0,0.0,9,3,-1,medium,high,0.75,medium,2,,,,,,counterexample_audit,724037
G,G_00013,knife_pass,posthoc_single,0,0,0,0,1,0,0.0460401,9,3,-1,medium,high,0.75,medium,2,,,,,,counterexample_audit,724037
G,G_00013,knife_pass,soft_penalty_fc,1,0,1,0,1,0,0.0460401,9,3,-1,medium,high,0.75,medium,2,,,,,,counterexample_audit,724037
G,G_00013,knife_pass,observed_sfc,1,0,1,0,1,0,0.08073807,9,3,5,medium,high,0.75,medium,2,0.2,overconfident,0.7,,,counterexample_audit,724037
G,G_00013,knife_pass,risk_aware_sfc,1,0,1,0,1,0,0.08073807,9,3,5,medium,high,0.75,medium,2,0.2,overconfident,0.7,,,counterexample_audit,724037
G,G_00013,knife_pass,abstaining_sfc,1,0,1,0,1,0,0.08073807,9,3,5,medium,high,0.75,medium,2,0.2,overconfident,0.7,,,counterexample_audit,724037
G,G_00014,knife_pass,geometric_fc,1,0,1,0,1,0,0.04573651,9,3,-1,medium,high,0.75,medium,2,,,,,,counterexample_audit,724038
G,G_00014,knife_pass,oracle_sfc,0,0,0,0,1,0,0.0,9,3,-1,medium,high,0.75,medium,2,,,,,,counterexample_audit,724038
G,G_00014,knife_pass,semantic_only,1,0,1,0,1,0,0.0,9,3,-1,medium,high,0.75,medium,2,,,,,,counterexample_audit,724038
G,G_00014,knife_pass,posthoc_single,0,0,0,0,1,0,0.04573651,9,3,-1,medium,high,0.75,medium,2,,,,,,counterexample_audit,724038
G,G_00014,knife_pass,soft_penalty_fc,1,0,1,0,1,0,0.04573651,9,3,-1,medium,high,0.75,medium,2,,,,,,counterexample_audit,724038
G,G_00014,knife_pass,observed_sfc,1,0,1,0,1,0,0.07578943,9,3,5,medium,high,0.75,medium,2,0.2,overconfident,0.7,,,counterexample_audit,724038
G,G_00014,knife_pass,risk_aware_sfc,1,0,1,0,1,0,0.07578943,9,3,5,medium,high,0.75,medium,2,0.2,overconfident,0.7,,,counterexample_audit,724038
G,G_00014,knife_pass,abstaining_sfc,1,0,1,0,1,0,0.07578943,9,3,5,medium,high,0.75,medium,2,0.2,overconfident,0.7,,,counterexample_audit,724038
G,G_00015,knife_pass,geometric_fc,1,0,1,0,1,0,0.04573624,9,3,-1,medium,high,0.75,medium,2,,,,,,counterexample_audit,724039
G,G_00015,knife_pass,oracle_sfc,0,0,0,0,1,0,0.0,9,3,-1,medium,high,0.75,medium,2,,,,,,counterexample_audit,724039
G,G_00015,knife_pass,semantic_only,1,0,1,0,1,0,0.0,9,3,-1,medium,high,0.75,medium,2,,,,,,counterexample_audit,724039
G,G_00015,knife_pass,posthoc_single,0,0,0,0,1,0,0.04573624,9,3,-1,medium,high,0.75,medium,2,,,,,,counterexample_audit,724039
G,G_00015,knife_pass,soft_penalty_fc,1,0,1,0,1,0,0.04573624,9,3,-1,medium,high,0.75,medium,2,,,,,,counterexample_audit,724039
G,G_00015,knife_pass,observed_sfc,1,0,1,0,1,0,0.10235289,9,3,4,medium,high,0.75,medium,2,0.2,overconfident,0.7,,,counterexample_audit,724039
G,G_00015,knife_pass,risk_aware_sfc,1,0,1,0,1,0,0.10235289,9,3,4,medium,high,0.75,medium,2,0.2,overconfident,0.7,,,counterexample_audit,724039
G,G_00015,knife_pass,abstaining_sfc,1,0,1,0,1,0,0.10235289,9,3,4,medium,high,0.75,medium,2,0.2,overconfident,0.7,,,counterexample_audit,724039
G,G_00016,knife_pass,geometric_fc,1,0,1,0,1,0,0.04609252,9,3,-1,medium,high,0.75,medium,2,,,,,,counterexample_audit,724040
G,G_00016,knife_pass,oracle_sfc,0,0,0,0,1,0,0.0,9,3,-1,medium,high,0.75,medium,2,,,,,,counterexample_audit,724040
G,G_00016,knife_pass,semantic_only,1,0,1,0,1,0,0.0,9,3,-1,medium,high,0.75,medium,2,,,,,,counterexample_audit,724040
G,G_00016,knife_pass,posthoc_single,0,0,0,0,1,0,0.04609252,9,3,-1,medium,high,0.75,medium,2,,,,,,counterexample_audit,724040
G,G_00016,knife_pass,soft_penalty_fc,1,0,1,0,1,0,0.04609252,9,3,-1,medium,high,0.75,medium,2,,,,,,counterexample_audit,724040
G,G_00016,knife_pass,observed_sfc,0,0,0,0,1,0,0.0,9,3,3,medium,high,0.75,medium,2,0.2,overconfident,0.7,,,counterexample_audit,724040
G,G_00016,knife_pass,risk_aware_sfc,0,0,0,0,1,0,0.0,9,3,3,medium,high,0.75,medium,2,0.2,overconfident,0.7,,,counterexample_audit,724040
G,G_00016,knife_pass,abstaining_sfc,0,0,0,0,1,0,0.0,9,3,3,medium,high,0.75,medium,2,0.2,overconfident,0.7,,,counterexample_audit,724040
G,G_00017,knife_pass,geometric_fc,1,0,1,0,1,0,0.04601513,9,3,-1,medium,high,0.75,medium,2,,,,,,counterexample_audit,724041
G,G_00017,knife_pass,oracle_sfc,0,0,0,0,1,0,0.0,9,3,-1,medium,high,0.75,medium,2,,,,,,counterexample_audit,724041
G,G_00017,knife_pass,semantic_only,1,0,1,0,1,0,0.0,9,3,-1,medium,high,0.75,medium,2,,,,,,counterexample_audit,724041
G,G_00017,knife_pass,posthoc_single,0,0,0,0,1,0,0.04601513,9,3,-1,medium,high,0.75,medium,2,,,,,,counterexample_audit,724041
G,G_00017,knife_pass,soft_penalty_fc,1,0,1,0,1,0,0.04601513,9,3,-1,medium,high,0.75,medium,2,,,,,,counterexample_audit,724041
G,G_00017,knife_pass,observed_sfc,0,0,0,0,1,0,0.0,9,3,2,medium,high,0.75,medium,2,0.2,overconfident,0.7,,,counterexample_audit,724041
G,G_00017,knife_pass,risk_aware_sfc,0,0,0,0,1,0,0.0,9,3,2,medium,high,0.75,medium,2,0.2,overconfident,0.7,,,counterexample_audit,724041
G,G_00017,knife_pass,abstaining_sfc,0,0,0,0,1,0,0.0,9,3,2,medium,high,0.75,medium,2,0.2,overconfident,0.7,,,counterexample_audit,724041
G,G_00018,knife_pass,geometric_fc,1,0,1,0,1,0,0.04531841,9,3,-1,medium,high,0.75,medium,2,,,,,,counterexample_audit,724042
G,G_00018,knife_pass,oracle_sfc,0,0,0,0,1,0,0.0,9,3,-1,medium,high,0.75,medium,2,,,,,,counterexample_audit,724042
G,G_00018,knife_pass,semantic_only,1,0,1,0,1,0,0.0,9,3,-1,medium,high,0.75,medium,2,,,,,,counterexample_audit,724042
G,G_00018,knife_pass,posthoc_single,0,0,0,0,1,0,0.04531841,9,3,-1,medium,high,0.75,medium,2,,,,,,counterexample_audit,724042
G,G_00018,knife_pass,soft_penalty_fc,1,0,1,0,1,0,0.04531841,9,3,-1,medium,high,0.75,medium,2,,,,,,counterexample_audit,724042
G,G_00018,knife_pass,observed_sfc,0,0,0,0,1,0,0.0,9,3,3,medium,high,0.75,medium,2,0.2,overconfident,0.7,,,counterexample_audit,724042
G,G_00018,knife_pass,risk_aware_sfc,0,0,0,0,1,0,0.0,9,3,3,medium,high,0.75,medium,2,0.2,overconfident,0.7,,,counterexample_audit,724042
G,G_00018,knife_pass,abstaining_sfc,0,0,0,0,1,0,0.0,9,3,3,medium,high,0.75,medium,2,0.2,overconfident,0.7,,,counterexample_audit,724042
G,G_00019,knife_pass,geometric_fc,1,0,1,0,1,0,0.04472926,9,3,-1,medium,high,0.75,medium,2,,,,,,counterexample_audit,724043
G,G_00019,knife_pass,oracle_sfc,0,0,0,0,1,0,0.0,9,3,-1,medium,high,0.75,medium,2,,,,,,counterexample_audit,724043
G,G_00019,knife_pass,semantic_only,1,0,1,0,1,0,0.0,9,3,-1,medium,high,0.75,medium,2,,,,,,counterexample_audit,724043
G,G_00019,knife_pass,posthoc_single,0,0,0,0,1,0,0.04472926,9,3,-1,medium,high,0.75,medium,2,,,,,,counterexample_audit,724043
G,G_00019,knife_pass,soft_penalty_fc,1,0,1,0,1,0,0.04472926,9,3,-1,medium,high,0.75,medium,2,,,,,,counterexample_audit,724043
G,G_00019,knife_pass,observed_sfc,1,0,1,0,1,0,0.06465397,9,3,4,medium,high,0.75,medium,2,0.2,overconfident,0.7,,,counterexample_audit,724043
G,G_00019,knife_pass,risk_aware_sfc,1,0,1,0,1,0,0.06465397,9,3,4,medium,high,0.75,medium,2,0.2,overconfident,0.7,,,counterexample_audit,724043
G,G_00019,knife_pass,abstaining_sfc,1,0,1,0,1,0,0.06465397,9,3,4,medium,high,0.75,medium,2,0.2,overconfident,0.7,,,counterexample_audit,724043
G,G_00020,knife_pass,geometric_fc,1,0,1,0,1,0,0.04448207,9,3,-1,medium,high,0.75,medium,2,,,,,,counterexample_audit,724044
G,G_00020,knife_pass,oracle_sfc,0,0,0,0,1,0,0.0,9,3,-1,medium,high,0.75,medium,2,,,,,,counterexample_audit,724044
G,G_00020,knife_pass,semantic_only,1,0,1,0,1,0,0.0,9,3,-1,medium,high,0.75,medium,2,,,,,,counterexample_audit,724044
G,G_00020,knife_pass,posthoc_single,0,0,0,0,1,0,0.04448207,9,3,-1,medium,high,0.75,medium,2,,,,,,counterexample_audit,724044
G,G_00020,knife_pass,soft_penalty_fc,1,0,1,0,1,0,0.04448207,9,3,-1,medium,high,0.75,medium,2,,,,,,counterexample_audit,724044
G,G_00020,knife_pass,observed_sfc,0,0,0,0,1,0,0.0,9,3,3,medium,high,0.75,medium,2,0.2,overconfident,0.7,,,counterexample_audit,724044
G,G_00020,knife_pass,risk_aware_sfc,0,0,0,0,1,0,0.0,9,3,3,medium,high,0.75,medium,2,0.2,overconfident,0.7,,,counterexample_audit,724044
G,G_00020,knife_pass,abstaining_sfc,0,0,0,0,1,0,0.0,9,3,3,medium,high,0.75,medium,2,0.2,overconfident,0.7,,,counterexample_audit,724044
G,G_00021,knife_pass,geometric_fc,1,0,1,0,1,0,0.04358061,9,3,-1,medium,high,0.75,medium,2,,,,,,counterexample_audit,724045
G,G_00021,knife_pass,oracle_sfc,0,0,0,0,1,0,0.0,9,3,-1,medium,high,0.75,medium,2,,,,,,counterexample_audit,724045
G,G_00021,knife_pass,semantic_only,1,0,1,0,1,0,0.0,9,3,-1,medium,high,0.75,medium,2,,,,,,counterexample_audit,724045
G,G_00021,knife_pass,posthoc_single,0,0,0,0,1,0,0.04358061,9,3,-1,medium,high,0.75,medium,2,,,,,,counterexample_audit,724045
G,G_00021,knife_pass,soft_penalty_fc,1,0,1,0,1,0,0.04358061,9,3,-1,medium,high,0.75,medium,2,,,,,,counterexample_audit,724045
G,G_00021,knife_pass,observed_sfc,1,0,1,0,1,0,0.12950969,9,3,3,medium,high,0.75,medium,2,0.2,overconfident,0.7,,,counterexample_audit,724045
G,G_00021,knife_pass,risk_aware_sfc,1,0,1,0,1,0,0.12950969,9,3,3,medium,high,0.75,medium,2,0.2,overconfident,0.7,,,counterexample_audit,724045
G,G_00021,knife_pass,abstaining_sfc,1,0,1,0,1,0,0.12950969,9,3,3,medium,high,0.75,medium,2,0.2,overconfident,0.7,,,counterexample_audit,724045
G,G_00022,knife_pass,geometric_fc,1,0,1,0,1,0,0.04576883,9,3,-1,medium,high,0.75,medium,2,,,,,,counterexample_audit,724046
G,G_00022,knife_pass,oracle_sfc,0,0,0,0,1,0,0.0,9,3,-1,medium,high,0.75,medium,2,,,,,,counterexample_audit,724046
G,G_00022,knife_pass,semantic_only,1,0,1,0,1,0,0.0,9,3,-1,medium,high,0.75,medium,2,,,,,,counterexample_audit,724046
G,G_00022,knife_pass,posthoc_single,0,0,0,0,1,0,0.04576883,9,3,-1,medium,high,0.75,medium,2,,,,,,counterexample_audit,724046
G,G_00022,knife_pass,soft_penalty_fc,1,0,1,0,1,0,0.04576883,9,3,-1,medium,high,0.75,medium,2,,,,,,counterexample_audit,724046
G,G_00022,knife_pass,observed_sfc,1,0,1,0,1,0,0.08337147,9,3,4,medium,high,0.75,medium,2,0.2,overconfident,0.7,,,counterexample_audit,724046
G,G_00022,knife_pass,risk_aware_sfc,1,0,1,0,1,0,0.08337147,9,3,4,medium,high,0.75,medium,2,0.2,overconfident,0.7,,,counterexample_audit,724046
G,G_00022,knife_pass,abstaining_sfc,1,0,1,0,1,0,0.08337147,9,3,4,medium,high,0.75,medium,2,0.2,overconfident,0.7,,,counterexample_audit,724046
G,G_00023,knife_pass,geometric_fc,1,0,1,0,1,0,0.04504301,9,3,-1,medium,high,0.75,medium,2,,,,,,counterexample_audit,724047
G,G_00023,knife_pass,oracle_sfc,0,0,0,0,1,0,0.0,9,3,-1,medium,high,0.75,medium,2,,,,,,counterexample_audit,724047
G,G_00023,knife_pass,semantic_only,1,0,1,0,1,0,0.0,9,3,-1,medium,high,0.75,medium,2,,,,,,counterexample_audit,724047
G,G_00023,knife_pass,posthoc_single,0,0,0,0,1,0,0.04504301,9,3,-1,medium,high,0.75,medium,2,,,,,,counterexample_audit,724047
G,G_00023,knife_pass,soft_penalty_fc,1,0,1,0,1,0,0.04504301,9,3,-1,medium,high,0.75,medium,2,,,,,,counterexample_audit,724047
G,G_00023,knife_pass,observed_sfc,1,0,1,0,1,0,0.06275022,9,3,4,medium,high,0.75,medium,2,0.2,overconfident,0.7,,,counterexample_audit,724047
G,G_00023,knife_pass,risk_aware_sfc,1,0,1,0,1,0,0.06275022,9,3,4,medium,high,0.75,medium,2,0.2,overconfident,0.7,,,counterexample_audit,724047
G,G_00023,knife_pass,abstaining_sfc,1,0,1,0,1,0,0.06275022,9,3,4,medium,high,0.75,medium,2,0.2,overconfident,0.7,,,counterexample_audit,724047
G,G_00024,knife_pass,geometric_fc,1,0,1,0,1,0,0.04723923,9,3,-1,medium,high,0.75,medium,2,,,,,,counterexample_audit,724048
G,G_00024,knife_pass,oracle_sfc,0,0,0,0,1,0,0.0,9,3,-1,medium,high,0.75,medium,2,,,,,,counterexample_audit,724048
G,G_00024,knife_pass,semantic_only,1,0,1,0,1,0,0.0,9,3,-1,medium,high,0.75,medium,2,,,,,,counterexample_audit,724048
G,G_00024,knife_pass,posthoc_single,0,0,0,0,1,0,0.04723923,9,3,-1,medium,high,0.75,medium,2,,,,,,counterexample_audit,724048
G,G_00024,knife_pass,soft_penalty_fc,1,0,1,0,1,0,0.04723923,9,3,-1,medium,high,0.75,medium,2,,,,,,counterexample_audit,724048
G,G_00024,knife_pass,observed_sfc,0,0,0,0,1,0,0.0,9,3,3,medium,high,0.75,medium,2,0.2,overconfident,0.7,,,counterexample_audit,724048
G,G_00024,knife_pass,risk_aware_sfc,0,0,0,0,1,0,0.0,9,3,3,medium,high,0.75,medium,2,0.2,overconfident,0.7,,,counterexample_audit,724048
G,G_00024,knife_pass,abstaining_sfc,0,0,0,0,1,0,0.0,9,3,3,medium,high,0.75,medium,2,0.2,overconfident,0.7,,,counterexample_audit,724048
G,G_00025,knife_pass,geometric_fc,1,0,1,0,1,0,0.04193146,9,3,-1,medium,high,0.75,medium,2,,,,,,counterexample_audit,724049
G,G_00025,knife_pass,oracle_sfc,0,0,0,0,1,0,0.0,9,3,-1,medium,high,0.75,medium,2,,,,,,counterexample_audit,724049
G,G_00025,knife_pass,semantic_only,1,0,1,0,1,0,0.0,9,3,-1,medium,high,0.75,medium,2,,,,,,counterexample_audit,724049
G,G_00025,knife_pass,posthoc_single,0,0,0,0,1,0,0.04193146,9,3,-1,medium,high,0.75,medium,2,,,,,,counterexample_audit,724049
G,G_00025,knife_pass,soft_penalty_fc,1,0,1,0,1,0,0.04193146,9,3,-1,medium,high,0.75,medium,2,,,,,,counterexample_audit,724049
G,G_00025,knife_pass,observed_sfc,1,0,1,0,1,0,0.06935692,9,3,4,medium,high,0.75,medium,2,0.2,overconfident,0.7,,,counterexample_audit,724049
G,G_00025,knife_pass,risk_aware_sfc,1,0,1,0,1,0,0.06935692,9,3,4,medium,high,0.75,medium,2,0.2,overconfident,0.7,,,counterexample_audit,724049
G,G_00025,knife_pass,abstaining_sfc,1,0,1,0,1,0,0.06935692,9,3,4,medium,high,0.75,medium,2,0.2,overconfident,0.7,,,counterexample_audit,724049
G,G_00026,knife_pass,geometric_fc,1,0,1,0,1,0,0.04530937,9,3,-1,medium,high,0.75,medium,2,,,,,,counterexample_audit,724050
G,G_00026,knife_pass,oracle_sfc,0,0,0,0,1,0,0.0,9,3,-1,medium,high,0.75,medium,2,,,,,,counterexample_audit,724050
G,G_00026,knife_pass,semantic_only,1,0,1,0,1,0,0.0,9,3,-1,medium,high,0.75,medium,2,,,,,,counterexample_audit,724050
G,G_00026,knife_pass,posthoc_single,0,0,0,0,1,0,0.04530937,9,3,-1,medium,high,0.75,medium,2,,,,,,counterexample_audit,724050
G,G_00026,knife_pass,soft_penalty_fc,1,0,1,0,1,0,0.04530937,9,3,-1,medium,high,0.75,medium,2,,,,,,counterexample_audit,724050
G,G_00026,knife_pass,observed_sfc,0,0,0,0,1,0,0.0,9,3,2,medium,high,0.75,medium,2,0.2,overconfident,0.7,,,counterexample_audit,724050
G,G_00026,knife_pass,risk_aware_sfc,0,0,0,0,1,0,0.0,9,3,2,medium,high,0.75,medium,2,0.2,overconfident,0.7,,,counterexample_audit,724050
G,G_00026,knife_pass,abstaining_sfc,0,0,0,0,1,0,0.0,9,3,2,medium,high,0.75,medium,2,0.2,overconfident,0.7,,,counterexample_audit,724050
G,G_00027,knife_pass,geometric_fc,1,0,1,0,1,0,0.04670586,9,3,-1,medium,high,0.75,medium,2,,,,,,counterexample_audit,724051
G,G_00027,knife_pass,oracle_sfc,0,0,0,0,1,0,0.0,9,3,-1,medium,high,0.75,medium,2,,,,,,counterexample_audit,724051
G,G_00027,knife_pass,semantic_only,1,0,1,0,1,0,0.0,9,3,-1,medium,high,0.75,medium,2,,,,,,counterexample_audit,724051
G,G_00027,knife_pass,posthoc_single,0,0,0,0,1,0,0.04670586,9,3,-1,medium,high,0.75,medium,2,,,,,,counterexample_audit,724051
G,G_00027,knife_pass,soft_penalty_fc,1,0,1,0,1,0,0.04670586,9,3,-1,medium,high,0.75,medium,2,,,,,,counterexample_audit,724051
G,G_00027,knife_pass,observed_sfc,1,0,1,0,1,0,0.07443311,9,3,5,medium,high,0.75,medium,2,0.2,overconfident,0.7,,,counterexample_audit,724051
G,G_00027,knife_pass,risk_aware_sfc,1,0,1,0,1,0,0.07443311,9,3,5,medium,high,0.75,medium,2,0.2,overconfident,0.7,,,counterexample_audit,724051
G,G_00027,knife_pass,abstaining_sfc,1,0,1,0,1,0,0.07443311,9,3,5,medium,high,0.75,medium,2,0.2,overconfident,0.7,,,counterexample_audit,724051
G,G_00028,knife_pass,geometric_fc,1,0,1,0,1,0,0.04638207,9,3,-1,medium,high,0.75,medium,2,,,,,,counterexample_audit,724052
G,G_00028,knife_pass,oracle_sfc,0,0,0,0,1,0,0.0,9,3,-1,medium,high,0.75,medium,2,,,,,,counterexample_audit,724052
G,G_00028,knife_pass,semantic_only,1,0,1,0,1,0,0.0,9,3,-1,medium,high,0.75,medium,2,,,,,,counterexample_audit,724052
G,G_00028,knife_pass,posthoc_single,0,0,0,0,1,0,0.04638207,9,3,-1,medium,high,0.75,medium,2,,,,,,counterexample_audit,724052
G,G_00028,knife_pass,soft_penalty_fc,1,0,1,0,1,0,0.04638207,9,3,-1,medium,high,0.75,medium,2,,,,,,counterexample_audit,724052
G,G_00028,knife_pass,observed_sfc,0,0,0,0,1,0,0.0,9,3,3,medium,high,0.75,medium,2,0.2,overconfident,0.7,,,counterexample_audit,724052
G,G_00028,knife_pass,risk_aware_sfc,0,0,0,0,1,0,0.0,9,3,3,medium,high,0.75,medium,2,0.2,overconfident,0.7,,,counterexample_audit,724052
G,G_00028,knife_pass,abstaining_sfc,0,0,0,0,1,0,0.0,9,3,3,medium,high,0.75,medium,2,0.2,overconfident,0.7,,,counterexample_audit,724052
G,G_00029,knife_pass,geometric_fc,1,0,1,0,1,0,0.04461804,9,3,-1,medium,high,0.75,medium,2,,,,,,counterexample_audit,724053
G,G_00029,knife_pass,oracle_sfc,0,0,0,0,1,0,0.0,9,3,-1,medium,high,0.75,medium,2,,,,,,counterexample_audit,724053
G,G_00029,knife_pass,semantic_only,1,0,1,0,1,0,0.0,9,3,-1,medium,high,0.75,medium,2,,,,,,counterexample_audit,724053
G,G_00029,knife_pass,posthoc_single,0,0,0,0,1,0,0.04461804,9,3,-1,medium,high,0.75,medium,2,,,,,,counterexample_audit,724053
G,G_00029,knife_pass,soft_penalty_fc,1,0,1,0,1,0,0.04461804,9,3,-1,medium,high,0.75,medium,2,,,,,,counterexample_audit,724053
G,G_00029,knife_pass,observed_sfc,1,0,1,0,1,0,0.12351463,9,3,3,medium,high,0.75,medium,2,0.2,overconfident,0.7,,,counterexample_audit,724053
G,G_00029,knife_pass,risk_aware_sfc,1,0,1,0,1,0,0.12351463,9,3,3,medium,high,0.75,medium,2,0.2,overconfident,0.7,,,counterexample_audit,724053
G,G_00029,knife_pass,abstaining_sfc,1,0,1,0,1,0,0.12351463,9,3,3,medium,high,0.75,medium,2,0.2,overconfident,0.7,,,counterexample_audit,724053
G,G_00030,knife_pass,geometric_fc,1,0,1,0,1,0,0.04450775,9,3,-1,medium,high,0.75,medium,2,,,,,,counterexample_audit,724054
G,G_00030,knife_pass,oracle_sfc,0,0,0,0,1,0,0.0,9,3,-1,medium,high,0.75,medium,2,,,,,,counterexample_audit,724054
G,G_00030,knife_pass,semantic_only,1,0,1,0,1,0,0.0,9,3,-1,medium,high,0.75,medium,2,,,,,,counterexample_audit,724054
G,G_00030,knife_pass,posthoc_single,0,0,0,0,1,0,0.04450775,9,3,-1,medium,high,0.75,medium,2,,,,,,counterexample_audit,724054
G,G_00030,knife_pass,soft_penalty_fc,1,0,1,0,1,0,0.04450775,9,3,-1,medium,high,0.75,medium,2,,,,,,counterexample_audit,724054
G,G_00030,knife_pass,observed_sfc,0,0,0,0,1,0,0.0,9,3,3,medium,high,0.75,medium,2,0.2,overconfident,0.7,,,counterexample_audit,724054
G,G_00030,knife_pass,risk_aware_sfc,0,0,0,0,1,0,0.0,9,3,3,medium,high,0.75,medium,2,0.2,overconfident,0.7,,,counterexample_audit,724054
G,G_00030,knife_pass,abstaining_sfc,0,0,0,0,1,0,0.0,9,3,3,medium,high,0.75,medium,2,0.2,overconfident,0.7,,,counterexample_audit,724054
G,G_00031,knife_pass,geometric_fc,1,0,1,0,1,0,0.04409688,9,3,-1,medium,high,0.75,medium,2,,,,,,counterexample_audit,724055
G,G_00031,knife_pass,oracle_sfc,0,0,0,0,1,0,0.0,9,3,-1,medium,high,0.75,medium,2,,,,,,counterexample_audit,724055
G,G_00031,knife_pass,semantic_only,1,0,1,0,1,0,0.0,9,3,-1,medium,high,0.75,medium,2,,,,,,counterexample_audit,724055
G,G_00031,knife_pass,posthoc_single,0,0,0,0,1,0,0.04409688,9,3,-1,medium,high,0.75,medium,2,,,,,,counterexample_audit,724055
G,G_00031,knife_pass,soft_penalty_fc,1,0,1,0,1,0,0.04409688,9,3,-1,medium,high,0.75,medium,2,,,,,,counterexample_audit,724055
G,G_00031,knife_pass,observed_sfc,1,0,1,0,1,0,0.12198692,9,3,3,medium,high,0.75,medium,2,0.2,overconfident,0.7,,,counterexample_audit,724055
G,G_00031,knife_pass,risk_aware_sfc,1,0,1,0,1,0,0.12198692,9,3,3,medium,high,0.75,medium,2,0.2,overconfident,0.7,,,counterexample_audit,724055
G,G_00031,knife_pass,abstaining_sfc,1,0,1,0,1,0,0.12198692,9,3,3,medium,high,0.75,medium,2,0.2,overconfident,0.7,,,counterexample_audit,724055
G,G_00032,knife_pass,geometric_fc,1,0,1,0,1,0,0.04414051,9,3,-1,medium,high,0.75,medium,2,,,,,,counterexample_audit,724056
G,G_00032,knife_pass,oracle_sfc,0,0,0,0,1,0,0.0,9,3,-1,medium,high,0.75,medium,2,,,,,,counterexample_audit,724056
G,G_00032,knife_pass,semantic_only,1,0,1,0,1,0,0.0,9,3,-1,medium,high,0.75,medium,2,,,,,,counterexample_audit,724056
G,G_00032,knife_pass,posthoc_single,0,0,0,0,1,0,0.04414051,9,3,-1,medium,high,0.75,medium,2,,,,,,counterexample_audit,724056
G,G_00032,knife_pass,soft_penalty_fc,1,0,1,0,1,0,0.04414051,9,3,-1,medium,high,0.75,medium,2,,,,,,counterexample_audit,724056
G,G_00032,knife_pass,observed_sfc,1,0,1,0,1,0,0.0742073,9,3,5,medium,high,0.75,medium,2,0.2,overconfident,0.7,,,counterexample_audit,724056
G,G_00032,knife_pass,risk_aware_sfc,1,0,1,0,1,0,0.0742073,9,3,5,medium,high,0.75,medium,2,0.2,overconfident,0.7,,,counterexample_audit,724056
G,G_00032,knife_pass,abstaining_sfc,1,0,1,0,1,0,0.0742073,9,3,5,medium,high,0.75,medium,2,0.2,overconfident,0.7,,,counterexample_audit,724056
G,G_00033,knife_pass,geometric_fc,1,0,1,0,1,0,0.04493008,9,3,-1,medium,high,0.75,medium,2,,,,,,counterexample_audit,724057
G,G_00033,knife_pass,oracle_sfc,0,0,0,0,1,0,0.0,9,3,-1,medium,high,0.75,medium,2,,,,,,counterexample_audit,724057
G,G_00033,knife_pass,semantic_only,1,0,1,0,1,0,0.0,9,3,-1,medium,high,0.75,medium,2,,,,,,counterexample_audit,724057
G,G_00033,knife_pass,posthoc_single,0,0,0,0,1,0,0.04493008,9,3,-1,medium,high,0.75,medium,2,,,,,,counterexample_audit,724057
G,G_00033,knife_pass,soft_penalty_fc,1,0,1,0,1,0,0.04493008,9,3,-1,medium,high,0.75,medium,2,,,,,,counterexample_audit,724057
G,G_00033,knife_pass,observed_sfc,1,0,1,0,1,0,0.03055481,9,3,3,medium,high,0.75,medium,2,0.2,overconfident,0.7,,,counterexample_audit,724057
G,G_00033,knife_pass,risk_aware_sfc,1,0,1,0,1,0,0.03055481,9,3,3,medium,high,0.75,medium,2,0.2,overconfident,0.7,,,counterexample_audit,724057
G,G_00033,knife_pass,abstaining_sfc,1,0,1,0,1,0,0.03055481,9,3,3,medium,high,0.75,medium,2,0.2,overconfident,0.7,,,counterexample_audit,724057
G,G_00034,knife_pass,geometric_fc,1,0,1,0,1,0,0.04169049,9,3,-1,medium,high,0.75,medium,2,,,,,,counterexample_audit,724058
G,G_00034,knife_pass,oracle_sfc,0,0,0,0,1,0,0.0,9,3,-1,medium,high,0.75,medium,2,,,,,,counterexample_audit,724058
G,G_00034,knife_pass,semantic_only,1,0,1,0,1,0,0.0,9,3,-1,medium,high,0.75,medium,2,,,,,,counterexample_audit,724058
G,G_00034,knife_pass,posthoc_single,0,0,0,0,1,0,0.04169049,9,3,-1,medium,high,0.75,medium,2,,,,,,counterexample_audit,724058
G,G_00034,knife_pass,soft_penalty_fc,1,0,1,0,1,0,0.04169049,9,3,-1,medium,high,0.75,medium,2,,,,,,counterexample_audit,724058
G,G_00034,knife_pass,observed_sfc,0,0,0,0,1,0,0.0,9,3,3,medium,high,0.75,medium,2,0.2,overconfident,0.7,,,counterexample_audit,724058
G,G_00034,knife_pass,risk_aware_sfc,0,0,0,0,1,0,0.0,9,3,3,medium,high,0.75,medium,2,0.2,overconfident,0.7,,,counterexample_audit,724058
G,G_00034,knife_pass,abstaining_sfc,0,0,0,0,1,0,0.0,9,3,3,medium,high,0.75,medium,2,0.2,overconfident,0.7,,,counterexample_audit,724058
G,G_00035,knife_pass,geometric_fc,1,0,1,0,1,0,0.04329853,9,3,-1,medium,high,0.75,medium,2,,,,,,counterexample_audit,724059
G,G_00035,knife_pass,oracle_sfc,0,0,0,0,1,0,0.0,9,3,-1,medium,high,0.75,medium,2,,,,,,counterexample_audit,724059
G,G_00035,knife_pass,semantic_only,1,0,1,0,1,0,0.0,9,3,-1,medium,high,0.75,medium,2,,,,,,counterexample_audit,724059
G,G_00035,knife_pass,posthoc_single,0,0,0,0,1,0,0.04329853,9,3,-1,medium,high,0.75,medium,2,,,,,,counterexample_audit,724059
G,G_00035,knife_pass,soft_penalty_fc,1,0,1,0,1,0,0.04329853,9,3,-1,medium,high,0.75,medium,2,,,,,,counterexample_audit,724059
G,G_00035,knife_pass,observed_sfc,1,0,1,0,1,0,0.0767551,9,3,5,medium,high,0.75,medium,2,0.2,overconfident,0.7,,,counterexample_audit,724059
G,G_00035,knife_pass,risk_aware_sfc,1,0,1,0,1,0,0.0767551,9,3,5,medium,high,0.75,medium,2,0.2,overconfident,0.7,,,counterexample_audit,724059
G,G_00035,knife_pass,abstaining_sfc,1,0,1,0,1,0,0.0767551,9,3,5,medium,high,0.75,medium,2,0.2,overconfident,0.7,,,counterexample_audit,724059
G,G_00036,knife_pass,geometric_fc,1,0,1,0,1,0,0.04568064,9,3,-1,medium,high,0.75,medium,2,,,,,,counterexample_audit,724060
G,G_00036,knife_pass,oracle_sfc,0,0,0,0,1,0,0.0,9,3,-1,medium,high,0.75,medium,2,,,,,,counterexample_audit,724060
G,G_00036,knife_pass,semantic_only,1,0,1,0,1,0,0.0,9,3,-1,medium,high,0.75,medium,2,,,,,,counterexample_audit,724060
G,G_00036,knife_pass,posthoc_single,0,0,0,0,1,0,0.04568064,9,3,-1,medium,high,0.75,medium,2,,,,,,counterexample_audit,724060
G,G_00036,knife_pass,soft_penalty_fc,1,0,1,0,1,0,0.04568064,9,3,-1,medium,high,0.75,medium,2,,,,,,counterexample_audit,724060
G,G_00036,knife_pass,observed_sfc,0,0,0,0,1,0,0.0,9,3,3,medium,high,0.75,medium,2,0.2,overconfident,0.7,,,counterexample_audit,724060
G,G_00036,knife_pass,risk_aware_sfc,0,0,0,0,1,0,0.0,9,3,3,medium,high,0.75,medium,2,0.2,overconfident,0.7,,,counterexample_audit,724060
G,G_00036,knife_pass,abstaining_sfc,0,0,0,0,1,0,0.0,9,3,3,medium,high,0.75,medium,2,0.2,overconfident,0.7,,,counterexample_audit,724060
G,G_00037,knife_pass,geometric_fc,1,0,1,0,1,0,0.04369659,9,3,-1,medium,high,0.75,medium,2,,,,,,counterexample_audit,724061
G,G_00037,knife_pass,oracle_sfc,0,0,0,0,1,0,0.0,9,3,-1,medium,high,0.75,medium,2,,,,,,counterexample_audit,724061
G,G_00037,knife_pass,semantic_only,1,0,1,0,1,0,0.0,9,3,-1,medium,high,0.75,medium,2,,,,,,counterexample_audit,724061
G,G_00037,knife_pass,posthoc_single,0,0,0,0,1,0,0.04369659,9,3,-1,medium,high,0.75,medium,2,,,,,,counterexample_audit,724061
G,G_00037,knife_pass,soft_penalty_fc,1,0,1,0,1,0,0.04369659,9,3,-1,medium,high,0.75,medium,2,,,,,,counterexample_audit,724061
G,G_00037,knife_pass,observed_sfc,1,0,1,0,1,0,0.12471611,9,3,3,medium,high,0.75,medium,2,0.2,overconfident,0.7,,,counterexample_audit,724061
G,G_00037,knife_pass,risk_aware_sfc,1,0,1,0,1,0,0.12471611,9,3,3,medium,high,0.75,medium,2,0.2,overconfident,0.7,,,counterexample_audit,724061
G,G_00037,knife_pass,abstaining_sfc,1,0,1,0,1,0,0.12471611,9,3,3,medium,high,0.75,medium,2,0.2,overconfident,0.7,,,counterexample_audit,724061
G,G_00038,knife_pass,geometric_fc,1,0,1,0,1,0,0.04494999,9,3,-1,medium,high,0.75,medium,2,,,,,,counterexample_audit,724062
G,G_00038,knife_pass,oracle_sfc,0,0,0,0,1,0,0.0,9,3,-1,medium,high,0.75,medium,2,,,,,,counterexample_audit,724062
G,G_00038,knife_pass,semantic_only,1,0,1,0,1,0,0.0,9,3,-1,medium,high,0.75,medium,2,,,,,,counterexample_audit,724062
G,G_00038,knife_pass,posthoc_single,0,0,0,0,1,0,0.04494999,9,3,-1,medium,high,0.75,medium,2,,,,,,counterexample_audit,724062
G,G_00038,knife_pass,soft_penalty_fc,1,0,1,0,1,0,0.04494999,9,3,-1,medium,high,0.75,medium,2,,,,,,counterexample_audit,724062
G,G_00038,knife_pass,observed_sfc,0,0,0,0,1,0,0.0,9,3,3,medium,high,0.75,medium,2,0.2,overconfident,0.7,,,counterexample_audit,724062
G,G_00038,knife_pass,risk_aware_sfc,0,0,0,0,1,0,0.0,9,3,3,medium,high,0.75,medium,2,0.2,overconfident,0.7,,,counterexample_audit,724062
G,G_00038,knife_pass,abstaining_sfc,0,0,0,0,1,0,0.0,9,3,3,medium,high,0.75,medium,2,0.2,overconfident,0.7,,,counterexample_audit,724062
G,G_00039,knife_pass,geometric_fc,1,0,1,0,1,0,0.0450551,9,3,-1,medium,high,0.75,medium,2,,,,,,counterexample_audit,724063
G,G_00039,knife_pass,oracle_sfc,0,0,0,0,1,0,0.0,9,3,-1,medium,high,0.75,medium,2,,,,,,counterexample_audit,724063
G,G_00039,knife_pass,semantic_only,1,0,1,0,1,0,0.0,9,3,-1,medium,high,0.75,medium,2,,,,,,counterexample_audit,724063
G,G_00039,knife_pass,posthoc_single,0,0,0,0,1,0,0.0450551,9,3,-1,medium,high,0.75,medium,2,,,,,,counterexample_audit,724063
G,G_00039,knife_pass,soft_penalty_fc,1,0,1,0,1,0,0.0450551,9,3,-1,medium,high,0.75,medium,2,,,,,,counterexample_audit,724063
G,G_00039,knife_pass,observed_sfc,1,0,1,0,1,0,0.07494934,9,3,5,medium,high,0.75,medium,2,0.2,overconfident,0.7,,,counterexample_audit,724063
G,G_00039,knife_pass,risk_aware_sfc,1,0,1,0,1,0,0.07494934,9,3,5,medium,high,0.75,medium,2,0.2,overconfident,0.7,,,counterexample_audit,724063
G,G_00039,knife_pass,abstaining_sfc,1,0,1,0,1,0,0.07494934,9,3,5,medium,high,0.75,medium,2,0.2,overconfident,0.7,,,counterexample_audit,724063
G,G_00040,knife_pass,geometric_fc,1,0,1,0,1,0,0.04525284,9,3,-1,medium,high,0.75,medium,2,,,,,,counterexample_audit,724064
G,G_00040,knife_pass,oracle_sfc,0,0,0,0,1,0,0.0,9,3,-1,medium,high,0.75,medium,2,,,,,,counterexample_audit,724064
G,G_00040,knife_pass,semantic_only,1,0,1,0,1,0,0.0,9,3,-1,medium,high,0.75,medium,2,,,,,,counterexample_audit,724064
G,G_00040,knife_pass,posthoc_single,0,0,0,0,1,0,0.04525284,9,3,-1,medium,high,0.75,medium,2,,,,,,counterexample_audit,724064
G,G_00040,knife_pass,soft_penalty_fc,1,0,1,0,1,0,0.04525284,9,3,-1,medium,high,0.75,medium,2,,,,,,counterexample_audit,724064
G,G_00040,knife_pass,observed_sfc,1,0,1,0,1,0,0.07186144,9,3,4,medium,high,0.75,medium,2,0.2,overconfident,0.7,,,counterexample_audit,724064
G,G_00040,knife_pass,risk_aware_sfc,1,0,1,0,1,0,0.07186144,9,3,4,medium,high,0.75,medium,2,0.2,overconfident,0.7,,,counterexample_audit,724064
G,G_00040,knife_pass,abstaining_sfc,1,0,1,0,1,0,0.07186144,9,3,4,medium,high,0.75,medium,2,0.2,overconfident,0.7,,,counterexample_audit,724064
G,G_00041,knife_pass,geometric_fc,1,0,1,0,1,0,0.04604406,9,3,-1,medium,high,0.75,medium,2,,,,,,counterexample_audit,724065
G,G_00041,knife_pass,oracle_sfc,0,0,0,0,1,0,0.0,9,3,-1,medium,high,0.75,medium,2,,,,,,counterexample_audit,724065
G,G_00041,knife_pass,semantic_only,1,0,1,0,1,0,0.0,9,3,-1,medium,high,0.75,medium,2,,,,,,counterexample_audit,724065
G,G_00041,knife_pass,posthoc_single,0,0,0,0,1,0,0.04604406,9,3,-1,medium,high,0.75,medium,2,,,,,,counterexample_audit,724065
G,G_00041,knife_pass,soft_penalty_fc,1,0,1,0,1,0,0.04604406,9,3,-1,medium,high,0.75,medium,2,,,,,,counterexample_audit,724065
G,G_00041,knife_pass,observed_sfc,0,0,0,0,1,0,0.0,9,3,2,medium,high,0.75,medium,2,0.2,overconfident,0.7,,,counterexample_audit,724065
G,G_00041,knife_pass,risk_aware_sfc,0,0,0,0,1,0,0.0,9,3,2,medium,high,0.75,medium,2,0.2,overconfident,0.7,,,counterexample_audit,724065
G,G_00041,knife_pass,abstaining_sfc,0,0,0,0,1,0,0.0,9,3,2,medium,high,0.75,medium,2,0.2,overconfident,0.7,,,counterexample_audit,724065
G,G_00042,knife_pass,geometric_fc,1,0,1,0,1,0,0.04591484,9,3,-1,medium,high,0.75,medium,2,,,,,,counterexample_audit,724066
G,G_00042,knife_pass,oracle_sfc,0,0,0,0,1,0,0.0,9,3,-1,medium,high,0.75,medium,2,,,,,,counterexample_audit,724066
G,G_00042,knife_pass,semantic_only,1,0,1,0,1,0,0.0,9,3,-1,medium,high,0.75,medium,2,,,,,,counterexample_audit,724066
G,G_00042,knife_pass,posthoc_single,0,0,0,0,1,0,0.04591484,9,3,-1,medium,high,0.75,medium,2,,,,,,counterexample_audit,724066
G,G_00042,knife_pass,soft_penalty_fc,1,0,1,0,1,0,0.04591484,9,3,-1,medium,high,0.75,medium,2,,,,,,counterexample_audit,724066
G,G_00042,knife_pass,observed_sfc,1,0,1,0,1,0,0.047587,9,3,4,medium,high,0.75,medium,2,0.2,overconfident,0.7,,,counterexample_audit,724066
G,G_00042,knife_pass,risk_aware_sfc,1,0,1,0,1,0,0.047587,9,3,4,medium,high,0.75,medium,2,0.2,overconfident,0.7,,,counterexample_audit,724066
G,G_00042,knife_pass,abstaining_sfc,1,0,1,0,1,0,0.047587,9,3,4,medium,high,0.75,medium,2,0.2,overconfident,0.7,,,counterexample_audit,724066
G,G_00043,knife_pass,geometric_fc,1,0,1,0,1,0,0.04451201,9,3,-1,medium,high,0.75,medium,2,,,,,,counterexample_audit,724067
G,G_00043,knife_pass,oracle_sfc,0,0,0,0,1,0,0.0,9,3,-1,medium,high,0.75,medium,2,,,,,,counterexample_audit,724067
G,G_00043,knife_pass,semantic_only,1,0,1,0,1,0,0.0,9,3,-1,medium,high,0.75,medium,2,,,,,,counterexample_audit,724067
G,G_00043,knife_pass,posthoc_single,0,0,0,0,1,0,0.04451201,9,3,-1,medium,high,0.75,medium,2,,,,,,counterexample_audit,724067
G,G_00043,knife_pass,soft_penalty_fc,1,0,1,0,1,0,0.04451201,9,3,-1,medium,high,0.75,medium,2,,,,,,counterexample_audit,724067
G,G_00043,knife_pass,observed_sfc,1,0,1,0,1,0,0.05823996,9,3,4,medium,high,0.75,medium,2,0.2,overconfident,0.7,,,counterexample_audit,724067
G,G_00043,knife_pass,risk_aware_sfc,1,0,1,0,1,0,0.05823996,9,3,4,medium,high,0.75,medium,2,0.2,overconfident,0.7,,,counterexample_audit,724067
G,G_00043,knife_pass,abstaining_sfc,1,0,1,0,1,0,0.05823996,9,3,4,medium,high,0.75,medium,2,0.2,overconfident,0.7,,,counterexample_audit,724067
G,G_00044,knife_pass,geometric_fc,1,0,1,0,1,0,0.04272053,9,3,-1,medium,high,0.75,medium,2,,,,,,counterexample_audit,724068
G,G_00044,knife_pass,oracle_sfc,0,0,0,0,1,0,0.0,9,3,-1,medium,high,0.75,medium,2,,,,,,counterexample_audit,724068
G,G_00044,knife_pass,semantic_only,1,0,1,0,1,0,0.0,9,3,-1,medium,high,0.75,medium,2,,,,,,counterexample_audit,724068
G,G_00044,knife_pass,posthoc_single,0,0,0,0,1,0,0.04272053,9,3,-1,medium,high,0.75,medium,2,,,,,,counterexample_audit,724068
G,G_00044,knife_pass,soft_penalty_fc,1,0,1,0,1,0,0.04272053,9,3,-1,medium,high,0.75,medium,2,,,,,,counterexample_audit,724068
G,G_00044,knife_pass,observed_sfc,0,0,0,0,1,0,0.0,9,3,3,medium,high,0.75,medium,2,0.2,overconfident,0.7,,,counterexample_audit,724068
G,G_00044,knife_pass,risk_aware_sfc,0,0,0,0,1,0,0.0,9,3,3,medium,high,0.75,medium,2,0.2,overconfident,0.7,,,counterexample_audit,724068
G,G_00044,knife_pass,abstaining_sfc,0,0,0,0,1,0,0.0,9,3,3,medium,high,0.75,medium,2,0.2,overconfident,0.7,,,counterexample_audit,724068
G,G_00045,knife_pass,geometric_fc,1,0,1,0,1,0,0.04504885,9,3,-1,medium,high,0.75,medium,2,,,,,,counterexample_audit,724069
G,G_00045,knife_pass,oracle_sfc,0,0,0,0,1,0,0.0,9,3,-1,medium,high,0.75,medium,2,,,,,,counterexample_audit,724069
G,G_00045,knife_pass,semantic_only,1,0,1,0,1,0,0.0,9,3,-1,medium,high,0.75,medium,2,,,,,,counterexample_audit,724069
G,G_00045,knife_pass,posthoc_single,0,0,0,0,1,0,0.04504885,9,3,-1,medium,high,0.75,medium,2,,,,,,counterexample_audit,724069
G,G_00045,knife_pass,soft_penalty_fc,1,0,1,0,1,0,0.04504885,9,3,-1,medium,high,0.75,medium,2,,,,,,counterexample_audit,724069
G,G_00045,knife_pass,observed_sfc,1,0,1,0,1,0,0.06921367,9,3,4,medium,high,0.75,medium,2,0.2,overconfident,0.7,,,counterexample_audit,724069
G,G_00045,knife_pass,risk_aware_sfc,1,0,1,0,1,0,0.06921367,9,3,4,medium,high,0.75,medium,2,0.2,overconfident,0.7,,,counterexample_audit,724069
G,G_00045,knife_pass,abstaining_sfc,1,0,1,0,1,0,0.06921367,9,3,4,medium,high,0.75,medium,2,0.2,overconfident,0.7,,,counterexample_audit,724069
G,G_00046,knife_pass,geometric_fc,1,0,1,0,1,0,0.04451423,9,3,-1,medium,high,0.75,medium,2,,,,,,counterexample_audit,724070
G,G_00046,knife_pass,oracle_sfc,0,0,0,0,1,0,0.0,9,3,-1,medium,high,0.75,medium,2,,,,,,counterexample_audit,724070
G,G_00046,knife_pass,semantic_only,1,0,1,0,1,0,0.0,9,3,-1,medium,high,0.75,medium,2,,,,,,counterexample_audit,724070
G,G_00046,knife_pass,posthoc_single,0,0,0,0,1,0,0.04451423,9,3,-1,medium,high,0.75,medium,2,,,,,,counterexample_audit,724070
G,G_00046,knife_pass,soft_penalty_fc,1,0,1,0,1,0,0.04451423,9,3,-1,medium,high,0.75,medium,2,,,,,,counterexample_audit,724070
G,G_00046,knife_pass,observed_sfc,0,0,0,0,1,0,0.0,9,3,3,medium,high,0.75,medium,2,0.2,overconfident,0.7,,,counterexample_audit,724070
G,G_00046,knife_pass,risk_aware_sfc,0,0,0,0,1,0,0.0,9,3,3,medium,high,0.75,medium,2,0.2,overconfident,0.7,,,counterexample_audit,724070
G,G_00046,knife_pass,abstaining_sfc,0,0,0,0,1,0,0.0,9,3,3,medium,high,0.75,medium,2,0.2,overconfident,0.7,,,counterexample_audit,724070
G,G_00047,knife_pass,geometric_fc,1,0,1,0,1,0,0.04643495,9,3,-1,medium,high,0.75,medium,2,,,,,,counterexample_audit,724071
G,G_00047,knife_pass,oracle_sfc,0,0,0,0,1,0,0.0,9,3,-1,medium,high,0.75,medium,2,,,,,,counterexample_audit,724071
G,G_00047,knife_pass,semantic_only,1,0,1,0,1,0,0.0,9,3,-1,medium,high,0.75,medium,2,,,,,,counterexample_audit,724071
G,G_00047,knife_pass,posthoc_single,0,0,0,0,1,0,0.04643495,9,3,-1,medium,high,0.75,medium,2,,,,,,counterexample_audit,724071
G,G_00047,knife_pass,soft_penalty_fc,1,0,1,0,1,0,0.04643495,9,3,-1,medium,high,0.75,medium,2,,,,,,counterexample_audit,724071
G,G_00047,knife_pass,observed_sfc,1,0,1,0,1,0,0.05761393,9,3,4,medium,high,0.75,medium,2,0.2,overconfident,0.7,,,counterexample_audit,724071
G,G_00047,knife_pass,risk_aware_sfc,1,0,1,0,1,0,0.05761393,9,3,4,medium,high,0.75,medium,2,0.2,overconfident,0.7,,,counterexample_audit,724071
G,G_00047,knife_pass,abstaining_sfc,1,0,1,0,1,0,0.05761393,9,3,4,medium,high,0.75,medium,2,0.2,overconfident,0.7,,,counterexample_audit,724071
G,G_00048,knife_pass,geometric_fc,1,0,1,0,1,0,0.04677194,9,3,-1,medium,high,0.75,medium,2,,,,,,counterexample_audit,724072
G,G_00048,knife_pass,oracle_sfc,0,0,0,0,1,0,0.0,9,3,-1,medium,high,0.75,medium,2,,,,,,counterexample_audit,724072
G,G_00048,knife_pass,semantic_only,1,0,1,0,1,0,0.0,9,3,-1,medium,high,0.75,medium,2,,,,,,counterexample_audit,724072
G,G_00048,knife_pass,posthoc_single,0,0,0,0,1,0,0.04677194,9,3,-1,medium,high,0.75,medium,2,,,,,,counterexample_audit,724072
G,G_00048,knife_pass,soft_penalty_fc,1,0,1,0,1,0,0.04677194,9,3,-1,medium,high,0.75,medium,2,,,,,,counterexample_audit,724072
G,G_00048,knife_pass,observed_sfc,1,0,1,0,1,0,0.06791229,9,3,4,medium,high,0.75,medium,2,0.2,overconfident,0.7,,,counterexample_audit,724072
G,G_00048,knife_pass,risk_aware_sfc,1,0,1,0,1,0,0.06791229,9,3,4,medium,high,0.75,medium,2,0.2,overconfident,0.7,,,counterexample_audit,724072
G,G_00048,knife_pass,abstaining_sfc,1,0,1,0,1,0,0.06791229,9,3,4,medium,high,0.75,medium,2,0.2,overconfident,0.7,,,counterexample_audit,724072
G,G_00049,knife_pass,geometric_fc,1,0,1,0,1,0,0.04550104,9,3,-1,medium,high,0.75,medium,2,,,,,,counterexample_audit,724073
G,G_00049,knife_pass,oracle_sfc,0,0,0,0,1,0,0.0,9,3,-1,medium,high,0.75,medium,2,,,,,,counterexample_audit,724073
G,G_00049,knife_pass,semantic_only,1,0,1,0,1,0,0.0,9,3,-1,medium,high,0.75,medium,2,,,,,,counterexample_audit,724073
G,G_00049,knife_pass,posthoc_single,0,0,0,0,1,0,0.04550104,9,3,-1,medium,high,0.75,medium,2,,,,,,counterexample_audit,724073
G,G_00049,knife_pass,soft_penalty_fc,1,0,1,0,1,0,0.04550104,9,3,-1,medium,high,0.75,medium,2,,,,,,counterexample_audit,724073
G,G_00049,knife_pass,observed_sfc,0,0,0,0,1,0,0.0,9,3,3,medium,high,0.75,medium,2,0.2,overconfident,0.7,,,counterexample_audit,724073
G,G_00049,knife_pass,risk_aware_sfc,0,0,0,0,1,0,0.0,9,3,3,medium,high,0.75,medium,2,0.2,overconfident,0.7,,,counterexample_audit,724073
G,G_00049,knife_pass,abstaining_sfc,0,0,0,0,1,0,0.0,9,3,3,medium,high,0.75,medium,2,0.2,overconfident,0.7,,,counterexample_audit,724073
G,G_00050,knife_pass,geometric_fc,1,0,1,0,1,0,0.0444654,9,3,-1,medium,high,0.75,medium,2,,,,,,counterexample_audit,724074
G,G_00050,knife_pass,oracle_sfc,0,0,0,0,1,0,0.0,9,3,-1,medium,high,0.75,medium,2,,,,,,counterexample_audit,724074
G,G_00050,knife_pass,semantic_only,1,0,1,0,1,0,0.0,9,3,-1,medium,high,0.75,medium,2,,,,,,counterexample_audit,724074
G,G_00050,knife_pass,posthoc_single,0,0,0,0,1,0,0.0444654,9,3,-1,medium,high,0.75,medium,2,,,,,,counterexample_audit,724074
G,G_00050,knife_pass,soft_penalty_fc,1,0,1,0,1,0,0.0444654,9,3,-1,medium,high,0.75,medium,2,,,,,,counterexample_audit,724074
G,G_00050,knife_pass,observed_sfc,0,0,0,0,1,0,0.0,9,3,3,medium,high,0.75,medium,2,0.2,overconfident,0.7,,,counterexample_audit,724074
G,G_00050,knife_pass,risk_aware_sfc,0,0,0,0,1,0,0.0,9,3,3,medium,high,0.75,medium,2,0.2,overconfident,0.7,,,counterexample_audit,724074
G,G_00050,knife_pass,abstaining_sfc,0,0,0,0,1,0,0.0,9,3,3,medium,high,0.75,medium,2,0.2,overconfident,0.7,,,counterexample_audit,724074
G,G_00051,knife_pass,geometric_fc,1,0,1,0,1,0,0.04550899,9,3,-1,medium,high,0.75,medium,2,,,,,,counterexample_audit,724075
G,G_00051,knife_pass,oracle_sfc,0,0,0,0,1,0,0.0,9,3,-1,medium,high,0.75,medium,2,,,,,,counterexample_audit,724075
G,G_00051,knife_pass,semantic_only,1,0,1,0,1,0,0.0,9,3,-1,medium,high,0.75,medium,2,,,,,,counterexample_audit,724075
G,G_00051,knife_pass,posthoc_single,0,0,0,0,1,0,0.04550899,9,3,-1,medium,high,0.75,medium,2,,,,,,counterexample_audit,724075
G,G_00051,knife_pass,soft_penalty_fc,1,0,1,0,1,0,0.04550899,9,3,-1,medium,high,0.75,medium,2,,,,,,counterexample_audit,724075
G,G_00051,knife_pass,observed_sfc,0,0,0,0,1,0,0.0,9,3,2,medium,high,0.75,medium,2,0.2,overconfident,0.7,,,counterexample_audit,724075
G,G_00051,knife_pass,risk_aware_sfc,0,0,0,0,1,0,0.0,9,3,2,medium,high,0.75,medium,2,0.2,overconfident,0.7,,,counterexample_audit,724075
G,G_00051,knife_pass,abstaining_sfc,0,0,0,0,1,0,0.0,9,3,2,medium,high,0.75,medium,2,0.2,overconfident,0.7,,,counterexample_audit,724075
G,G_00052,knife_pass,geometric_fc,1,0,1,0,1,0,0.04387662,9,3,-1,medium,high,0.75,medium,2,,,,,,counterexample_audit,724076
G,G_00052,knife_pass,oracle_sfc,0,0,0,0,1,0,0.0,9,3,-1,medium,high,0.75,medium,2,,,,,,counterexample_audit,724076
G,G_00052,knife_pass,semantic_only,1,0,1,0,1,0,0.0,9,3,-1,medium,high,0.75,medium,2,,,,,,counterexample_audit,724076
G,G_00052,knife_pass,posthoc_single,0,0,0,0,1,0,0.04387662,9,3,-1,medium,high,0.75,medium,2,,,,,,counterexample_audit,724076
G,G_00052,knife_pass,soft_penalty_fc,1,0,1,0,1,0,0.04387662,9,3,-1,medium,high,0.75,medium,2,,,,,,counterexample_audit,724076
G,G_00052,knife_pass,observed_sfc,1,0,1,0,1,0,0.08012404,9,3,4,medium,high,0.75,medium,2,0.2,overconfident,0.7,,,counterexample_audit,724076
G,G_00052,knife_pass,risk_aware_sfc,1,0,1,0,1,0,0.08012404,9,3,4,medium,high,0.75,medium,2,0.2,overconfident,0.7,,,counterexample_audit,724076
G,G_00052,knife_pass,abstaining_sfc,1,0,1,0,1,0,0.08012404,9,3,4,medium,high,0.75,medium,2,0.2,overconfident,0.7,,,counterexample_audit,724076
G,G_00053,knife_pass,geometric_fc,1,0,1,0,1,0,0.04250688,9,3,-1,medium,high,0.75,medium,2,,,,,,counterexample_audit,724077
G,G_00053,knife_pass,oracle_sfc,0,0,0,0,1,0,0.0,9,3,-1,medium,high,0.75,medium,2,,,,,,counterexample_audit,724077
G,G_00053,knife_pass,semantic_only,1,0,1,0,1,0,0.0,9,3,-1,medium,high,0.75,medium,2,,,,,,counterexample_audit,724077
G,G_00053,knife_pass,posthoc_single,0,0,0,0,1,0,0.04250688,9,3,-1,medium,high,0.75,medium,2,,,,,,counterexample_audit,724077
G,G_00053,knife_pass,soft_penalty_fc,1,0,1,0,1,0,0.04250688,9,3,-1,medium,high,0.75,medium,2,,,,,,counterexample_audit,724077
G,G_00053,knife_pass,observed_sfc,0,0,0,0,1,0,0.0,9,3,2,medium,high,0.75,medium,2,0.2,overconfident,0.7,,,counterexample_audit,724077
G,G_00053,knife_pass,risk_aware_sfc,0,0,0,0,1,0,0.0,9,3,2,medium,high,0.75,medium,2,0.2,overconfident,0.7,,,counterexample_audit,724077
G,G_00053,knife_pass,abstaining_sfc,0,0,0,0,1,0,0.0,9,3,2,medium,high,0.75,medium,2,0.2,overconfident,0.7,,,counterexample_audit,724077
G,G_00054,knife_pass,geometric_fc,1,0,1,0,1,0,0.04401561,9,3,-1,medium,high,0.75,medium,2,,,,,,counterexample_audit,724078
G,G_00054,knife_pass,oracle_sfc,0,0,0,0,1,0,0.0,9,3,-1,medium,high,0.75,medium,2,,,,,,counterexample_audit,724078
G,G_00054,knife_pass,semantic_only,1,0,1,0,1,0,0.0,9,3,-1,medium,high,0.75,medium,2,,,,,,counterexample_audit,724078
G,G_00054,knife_pass,posthoc_single,0,0,0,0,1,0,0.04401561,9,3,-1,medium,high,0.75,medium,2,,,,,,counterexample_audit,724078
G,G_00054,knife_pass,soft_penalty_fc,1,0,1,0,1,0,0.04401561,9,3,-1,medium,high,0.75,medium,2,,,,,,counterexample_audit,724078
G,G_00054,knife_pass,observed_sfc,1,0,1,0,1,0,0.0819468,9,3,4,medium,high,0.75,medium,2,0.2,overconfident,0.7,,,counterexample_audit,724078
G,G_00054,knife_pass,risk_aware_sfc,1,0,1,0,1,0,0.0819468,9,3,4,medium,high,0.75,medium,2,0.2,overconfident,0.7,,,counterexample_audit,724078
G,G_00054,knife_pass,abstaining_sfc,1,0,1,0,1,0,0.0819468,9,3,4,medium,high,0.75,medium,2,0.2,overconfident,0.7,,,counterexample_audit,724078
G,G_00055,knife_pass,geometric_fc,1,0,1,0,1,0,0.04133133,9,3,-1,medium,high,0.75,medium,2,,,,,,counterexample_audit,724079
G,G_00055,knife_pass,oracle_sfc,0,0,0,0,1,0,0.0,9,3,-1,medium,high,0.75,medium,2,,,,,,counterexample_audit,724079
G,G_00055,knife_pass,semantic_only,1,0,1,0,1,0,0.0,9,3,-1,medium,high,0.75,medium,2,,,,,,counterexample_audit,724079
G,G_00055,knife_pass,posthoc_single,0,0,0,0,1,0,0.04133133,9,3,-1,medium,high,0.75,medium,2,,,,,,counterexample_audit,724079
G,G_00055,knife_pass,soft_penalty_fc,1,0,1,0,1,0,0.04133133,9,3,-1,medium,high,0.75,medium,2,,,,,,counterexample_audit,724079
G,G_00055,knife_pass,observed_sfc,1,0,1,0,1,0,0.09433237,9,3,4,medium,high,0.75,medium,2,0.2,overconfident,0.7,,,counterexample_audit,724079
G,G_00055,knife_pass,risk_aware_sfc,1,0,1,0,1,0,0.09433237,9,3,4,medium,high,0.75,medium,2,0.2,overconfident,0.7,,,counterexample_audit,724079
G,G_00055,knife_pass,abstaining_sfc,1,0,1,0,1,0,0.09433237,9,3,4,medium,high,0.75,medium,2,0.2,overconfident,0.7,,,counterexample_audit,724079
G,G_00056,knife_pass,geometric_fc,1,0,1,0,1,0,0.04418046,9,3,-1,medium,high,0.75,medium,2,,,,,,counterexample_audit,724080
G,G_00056,knife_pass,oracle_sfc,0,0,0,0,1,0,0.0,9,3,-1,medium,high,0.75,medium,2,,,,,,counterexample_audit,724080
G,G_00056,knife_pass,semantic_only,1,0,1,0,1,0,0.0,9,3,-1,medium,high,0.75,medium,2,,,,,,counterexample_audit,724080
G,G_00056,knife_pass,posthoc_single,0,0,0,0,1,0,0.04418046,9,3,-1,medium,high,0.75,medium,2,,,,,,counterexample_audit,724080
G,G_00056,knife_pass,soft_penalty_fc,1,0,1,0,1,0,0.04418046,9,3,-1,medium,high,0.75,medium,2,,,,,,counterexample_audit,724080
G,G_00056,knife_pass,observed_sfc,1,0,1,0,1,0,0.09044684,9,3,4,medium,high,0.75,medium,2,0.2,overconfident,0.7,,,counterexample_audit,724080
G,G_00056,knife_pass,risk_aware_sfc,1,0,1,0,1,0,0.09044684,9,3,4,medium,high,0.75,medium,2,0.2,overconfident,0.7,,,counterexample_audit,724080
G,G_00056,knife_pass,abstaining_sfc,1,0,1,0,1,0,0.09044684,9,3,4,medium,high,0.75,medium,2,0.2,overconfident,0.7,,,counterexample_audit,724080
G,G_00057,knife_pass,geometric_fc,1,0,1,0,1,0,0.04583142,9,3,-1,medium,high,0.75,medium,2,,,,,,counterexample_audit,724081
G,G_00057,knife_pass,oracle_sfc,0,0,0,0,1,0,0.0,9,3,-1,medium,high,0.75,medium,2,,,,,,counterexample_audit,724081
G,G_00057,knife_pass,semantic_only,1,0,1,0,1,0,0.0,9,3,-1,medium,high,0.75,medium,2,,,,,,counterexample_audit,724081
G,G_00057,knife_pass,posthoc_single,0,0,0,0,1,0,0.04583142,9,3,-1,medium,high,0.75,medium,2,,,,,,counterexample_audit,724081
G,G_00057,knife_pass,soft_penalty_fc,1,0,1,0,1,0,0.04583142,9,3,-1,medium,high,0.75,medium,2,,,,,,counterexample_audit,724081
G,G_00057,knife_pass,observed_sfc,1,0,1,0,1,0,0.06401867,9,3,3,medium,high,0.75,medium,2,0.2,overconfident,0.7,,,counterexample_audit,724081
G,G_00057,knife_pass,risk_aware_sfc,1,0,1,0,1,0,0.06401867,9,3,3,medium,high,0.75,medium,2,0.2,overconfident,0.7,,,counterexample_audit,724081
G,G_00057,knife_pass,abstaining_sfc,1,0,1,0,1,0,0.06401867,9,3,3,medium,high,0.75,medium,2,0.2,overconfident,0.7,,,counterexample_audit,724081
G,G_00058,knife_pass,geometric_fc,1,0,1,0,1,0,0.04549465,9,3,-1,medium,high,0.75,medium,2,,,,,,counterexample_audit,724082
G,G_00058,knife_pass,oracle_sfc,0,0,0,0,1,0,0.0,9,3,-1,medium,high,0.75,medium,2,,,,,,counterexample_audit,724082
G,G_00058,knife_pass,semantic_only,1,0,1,0,1,0,0.0,9,3,-1,medium,high,0.75,medium,2,,,,,,counterexample_audit,724082
G,G_00058,knife_pass,posthoc_single,0,0,0,0,1,0,0.04549465,9,3,-1,medium,high,0.75,medium,2,,,,,,counterexample_audit,724082
G,G_00058,knife_pass,soft_penalty_fc,1,0,1,0,1,0,0.04549465,9,3,-1,medium,high,0.75,medium,2,,,,,,counterexample_audit,724082
G,G_00058,knife_pass,observed_sfc,0,0,0,0,1,0,0.0,9,3,3,medium,high,0.75,medium,2,0.2,overconfident,0.7,,,counterexample_audit,724082
G,G_00058,knife_pass,risk_aware_sfc,0,0,0,0,1,0,0.0,9,3,3,medium,high,0.75,medium,2,0.2,overconfident,0.7,,,counterexample_audit,724082
G,G_00058,knife_pass,abstaining_sfc,0,0,0,0,1,0,0.0,9,3,3,medium,high,0.75,medium,2,0.2,overconfident,0.7,,,counterexample_audit,724082
G,G_00059,knife_pass,geometric_fc,1,0,1,0,1,0,0.04639533,9,3,-1,medium,high,0.75,medium,2,,,,,,counterexample_audit,724083
G,G_00059,knife_pass,oracle_sfc,0,0,0,0,1,0,0.0,9,3,-1,medium,high,0.75,medium,2,,,,,,counterexample_audit,724083
G,G_00059,knife_pass,semantic_only,1,0,1,0,1,0,0.0,9,3,-1,medium,high,0.75,medium,2,,,,,,counterexample_audit,724083
G,G_00059,knife_pass,posthoc_single,0,0,0,0,1,0,0.04639533,9,3,-1,medium,high,0.75,medium,2,,,,,,counterexample_audit,724083
G,G_00059,knife_pass,soft_penalty_fc,1,0,1,0,1,0,0.04639533,9,3,-1,medium,high,0.75,medium,2,,,,,,counterexample_audit,724083
G,G_00059,knife_pass,observed_sfc,0,0,0,0,1,0,0.0,9,3,2,medium,high,0.75,medium,2,0.2,overconfident,0.7,,,counterexample_audit,724083
G,G_00059,knife_pass,risk_aware_sfc,0,0,0,0,1,0,0.0,9,3,2,medium,high,0.75,medium,2,0.2,overconfident,0.7,,,counterexample_audit,724083
G,G_00059,knife_pass,abstaining_sfc,0,0,0,0,1,0,0.0,9,3,2,medium,high,0.75,medium,2,0.2,overconfident,0.7,,,counterexample_audit,724083
G,G_00060,knife_pass,geometric_fc,1,0,1,0,1,0,0.04531979,9,3,-1,medium,high,0.75,medium,2,,,,,,counterexample_audit,724084
G,G_00060,knife_pass,oracle_sfc,0,0,0,0,1,0,0.0,9,3,-1,medium,high,0.75,medium,2,,,,,,counterexample_audit,724084
G,G_00060,knife_pass,semantic_only,1,0,1,0,1,0,0.0,9,3,-1,medium,high,0.75,medium,2,,,,,,counterexample_audit,724084
G,G_00060,knife_pass,posthoc_single,0,0,0,0,1,0,0.04531979,9,3,-1,medium,high,0.75,medium,2,,,,,,counterexample_audit,724084
G,G_00060,knife_pass,soft_penalty_fc,1,0,1,0,1,0,0.04531979,9,3,-1,medium,high,0.75,medium,2,,,,,,counterexample_audit,724084
G,G_00060,knife_pass,observed_sfc,1,0,1,0,1,0,0.0825432,9,3,5,medium,high,0.75,medium,2,0.2,overconfident,0.7,,,counterexample_audit,724084
G,G_00060,knife_pass,risk_aware_sfc,1,0,1,0,1,0,0.0825432,9,3,5,medium,high,0.75,medium,2,0.2,overconfident,0.7,,,counterexample_audit,724084
G,G_00060,knife_pass,abstaining_sfc,1,0,1,0,1,0,0.0825432,9,3,5,medium,high,0.75,medium,2,0.2,overconfident,0.7,,,counterexample_audit,724084
G,G_00061,knife_pass,geometric_fc,1,0,1,0,1,0,0.04649387,9,3,-1,medium,high,0.75,medium,2,,,,,,counterexample_audit,724085
G,G_00061,knife_pass,oracle_sfc,0,0,0,0,1,0,0.0,9,3,-1,medium,high,0.75,medium,2,,,,,,counterexample_audit,724085
G,G_00061,knife_pass,semantic_only,1,0,1,0,1,0,0.0,9,3,-1,medium,high,0.75,medium,2,,,,,,counterexample_audit,724085
G,G_00061,knife_pass,posthoc_single,0,0,0,0,1,0,0.04649387,9,3,-1,medium,high,0.75,medium,2,,,,,,counterexample_audit,724085
G,G_00061,knife_pass,soft_penalty_fc,1,0,1,0,1,0,0.04649387,9,3,-1,medium,high,0.75,medium,2,,,,,,counterexample_audit,724085
G,G_00061,knife_pass,observed_sfc,0,0,0,0,1,0,0.0,9,3,2,medium,high,0.75,medium,2,0.2,overconfident,0.7,,,counterexample_audit,724085
G,G_00061,knife_pass,risk_aware_sfc,0,0,0,0,1,0,0.0,9,3,2,medium,high,0.75,medium,2,0.2,overconfident,0.7,,,counterexample_audit,724085
G,G_00061,knife_pass,abstaining_sfc,0,0,0,0,1,0,0.0,9,3,2,medium,high,0.75,medium,2,0.2,overconfident,0.7,,,counterexample_audit,724085
G,G_00062,knife_pass,geometric_fc,1,0,1,0,1,0,0.04181503,9,3,-1,medium,high,0.75,medium,2,,,,,,counterexample_audit,724086
G,G_00062,knife_pass,oracle_sfc,0,0,0,0,1,0,0.0,9,3,-1,medium,high,0.75,medium,2,,,,,,counterexample_audit,724086
G,G_00062,knife_pass,semantic_only,1,0,1,0,1,0,0.0,9,3,-1,medium,high,0.75,medium,2,,,,,,counterexample_audit,724086
G,G_00062,knife_pass,posthoc_single,0,0,0,0,1,0,0.04181503,9,3,-1,medium,high,0.75,medium,2,,,,,,counterexample_audit,724086
G,G_00062,knife_pass,soft_penalty_fc,1,0,1,0,1,0,0.04181503,9,3,-1,medium,high,0.75,medium,2,,,,,,counterexample_audit,724086
G,G_00062,knife_pass,observed_sfc,0,0,0,0,1,0,0.0,9,3,3,medium,high,0.75,medium,2,0.2,overconfident,0.7,,,counterexample_audit,724086
G,G_00062,knife_pass,risk_aware_sfc,0,0,0,0,1,0,0.0,9,3,3,medium,high,0.75,medium,2,0.2,overconfident,0.7,,,counterexample_audit,724086
G,G_00062,knife_pass,abstaining_sfc,0,0,0,0,1,0,0.0,9,3,3,medium,high,0.75,medium,2,0.2,overconfident,0.7,,,counterexample_audit,724086
G,G_00063,knife_pass,geometric_fc,1,0,1,0,1,0,0.04484999,9,3,-1,medium,high,0.75,medium,2,,,,,,counterexample_audit,724087
G,G_00063,knife_pass,oracle_sfc,0,0,0,0,1,0,0.0,9,3,-1,medium,high,0.75,medium,2,,,,,,counterexample_audit,724087
G,G_00063,knife_pass,semantic_only,1,0,1,0,1,0,0.0,9,3,-1,medium,high,0.75,medium,2,,,,,,counterexample_audit,724087
G,G_00063,knife_pass,posthoc_single,0,0,0,0,1,0,0.04484999,9,3,-1,medium,high,0.75,medium,2,,,,,,counterexample_audit,724087
G,G_00063,knife_pass,soft_penalty_fc,1,0,1,0,1,0,0.04484999,9,3,-1,medium,high,0.75,medium,2,,,,,,counterexample_audit,724087
G,G_00063,knife_pass,observed_sfc,1,0,1,0,1,0,0.07129752,9,3,5,medium,high,0.75,medium,2,0.2,overconfident,0.7,,,counterexample_audit,724087
G,G_00063,knife_pass,risk_aware_sfc,1,0,1,0,1,0,0.07129752,9,3,5,medium,high,0.75,medium,2,0.2,overconfident,0.7,,,counterexample_audit,724087
G,G_00063,knife_pass,abstaining_sfc,1,0,1,0,1,0,0.07129752,9,3,5,medium,high,0.75,medium,2,0.2,overconfident,0.7,,,counterexample_audit,724087
G,G_00064,knife_pass,geometric_fc,1,0,1,0,1,0,0.04557735,9,3,-1,medium,high,0.75,medium,2,,,,,,counterexample_audit,724088
G,G_00064,knife_pass,oracle_sfc,0,0,0,0,1,0,0.0,9,3,-1,medium,high,0.75,medium,2,,,,,,counterexample_audit,724088
G,G_00064,knife_pass,semantic_only,1,0,1,0,1,0,0.0,9,3,-1,medium,high,0.75,medium,2,,,,,,counterexample_audit,724088
G,G_00064,knife_pass,posthoc_single,0,0,0,0,1,0,0.04557735,9,3,-1,medium,high,0.75,medium,2,,,,,,counterexample_audit,724088
G,G_00064,knife_pass,soft_penalty_fc,1,0,1,0,1,0,0.04557735,9,3,-1,medium,high,0.75,medium,2,,,,,,counterexample_audit,724088
G,G_00064,knife_pass,observed_sfc,1,0,1,0,1,0,0.07861136,9,3,4,medium,high,0.75,medium,2,0.2,overconfident,0.7,,,counterexample_audit,724088
G,G_00064,knife_pass,risk_aware_sfc,1,0,1,0,1,0,0.07861136,9,3,4,medium,high,0.75,medium,2,0.2,overconfident,0.7,,,counterexample_audit,724088
G,G_00064,knife_pass,abstaining_sfc,1,0,1,0,1,0,0.07861136,9,3,4,medium,high,0.75,medium,2,0.2,overconfident,0.7,,,counterexample_audit,724088
G,G_00065,knife_pass,geometric_fc,1,0,1,0,1,0,0.04419231,9,3,-1,medium,high,0.75,medium,2,,,,,,counterexample_audit,724089
G,G_00065,knife_pass,oracle_sfc,0,0,0,0,1,0,0.0,9,3,-1,medium,high,0.75,medium,2,,,,,,counterexample_audit,724089
G,G_00065,knife_pass,semantic_only,1,0,1,0,1,0,0.0,9,3,-1,medium,high,0.75,medium,2,,,,,,counterexample_audit,724089
G,G_00065,knife_pass,posthoc_single,0,0,0,0,1,0,0.04419231,9,3,-1,medium,high,0.75,medium,2,,,,,,counterexample_audit,724089
G,G_00065,knife_pass,soft_penalty_fc,1,0,1,0,1,0,0.04419231,9,3,-1,medium,high,0.75,medium,2,,,,,,counterexample_audit,724089
G,G_00065,knife_pass,observed_sfc,1,0,1,0,1,0,0.07746829,9,3,5,medium,high,0.75,medium,2,0.2,overconfident,0.7,,,counterexample_audit,724089
G,G_00065,knife_pass,risk_aware_sfc,1,0,1,0,1,0,0.07746829,9,3,5,medium,high,0.75,medium,2,0.2,overconfident,0.7,,,counterexample_audit,724089
G,G_00065,knife_pass,abstaining_sfc,1,0,1,0,1,0,0.07746829,9,3,5,medium,high,0.75,medium,2,0.2,overconfident,0.7,,,counterexample_audit,724089
G,G_00066,knife_pass,geometric_fc,1,0,1,0,1,0,0.04766133,9,3,-1,medium,high,0.75,medium,2,,,,,,counterexample_audit,724090
G,G_00066,knife_pass,oracle_sfc,0,0,0,0,1,0,0.0,9,3,-1,medium,high,0.75,medium,2,,,,,,counterexample_audit,724090
G,G_00066,knife_pass,semantic_only,1,0,1,0,1,0,0.0,9,3,-1,medium,high,0.75,medium,2,,,,,,counterexample_audit,724090
G,G_00066,knife_pass,posthoc_single,0,0,0,0,1,0,0.04766133,9,3,-1,medium,high,0.75,medium,2,,,,,,counterexample_audit,724090
G,G_00066,knife_pass,soft_penalty_fc,1,0,1,0,1,0,0.04766133,9,3,-1,medium,high,0.75,medium,2,,,,,,counterexample_audit,724090
G,G_00066,knife_pass,observed_sfc,1,0,1,0,1,0,0.04148653,9,3,2,medium,high,0.75,medium,2,0.2,overconfident,0.7,,,counterexample_audit,724090
G,G_00066,knife_pass,risk_aware_sfc,1,0,1,0,1,0,0.04148653,9,3,2,medium,high,0.75,medium,2,0.2,overconfident,0.7,,,counterexample_audit,724090
G,G_00066,knife_pass,abstaining_sfc,1,0,1,0,1,0,0.04148653,9,3,2,medium,high,0.75,medium,2,0.2,overconfident,0.7,,,counterexample_audit,724090
G,G_00067,knife_pass,geometric_fc,1,0,1,0,1,0,0.04670884,9,3,-1,medium,high,0.75,medium,2,,,,,,counterexample_audit,724091
G,G_00067,knife_pass,oracle_sfc,0,0,0,0,1,0,0.0,9,3,-1,medium,high,0.75,medium,2,,,,,,counterexample_audit,724091
G,G_00067,knife_pass,semantic_only,1,0,1,0,1,0,0.0,9,3,-1,medium,high,0.75,medium,2,,,,,,counterexample_audit,724091
G,G_00067,knife_pass,posthoc_single,0,0,0,0,1,0,0.04670884,9,3,-1,medium,high,0.75,medium,2,,,,,,counterexample_audit,724091
G,G_00067,knife_pass,soft_penalty_fc,1,0,1,0,1,0,0.04670884,9,3,-1,medium,high,0.75,medium,2,,,,,,counterexample_audit,724091
G,G_00067,knife_pass,observed_sfc,0,0,0,0,1,0,0.0,9,3,2,medium,high,0.75,medium,2,0.2,overconfident,0.7,,,counterexample_audit,724091
G,G_00067,knife_pass,risk_aware_sfc,0,0,0,0,1,0,0.0,9,3,2,medium,high,0.75,medium,2,0.2,overconfident,0.7,,,counterexample_audit,724091
G,G_00067,knife_pass,abstaining_sfc,0,0,0,0,1,0,0.0,9,3,2,medium,high,0.75,medium,2,0.2,overconfident,0.7,,,counterexample_audit,724091
G,G_00068,knife_pass,geometric_fc,1,0,1,0,1,0,0.04516282,9,3,-1,medium,high,0.75,medium,2,,,,,,counterexample_audit,724092
G,G_00068,knife_pass,oracle_sfc,0,0,0,0,1,0,0.0,9,3,-1,medium,high,0.75,medium,2,,,,,,counterexample_audit,724092
G,G_00068,knife_pass,semantic_only,1,0,1,0,1,0,0.0,9,3,-1,medium,high,0.75,medium,2,,,,,,counterexample_audit,724092
G,G_00068,knife_pass,posthoc_single,0,0,0,0,1,0,0.04516282,9,3,-1,medium,high,0.75,medium,2,,,,,,counterexample_audit,724092
G,G_00068,knife_pass,soft_penalty_fc,1,0,1,0,1,0,0.04516282,9,3,-1,medium,high,0.75,medium,2,,,,,,counterexample_audit,724092
G,G_00068,knife_pass,observed_sfc,1,0,1,0,1,0,0.07913087,9,3,5,medium,high,0.75,medium,2,0.2,overconfident,0.7,,,counterexample_audit,724092
G,G_00068,knife_pass,risk_aware_sfc,1,0,1,0,1,0,0.07913087,9,3,5,medium,high,0.75,medium,2,0.2,overconfident,0.7,,,counterexample_audit,724092
G,G_00068,knife_pass,abstaining_sfc,1,0,1,0,1,0,0.07913087,9,3,5,medium,high,0.75,medium,2,0.2,overconfident,0.7,,,counterexample_audit,724092
G,G_00069,knife_pass,geometric_fc,1,0,1,0,1,0,0.04286552,9,3,-1,medium,high,0.75,medium,2,,,,,,counterexample_audit,724093
G,G_00069,knife_pass,oracle_sfc,0,0,0,0,1,0,0.0,9,3,-1,medium,high,0.75,medium,2,,,,,,counterexample_audit,724093
G,G_00069,knife_pass,semantic_only,1,0,1,0,1,0,0.0,9,3,-1,medium,high,0.75,medium,2,,,,,,counterexample_audit,724093
G,G_00069,knife_pass,posthoc_single,0,0,0,0,1,0,0.04286552,9,3,-1,medium,high,0.75,medium,2,,,,,,counterexample_audit,724093
G,G_00069,knife_pass,soft_penalty_fc,1,0,1,0,1,0,0.04286552,9,3,-1,medium,high,0.75,medium,2,,,,,,counterexample_audit,724093
G,G_00069,knife_pass,observed_sfc,1,0,1,0,1,0,0.0750504,9,3,4,medium,high,0.75,medium,2,0.2,overconfident,0.7,,,counterexample_audit,724093
G,G_00069,knife_pass,risk_aware_sfc,1,0,1,0,1,0,0.0750504,9,3,4,medium,high,0.75,medium,2,0.2,overconfident,0.7,,,counterexample_audit,724093
G,G_00069,knife_pass,abstaining_sfc,1,0,1,0,1,0,0.0750504,9,3,4,medium,high,0.75,medium,2,0.2,overconfident,0.7,,,counterexample_audit,724093
G,G_00070,knife_pass,geometric_fc,1,0,1,0,1,0,0.04768178,9,3,-1,medium,high,0.75,medium,2,,,,,,counterexample_audit,724094
G,G_00070,knife_pass,oracle_sfc,0,0,0,0,1,0,0.0,9,3,-1,medium,high,0.75,medium,2,,,,,,counterexample_audit,724094
G,G_00070,knife_pass,semantic_only,1,0,1,0,1,0,0.0,9,3,-1,medium,high,0.75,medium,2,,,,,,counterexample_audit,724094
G,G_00070,knife_pass,posthoc_single,0,0,0,0,1,0,0.04768178,9,3,-1,medium,high,0.75,medium,2,,,,,,counterexample_audit,724094
G,G_00070,knife_pass,soft_penalty_fc,1,0,1,0,1,0,0.04768178,9,3,-1,medium,high,0.75,medium,2,,,,,,counterexample_audit,724094
G,G_00070,knife_pass,observed_sfc,1,0,1,0,1,0,0.07591753,9,3,4,medium,high,0.75,medium,2,0.2,overconfident,0.7,,,counterexample_audit,724094
G,G_00070,knife_pass,risk_aware_sfc,1,0,1,0,1,0,0.07591753,9,3,4,medium,high,0.75,medium,2,0.2,overconfident,0.7,,,counterexample_audit,724094
G,G_00070,knife_pass,abstaining_sfc,1,0,1,0,1,0,0.07591753,9,3,4,medium,high,0.75,medium,2,0.2,overconfident,0.7,,,counterexample_audit,724094
G,G_00071,knife_pass,geometric_fc,1,0,1,0,1,0,0.04507726,9,3,-1,medium,high,0.75,medium,2,,,,,,counterexample_audit,724095
G,G_00071,knife_pass,oracle_sfc,0,0,0,0,1,0,0.0,9,3,-1,medium,high,0.75,medium,2,,,,,,counterexample_audit,724095
G,G_00071,knife_pass,semantic_only,1,0,1,0,1,0,0.0,9,3,-1,medium,high,0.75,medium,2,,,,,,counterexample_audit,724095
G,G_00071,knife_pass,posthoc_single,0,0,0,0,1,0,0.04507726,9,3,-1,medium,high,0.75,medium,2,,,,,,counterexample_audit,724095
G,G_00071,knife_pass,soft_penalty_fc,1,0,1,0,1,0,0.04507726,9,3,-1,medium,high,0.75,medium,2,,,,,,counterexample_audit,724095
G,G_00071,knife_pass,observed_sfc,1,0,1,0,1,0,0.06045112,9,3,4,medium,high,0.75,medium,2,0.2,overconfident,0.7,,,counterexample_audit,724095
G,G_00071,knife_pass,risk_aware_sfc,1,0,1,0,1,0,0.06045112,9,3,4,medium,high,0.75,medium,2,0.2,overconfident,0.7,,,counterexample_audit,724095
G,G_00071,knife_pass,abstaining_sfc,1,0,1,0,1,0,0.06045112,9,3,4,medium,high,0.75,medium,2,0.2,overconfident,0.7,,,counterexample_audit,724095
G,G_00072,knife_pass,geometric_fc,1,0,1,0,1,0,0.04595201,9,3,-1,medium,high,0.75,medium,2,,,,,,counterexample_audit,724096
G,G_00072,knife_pass,oracle_sfc,0,0,0,0,1,0,0.0,9,3,-1,medium,high,0.75,medium,2,,,,,,counterexample_audit,724096
G,G_00072,knife_pass,semantic_only,1,0,1,0,1,0,0.0,9,3,-1,medium,high,0.75,medium,2,,,,,,counterexample_audit,724096
G,G_00072,knife_pass,posthoc_single,0,0,0,0,1,0,0.04595201,9,3,-1,medium,high,0.75,medium,2,,,,,,counterexample_audit,724096
G,G_00072,knife_pass,soft_penalty_fc,1,0,1,0,1,0,0.04595201,9,3,-1,medium,high,0.75,medium,2,,,,,,counterexample_audit,724096
G,G_00072,knife_pass,observed_sfc,1,0,1,0,1,0,0.0781719,9,3,4,medium,high,0.75,medium,2,0.2,overconfident,0.7,,,counterexample_audit,724096
G,G_00072,knife_pass,risk_aware_sfc,1,0,1,0,1,0,0.0781719,9,3,4,medium,high,0.75,medium,2,0.2,overconfident,0.7,,,counterexample_audit,724096
G,G_00072,knife_pass,abstaining_sfc,1,0,1,0,1,0,0.0781719,9,3,4,medium,high,0.75,medium,2,0.2,overconfident,0.7,,,counterexample_audit,724096
G,G_00073,knife_pass,geometric_fc,1,0,1,0,1,0,0.04558096,9,3,-1,medium,high,0.75,medium,2,,,,,,counterexample_audit,724097
G,G_00073,knife_pass,oracle_sfc,0,0,0,0,1,0,0.0,9,3,-1,medium,high,0.75,medium,2,,,,,,counterexample_audit,724097
G,G_00073,knife_pass,semantic_only,1,0,1,0,1,0,0.0,9,3,-1,medium,high,0.75,medium,2,,,,,,counterexample_audit,724097
G,G_00073,knife_pass,posthoc_single,0,0,0,0,1,0,0.04558096,9,3,-1,medium,high,0.75,medium,2,,,,,,counterexample_audit,724097
G,G_00073,knife_pass,soft_penalty_fc,1,0,1,0,1,0,0.04558096,9,3,-1,medium,high,0.75,medium,2,,,,,,counterexample_audit,724097
G,G_00073,knife_pass,observed_sfc,1,0,1,0,1,0,0.07939925,9,3,5,medium,high,0.75,medium,2,0.2,overconfident,0.7,,,counterexample_audit,724097
G,G_00073,knife_pass,risk_aware_sfc,1,0,1,0,1,0,0.07939925,9,3,5,medium,high,0.75,medium,2,0.2,overconfident,0.7,,,counterexample_audit,724097
G,G_00073,knife_pass,abstaining_sfc,1,0,1,0,1,0,0.07939925,9,3,5,medium,high,0.75,medium,2,0.2,overconfident,0.7,,,counterexample_audit,724097
G,G_00074,knife_pass,geometric_fc,1,0,1,0,1,0,0.0421668,9,3,-1,medium,high,0.75,medium,2,,,,,,counterexample_audit,724098
G,G_00074,knife_pass,oracle_sfc,0,0,0,0,1,0,0.0,9,3,-1,medium,high,0.75,medium,2,,,,,,counterexample_audit,724098
G,G_00074,knife_pass,semantic_only,1,0,1,0,1,0,0.0,9,3,-1,medium,high,0.75,medium,2,,,,,,counterexample_audit,724098
G,G_00074,knife_pass,posthoc_single,0,0,0,0,1,0,0.0421668,9,3,-1,medium,high,0.75,medium,2,,,,,,counterexample_audit,724098
G,G_00074,knife_pass,soft_penalty_fc,1,0,1,0,1,0,0.0421668,9,3,-1,medium,high,0.75,medium,2,,,,,,counterexample_audit,724098
G,G_00074,knife_pass,observed_sfc,0,0,0,0,1,0,0.0,9,3,3,medium,high,0.75,medium,2,0.2,overconfident,0.7,,,counterexample_audit,724098
G,G_00074,knife_pass,risk_aware_sfc,0,0,0,0,1,0,0.0,9,3,3,medium,high,0.75,medium,2,0.2,overconfident,0.7,,,counterexample_audit,724098
G,G_00074,knife_pass,abstaining_sfc,0,0,0,0,1,0,0.0,9,3,3,medium,high,0.75,medium,2,0.2,overconfident,0.7,,,counterexample_audit,724098
G,G_00075,knife_pass,geometric_fc,1,0,1,0,1,0,0.04536584,9,3,-1,medium,high,0.75,medium,2,,,,,,counterexample_audit,724099
G,G_00075,knife_pass,oracle_sfc,0,0,0,0,1,0,0.0,9,3,-1,medium,high,0.75,medium,2,,,,,,counterexample_audit,724099
G,G_00075,knife_pass,semantic_only,1,0,1,0,1,0,0.0,9,3,-1,medium,high,0.75,medium,2,,,,,,counterexample_audit,724099
G,G_00075,knife_pass,posthoc_single,0,0,0,0,1,0,0.04536584,9,3,-1,medium,high,0.75,medium,2,,,,,,counterexample_audit,724099
G,G_00075,knife_pass,soft_penalty_fc,1,0,1,0,1,0,0.04536584,9,3,-1,medium,high,0.75,medium,2,,,,,,counterexample_audit,724099
G,G_00075,knife_pass,observed_sfc,1,0,1,0,1,0,0.08151383,9,3,5,medium,high,0.75,medium,2,0.2,overconfident,0.7,,,counterexample_audit,724099
G,G_00075,knife_pass,risk_aware_sfc,1,0,1,0,1,0,0.08151383,9,3,5,medium,high,0.75,medium,2,0.2,overconfident,0.7,,,counterexample_audit,724099
G,G_00075,knife_pass,abstaining_sfc,1,0,1,0,1,0,0.08151383,9,3,5,medium,high,0.75,medium,2,0.2,overconfident,0.7,,,counterexample_audit,724099
G,G_00076,knife_pass,geometric_fc,1,0,1,0,1,0,0.04506635,9,3,-1,medium,high,0.75,medium,2,,,,,,counterexample_audit,724100
G,G_00076,knife_pass,oracle_sfc,0,0,0,0,1,0,0.0,9,3,-1,medium,high,0.75,medium,2,,,,,,counterexample_audit,724100
G,G_00076,knife_pass,semantic_only,1,0,1,0,1,0,0.0,9,3,-1,medium,high,0.75,medium,2,,,,,,counterexample_audit,724100
G,G_00076,knife_pass,posthoc_single,0,0,0,0,1,0,0.04506635,9,3,-1,medium,high,0.75,medium,2,,,,,,counterexample_audit,724100
G,G_00076,knife_pass,soft_penalty_fc,1,0,1,0,1,0,0.04506635,9,3,-1,medium,high,0.75,medium,2,,,,,,counterexample_audit,724100
G,G_00076,knife_pass,observed_sfc,1,0,1,0,1,0,0.07690009,9,3,4,medium,high,0.75,medium,2,0.2,overconfident,0.7,,,counterexample_audit,724100
G,G_00076,knife_pass,risk_aware_sfc,1,0,1,0,1,0,0.07690009,9,3,4,medium,high,0.75,medium,2,0.2,overconfident,0.7,,,counterexample_audit,724100
G,G_00076,knife_pass,abstaining_sfc,1,0,1,0,1,0,0.07690009,9,3,4,medium,high,0.75,medium,2,0.2,overconfident,0.7,,,counterexample_audit,724100
G,G_00077,knife_pass,geometric_fc,1,0,1,0,1,0,0.04374773,9,3,-1,medium,high,0.75,medium,2,,,,,,counterexample_audit,724101
G,G_00077,knife_pass,oracle_sfc,0,0,0,0,1,0,0.0,9,3,-1,medium,high,0.75,medium,2,,,,,,counterexample_audit,724101
G,G_00077,knife_pass,semantic_only,1,0,1,0,1,0,0.0,9,3,-1,medium,high,0.75,medium,2,,,,,,counterexample_audit,724101
G,G_00077,knife_pass,posthoc_single,0,0,0,0,1,0,0.04374773,9,3,-1,medium,high,0.75,medium,2,,,,,,counterexample_audit,724101
G,G_00077,knife_pass,soft_penalty_fc,1,0,1,0,1,0,0.04374773,9,3,-1,medium,high,0.75,medium,2,,,,,,counterexample_audit,724101
G,G_00077,knife_pass,observed_sfc,1,0,1,0,1,0,0.12098406,9,3,3,medium,high,0.75,medium,2,0.2,overconfident,0.7,,,counterexample_audit,724101
G,G_00077,knife_pass,risk_aware_sfc,1,0,1,0,1,0,0.12098406,9,3,3,medium,high,0.75,medium,2,0.2,overconfident,0.7,,,counterexample_audit,724101
G,G_00077,knife_pass,abstaining_sfc,1,0,1,0,1,0,0.12098406,9,3,3,medium,high,0.75,medium,2,0.2,overconfident,0.7,,,counterexample_audit,724101
G,G_00078,knife_pass,geometric_fc,1,0,1,0,1,0,0.04597767,9,3,-1,medium,high,0.75,medium,2,,,,,,counterexample_audit,724102
G,G_00078,knife_pass,oracle_sfc,0,0,0,0,1,0,0.0,9,3,-1,medium,high,0.75,medium,2,,,,,,counterexample_audit,724102
G,G_00078,knife_pass,semantic_only,1,0,1,0,1,0,0.0,9,3,-1,medium,high,0.75,medium,2,,,,,,counterexample_audit,724102
G,G_00078,knife_pass,posthoc_single,0,0,0,0,1,0,0.04597767,9,3,-1,medium,high,0.75,medium,2,,,,,,counterexample_audit,724102
G,G_00078,knife_pass,soft_penalty_fc,1,0,1,0,1,0,0.04597767,9,3,-1,medium,high,0.75,medium,2,,,,,,counterexample_audit,724102
G,G_00078,knife_pass,observed_sfc,1,0,1,0,1,0,0.06737494,9,3,4,medium,high,0.75,medium,2,0.2,overconfident,0.7,,,counterexample_audit,724102
G,G_00078,knife_pass,risk_aware_sfc,1,0,1,0,1,0,0.06737494,9,3,4,medium,high,0.75,medium,2,0.2,overconfident,0.7,,,counterexample_audit,724102
G,G_00078,knife_pass,abstaining_sfc,1,0,1,0,1,0,0.06737494,9,3,4,medium,high,0.75,medium,2,0.2,overconfident,0.7,,,counterexample_audit,724102
G,G_00079,knife_pass,geometric_fc,1,0,1,0,1,0,0.04492713,9,3,-1,medium,high,0.75,medium,2,,,,,,counterexample_audit,724103
G,G_00079,knife_pass,oracle_sfc,0,0,0,0,1,0,0.0,9,3,-1,medium,high,0.75,medium,2,,,,,,counterexample_audit,724103
G,G_00079,knife_pass,semantic_only,1,0,1,0,1,0,0.0,9,3,-1,medium,high,0.75,medium,2,,,,,,counterexample_audit,724103
G,G_00079,knife_pass,posthoc_single,0,0,0,0,1,0,0.04492713,9,3,-1,medium,high,0.75,medium,2,,,,,,counterexample_audit,724103
G,G_00079,knife_pass,soft_penalty_fc,1,0,1,0,1,0,0.04492713,9,3,-1,medium,high,0.75,medium,2,,,,,,counterexample_audit,724103
G,G_00079,knife_pass,observed_sfc,1,0,1,0,1,0,0.06274922,9,3,7,medium,high,0.75,medium,2,0.2,overconfident,0.7,,,counterexample_audit,724103
G,G_00079,knife_pass,risk_aware_sfc,1,0,1,0,1,0,0.06274922,9,3,7,medium,high,0.75,medium,2,0.2,overconfident,0.7,,,counterexample_audit,724103
G,G_00079,knife_pass,abstaining_sfc,1,0,1,0,1,0,0.06274922,9,3,7,medium,high,0.75,medium,2,0.2,overconfident,0.7,,,counterexample_audit,724103
G,G_00080,knife_pass,geometric_fc,1,0,1,0,1,0,0.044669,9,3,-1,medium,high,0.75,medium,2,,,,,,counterexample_audit,724104
G,G_00080,knife_pass,oracle_sfc,0,0,0,0,1,0,0.0,9,3,-1,medium,high,0.75,medium,2,,,,,,counterexample_audit,724104
G,G_00080,knife_pass,semantic_only,1,0,1,0,1,0,0.0,9,3,-1,medium,high,0.75,medium,2,,,,,,counterexample_audit,724104
G,G_00080,knife_pass,posthoc_single,0,0,0,0,1,0,0.044669,9,3,-1,medium,high,0.75,medium,2,,,,,,counterexample_audit,724104
G,G_00080,knife_pass,soft_penalty_fc,1,0,1,0,1,0,0.044669,9,3,-1,medium,high,0.75,medium,2,,,,,,counterexample_audit,724104
G,G_00080,knife_pass,observed_sfc,1,0,1,0,1,0,0.11099399,9,3,4,medium,high,0.75,medium,2,0.2,overconfident,0.7,,,counterexample_audit,724104
G,G_00080,knife_pass,risk_aware_sfc,1,0,1,0,1,0,0.11099399,9,3,4,medium,high,0.75,medium,2,0.2,overconfident,0.7,,,counterexample_audit,724104
G,G_00080,knife_pass,abstaining_sfc,1,0,1,0,1,0,0.11099399,9,3,4,medium,high,0.75,medium,2,0.2,overconfident,0.7,,,counterexample_audit,724104
G,G_00081,mug_serve,geometric_fc,1,0,1,1,1,1,0.04540587,9,5,-1,medium,high,0.75,medium,2,,,,,,counterexample_audit,724105
G,G_00081,mug_serve,oracle_sfc,1,1,0,0,1,1,0.05802918,9,5,-1,medium,high,0.75,medium,2,,,,,,counterexample_audit,724105
G,G_00081,mug_serve,semantic_only,1,1,0,0,1,1,0.0,9,5,-1,medium,high,0.75,medium,2,,,,,,counterexample_audit,724105
G,G_00081,mug_serve,posthoc_single,0,0,0,1,1,1,0.04540587,9,5,-1,medium,high,0.75,medium,2,,,,,,counterexample_audit,724105
G,G_00081,mug_serve,soft_penalty_fc,1,0,1,1,1,1,0.04540587,9,5,-1,medium,high,0.75,medium,2,,,,,,counterexample_audit,724105
G,G_00081,mug_serve,observed_sfc,1,0,1,1,1,1,0.07364649,9,5,6,medium,high,0.75,medium,2,0.2,overconfident,0.7,,,counterexample_audit,724105
G,G_00081,mug_serve,risk_aware_sfc,1,0,1,1,1,1,0.07364649,9,5,6,medium,high,0.75,medium,2,0.2,overconfident,0.7,,,counterexample_audit,724105
G,G_00081,mug_serve,abstaining_sfc,1,0,1,1,1,1,0.07364649,9,5,6,medium,high,0.75,medium,2,0.2,overconfident,0.7,,,counterexample_audit,724105
G,G_00082,mug_serve,geometric_fc,1,0,1,1,1,1,0.04420591,9,5,-1,medium,high,0.75,medium,2,,,,,,counterexample_audit,724106
G,G_00082,mug_serve,oracle_sfc,1,1,0,0,1,1,0.07402715,9,5,-1,medium,high,0.75,medium,2,,,,,,counterexample_audit,724106
G,G_00082,mug_serve,semantic_only,1,1,0,0,1,1,0.0,9,5,-1,medium,high,0.75,medium,2,,,,,,counterexample_audit,724106
G,G_00082,mug_serve,posthoc_single,0,0,0,1,1,1,0.04420591,9,5,-1,medium,high,0.75,medium,2,,,,,,counterexample_audit,724106
G,G_00082,mug_serve,soft_penalty_fc,1,0,1,1,1,1,0.04420591,9,5,-1,medium,high,0.75,medium,2,,,,,,counterexample_audit,724106
G,G_00082,mug_serve,observed_sfc,1,0,1,1,1,1,0.07950476,9,5,6,medium,high,0.75,medium,2,0.2,overconfident,0.7,,,counterexample_audit,724106
G,G_00082,mug_serve,risk_aware_sfc,1,0,1,1,1,1,0.07950476,9,5,6,medium,high,0.75,medium,2,0.2,overconfident,0.7,,,counterexample_audit,724106
G,G_00082,mug_serve,abstaining_sfc,1,0,1,1,1,1,0.07950476,9,5,6,medium,high,0.75,medium,2,0.2,overconfident,0.7,,,counterexample_audit,724106
G,G_00083,mug_serve,geometric_fc,1,0,1,1,1,1,0.04502775,9,5,-1,medium,high,0.75,medium,2,,,,,,counterexample_audit,724107
G,G_00083,mug_serve,oracle_sfc,1,1,0,0,1,1,0.07060267,9,5,-1,medium,high,0.75,medium,2,,,,,,counterexample_audit,724107
G,G_00083,mug_serve,semantic_only,1,1,0,0,1,1,0.0,9,5,-1,medium,high,0.75,medium,2,,,,,,counterexample_audit,724107
G,G_00083,mug_serve,posthoc_single,0,0,0,1,1,1,0.04502775,9,5,-1,medium,high,0.75,medium,2,,,,,,counterexample_audit,724107
G,G_00083,mug_serve,soft_penalty_fc,1,0,1,1,1,1,0.04502775,9,5,-1,medium,high,0.75,medium,2,,,,,,counterexample_audit,724107
G,G_00083,mug_serve,observed_sfc,1,0,1,1,1,1,0.08081503,9,5,5,medium,high,0.75,medium,2,0.2,overconfident,0.7,,,counterexample_audit,724107
G,G_00083,mug_serve,risk_aware_sfc,1,0,1,1,1,1,0.08081503,9,5,5,medium,high,0.75,medium,2,0.2,overconfident,0.7,,,counterexample_audit,724107
G,G_00083,mug_serve,abstaining_sfc,1,0,1,1,1,1,0.08081503,9,5,5,medium,high,0.75,medium,2,0.2,overconfident,0.7,,,counterexample_audit,724107
G,G_00084,mug_serve,geometric_fc,1,0,1,1,1,1,0.04274713,9,5,-1,medium,high,0.75,medium,2,,,,,,counterexample_audit,724108
G,G_00084,mug_serve,oracle_sfc,1,1,0,0,1,1,0.07642565,9,5,-1,medium,high,0.75,medium,2,,,,,,counterexample_audit,724108
G,G_00084,mug_serve,semantic_only,1,1,0,0,1,1,0.0,9,5,-1,medium,high,0.75,medium,2,,,,,,counterexample_audit,724108
G,G_00084,mug_serve,posthoc_single,0,0,0,1,1,1,0.04274713,9,5,-1,medium,high,0.75,medium,2,,,,,,counterexample_audit,724108
G,G_00084,mug_serve,soft_penalty_fc,1,0,1,1,1,1,0.04274713,9,5,-1,medium,high,0.75,medium,2,,,,,,counterexample_audit,724108
G,G_00084,mug_serve,observed_sfc,1,1,0,0,1,1,0.07642565,9,5,5,medium,high,0.75,medium,2,0.2,overconfident,0.7,,,counterexample_audit,724108
G,G_00084,mug_serve,risk_aware_sfc,1,1,0,0,1,1,0.07642565,9,5,5,medium,high,0.75,medium,2,0.2,overconfident,0.7,,,counterexample_audit,724108
G,G_00084,mug_serve,abstaining_sfc,1,1,0,0,1,1,0.07642565,9,5,5,medium,high,0.75,medium,2,0.2,overconfident,0.7,,,counterexample_audit,724108
G,G_00085,mug_serve,geometric_fc,1,0,1,1,1,1,0.04409968,9,5,-1,medium,high,0.75,medium,2,,,,,,counterexample_audit,724109
G,G_00085,mug_serve,oracle_sfc,1,1,0,0,1,1,0.06465024,9,5,-1,medium,high,0.75,medium,2,,,,,,counterexample_audit,724109
G,G_00085,mug_serve,semantic_only,1,1,0,0,1,1,0.0,9,5,-1,medium,high,0.75,medium,2,,,,,,counterexample_audit,724109
G,G_00085,mug_serve,posthoc_single,0,0,0,1,1,1,0.04409968,9,5,-1,medium,high,0.75,medium,2,,,,,,counterexample_audit,724109
G,G_00085,mug_serve,soft_penalty_fc,1,0,1,1,1,1,0.04409968,9,5,-1,medium,high,0.75,medium,2,,,,,,counterexample_audit,724109
G,G_00085,mug_serve,observed_sfc,1,1,0,0,1,1,0.12953358,9,5,3,medium,high,0.75,medium,2,0.2,overconfident,0.7,,,counterexample_audit,724109
G,G_00085,mug_serve,risk_aware_sfc,1,1,0,0,1,1,0.12953358,9,5,3,medium,high,0.75,medium,2,0.2,overconfident,0.7,,,counterexample_audit,724109
G,G_00085,mug_serve,abstaining_sfc,1,1,0,0,1,1,0.12953358,9,5,3,medium,high,0.75,medium,2,0.2,overconfident,0.7,,,counterexample_audit,724109
G,G_00086,mug_serve,geometric_fc,1,0,1,1,1,1,0.04084473,9,5,-1,medium,high,0.75,medium,2,,,,,,counterexample_audit,724110
G,G_00086,mug_serve,oracle_sfc,1,1,0,0,1,1,0.08360341,9,5,-1,medium,high,0.75,medium,2,,,,,,counterexample_audit,724110
G,G_00086,mug_serve,semantic_only,1,1,0,0,1,1,0.0,9,5,-1,medium,high,0.75,medium,2,,,,,,counterexample_audit,724110
G,G_00086,mug_serve,posthoc_single,0,0,0,1,1,1,0.04084473,9,5,-1,medium,high,0.75,medium,2,,,,,,counterexample_audit,724110
G,G_00086,mug_serve,soft_penalty_fc,1,0,1,1,1,1,0.04084473,9,5,-1,medium,high,0.75,medium,2,,,,,,counterexample_audit,724110
G,G_00086,mug_serve,observed_sfc,1,1,0,0,1,1,0.08360341,9,5,5,medium,high,0.75,medium,2,0.2,overconfident,0.7,,,counterexample_audit,724110
G,G_00086,mug_serve,risk_aware_sfc,1,1,0,0,1,1,0.08360341,9,5,5,medium,high,0.75,medium,2,0.2,overconfident,0.7,,,counterexample_audit,724110
G,G_00086,mug_serve,abstaining_sfc,1,1,0,0,1,1,0.08360341,9,5,5,medium,high,0.75,medium,2,0.2,overconfident,0.7,,,counterexample_audit,724110
G,G_00087,mug_serve,geometric_fc,1,0,1,1,1,1,0.04390415,9,5,-1,medium,high,0.75,medium,2,,,,,,counterexample_audit,724111
G,G_00087,mug_serve,oracle_sfc,1,1,0,0,1,1,0.07151025,9,5,-1,medium,high,0.75,medium,2,,,,,,counterexample_audit,724111
G,G_00087,mug_serve,semantic_only,1,1,0,0,1,1,0.0,9,5,-1,medium,high,0.75,medium,2,,,,,,counterexample_audit,724111
G,G_00087,mug_serve,posthoc_single,0,0,0,1,1,1,0.04390415,9,5,-1,medium,high,0.75,medium,2,,,,,,counterexample_audit,724111
G,G_00087,mug_serve,soft_penalty_fc,1,0,1,1,1,1,0.04390415,9,5,-1,medium,high,0.75,medium,2,,,,,,counterexample_audit,724111
G,G_00087,mug_serve,observed_sfc,1,1,0,0,1,1,0.07151025,9,5,5,medium,high,0.75,medium,2,0.2,overconfident,0.7,,,counterexample_audit,724111
G,G_00087,mug_serve,risk_aware_sfc,1,1,0,0,1,1,0.07151025,9,5,5,medium,high,0.75,medium,2,0.2,overconfident,0.7,,,counterexample_audit,724111
G,G_00087,mug_serve,abstaining_sfc,1,1,0,0,1,1,0.07151025,9,5,5,medium,high,0.75,medium,2,0.2,overconfident,0.7,,,counterexample_audit,724111
G,G_00088,mug_serve,geometric_fc,1,0,1,1,1,1,0.0456538,9,5,-1,medium,high,0.75,medium,2,,,,,,counterexample_audit,724112
G,G_00088,mug_serve,oracle_sfc,1,1,0,0,1,1,0.06378803,9,5,-1,medium,high,0.75,medium,2,,,,,,counterexample_audit,724112
G,G_00088,mug_serve,semantic_only,1,1,0,0,1,1,0.0,9,5,-1,medium,high,0.75,medium,2,,,,,,counterexample_audit,724112
G,G_00088,mug_serve,posthoc_single,0,0,0,1,1,1,0.0456538,9,5,-1,medium,high,0.75,medium,2,,,,,,counterexample_audit,724112
G,G_00088,mug_serve,soft_penalty_fc,1,0,1,1,1,1,0.0456538,9,5,-1,medium,high,0.75,medium,2,,,,,,counterexample_audit,724112
G,G_00088,mug_serve,observed_sfc,1,1,0,0,1,1,0.06378803,9,5,5,medium,high,0.75,medium,2,0.2,overconfident,0.7,,,counterexample_audit,724112
G,G_00088,mug_serve,risk_aware_sfc,1,1,0,0,1,1,0.06378803,9,5,5,medium,high,0.75,medium,2,0.2,overconfident,0.7,,,counterexample_audit,724112
G,G_00088,mug_serve,abstaining_sfc,1,1,0,0,1,1,0.06378803,9,5,5,medium,high,0.75,medium,2,0.2,overconfident,0.7,,,counterexample_audit,724112
G,G_00089,mug_serve,geometric_fc,1,0,1,1,1,1,0.0440879,9,5,-1,medium,high,0.75,medium,2,,,,,,counterexample_audit,724113
G,G_00089,mug_serve,oracle_sfc,1,1,0,0,1,1,0.07693017,9,5,-1,medium,high,0.75,medium,2,,,,,,counterexample_audit,724113
G,G_00089,mug_serve,semantic_only,1,1,0,0,1,1,0.0,9,5,-1,medium,high,0.75,medium,2,,,,,,counterexample_audit,724113
G,G_00089,mug_serve,posthoc_single,0,0,0,1,1,1,0.0440879,9,5,-1,medium,high,0.75,medium,2,,,,,,counterexample_audit,724113
G,G_00089,mug_serve,soft_penalty_fc,1,0,1,1,1,1,0.0440879,9,5,-1,medium,high,0.75,medium,2,,,,,,counterexample_audit,724113
G,G_00089,mug_serve,observed_sfc,1,1,0,0,1,1,0.07693017,9,5,5,medium,high,0.75,medium,2,0.2,overconfident,0.7,,,counterexample_audit,724113
G,G_00089,mug_serve,risk_aware_sfc,1,1,0,0,1,1,0.07693017,9,5,5,medium,high,0.75,medium,2,0.2,overconfident,0.7,,,counterexample_audit,724113
G,G_00089,mug_serve,abstaining_sfc,1,1,0,0,1,1,0.07693017,9,5,5,medium,high,0.75,medium,2,0.2,overconfident,0.7,,,counterexample_audit,724113
G,G_00090,mug_serve,geometric_fc,1,0,1,1,1,1,0.04212092,9,5,-1,medium,high,0.75,medium,2,,,,,,counterexample_audit,724114
G,G_00090,mug_serve,oracle_sfc,1,1,0,0,1,1,0.08162281,9,5,-1,medium,high,0.75,medium,2,,,,,,counterexample_audit,724114
G,G_00090,mug_serve,semantic_only,1,1,0,0,1,1,0.0,9,5,-1,medium,high,0.75,medium,2,,,,,,counterexample_audit,724114
G,G_00090,mug_serve,posthoc_single,0,0,0,1,1,1,0.04212092,9,5,-1,medium,high,0.75,medium,2,,,,,,counterexample_audit,724114
G,G_00090,mug_serve,soft_penalty_fc,1,0,1,1,1,1,0.04212092,9,5,-1,medium,high,0.75,medium,2,,,,,,counterexample_audit,724114
G,G_00090,mug_serve,observed_sfc,1,1,0,0,1,1,0.08162281,9,5,5,medium,high,0.75,medium,2,0.2,overconfident,0.7,,,counterexample_audit,724114
G,G_00090,mug_serve,risk_aware_sfc,1,1,0,0,1,1,0.08162281,9,5,5,medium,high,0.75,medium,2,0.2,overconfident,0.7,,,counterexample_audit,724114
G,G_00090,mug_serve,abstaining_sfc,1,1,0,0,1,1,0.08162281,9,5,5,medium,high,0.75,medium,2,0.2,overconfident,0.7,,,counterexample_audit,724114
G,G_00091,mug_serve,geometric_fc,1,0,1,1,1,1,0.04310411,9,5,-1,medium,high,0.75,medium,2,,,,,,counterexample_audit,724115
G,G_00091,mug_serve,oracle_sfc,1,1,0,0,1,1,0.07733066,9,5,-1,medium,high,0.75,medium,2,,,,,,counterexample_audit,724115
G,G_00091,mug_serve,semantic_only,1,1,0,0,1,1,0.0,9,5,-1,medium,high,0.75,medium,2,,,,,,counterexample_audit,724115
G,G_00091,mug_serve,posthoc_single,0,0,0,1,1,1,0.04310411,9,5,-1,medium,high,0.75,medium,2,,,,,,counterexample_audit,724115
G,G_00091,mug_serve,soft_penalty_fc,1,0,1,1,1,1,0.04310411,9,5,-1,medium,high,0.75,medium,2,,,,,,counterexample_audit,724115
G,G_00091,mug_serve,observed_sfc,1,1,0,0,1,1,0.07733066,9,5,5,medium,high,0.75,medium,2,0.2,overconfident,0.7,,,counterexample_audit,724115
G,G_00091,mug_serve,risk_aware_sfc,1,1,0,0,1,1,0.07733066,9,5,5,medium,high,0.75,medium,2,0.2,overconfident,0.7,,,counterexample_audit,724115
G,G_00091,mug_serve,abstaining_sfc,1,1,0,0,1,1,0.07733066,9,5,5,medium,high,0.75,medium,2,0.2,overconfident,0.7,,,counterexample_audit,724115
G,G_00092,mug_serve,geometric_fc,1,0,1,1,1,1,0.04214281,9,5,-1,medium,high,0.75,medium,2,,,,,,counterexample_audit,724116
G,G_00092,mug_serve,oracle_sfc,1,1,0,0,1,1,0.0768773,9,5,-1,medium,high,0.75,medium,2,,,,,,counterexample_audit,724116
G,G_00092,mug_serve,semantic_only,1,1,0,0,1,1,0.0,9,5,-1,medium,high,0.75,medium,2,,,,,,counterexample_audit,724116
G,G_00092,mug_serve,posthoc_single,0,0,0,1,1,1,0.04214281,9,5,-1,medium,high,0.75,medium,2,,,,,,counterexample_audit,724116
G,G_00092,mug_serve,soft_penalty_fc,1,0,1,1,1,1,0.04214281,9,5,-1,medium,high,0.75,medium,2,,,,,,counterexample_audit,724116
G,G_00092,mug_serve,observed_sfc,1,0,1,1,1,1,0.08126608,9,5,4,medium,high,0.75,medium,2,0.2,overconfident,0.7,,,counterexample_audit,724116
G,G_00092,mug_serve,risk_aware_sfc,1,0,1,1,1,1,0.08126608,9,5,4,medium,high,0.75,medium,2,0.2,overconfident,0.7,,,counterexample_audit,724116
G,G_00092,mug_serve,abstaining_sfc,1,0,1,1,1,1,0.08126608,9,5,4,medium,high,0.75,medium,2,0.2,overconfident,0.7,,,counterexample_audit,724116
G,G_00093,mug_serve,geometric_fc,1,0,1,1,1,1,0.0424911,9,5,-1,medium,high,0.75,medium,2,,,,,,counterexample_audit,724117
G,G_00093,mug_serve,oracle_sfc,1,1,0,0,1,1,0.07414779,9,5,-1,medium,high,0.75,medium,2,,,,,,counterexample_audit,724117
G,G_00093,mug_serve,semantic_only,1,1,0,0,1,1,0.0,9,5,-1,medium,high,0.75,medium,2,,,,,,counterexample_audit,724117
G,G_00093,mug_serve,posthoc_single,0,0,0,1,1,1,0.0424911,9,5,-1,medium,high,0.75,medium,2,,,,,,counterexample_audit,724117
G,G_00093,mug_serve,soft_penalty_fc,1,0,1,1,1,1,0.0424911,9,5,-1,medium,high,0.75,medium,2,,,,,,counterexample_audit,724117
G,G_00093,mug_serve,observed_sfc,1,0,1,1,1,1,0.07975894,9,5,6,medium,high,0.75,medium,2,0.2,overconfident,0.7,,,counterexample_audit,724117
G,G_00093,mug_serve,risk_aware_sfc,1,0,1,1,1,1,0.07975894,9,5,6,medium,high,0.75,medium,2,0.2,overconfident,0.7,,,counterexample_audit,724117
G,G_00093,mug_serve,abstaining_sfc,1,0,1,1,1,1,0.07975894,9,5,6,medium,high,0.75,medium,2,0.2,overconfident,0.7,,,counterexample_audit,724117
G,G_00094,mug_serve,geometric_fc,1,0,1,1,1,1,0.04370977,9,5,-1,medium,high,0.75,medium,2,,,,,,counterexample_audit,724118
G,G_00094,mug_serve,oracle_sfc,1,1,0,0,1,1,0.07842362,9,5,-1,medium,high,0.75,medium,2,,,,,,counterexample_audit,724118
G,G_00094,mug_serve,semantic_only,1,1,0,0,1,1,0.0,9,5,-1,medium,high,0.75,medium,2,,,,,,counterexample_audit,724118
G,G_00094,mug_serve,posthoc_single,0,0,0,1,1,1,0.04370977,9,5,-1,medium,high,0.75,medium,2,,,,,,counterexample_audit,724118
G,G_00094,mug_serve,soft_penalty_fc,1,0,1,1,1,1,0.04370977,9,5,-1,medium,high,0.75,medium,2,,,,,,counterexample_audit,724118
G,G_00094,mug_serve,observed_sfc,1,1,0,0,1,1,0.07842362,9,5,5,medium,high,0.75,medium,2,0.2,overconfident,0.7,,,counterexample_audit,724118
G,G_00094,mug_serve,risk_aware_sfc,1,1,0,0,1,1,0.07842362,9,5,5,medium,high,0.75,medium,2,0.2,overconfident,0.7,,,counterexample_audit,724118
G,G_00094,mug_serve,abstaining_sfc,1,1,0,0,1,1,0.07842362,9,5,5,medium,high,0.75,medium,2,0.2,overconfident,0.7,,,counterexample_audit,724118
G,G_00095,mug_serve,geometric_fc,1,0,1,1,1,1,0.04331976,9,5,-1,medium,high,0.75,medium,2,,,,,,counterexample_audit,724119
G,G_00095,mug_serve,oracle_sfc,1,1,0,0,1,1,0.07566871,9,5,-1,medium,high,0.75,medium,2,,,,,,counterexample_audit,724119
G,G_00095,mug_serve,semantic_only,1,1,0,0,1,1,0.0,9,5,-1,medium,high,0.75,medium,2,,,,,,counterexample_audit,724119
G,G_00095,mug_serve,posthoc_single,0,0,0,1,1,1,0.04331976,9,5,-1,medium,high,0.75,medium,2,,,,,,counterexample_audit,724119
G,G_00095,mug_serve,soft_penalty_fc,1,0,1,1,1,1,0.04331976,9,5,-1,medium,high,0.75,medium,2,,,,,,counterexample_audit,724119
G,G_00095,mug_serve,observed_sfc,1,0,1,1,1,1,0.07752263,9,5,6,medium,high,0.75,medium,2,0.2,overconfident,0.7,,,counterexample_audit,724119
G,G_00095,mug_serve,risk_aware_sfc,1,0,1,1,1,1,0.07752263,9,5,6,medium,high,0.75,medium,2,0.2,overconfident,0.7,,,counterexample_audit,724119
G,G_00095,mug_serve,abstaining_sfc,1,0,1,1,1,1,0.07752263,9,5,6,medium,high,0.75,medium,2,0.2,overconfident,0.7,,,counterexample_audit,724119
G,G_00096,mug_serve,geometric_fc,1,0,1,1,1,1,0.04305388,9,5,-1,medium,high,0.75,medium,2,,,,,,counterexample_audit,724120
G,G_00096,mug_serve,oracle_sfc,1,1,0,0,1,1,0.07206503,9,5,-1,medium,high,0.75,medium,2,,,,,,counterexample_audit,724120
G,G_00096,mug_serve,semantic_only,1,1,0,0,1,1,0.0,9,5,-1,medium,high,0.75,medium,2,,,,,,counterexample_audit,724120
G,G_00096,mug_serve,posthoc_single,0,0,0,1,1,1,0.04305388,9,5,-1,medium,high,0.75,medium,2,,,,,,counterexample_audit,724120
G,G_00096,mug_serve,soft_penalty_fc,1,0,1,1,1,1,0.04305388,9,5,-1,medium,high,0.75,medium,2,,,,,,counterexample_audit,724120
G,G_00096,mug_serve,observed_sfc,1,0,1,1,1,1,0.08087702,9,5,5,medium,high,0.75,medium,2,0.2,overconfident,0.7,,,counterexample_audit,724120
G,G_00096,mug_serve,risk_aware_sfc,1,0,1,1,1,1,0.08087702,9,5,5,medium,high,0.75,medium,2,0.2,overconfident,0.7,,,counterexample_audit,724120
G,G_00096,mug_serve,abstaining_sfc,1,0,1,1,1,1,0.08087702,9,5,5,medium,high,0.75,medium,2,0.2,overconfident,0.7,,,counterexample_audit,724120
G,G_00097,mug_serve,geometric_fc,1,0,1,1,1,1,0.0411387,9,5,-1,medium,high,0.75,medium,2,,,,,,counterexample_audit,724121
G,G_00097,mug_serve,oracle_sfc,1,1,0,0,1,1,0.08361219,9,5,-1,medium,high,0.75,medium,2,,,,,,counterexample_audit,724121
G,G_00097,mug_serve,semantic_only,1,1,0,0,1,1,0.0,9,5,-1,medium,high,0.75,medium,2,,,,,,counterexample_audit,724121
G,G_00097,mug_serve,posthoc_single,0,0,0,1,1,1,0.0411387,9,5,-1,medium,high,0.75,medium,2,,,,,,counterexample_audit,724121
G,G_00097,mug_serve,soft_penalty_fc,1,0,1,1,1,1,0.0411387,9,5,-1,medium,high,0.75,medium,2,,,,,,counterexample_audit,724121
G,G_00097,mug_serve,observed_sfc,1,0,1,1,1,1,0.08196103,9,5,5,medium,high,0.75,medium,2,0.2,overconfident,0.7,,,counterexample_audit,724121
G,G_00097,mug_serve,risk_aware_sfc,1,0,1,1,1,1,0.08196103,9,5,5,medium,high,0.75,medium,2,0.2,overconfident,0.7,,,counterexample_audit,724121
G,G_00097,mug_serve,abstaining_sfc,1,0,1,1,1,1,0.08196103,9,5,5,medium,high,0.75,medium,2,0.2,overconfident,0.7,,,counterexample_audit,724121
G,G_00098,mug_serve,geometric_fc,1,0,1,1,1,1,0.04455433,9,5,-1,medium,high,0.75,medium,2,,,,,,counterexample_audit,724122
G,G_00098,mug_serve,oracle_sfc,1,1,0,0,1,1,0.06481506,9,5,-1,medium,high,0.75,medium,2,,,,,,counterexample_audit,724122
G,G_00098,mug_serve,semantic_only,1,1,0,0,1,1,0.0,9,5,-1,medium,high,0.75,medium,2,,,,,,counterexample_audit,724122
G,G_00098,mug_serve,posthoc_single,0,0,0,1,1,1,0.04455433,9,5,-1,medium,high,0.75,medium,2,,,,,,counterexample_audit,724122
G,G_00098,mug_serve,soft_penalty_fc,1,0,1,1,1,1,0.04455433,9,5,-1,medium,high,0.75,medium,2,,,,,,counterexample_audit,724122
G,G_00098,mug_serve,observed_sfc,1,0,1,1,1,1,0.0756273,9,5,6,medium,high,0.75,medium,2,0.2,overconfident,0.7,,,counterexample_audit,724122
G,G_00098,mug_serve,risk_aware_sfc,1,0,1,1,1,1,0.0756273,9,5,6,medium,high,0.75,medium,2,0.2,overconfident,0.7,,,counterexample_audit,724122
G,G_00098,mug_serve,abstaining_sfc,1,0,1,1,1,1,0.0756273,9,5,6,medium,high,0.75,medium,2,0.2,overconfident,0.7,,,counterexample_audit,724122
G,G_00099,mug_serve,geometric_fc,1,0,1,1,1,1,0.0436578,9,5,-1,medium,high,0.75,medium,2,,,,,,counterexample_audit,724123
G,G_00099,mug_serve,oracle_sfc,1,1,0,0,1,1,0.07532319,9,5,-1,medium,high,0.75,medium,2,,,,,,counterexample_audit,724123
G,G_00099,mug_serve,semantic_only,1,1,0,0,1,1,0.0,9,5,-1,medium,high,0.75,medium,2,,,,,,counterexample_audit,724123
G,G_00099,mug_serve,posthoc_single,0,0,0,1,1,1,0.0436578,9,5,-1,medium,high,0.75,medium,2,,,,,,counterexample_audit,724123
G,G_00099,mug_serve,soft_penalty_fc,1,0,1,1,1,1,0.0436578,9,5,-1,medium,high,0.75,medium,2,,,,,,counterexample_audit,724123
G,G_00099,mug_serve,observed_sfc,1,0,1,1,1,1,0.08510376,9,5,5,medium,high,0.75,medium,2,0.2,overconfident,0.7,,,counterexample_audit,724123
G,G_00099,mug_serve,risk_aware_sfc,1,0,1,1,1,1,0.08510376,9,5,5,medium,high,0.75,medium,2,0.2,overconfident,0.7,,,counterexample_audit,724123
G,G_00099,mug_serve,abstaining_sfc,1,0,1,1,1,1,0.08510376,9,5,5,medium,high,0.75,medium,2,0.2,overconfident,0.7,,,counterexample_audit,724123
G,G_00100,mug_serve,geometric_fc,1,0,1,1,1,1,0.04345537,9,5,-1,medium,high,0.75,medium,2,,,,,,counterexample_audit,724124
G,G_00100,mug_serve,oracle_sfc,1,1,0,0,1,1,0.07418236,9,5,-1,medium,high,0.75,medium,2,,,,,,counterexample_audit,724124
G,G_00100,mug_serve,semantic_only,1,1,0,0,1,1,0.0,9,5,-1,medium,high,0.75,medium,2,,,,,,counterexample_audit,724124
G,G_00100,mug_serve,posthoc_single,0,0,0,1,1,1,0.04345537,9,5,-1,medium,high,0.75,medium,2,,,,,,counterexample_audit,724124
G,G_00100,mug_serve,soft_penalty_fc,1,0,1,1,1,1,0.04345537,9,5,-1,medium,high,0.75,medium,2,,,,,,counterexample_audit,724124
G,G_00100,mug_serve,observed_sfc,1,1,0,0,1,1,0.07418236,9,5,5,medium,high,0.75,medium,2,0.2,overconfident,0.7,,,counterexample_audit,724124
G,G_00100,mug_serve,risk_aware_sfc,1,1,0,0,1,1,0.07418236,9,5,5,medium,high,0.75,medium,2,0.2,overconfident,0.7,,,counterexample_audit,724124
G,G_00100,mug_serve,abstaining_sfc,1,1,0,0,1,1,0.07418236,9,5,5,medium,high,0.75,medium,2,0.2,overconfident,0.7,,,counterexample_audit,724124
G,G_00101,mug_serve,geometric_fc,1,0,1,1,1,1,0.04669133,9,5,-1,medium,high,0.75,medium,2,,,,,,counterexample_audit,724125
G,G_00101,mug_serve,oracle_sfc,1,1,0,0,1,1,0.05887389,9,5,-1,medium,high,0.75,medium,2,,,,,,counterexample_audit,724125
G,G_00101,mug_serve,semantic_only,1,1,0,0,1,1,0.0,9,5,-1,medium,high,0.75,medium,2,,,,,,counterexample_audit,724125
G,G_00101,mug_serve,posthoc_single,0,0,0,1,1,1,0.04669133,9,5,-1,medium,high,0.75,medium,2,,,,,,counterexample_audit,724125
G,G_00101,mug_serve,soft_penalty_fc,1,0,1,1,1,1,0.04669133,9,5,-1,medium,high,0.75,medium,2,,,,,,counterexample_audit,724125
G,G_00101,mug_serve,observed_sfc,1,1,0,0,1,1,0.09307057,9,5,4,medium,high,0.75,medium,2,0.2,overconfident,0.7,,,counterexample_audit,724125
G,G_00101,mug_serve,risk_aware_sfc,1,1,0,0,1,1,0.09307057,9,5,4,medium,high,0.75,medium,2,0.2,overconfident,0.7,,,counterexample_audit,724125
G,G_00101,mug_serve,abstaining_sfc,1,1,0,0,1,1,0.09307057,9,5,4,medium,high,0.75,medium,2,0.2,overconfident,0.7,,,counterexample_audit,724125
G,G_00102,mug_serve,geometric_fc,1,0,1,1,1,1,0.04084381,9,5,-1,medium,high,0.75,medium,2,,,,,,counterexample_audit,724126
G,G_00102,mug_serve,oracle_sfc,1,1,0,0,1,1,0.08547232,9,5,-1,medium,high,0.75,medium,2,,,,,,counterexample_audit,724126
G,G_00102,mug_serve,semantic_only,1,1,0,0,1,1,0.0,9,5,-1,medium,high,0.75,medium,2,,,,,,counterexample_audit,724126
G,G_00102,mug_serve,posthoc_single,0,0,0,1,1,1,0.04084381,9,5,-1,medium,high,0.75,medium,2,,,,,,counterexample_audit,724126
G,G_00102,mug_serve,soft_penalty_fc,1,0,1,1,1,1,0.04084381,9,5,-1,medium,high,0.75,medium,2,,,,,,counterexample_audit,724126
G,G_00102,mug_serve,observed_sfc,1,1,0,0,1,1,0.08547232,9,5,5,medium,high,0.75,medium,2,0.2,overconfident,0.7,,,counterexample_audit,724126
G,G_00102,mug_serve,risk_aware_sfc,1,1,0,0,1,1,0.08547232,9,5,5,medium,high,0.75,medium,2,0.2,overconfident,0.7,,,counterexample_audit,724126
G,G_00102,mug_serve,abstaining_sfc,1,1,0,0,1,1,0.08547232,9,5,5,medium,high,0.75,medium,2,0.2,overconfident,0.7,,,counterexample_audit,724126
G,G_00103,mug_serve,geometric_fc,1,0,1,1,1,1,0.04044494,9,5,-1,medium,high,0.75,medium,2,,,,,,counterexample_audit,724127
G,G_00103,mug_serve,oracle_sfc,1,1,0,0,1,1,0.08751184,9,5,-1,medium,high,0.75,medium,2,,,,,,counterexample_audit,724127
G,G_00103,mug_serve,semantic_only,1,1,0,0,1,1,0.0,9,5,-1,medium,high,0.75,medium,2,,,,,,counterexample_audit,724127
G,G_00103,mug_serve,posthoc_single,0,0,0,1,1,1,0.04044494,9,5,-1,medium,high,0.75,medium,2,,,,,,counterexample_audit,724127
G,G_00103,mug_serve,soft_penalty_fc,1,0,1,1,1,1,0.04044494,9,5,-1,medium,high,0.75,medium,2,,,,,,counterexample_audit,724127
G,G_00103,mug_serve,observed_sfc,1,1,0,0,1,1,0.08968274,9,5,4,medium,high,0.75,medium,2,0.2,overconfident,0.7,,,counterexample_audit,724127
G,G_00103,mug_serve,risk_aware_sfc,1,1,0,0,1,1,0.08968274,9,5,4,medium,high,0.75,medium,2,0.2,overconfident,0.7,,,counterexample_audit,724127
G,G_00103,mug_serve,abstaining_sfc,1,1,0,0,1,1,0.08968274,9,5,4,medium,high,0.75,medium,2,0.2,overconfident,0.7,,,counterexample_audit,724127
G,G_00104,mug_serve,geometric_fc,1,0,1,1,1,1,0.0410623,9,5,-1,medium,high,0.75,medium,2,,,,,,counterexample_audit,724128
G,G_00104,mug_serve,oracle_sfc,1,1,0,0,1,1,0.08273797,9,5,-1,medium,high,0.75,medium,2,,,,,,counterexample_audit,724128
G,G_00104,mug_serve,semantic_only,1,1,0,0,1,1,0.0,9,5,-1,medium,high,0.75,medium,2,,,,,,counterexample_audit,724128
G,G_00104,mug_serve,posthoc_single,0,0,0,1,1,1,0.0410623,9,5,-1,medium,high,0.75,medium,2,,,,,,counterexample_audit,724128
G,G_00104,mug_serve,soft_penalty_fc,1,0,1,1,1,1,0.0410623,9,5,-1,medium,high,0.75,medium,2,,,,,,counterexample_audit,724128
G,G_00104,mug_serve,observed_sfc,1,1,0,0,1,1,0.08273797,9,5,5,medium,high,0.75,medium,2,0.2,overconfident,0.7,,,counterexample_audit,724128
G,G_00104,mug_serve,risk_aware_sfc,1,1,0,0,1,1,0.08273797,9,5,5,medium,high,0.75,medium,2,0.2,overconfident,0.7,,,counterexample_audit,724128
G,G_00104,mug_serve,abstaining_sfc,1,1,0,0,1,1,0.08273797,9,5,5,medium,high,0.75,medium,2,0.2,overconfident,0.7,,,counterexample_audit,724128
G,G_00105,mug_serve,geometric_fc,1,0,1,1,1,1,0.04236069,9,5,-1,medium,high,0.75,medium,2,,,,,,counterexample_audit,724129
G,G_00105,mug_serve,oracle_sfc,1,1,0,0,1,1,0.07825373,9,5,-1,medium,high,0.75,medium,2,,,,,,counterexample_audit,724129
G,G_00105,mug_serve,semantic_only,1,1,0,0,1,1,0.0,9,5,-1,medium,high,0.75,medium,2,,,,,,counterexample_audit,724129
G,G_00105,mug_serve,posthoc_single,0,0,0,1,1,1,0.04236069,9,5,-1,medium,high,0.75,medium,2,,,,,,counterexample_audit,724129
G,G_00105,mug_serve,soft_penalty_fc,1,0,1,1,1,1,0.04236069,9,5,-1,medium,high,0.75,medium,2,,,,,,counterexample_audit,724129
G,G_00105,mug_serve,observed_sfc,1,1,0,0,1,1,0.0820933,9,5,4,medium,high,0.75,medium,2,0.2,overconfident,0.7,,,counterexample_audit,724129
G,G_00105,mug_serve,risk_aware_sfc,1,1,0,0,1,1,0.0820933,9,5,4,medium,high,0.75,medium,2,0.2,overconfident,0.7,,,counterexample_audit,724129
G,G_00105,mug_serve,abstaining_sfc,1,1,0,0,1,1,0.0820933,9,5,4,medium,high,0.75,medium,2,0.2,overconfident,0.7,,,counterexample_audit,724129
G,G_00106,mug_serve,geometric_fc,1,0,1,1,1,1,0.0425572,9,5,-1,medium,high,0.75,medium,2,,,,,,counterexample_audit,724130
G,G_00106,mug_serve,oracle_sfc,1,1,0,0,1,1,0.0768186,9,5,-1,medium,high,0.75,medium,2,,,,,,counterexample_audit,724130
G,G_00106,mug_serve,semantic_only,1,1,0,0,1,1,0.0,9,5,-1,medium,high,0.75,medium,2,,,,,,counterexample_audit,724130
G,G_00106,mug_serve,posthoc_single,0,0,0,1,1,1,0.0425572,9,5,-1,medium,high,0.75,medium,2,,,,,,counterexample_audit,724130
G,G_00106,mug_serve,soft_penalty_fc,1,0,1,1,1,1,0.0425572,9,5,-1,medium,high,0.75,medium,2,,,,,,counterexample_audit,724130
G,G_00106,mug_serve,observed_sfc,1,1,0,0,1,1,0.0829648,9,5,4,medium,high,0.75,medium,2,0.2,overconfident,0.7,,,counterexample_audit,724130
G,G_00106,mug_serve,risk_aware_sfc,1,1,0,0,1,1,0.0829648,9,5,4,medium,high,0.75,medium,2,0.2,overconfident,0.7,,,counterexample_audit,724130
G,G_00106,mug_serve,abstaining_sfc,1,1,0,0,1,1,0.0829648,9,5,4,medium,high,0.75,medium,2,0.2,overconfident,0.7,,,counterexample_audit,724130
G,G_00107,mug_serve,geometric_fc,1,0,1,1,1,1,0.04308939,9,5,-1,medium,high,0.75,medium,2,,,,,,counterexample_audit,724131
G,G_00107,mug_serve,oracle_sfc,1,1,0,0,1,1,0.07700913,9,5,-1,medium,high,0.75,medium,2,,,,,,counterexample_audit,724131
G,G_00107,mug_serve,semantic_only,1,1,0,0,1,1,0.0,9,5,-1,medium,high,0.75,medium,2,,,,,,counterexample_audit,724131
G,G_00107,mug_serve,posthoc_single,0,0,0,1,1,1,0.04308939,9,5,-1,medium,high,0.75,medium,2,,,,,,counterexample_audit,724131
G,G_00107,mug_serve,soft_penalty_fc,1,0,1,1,1,1,0.04308939,9,5,-1,medium,high,0.75,medium,2,,,,,,counterexample_audit,724131
G,G_00107,mug_serve,observed_sfc,1,0,1,1,1,1,0.08020229,9,5,6,medium,high,0.75,medium,2,0.2,overconfident,0.7,,,counterexample_audit,724131
G,G_00107,mug_serve,risk_aware_sfc,1,0,1,1,1,1,0.08020229,9,5,6,medium,high,0.75,medium,2,0.2,overconfident,0.7,,,counterexample_audit,724131
G,G_00107,mug_serve,abstaining_sfc,1,0,1,1,1,1,0.08020229,9,5,6,medium,high,0.75,medium,2,0.2,overconfident,0.7,,,counterexample_audit,724131
G,G_00108,mug_serve,geometric_fc,1,0,1,1,1,1,0.04266616,9,5,-1,medium,high,0.75,medium,2,,,,,,counterexample_audit,724132
G,G_00108,mug_serve,oracle_sfc,1,1,0,0,1,1,0.07076296,9,5,-1,medium,high,0.75,medium,2,,,,,,counterexample_audit,724132
G,G_00108,mug_serve,semantic_only,1,1,0,0,1,1,0.0,9,5,-1,medium,high,0.75,medium,2,,,,,,counterexample_audit,724132
G,G_00108,mug_serve,posthoc_single,0,0,0,1,1,1,0.04266616,9,5,-1,medium,high,0.75,medium,2,,,,,,counterexample_audit,724132
G,G_00108,mug_serve,soft_penalty_fc,1,0,1,1,1,1,0.04266616,9,5,-1,medium,high,0.75,medium,2,,,,,,counterexample_audit,724132
G,G_00108,mug_serve,observed_sfc,1,1,0,0,1,1,0.07076296,9,5,5,medium,high,0.75,medium,2,0.2,overconfident,0.7,,,counterexample_audit,724132
G,G_00108,mug_serve,risk_aware_sfc,1,1,0,0,1,1,0.07076296,9,5,5,medium,high,0.75,medium,2,0.2,overconfident,0.7,,,counterexample_audit,724132
G,G_00108,mug_serve,abstaining_sfc,1,1,0,0,1,1,0.07076296,9,5,5,medium,high,0.75,medium,2,0.2,overconfident,0.7,,,counterexample_audit,724132
G,G_00109,mug_serve,geometric_fc,1,0,1,1,1,1,0.04198923,9,5,-1,medium,high,0.75,medium,2,,,,,,counterexample_audit,724133
G,G_00109,mug_serve,oracle_sfc,1,1,0,0,1,1,0.08197752,9,5,-1,medium,high,0.75,medium,2,,,,,,counterexample_audit,724133
G,G_00109,mug_serve,semantic_only,1,1,0,0,1,1,0.0,9,5,-1,medium,high,0.75,medium,2,,,,,,counterexample_audit,724133
G,G_00109,mug_serve,posthoc_single,0,0,0,1,1,1,0.04198923,9,5,-1,medium,high,0.75,medium,2,,,,,,counterexample_audit,724133
G,G_00109,mug_serve,soft_penalty_fc,1,0,1,1,1,1,0.04198923,9,5,-1,medium,high,0.75,medium,2,,,,,,counterexample_audit,724133
G,G_00109,mug_serve,observed_sfc,1,1,0,0,1,1,0.08197752,9,5,5,medium,high,0.75,medium,2,0.2,overconfident,0.7,,,counterexample_audit,724133
G,G_00109,mug_serve,risk_aware_sfc,1,1,0,0,1,1,0.08197752,9,5,5,medium,high,0.75,medium,2,0.2,overconfident,0.7,,,counterexample_audit,724133
G,G_00109,mug_serve,abstaining_sfc,1,1,0,0,1,1,0.08197752,9,5,5,medium,high,0.75,medium,2,0.2,overconfident,0.7,,,counterexample_audit,724133
G,G_00110,mug_serve,geometric_fc,1,0,1,1,1,1,0.044609,9,5,-1,medium,high,0.75,medium,2,,,,,,counterexample_audit,724134
G,G_00110,mug_serve,oracle_sfc,1,1,0,0,1,1,0.07349954,9,5,-1,medium,high,0.75,medium,2,,,,,,counterexample_audit,724134
G,G_00110,mug_serve,semantic_only,1,1,0,0,1,1,0.0,9,5,-1,medium,high,0.75,medium,2,,,,,,counterexample_audit,724134
G,G_00110,mug_serve,posthoc_single,0,0,0,1,1,1,0.044609,9,5,-1,medium,high,0.75,medium,2,,,,,,counterexample_audit,724134
G,G_00110,mug_serve,soft_penalty_fc,1,0,1,1,1,1,0.044609,9,5,-1,medium,high,0.75,medium,2,,,,,,counterexample_audit,724134
G,G_00110,mug_serve,observed_sfc,1,0,1,1,1,1,0.06450137,9,5,6,medium,high,0.75,medium,2,0.2,overconfident,0.7,,,counterexample_audit,724134
G,G_00110,mug_serve,risk_aware_sfc,1,0,1,1,1,1,0.06450137,9,5,6,medium,high,0.75,medium,2,0.2,overconfident,0.7,,,counterexample_audit,724134
G,G_00110,mug_serve,abstaining_sfc,1,0,1,1,1,1,0.06450137,9,5,6,medium,high,0.75,medium,2,0.2,overconfident,0.7,,,counterexample_audit,724134
G,G_00111,mug_serve,geometric_fc,1,0,1,1,1,1,0.04188556,9,5,-1,medium,high,0.75,medium,2,,,,,,counterexample_audit,724135
G,G_00111,mug_serve,oracle_sfc,1,1,0,0,1,1,0.07034416,9,5,-1,medium,high,0.75,medium,2,,,,,,counterexample_audit,724135
G,G_00111,mug_serve,semantic_only,1,1,0,0,1,1,0.0,9,5,-1,medium,high,0.75,medium,2,,,,,,counterexample_audit,724135
G,G_00111,mug_serve,posthoc_single,0,0,0,1,1,1,0.04188556,9,5,-1,medium,high,0.75,medium,2,,,,,,counterexample_audit,724135
G,G_00111,mug_serve,soft_penalty_fc,1,0,1,1,1,1,0.04188556,9,5,-1,medium,high,0.75,medium,2,,,,,,counterexample_audit,724135
G,G_00111,mug_serve,observed_sfc,1,0,1,1,1,1,0.08630668,9,5,5,medium,high,0.75,medium,2,0.2,overconfident,0.7,,,counterexample_audit,724135
G,G_00111,mug_serve,risk_aware_sfc,1,0,1,1,1,1,0.08630668,9,5,5,medium,high,0.75,medium,2,0.2,overconfident,0.7,,,counterexample_audit,724135
G,G_00111,mug_serve,abstaining_sfc,1,0,1,1,1,1,0.08630668,9,5,5,medium,high,0.75,medium,2,0.2,overconfident,0.7,,,counterexample_audit,724135
G,G_00112,mug_serve,geometric_fc,1,0,1,1,1,1,0.04428628,9,5,-1,medium,high,0.75,medium,2,,,,,,counterexample_audit,724136
G,G_00112,mug_serve,oracle_sfc,1,1,0,0,1,1,0.07871505,9,5,-1,medium,high,0.75,medium,2,,,,,,counterexample_audit,724136
G,G_00112,mug_serve,semantic_only,1,1,0,0,1,1,0.0,9,5,-1,medium,high,0.75,medium,2,,,,,,counterexample_audit,724136
G,G_00112,mug_serve,posthoc_single,0,0,0,1,1,1,0.04428628,9,5,-1,medium,high,0.75,medium,2,,,,,,counterexample_audit,724136
G,G_00112,mug_serve,soft_penalty_fc,1,0,1,1,1,1,0.04428628,9,5,-1,medium,high,0.75,medium,2,,,,,,counterexample_audit,724136
G,G_00112,mug_serve,observed_sfc,1,1,0,0,1,1,0.07871505,9,5,5,medium,high,0.75,medium,2,0.2,overconfident,0.7,,,counterexample_audit,724136
G,G_00112,mug_serve,risk_aware_sfc,1,1,0,0,1,1,0.07871505,9,5,5,medium,high,0.75,medium,2,0.2,overconfident,0.7,,,counterexample_audit,724136
G,G_00112,mug_serve,abstaining_sfc,1,1,0,0,1,1,0.07871505,9,5,5,medium,high,0.75,medium,2,0.2,overconfident,0.7,,,counterexample_audit,724136
G,G_00113,mug_serve,geometric_fc,1,0,1,1,1,1,0.04257402,9,5,-1,medium,high,0.75,medium,2,,,,,,counterexample_audit,724137
G,G_00113,mug_serve,oracle_sfc,1,1,0,0,1,1,0.07591124,9,5,-1,medium,high,0.75,medium,2,,,,,,counterexample_audit,724137
G,G_00113,mug_serve,semantic_only,1,1,0,0,1,1,0.0,9,5,-1,medium,high,0.75,medium,2,,,,,,counterexample_audit,724137
G,G_00113,mug_serve,posthoc_single,0,0,0,1,1,1,0.04257402,9,5,-1,medium,high,0.75,medium,2,,,,,,counterexample_audit,724137
G,G_00113,mug_serve,soft_penalty_fc,1,0,1,1,1,1,0.04257402,9,5,-1,medium,high,0.75,medium,2,,,,,,counterexample_audit,724137
G,G_00113,mug_serve,observed_sfc,1,0,1,1,1,1,0.08102768,9,5,5,medium,high,0.75,medium,2,0.2,overconfident,0.7,,,counterexample_audit,724137
G,G_00113,mug_serve,risk_aware_sfc,1,0,1,1,1,1,0.08102768,9,5,5,medium,high,0.75,medium,2,0.2,overconfident,0.7,,,counterexample_audit,724137
G,G_00113,mug_serve,abstaining_sfc,1,0,1,1,1,1,0.08102768,9,5,5,medium,high,0.75,medium,2,0.2,overconfident,0.7,,,counterexample_audit,724137
G,G_00114,mug_serve,geometric_fc,1,0,1,1,1,1,0.04254904,9,5,-1,medium,high,0.75,medium,2,,,,,,counterexample_audit,724138
G,G_00114,mug_serve,oracle_sfc,1,1,0,0,1,1,0.07400039,9,5,-1,medium,high,0.75,medium,2,,,,,,counterexample_audit,724138
G,G_00114,mug_serve,semantic_only,1,1,0,0,1,1,0.0,9,5,-1,medium,high,0.75,medium,2,,,,,,counterexample_audit,724138
G,G_00114,mug_serve,posthoc_single,0,0,0,1,1,1,0.04254904,9,5,-1,medium,high,0.75,medium,2,,,,,,counterexample_audit,724138
G,G_00114,mug_serve,soft_penalty_fc,1,0,1,1,1,1,0.04254904,9,5,-1,medium,high,0.75,medium,2,,,,,,counterexample_audit,724138
G,G_00114,mug_serve,observed_sfc,1,0,1,1,1,1,0.08711854,9,5,5,medium,high,0.75,medium,2,0.2,overconfident,0.7,,,counterexample_audit,724138
G,G_00114,mug_serve,risk_aware_sfc,1,0,1,1,1,1,0.08711854,9,5,5,medium,high,0.75,medium,2,0.2,overconfident,0.7,,,counterexample_audit,724138
G,G_00114,mug_serve,abstaining_sfc,1,0,1,1,1,1,0.08711854,9,5,5,medium,high,0.75,medium,2,0.2,overconfident,0.7,,,counterexample_audit,724138
G,G_00115,mug_serve,geometric_fc,1,0,1,1,1,1,0.04447905,9,5,-1,medium,high,0.75,medium,2,,,,,,counterexample_audit,724139
G,G_00115,mug_serve,oracle_sfc,1,1,0,0,1,1,0.0719193,9,5,-1,medium,high,0.75,medium,2,,,,,,counterexample_audit,724139
G,G_00115,mug_serve,semantic_only,1,1,0,0,1,1,0.0,9,5,-1,medium,high,0.75,medium,2,,,,,,counterexample_audit,724139
G,G_00115,mug_serve,posthoc_single,0,0,0,1,1,1,0.04447905,9,5,-1,medium,high,0.75,medium,2,,,,,,counterexample_audit,724139
G,G_00115,mug_serve,soft_penalty_fc,1,0,1,1,1,1,0.04447905,9,5,-1,medium,high,0.75,medium,2,,,,,,counterexample_audit,724139
G,G_00115,mug_serve,observed_sfc,1,0,1,1,1,1,0.07789789,9,5,6,medium,high,0.75,medium,2,0.2,overconfident,0.7,,,counterexample_audit,724139
G,G_00115,mug_serve,risk_aware_sfc,1,0,1,1,1,1,0.07789789,9,5,6,medium,high,0.75,medium,2,0.2,overconfident,0.7,,,counterexample_audit,724139
G,G_00115,mug_serve,abstaining_sfc,1,0,1,1,1,1,0.07789789,9,5,6,medium,high,0.75,medium,2,0.2,overconfident,0.7,,,counterexample_audit,724139
G,G_00116,mug_serve,geometric_fc,1,0,1,1,1,1,0.04204416,9,5,-1,medium,high,0.75,medium,2,,,,,,counterexample_audit,724140
G,G_00116,mug_serve,oracle_sfc,1,1,0,0,1,1,0.07611134,9,5,-1,medium,high,0.75,medium,2,,,,,,counterexample_audit,724140
G,G_00116,mug_serve,semantic_only,1,1,0,0,1,1,0.0,9,5,-1,medium,high,0.75,medium,2,,,,,,counterexample_audit,724140
G,G_00116,mug_serve,posthoc_single,0,0,0,1,1,1,0.04204416,9,5,-1,medium,high,0.75,medium,2,,,,,,counterexample_audit,724140
G,G_00116,mug_serve,soft_penalty_fc,1,0,1,1,1,1,0.04204416,9,5,-1,medium,high,0.75,medium,2,,,,,,counterexample_audit,724140
G,G_00116,mug_serve,observed_sfc,1,0,1,1,1,1,0.06787973,9,5,4,medium,high,0.75,medium,2,0.2,overconfident,0.7,,,counterexample_audit,724140
G,G_00116,mug_serve,risk_aware_sfc,1,0,1,1,1,1,0.06787973,9,5,4,medium,high,0.75,medium,2,0.2,overconfident,0.7,,,counterexample_audit,724140
G,G_00116,mug_serve,abstaining_sfc,1,0,1,1,1,1,0.06787973,9,5,4,medium,high,0.75,medium,2,0.2,overconfident,0.7,,,counterexample_audit,724140
G,G_00117,mug_serve,geometric_fc,1,0,1,1,1,1,0.04410116,9,5,-1,medium,high,0.75,medium,2,,,,,,counterexample_audit,724141
G,G_00117,mug_serve,oracle_sfc,1,1,0,0,1,1,0.06604666,9,5,-1,medium,high,0.75,medium,2,,,,,,counterexample_audit,724141
G,G_00117,mug_serve,semantic_only,1,1,0,0,1,1,0.0,9,5,-1,medium,high,0.75,medium,2,,,,,,counterexample_audit,724141
G,G_00117,mug_serve,posthoc_single,0,0,0,1,1,1,0.04410116,9,5,-1,medium,high,0.75,medium,2,,,,,,counterexample_audit,724141
G,G_00117,mug_serve,soft_penalty_fc,1,0,1,1,1,1,0.04410116,9,5,-1,medium,high,0.75,medium,2,,,,,,counterexample_audit,724141
G,G_00117,mug_serve,observed_sfc,1,1,0,0,1,1,0.07609627,9,5,4,medium,high,0.75,medium,2,0.2,overconfident,0.7,,,counterexample_audit,724141
G,G_00117,mug_serve,risk_aware_sfc,1,1,0,0,1,1,0.07609627,9,5,4,medium,high,0.75,medium,2,0.2,overconfident,0.7,,,counterexample_audit,724141
G,G_00117,mug_serve,abstaining_sfc,1,1,0,0,1,1,0.07609627,9,5,4,medium,high,0.75,medium,2,0.2,overconfident,0.7,,,counterexample_audit,724141
G,G_00118,mug_serve,geometric_fc,1,0,1,1,1,1,0.04265851,9,5,-1,medium,high,0.75,medium,2,,,,,,counterexample_audit,724142
G,G_00118,mug_serve,oracle_sfc,1,1,0,0,1,1,0.07691425,9,5,-1,medium,high,0.75,medium,2,,,,,,counterexample_audit,724142
G,G_00118,mug_serve,semantic_only,1,1,0,0,1,1,0.0,9,5,-1,medium,high,0.75,medium,2,,,,,,counterexample_audit,724142
G,G_00118,mug_serve,posthoc_single,0,0,0,1,1,1,0.04265851,9,5,-1,medium,high,0.75,medium,2,,,,,,counterexample_audit,724142
G,G_00118,mug_serve,soft_penalty_fc,1,0,1,1,1,1,0.04265851,9,5,-1,medium,high,0.75,medium,2,,,,,,counterexample_audit,724142
G,G_00118,mug_serve,observed_sfc,1,1,0,0,1,1,0.07691425,9,5,5,medium,high,0.75,medium,2,0.2,overconfident,0.7,,,counterexample_audit,724142
G,G_00118,mug_serve,risk_aware_sfc,1,1,0,0,1,1,0.07691425,9,5,5,medium,high,0.75,medium,2,0.2,overconfident,0.7,,,counterexample_audit,724142
G,G_00118,mug_serve,abstaining_sfc,1,1,0,0,1,1,0.07691425,9,5,5,medium,high,0.75,medium,2,0.2,overconfident,0.7,,,counterexample_audit,724142
G,G_00119,mug_serve,geometric_fc,1,0,1,1,1,1,0.04408706,9,5,-1,medium,high,0.75,medium,2,,,,,,counterexample_audit,724143
G,G_00119,mug_serve,oracle_sfc,1,1,0,0,1,1,0.07175024,9,5,-1,medium,high,0.75,medium,2,,,,,,counterexample_audit,724143
G,G_00119,mug_serve,semantic_only,1,1,0,0,1,1,0.0,9,5,-1,medium,high,0.75,medium,2,,,,,,counterexample_audit,724143
G,G_00119,mug_serve,posthoc_single,0,0,0,1,1,1,0.04408706,9,5,-1,medium,high,0.75,medium,2,,,,,,counterexample_audit,724143
G,G_00119,mug_serve,soft_penalty_fc,1,0,1,1,1,1,0.04408706,9,5,-1,medium,high,0.75,medium,2,,,,,,counterexample_audit,724143
G,G_00119,mug_serve,observed_sfc,1,1,0,0,1,1,0.07175024,9,5,5,medium,high,0.75,medium,2,0.2,overconfident,0.7,,,counterexample_audit,724143
G,G_00119,mug_serve,risk_aware_sfc,1,1,0,0,1,1,0.07175024,9,5,5,medium,high,0.75,medium,2,0.2,overconfident,0.7,,,counterexample_audit,724143
G,G_00119,mug_serve,abstaining_sfc,1,1,0,0,1,1,0.07175024,9,5,5,medium,high,0.75,medium,2,0.2,overconfident,0.7,,,counterexample_audit,724143
G,G_00120,mug_serve,geometric_fc,1,0,1,1,1,1,0.04381259,9,5,-1,medium,high,0.75,medium,2,,,,,,counterexample_audit,724144
G,G_00120,mug_serve,oracle_sfc,1,1,0,0,1,1,0.06827633,9,5,-1,medium,high,0.75,medium,2,,,,,,counterexample_audit,724144
G,G_00120,mug_serve,semantic_only,1,1,0,0,1,1,0.0,9,5,-1,medium,high,0.75,medium,2,,,,,,counterexample_audit,724144
G,G_00120,mug_serve,posthoc_single,0,0,0,1,1,1,0.04381259,9,5,-1,medium,high,0.75,medium,2,,,,,,counterexample_audit,724144
G,G_00120,mug_serve,soft_penalty_fc,1,0,1,1,1,1,0.04381259,9,5,-1,medium,high,0.75,medium,2,,,,,,counterexample_audit,724144
G,G_00120,mug_serve,observed_sfc,1,1,0,0,1,1,0.0810044,9,5,4,medium,high,0.75,medium,2,0.2,overconfident,0.7,,,counterexample_audit,724144
G,G_00120,mug_serve,risk_aware_sfc,1,1,0,0,1,1,0.0810044,9,5,4,medium,high,0.75,medium,2,0.2,overconfident,0.7,,,counterexample_audit,724144
G,G_00120,mug_serve,abstaining_sfc,1,1,0,0,1,1,0.0810044,9,5,4,medium,high,0.75,medium,2,0.2,overconfident,0.7,,,counterexample_audit,724144
G,G_00121,mug_serve,geometric_fc,1,0,1,1,1,1,0.03962243,9,5,-1,medium,high,0.75,medium,2,,,,,,counterexample_audit,724145
G,G_00121,mug_serve,oracle_sfc,1,1,0,0,1,1,0.08967296,9,5,-1,medium,high,0.75,medium,2,,,,,,counterexample_audit,724145
G,G_00121,mug_serve,semantic_only,1,1,0,0,1,1,0.0,9,5,-1,medium,high,0.75,medium,2,,,,,,counterexample_audit,724145
G,G_00121,mug_serve,posthoc_single,0,0,0,1,1,1,0.03962243,9,5,-1,medium,high,0.75,medium,2,,,,,,counterexample_audit,724145
G,G_00121,mug_serve,soft_penalty_fc,1,0,1,1,1,1,0.03962243,9,5,-1,medium,high,0.75,medium,2,,,,,,counterexample_audit,724145
G,G_00121,mug_serve,observed_sfc,1,1,0,0,1,1,0.08967296,9,5,5,medium,high,0.75,medium,2,0.2,overconfident,0.7,,,counterexample_audit,724145
G,G_00121,mug_serve,risk_aware_sfc,1,1,0,0,1,1,0.08967296,9,5,5,medium,high,0.75,medium,2,0.2,overconfident,0.7,,,counterexample_audit,724145
G,G_00121,mug_serve,abstaining_sfc,1,1,0,0,1,1,0.08967296,9,5,5,medium,high,0.75,medium,2,0.2,overconfident,0.7,,,counterexample_audit,724145
G,G_00122,mug_serve,geometric_fc,1,0,1,1,1,1,0.03979725,9,5,-1,medium,high,0.75,medium,2,,,,,,counterexample_audit,724146
G,G_00122,mug_serve,oracle_sfc,1,1,0,0,1,1,0.08550424,9,5,-1,medium,high,0.75,medium,2,,,,,,counterexample_audit,724146
G,G_00122,mug_serve,semantic_only,1,1,0,0,1,1,0.0,9,5,-1,medium,high,0.75,medium,2,,,,,,counterexample_audit,724146
G,G_00122,mug_serve,posthoc_single,0,0,0,1,1,1,0.03979725,9,5,-1,medium,high,0.75,medium,2,,,,,,counterexample_audit,724146
G,G_00122,mug_serve,soft_penalty_fc,1,0,1,1,1,1,0.03979725,9,5,-1,medium,high,0.75,medium,2,,,,,,counterexample_audit,724146
G,G_00122,mug_serve,observed_sfc,1,1,0,0,1,1,0.08550424,9,5,5,medium,high,0.75,medium,2,0.2,overconfident,0.7,,,counterexample_audit,724146
G,G_00122,mug_serve,risk_aware_sfc,1,1,0,0,1,1,0.08550424,9,5,5,medium,high,0.75,medium,2,0.2,overconfident,0.7,,,counterexample_audit,724146
G,G_00122,mug_serve,abstaining_sfc,1,1,0,0,1,1,0.08550424,9,5,5,medium,high,0.75,medium,2,0.2,overconfident,0.7,,,counterexample_audit,724146
G,G_00123,mug_serve,geometric_fc,1,0,1,1,1,1,0.04144781,9,5,-1,medium,high,0.75,medium,2,,,,,,counterexample_audit,724147
G,G_00123,mug_serve,oracle_sfc,1,1,0,0,1,1,0.0808596,9,5,-1,medium,high,0.75,medium,2,,,,,,counterexample_audit,724147
G,G_00123,mug_serve,semantic_only,1,1,0,0,1,1,0.0,9,5,-1,medium,high,0.75,medium,2,,,,,,counterexample_audit,724147
G,G_00123,mug_serve,posthoc_single,0,0,0,1,1,1,0.04144781,9,5,-1,medium,high,0.75,medium,2,,,,,,counterexample_audit,724147
G,G_00123,mug_serve,soft_penalty_fc,1,0,1,1,1,1,0.04144781,9,5,-1,medium,high,0.75,medium,2,,,,,,counterexample_audit,724147
G,G_00123,mug_serve,observed_sfc,1,1,0,0,1,1,0.0808596,9,5,5,medium,high,0.75,medium,2,0.2,overconfident,0.7,,,counterexample_audit,724147
G,G_00123,mug_serve,risk_aware_sfc,1,1,0,0,1,1,0.0808596,9,5,5,medium,high,0.75,medium,2,0.2,overconfident,0.7,,,counterexample_audit,724147
G,G_00123,mug_serve,abstaining_sfc,1,1,0,0,1,1,0.0808596,9,5,5,medium,high,0.75,medium,2,0.2,overconfident,0.7,,,counterexample_audit,724147
G,G_00124,mug_serve,geometric_fc,1,0,1,1,1,1,0.04227931,9,5,-1,medium,high,0.75,medium,2,,,,,,counterexample_audit,724148
G,G_00124,mug_serve,oracle_sfc,1,1,0,0,1,1,0.08464517,9,5,-1,medium,high,0.75,medium,2,,,,,,counterexample_audit,724148
G,G_00124,mug_serve,semantic_only,1,1,0,0,1,1,0.0,9,5,-1,medium,high,0.75,medium,2,,,,,,counterexample_audit,724148
G,G_00124,mug_serve,posthoc_single,0,0,0,1,1,1,0.04227931,9,5,-1,medium,high,0.75,medium,2,,,,,,counterexample_audit,724148
G,G_00124,mug_serve,soft_penalty_fc,1,0,1,1,1,1,0.04227931,9,5,-1,medium,high,0.75,medium,2,,,,,,counterexample_audit,724148
G,G_00124,mug_serve,observed_sfc,1,1,0,0,1,1,0.08464517,9,5,5,medium,high,0.75,medium,2,0.2,overconfident,0.7,,,counterexample_audit,724148
G,G_00124,mug_serve,risk_aware_sfc,1,1,0,0,1,1,0.08464517,9,5,5,medium,high,0.75,medium,2,0.2,overconfident,0.7,,,counterexample_audit,724148
G,G_00124,mug_serve,abstaining_sfc,1,1,0,0,1,1,0.08464517,9,5,5,medium,high,0.75,medium,2,0.2,overconfident,0.7,,,counterexample_audit,724148
G,G_00125,mug_serve,geometric_fc,1,0,1,1,1,1,0.04454549,9,5,-1,medium,high,0.75,medium,2,,,,,,counterexample_audit,724149
G,G_00125,mug_serve,oracle_sfc,1,1,0,0,1,1,0.07465752,9,5,-1,medium,high,0.75,medium,2,,,,,,counterexample_audit,724149
G,G_00125,mug_serve,semantic_only,1,1,0,0,1,1,0.0,9,5,-1,medium,high,0.75,medium,2,,,,,,counterexample_audit,724149
G,G_00125,mug_serve,posthoc_single,0,0,0,1,1,1,0.04454549,9,5,-1,medium,high,0.75,medium,2,,,,,,counterexample_audit,724149
G,G_00125,mug_serve,soft_penalty_fc,1,0,1,1,1,1,0.04454549,9,5,-1,medium,high,0.75,medium,2,,,,,,counterexample_audit,724149
G,G_00125,mug_serve,observed_sfc,1,1,0,0,1,1,0.10406499,9,5,3,medium,high,0.75,medium,2,0.2,overconfident,0.7,,,counterexample_audit,724149
G,G_00125,mug_serve,risk_aware_sfc,1,1,0,0,1,1,0.10406499,9,5,3,medium,high,0.75,medium,2,0.2,overconfident,0.7,,,counterexample_audit,724149
G,G_00125,mug_serve,abstaining_sfc,1,1,0,0,1,1,0.10406499,9,5,3,medium,high,0.75,medium,2,0.2,overconfident,0.7,,,counterexample_audit,724149
G,G_00126,mug_serve,geometric_fc,1,0,1,1,1,1,0.04271583,9,5,-1,medium,high,0.75,medium,2,,,,,,counterexample_audit,724150
G,G_00126,mug_serve,oracle_sfc,1,1,0,0,1,1,0.07972972,9,5,-1,medium,high,0.75,medium,2,,,,,,counterexample_audit,724150
G,G_00126,mug_serve,semantic_only,1,1,0,0,1,1,0.0,9,5,-1,medium,high,0.75,medium,2,,,,,,counterexample_audit,724150
G,G_00126,mug_serve,posthoc_single,0,0,0,1,1,1,0.04271583,9,5,-1,medium,high,0.75,medium,2,,,,,,counterexample_audit,724150
G,G_00126,mug_serve,soft_penalty_fc,1,0,1,1,1,1,0.04271583,9,5,-1,medium,high,0.75,medium,2,,,,,,counterexample_audit,724150
G,G_00126,mug_serve,observed_sfc,1,0,1,1,1,1,0.08112844,9,5,5,medium,high,0.75,medium,2,0.2,overconfident,0.7,,,counterexample_audit,724150
G,G_00126,mug_serve,risk_aware_sfc,1,0,1,1,1,1,0.08112844,9,5,5,medium,high,0.75,medium,2,0.2,overconfident,0.7,,,counterexample_audit,724150
G,G_00126,mug_serve,abstaining_sfc,1,0,1,1,1,1,0.08112844,9,5,5,medium,high,0.75,medium,2,0.2,overconfident,0.7,,,counterexample_audit,724150
G,G_00127,mug_serve,geometric_fc,1,0,1,1,1,1,0.04305797,9,5,-1,medium,high,0.75,medium,2,,,,,,counterexample_audit,724151
G,G_00127,mug_serve,oracle_sfc,1,1,0,0,1,1,0.07814212,9,5,-1,medium,high,0.75,medium,2,,,,,,counterexample_audit,724151
G,G_00127,mug_serve,semantic_only,1,1,0,0,1,1,0.0,9,5,-1,medium,high,0.75,medium,2,,,,,,counterexample_audit,724151
G,G_00127,mug_serve,posthoc_single,0,0,0,1,1,1,0.04305797,9,5,-1,medium,high,0.75,medium,2,,,,,,counterexample_audit,724151
G,G_00127,mug_serve,soft_penalty_fc,1,0,1,1,1,1,0.04305797,9,5,-1,medium,high,0.75,medium,2,,,,,,counterexample_audit,724151
G,G_00127,mug_serve,observed_sfc,1,1,0,0,1,1,0.07814212,9,5,5,medium,high,0.75,medium,2,0.2,overconfident,0.7,,,counterexample_audit,724151
G,G_00127,mug_serve,risk_aware_sfc,1,1,0,0,1,1,0.07814212,9,5,5,medium,high,0.75,medium,2,0.2,overconfident,0.7,,,counterexample_audit,724151
G,G_00127,mug_serve,abstaining_sfc,1,1,0,0,1,1,0.07814212,9,5,5,medium,high,0.75,medium,2,0.2,overconfident,0.7,,,counterexample_audit,724151
G,G_00128,mug_serve,geometric_fc,1,0,1,1,1,1,0.04158373,9,5,-1,medium,high,0.75,medium,2,,,,,,counterexample_audit,724152
G,G_00128,mug_serve,oracle_sfc,1,1,0,0,1,1,0.06719802,9,5,-1,medium,high,0.75,medium,2,,,,,,counterexample_audit,724152
G,G_00128,mug_serve,semantic_only,1,1,0,0,1,1,0.0,9,5,-1,medium,high,0.75,medium,2,,,,,,counterexample_audit,724152
G,G_00128,mug_serve,posthoc_single,0,0,0,1,1,1,0.04158373,9,5,-1,medium,high,0.75,medium,2,,,,,,counterexample_audit,724152
G,G_00128,mug_serve,soft_penalty_fc,1,0,1,1,1,1,0.04158373,9,5,-1,medium,high,0.75,medium,2,,,,,,counterexample_audit,724152
G,G_00128,mug_serve,observed_sfc,1,0,1,1,1,1,0.08370824,9,5,5,medium,high,0.75,medium,2,0.2,overconfident,0.7,,,counterexample_audit,724152
G,G_00128,mug_serve,risk_aware_sfc,1,0,1,1,1,1,0.08370824,9,5,5,medium,high,0.75,medium,2,0.2,overconfident,0.7,,,counterexample_audit,724152
G,G_00128,mug_serve,abstaining_sfc,1,0,1,1,1,1,0.08370824,9,5,5,medium,high,0.75,medium,2,0.2,overconfident,0.7,,,counterexample_audit,724152
G,G_00129,mug_serve,geometric_fc,1,0,1,1,1,1,0.04320324,9,5,-1,medium,high,0.75,medium,2,,,,,,counterexample_audit,724153
G,G_00129,mug_serve,oracle_sfc,1,1,0,0,1,1,0.08549916,9,5,-1,medium,high,0.75,medium,2,,,,,,counterexample_audit,724153
G,G_00129,mug_serve,semantic_only,1,1,0,0,1,1,0.0,9,5,-1,medium,high,0.75,medium,2,,,,,,counterexample_audit,724153
G,G_00129,mug_serve,posthoc_single,0,0,0,1,1,1,0.04320324,9,5,-1,medium,high,0.75,medium,2,,,,,,counterexample_audit,724153
G,G_00129,mug_serve,soft_penalty_fc,1,0,1,1,1,1,0.04320324,9,5,-1,medium,high,0.75,medium,2,,,,,,counterexample_audit,724153
G,G_00129,mug_serve,observed_sfc,1,1,0,0,1,1,0.08958921,9,5,4,medium,high,0.75,medium,2,0.2,overconfident,0.7,,,counterexample_audit,724153
G,G_00129,mug_serve,risk_aware_sfc,1,1,0,0,1,1,0.08958921,9,5,4,medium,high,0.75,medium,2,0.2,overconfident,0.7,,,counterexample_audit,724153
G,G_00129,mug_serve,abstaining_sfc,1,1,0,0,1,1,0.08958921,9,5,4,medium,high,0.75,medium,2,0.2,overconfident,0.7,,,counterexample_audit,724153
G,G_00130,mug_serve,geometric_fc,1,0,1,1,1,1,0.04195343,9,5,-1,medium,high,0.75,medium,2,,,,,,counterexample_audit,724154
G,G_00130,mug_serve,oracle_sfc,1,1,0,0,1,1,0.08522873,9,5,-1,medium,high,0.75,medium,2,,,,,,counterexample_audit,724154
G,G_00130,mug_serve,semantic_only,1,1,0,0,1,1,0.0,9,5,-1,medium,high,0.75,medium,2,,,,,,counterexample_audit,724154
G,G_00130,mug_serve,posthoc_single,0,0,0,1,1,1,0.04195343,9,5,-1,medium,high,0.75,medium,2,,,,,,counterexample_audit,724154
G,G_00130,mug_serve,soft_penalty_fc,1,0,1,1,1,1,0.04195343,9,5,-1,medium,high,0.75,medium,2,,,,,,counterexample_audit,724154
G,G_00130,mug_serve,observed_sfc,1,0,1,1,1,1,0.0613653,9,5,7,medium,high,0.75,medium,2,0.2,overconfident,0.7,,,counterexample_audit,724154
G,G_00130,mug_serve,risk_aware_sfc,1,0,1,1,1,1,0.0613653,9,5,7,medium,high,0.75,medium,2,0.2,overconfident,0.7,,,counterexample_audit,724154
G,G_00130,mug_serve,abstaining_sfc,1,0,1,1,1,1,0.0613653,9,5,7,medium,high,0.75,medium,2,0.2,overconfident,0.7,,,counterexample_audit,724154
G,G_00131,mug_serve,geometric_fc,1,0,1,1,1,1,0.03922116,9,5,-1,medium,high,0.75,medium,2,,,,,,counterexample_audit,724155
G,G_00131,mug_serve,oracle_sfc,1,1,0,0,1,1,0.09253329,9,5,-1,medium,high,0.75,medium,2,,,,,,counterexample_audit,724155
G,G_00131,mug_serve,semantic_only,1,1,0,0,1,1,0.0,9,5,-1,medium,high,0.75,medium,2,,,,,,counterexample_audit,724155
G,G_00131,mug_serve,posthoc_single,0,0,0,1,1,1,0.03922116,9,5,-1,medium,high,0.75,medium,2,,,,,,counterexample_audit,724155
G,G_00131,mug_serve,soft_penalty_fc,1,0,1,1,1,1,0.03922116,9,5,-1,medium,high,0.75,medium,2,,,,,,counterexample_audit,724155
G,G_00131,mug_serve,observed_sfc,1,1,0,0,1,1,0.09253329,9,5,5,medium,high,0.75,medium,2,0.2,overconfident,0.7,,,counterexample_audit,724155
G,G_00131,mug_serve,risk_aware_sfc,1,1,0,0,1,1,0.09253329,9,5,5,medium,high,0.75,medium,2,0.2,overconfident,0.7,,,counterexample_audit,724155
G,G_00131,mug_serve,abstaining_sfc,1,1,0,0,1,1,0.09253329,9,5,5,medium,high,0.75,medium,2,0.2,overconfident,0.7,,,counterexample_audit,724155
G,G_00132,mug_serve,geometric_fc,1,0,1,1,1,1,0.04335407,9,5,-1,medium,high,0.75,medium,2,,,,,,counterexample_audit,724156
G,G_00132,mug_serve,oracle_sfc,1,1,0,0,1,1,0.07856967,9,5,-1,medium,high,0.75,medium,2,,,,,,counterexample_audit,724156
G,G_00132,mug_serve,semantic_only,1,1,0,0,1,1,0.0,9,5,-1,medium,high,0.75,medium,2,,,,,,counterexample_audit,724156
G,G_00132,mug_serve,posthoc_single,0,0,0,1,1,1,0.04335407,9,5,-1,medium,high,0.75,medium,2,,,,,,counterexample_audit,724156
G,G_00132,mug_serve,soft_penalty_fc,1,0,1,1,1,1,0.04335407,9,5,-1,medium,high,0.75,medium,2,,,,,,counterexample_audit,724156
G,G_00132,mug_serve,observed_sfc,1,1,0,0,1,1,0.07856967,9,5,5,medium,high,0.75,medium,2,0.2,overconfident,0.7,,,counterexample_audit,724156
G,G_00132,mug_serve,risk_aware_sfc,1,1,0,0,1,1,0.07856967,9,5,5,medium,high,0.75,medium,2,0.2,overconfident,0.7,,,counterexample_audit,724156
G,G_00132,mug_serve,abstaining_sfc,1,1,0,0,1,1,0.07856967,9,5,5,medium,high,0.75,medium,2,0.2,overconfident,0.7,,,counterexample_audit,724156
G,G_00133,mug_serve,geometric_fc,1,0,1,1,1,1,0.04151869,9,5,-1,medium,high,0.75,medium,2,,,,,,counterexample_audit,724157
G,G_00133,mug_serve,oracle_sfc,1,1,0,0,1,1,0.08677327,9,5,-1,medium,high,0.75,medium,2,,,,,,counterexample_audit,724157
G,G_00133,mug_serve,semantic_only,1,1,0,0,1,1,0.0,9,5,-1,medium,high,0.75,medium,2,,,,,,counterexample_audit,724157
G,G_00133,mug_serve,posthoc_single,0,0,0,1,1,1,0.04151869,9,5,-1,medium,high,0.75,medium,2,,,,,,counterexample_audit,724157
G,G_00133,mug_serve,soft_penalty_fc,1,0,1,1,1,1,0.04151869,9,5,-1,medium,high,0.75,medium,2,,,,,,counterexample_audit,724157
G,G_00133,mug_serve,observed_sfc,1,0,1,1,1,1,0.08048802,9,5,6,medium,high,0.75,medium,2,0.2,overconfident,0.7,,,counterexample_audit,724157
G,G_00133,mug_serve,risk_aware_sfc,1,0,1,1,1,1,0.08048802,9,5,6,medium,high,0.75,medium,2,0.2,overconfident,0.7,,,counterexample_audit,724157
G,G_00133,mug_serve,abstaining_sfc,1,0,1,1,1,1,0.08048802,9,5,6,medium,high,0.75,medium,2,0.2,overconfident,0.7,,,counterexample_audit,724157
G,G_00134,mug_serve,geometric_fc,1,0,1,1,1,1,0.04249884,9,5,-1,medium,high,0.75,medium,2,,,,,,counterexample_audit,724158
G,G_00134,mug_serve,oracle_sfc,1,1,0,0,1,1,0.07388274,9,5,-1,medium,high,0.75,medium,2,,,,,,counterexample_audit,724158
G,G_00134,mug_serve,semantic_only,1,1,0,0,1,1,0.0,9,5,-1,medium,high,0.75,medium,2,,,,,,counterexample_audit,724158
G,G_00134,mug_serve,posthoc_single,0,0,0,1,1,1,0.04249884,9,5,-1,medium,high,0.75,medium,2,,,,,,counterexample_audit,724158
G,G_00134,mug_serve,soft_penalty_fc,1,0,1,1,1,1,0.04249884,9,5,-1,medium,high,0.75,medium,2,,,,,,counterexample_audit,724158
G,G_00134,mug_serve,observed_sfc,1,1,0,0,1,1,0.07388274,9,5,5,medium,high,0.75,medium,2,0.2,overconfident,0.7,,,counterexample_audit,724158
G,G_00134,mug_serve,risk_aware_sfc,1,1,0,0,1,1,0.07388274,9,5,5,medium,high,0.75,medium,2,0.2,overconfident,0.7,,,counterexample_audit,724158
G,G_00134,mug_serve,abstaining_sfc,1,1,0,0,1,1,0.07388274,9,5,5,medium,high,0.75,medium,2,0.2,overconfident,0.7,,,counterexample_audit,724158
G,G_00135,mug_serve,geometric_fc,1,0,1,1,1,1,0.04245227,9,5,-1,medium,high,0.75,medium,2,,,,,,counterexample_audit,724159
G,G_00135,mug_serve,oracle_sfc,1,1,0,0,1,1,0.07376313,9,5,-1,medium,high,0.75,medium,2,,,,,,counterexample_audit,724159
G,G_00135,mug_serve,semantic_only,1,1,0,0,1,1,0.0,9,5,-1,medium,high,0.75,medium,2,,,,,,counterexample_audit,724159
G,G_00135,mug_serve,posthoc_single,0,0,0,1,1,1,0.04245227,9,5,-1,medium,high,0.75,medium,2,,,,,,counterexample_audit,724159
G,G_00135,mug_serve,soft_penalty_fc,1,0,1,1,1,1,0.04245227,9,5,-1,medium,high,0.75,medium,2,,,,,,counterexample_audit,724159
G,G_00135,mug_serve,observed_sfc,1,0,1,1,1,1,0.08477453,9,5,5,medium,high,0.75,medium,2,0.2,overconfident,0.7,,,counterexample_audit,724159
G,G_00135,mug_serve,risk_aware_sfc,1,0,1,1,1,1,0.08477453,9,5,5,medium,high,0.75,medium,2,0.2,overconfident,0.7,,,counterexample_audit,724159
G,G_00135,mug_serve,abstaining_sfc,1,0,1,1,1,1,0.08477453,9,5,5,medium,high,0.75,medium,2,0.2,overconfident,0.7,,,counterexample_audit,724159
G,G_00136,mug_serve,geometric_fc,1,0,1,1,1,1,0.04127933,9,5,-1,medium,high,0.75,medium,2,,,,,,counterexample_audit,724160
G,G_00136,mug_serve,oracle_sfc,1,1,0,0,1,1,0.09207735,9,5,-1,medium,high,0.75,medium,2,,,,,,counterexample_audit,724160
G,G_00136,mug_serve,semantic_only,1,1,0,0,1,1,0.0,9,5,-1,medium,high,0.75,medium,2,,,,,,counterexample_audit,724160
G,G_00136,mug_serve,posthoc_single,0,0,0,1,1,1,0.04127933,9,5,-1,medium,high,0.75,medium,2,,,,,,counterexample_audit,724160
G,G_00136,mug_serve,soft_penalty_fc,1,0,1,1,1,1,0.04127933,9,5,-1,medium,high,0.75,medium,2,,,,,,counterexample_audit,724160
G,G_00136,mug_serve,observed_sfc,1,1,0,0,1,1,0.09207735,9,5,5,medium,high,0.75,medium,2,0.2,overconfident,0.7,,,counterexample_audit,724160
G,G_00136,mug_serve,risk_aware_sfc,1,1,0,0,1,1,0.09207735,9,5,5,medium,high,0.75,medium,2,0.2,overconfident,0.7,,,counterexample_audit,724160
G,G_00136,mug_serve,abstaining_sfc,1,1,0,0,1,1,0.09207735,9,5,5,medium,high,0.75,medium,2,0.2,overconfident,0.7,,,counterexample_audit,724160
G,G_00137,mug_serve,geometric_fc,1,0,1,1,1,1,0.04268495,9,5,-1,medium,high,0.75,medium,2,,,,,,counterexample_audit,724161
G,G_00137,mug_serve,oracle_sfc,1,1,0,0,1,1,0.07883517,9,5,-1,medium,high,0.75,medium,2,,,,,,counterexample_audit,724161
G,G_00137,mug_serve,semantic_only,1,1,0,0,1,1,0.0,9,5,-1,medium,high,0.75,medium,2,,,,,,counterexample_audit,724161
G,G_00137,mug_serve,posthoc_single,0,0,0,1,1,1,0.04268495,9,5,-1,medium,high,0.75,medium,2,,,,,,counterexample_audit,724161
G,G_00137,mug_serve,soft_penalty_fc,1,0,1,1,1,1,0.04268495,9,5,-1,medium,high,0.75,medium,2,,,,,,counterexample_audit,724161
G,G_00137,mug_serve,observed_sfc,1,0,1,1,1,1,0.07979385,9,5,6,medium,high,0.75,medium,2,0.2,overconfident,0.7,,,counterexample_audit,724161
G,G_00137,mug_serve,risk_aware_sfc,1,0,1,1,1,1,0.07979385,9,5,6,medium,high,0.75,medium,2,0.2,overconfident,0.7,,,counterexample_audit,724161
G,G_00137,mug_serve,abstaining_sfc,1,0,1,1,1,1,0.07979385,9,5,6,medium,high,0.75,medium,2,0.2,overconfident,0.7,,,counterexample_audit,724161
G,G_00138,mug_serve,geometric_fc,1,0,1,1,1,1,0.04101752,9,5,-1,medium,high,0.75,medium,2,,,,,,counterexample_audit,724162
G,G_00138,mug_serve,oracle_sfc,1,1,0,0,1,1,0.08796217,9,5,-1,medium,high,0.75,medium,2,,,,,,counterexample_audit,724162
G,G_00138,mug_serve,semantic_only,1,1,0,0,1,1,0.0,9,5,-1,medium,high,0.75,medium,2,,,,,,counterexample_audit,724162
G,G_00138,mug_serve,posthoc_single,0,0,0,1,1,1,0.04101752,9,5,-1,medium,high,0.75,medium,2,,,,,,counterexample_audit,724162
G,G_00138,mug_serve,soft_penalty_fc,1,0,1,1,1,1,0.04101752,9,5,-1,medium,high,0.75,medium,2,,,,,,counterexample_audit,724162
G,G_00138,mug_serve,observed_sfc,1,0,1,1,1,1,0.07880811,9,5,6,medium,high,0.75,medium,2,0.2,overconfident,0.7,,,counterexample_audit,724162
G,G_00138,mug_serve,risk_aware_sfc,1,0,1,1,1,1,0.07880811,9,5,6,medium,high,0.75,medium,2,0.2,overconfident,0.7,,,counterexample_audit,724162
G,G_00138,mug_serve,abstaining_sfc,1,0,1,1,1,1,0.07880811,9,5,6,medium,high,0.75,medium,2,0.2,overconfident,0.7,,,counterexample_audit,724162
G,G_00139,mug_serve,geometric_fc,1,0,1,1,1,1,0.04474221,9,5,-1,medium,high,0.75,medium,2,,,,,,counterexample_audit,724163
G,G_00139,mug_serve,oracle_sfc,1,1,0,0,1,1,0.07032163,9,5,-1,medium,high,0.75,medium,2,,,,,,counterexample_audit,724163
G,G_00139,mug_serve,semantic_only,1,1,0,0,1,1,0.0,9,5,-1,medium,high,0.75,medium,2,,,,,,counterexample_audit,724163
G,G_00139,mug_serve,posthoc_single,0,0,0,1,1,1,0.04474221,9,5,-1,medium,high,0.75,medium,2,,,,,,counterexample_audit,724163
G,G_00139,mug_serve,soft_penalty_fc,1,0,1,1,1,1,0.04474221,9,5,-1,medium,high,0.75,medium,2,,,,,,counterexample_audit,724163
G,G_00139,mug_serve,observed_sfc,1,0,1,1,1,1,0.08142137,9,5,5,medium,high,0.75,medium,2,0.2,overconfident,0.7,,,counterexample_audit,724163
G,G_00139,mug_serve,risk_aware_sfc,1,0,1,1,1,1,0.08142137,9,5,5,medium,high,0.75,medium,2,0.2,overconfident,0.7,,,counterexample_audit,724163
G,G_00139,mug_serve,abstaining_sfc,1,0,1,1,1,1,0.08142137,9,5,5,medium,high,0.75,medium,2,0.2,overconfident,0.7,,,counterexample_audit,724163
G,G_00140,mug_serve,geometric_fc,1,0,1,1,1,1,0.04480555,9,5,-1,medium,high,0.75,medium,2,,,,,,counterexample_audit,724164
G,G_00140,mug_serve,oracle_sfc,1,1,0,0,1,1,0.07083093,9,5,-1,medium,high,0.75,medium,2,,,,,,counterexample_audit,724164
G,G_00140,mug_serve,semantic_only,1,1,0,0,1,1,0.0,9,5,-1,medium,high,0.75,medium,2,,,,,,counterexample_audit,724164
G,G_00140,mug_serve,posthoc_single,0,0,0,1,1,1,0.04480555,9,5,-1,medium,high,0.75,medium,2,,,,,,counterexample_audit,724164
G,G_00140,mug_serve,soft_penalty_fc,1,0,1,1,1,1,0.04480555,9,5,-1,medium,high,0.75,medium,2,,,,,,counterexample_audit,724164
G,G_00140,mug_serve,observed_sfc,1,0,1,1,1,1,0.07571389,9,5,6,medium,high,0.75,medium,2,0.2,overconfident,0.7,,,counterexample_audit,724164
G,G_00140,mug_serve,risk_aware_sfc,1,0,1,1,1,1,0.07571389,9,5,6,medium,high,0.75,medium,2,0.2,overconfident,0.7,,,counterexample_audit,724164
G,G_00140,mug_serve,abstaining_sfc,1,0,1,1,1,1,0.07571389,9,5,6,medium,high,0.75,medium,2,0.2,overconfident,0.7,,,counterexample_audit,724164
G,G_00141,mug_serve,geometric_fc,1,0,1,1,1,1,0.04529662,9,5,-1,medium,high,0.75,medium,2,,,,,,counterexample_audit,724165
G,G_00141,mug_serve,oracle_sfc,1,1,0,0,1,1,0.06650244,9,5,-1,medium,high,0.75,medium,2,,,,,,counterexample_audit,724165
G,G_00141,mug_serve,semantic_only,1,1,0,0,1,1,0.0,9,5,-1,medium,high,0.75,medium,2,,,,,,counterexample_audit,724165
G,G_00141,mug_serve,posthoc_single,0,0,0,1,1,1,0.04529662,9,5,-1,medium,high,0.75,medium,2,,,,,,counterexample_audit,724165
G,G_00141,mug_serve,soft_penalty_fc,1,0,1,1,1,1,0.04529662,9,5,-1,medium,high,0.75,medium,2,,,,,,counterexample_audit,724165
G,G_00141,mug_serve,observed_sfc,1,1,0,0,1,1,0.05839209,9,5,4,medium,high,0.75,medium,2,0.2,overconfident,0.7,,,counterexample_audit,724165
G,G_00141,mug_serve,risk_aware_sfc,1,1,0,0,1,1,0.05839209,9,5,4,medium,high,0.75,medium,2,0.2,overconfident,0.7,,,counterexample_audit,724165
G,G_00141,mug_serve,abstaining_sfc,1,1,0,0,1,1,0.05839209,9,5,4,medium,high,0.75,medium,2,0.2,overconfident,0.7,,,counterexample_audit,724165
G,G_00142,mug_serve,geometric_fc,1,0,1,1,1,1,0.0424382,9,5,-1,medium,high,0.75,medium,2,,,,,,counterexample_audit,724166
G,G_00142,mug_serve,oracle_sfc,1,1,0,0,1,1,0.07373289,9,5,-1,medium,high,0.75,medium,2,,,,,,counterexample_audit,724166
G,G_00142,mug_serve,semantic_only,1,1,0,0,1,1,0.0,9,5,-1,medium,high,0.75,medium,2,,,,,,counterexample_audit,724166
G,G_00142,mug_serve,posthoc_single,0,0,0,1,1,1,0.0424382,9,5,-1,medium,high,0.75,medium,2,,,,,,counterexample_audit,724166
G,G_00142,mug_serve,soft_penalty_fc,1,0,1,1,1,1,0.0424382,9,5,-1,medium,high,0.75,medium,2,,,,,,counterexample_audit,724166
G,G_00142,mug_serve,observed_sfc,1,1,0,0,1,1,0.08748981,9,5,4,medium,high,0.75,medium,2,0.2,overconfident,0.7,,,counterexample_audit,724166
G,G_00142,mug_serve,risk_aware_sfc,1,1,0,0,1,1,0.08748981,9,5,4,medium,high,0.75,medium,2,0.2,overconfident,0.7,,,counterexample_audit,724166
G,G_00142,mug_serve,abstaining_sfc,1,1,0,0,1,1,0.08748981,9,5,4,medium,high,0.75,medium,2,0.2,overconfident,0.7,,,counterexample_audit,724166
G,G_00143,mug_serve,geometric_fc,1,0,1,1,1,1,0.04164116,9,5,-1,medium,high,0.75,medium,2,,,,,,counterexample_audit,724167
G,G_00143,mug_serve,oracle_sfc,1,1,0,0,1,1,0.07779864,9,5,-1,medium,high,0.75,medium,2,,,,,,counterexample_audit,724167
G,G_00143,mug_serve,semantic_only,1,1,0,0,1,1,0.0,9,5,-1,medium,high,0.75,medium,2,,,,,,counterexample_audit,724167
G,G_00143,mug_serve,posthoc_single,0,0,0,1,1,1,0.04164116,9,5,-1,medium,high,0.75,medium,2,,,,,,counterexample_audit,724167
G,G_00143,mug_serve,soft_penalty_fc,1,0,1,1,1,1,0.04164116,9,5,-1,medium,high,0.75,medium,2,,,,,,counterexample_audit,724167
G,G_00143,mug_serve,observed_sfc,1,1,0,0,1,1,0.12698092,9,5,3,medium,high,0.75,medium,2,0.2,overconfident,0.7,,,counterexample_audit,724167
G,G_00143,mug_serve,risk_aware_sfc,1,1,0,0,1,1,0.12698092,9,5,3,medium,high,0.75,medium,2,0.2,overconfident,0.7,,,counterexample_audit,724167
G,G_00143,mug_serve,abstaining_sfc,1,1,0,0,1,1,0.12698092,9,5,3,medium,high,0.75,medium,2,0.2,overconfident,0.7,,,counterexample_audit,724167
G,G_00144,mug_serve,geometric_fc,1,0,1,1,1,1,0.04413202,9,5,-1,medium,high,0.75,medium,2,,,,,,counterexample_audit,724168
G,G_00144,mug_serve,oracle_sfc,1,1,0,0,1,1,0.07123665,9,5,-1,medium,high,0.75,medium,2,,,,,,counterexample_audit,724168
G,G_00144,mug_serve,semantic_only,1,1,0,0,1,1,0.0,9,5,-1,medium,high,0.75,medium,2,,,,,,counterexample_audit,724168
G,G_00144,mug_serve,posthoc_single,0,0,0,1,1,1,0.04413202,9,5,-1,medium,high,0.75,medium,2,,,,,,counterexample_audit,724168
G,G_00144,mug_serve,soft_penalty_fc,1,0,1,1,1,1,0.04413202,9,5,-1,medium,high,0.75,medium,2,,,,,,counterexample_audit,724168
G,G_00144,mug_serve,observed_sfc,1,1,0,0,1,1,0.07123665,9,5,5,medium,high,0.75,medium,2,0.2,overconfident,0.7,,,counterexample_audit,724168
G,G_00144,mug_serve,risk_aware_sfc,1,1,0,0,1,1,0.07123665,9,5,5,medium,high,0.75,medium,2,0.2,overconfident,0.7,,,counterexample_audit,724168
G,G_00144,mug_serve,abstaining_sfc,1,1,0,0,1,1,0.07123665,9,5,5,medium,high,0.75,medium,2,0.2,overconfident,0.7,,,counterexample_audit,724168
G,G_00145,mug_serve,geometric_fc,1,0,1,1,1,1,0.04395227,9,5,-1,medium,high,0.75,medium,2,,,,,,counterexample_audit,724169
G,G_00145,mug_serve,oracle_sfc,1,1,0,0,1,1,0.08269452,9,5,-1,medium,high,0.75,medium,2,,,,,,counterexample_audit,724169
G,G_00145,mug_serve,semantic_only,1,1,0,0,1,1,0.0,9,5,-1,medium,high,0.75,medium,2,,,,,,counterexample_audit,724169
G,G_00145,mug_serve,posthoc_single,0,0,0,1,1,1,0.04395227,9,5,-1,medium,high,0.75,medium,2,,,,,,counterexample_audit,724169
G,G_00145,mug_serve,soft_penalty_fc,1,0,1,1,1,1,0.04395227,9,5,-1,medium,high,0.75,medium,2,,,,,,counterexample_audit,724169
G,G_00145,mug_serve,observed_sfc,1,0,1,1,1,1,0.07496942,9,5,5,medium,high,0.75,medium,2,0.2,overconfident,0.7,,,counterexample_audit,724169
G,G_00145,mug_serve,risk_aware_sfc,1,0,1,1,1,1,0.07496942,9,5,5,medium,high,0.75,medium,2,0.2,overconfident,0.7,,,counterexample_audit,724169
G,G_00145,mug_serve,abstaining_sfc,1,0,1,1,1,1,0.07496942,9,5,5,medium,high,0.75,medium,2,0.2,overconfident,0.7,,,counterexample_audit,724169
G,G_00146,mug_serve,geometric_fc,1,0,1,1,1,1,0.04015733,9,5,-1,medium,high,0.75,medium,2,,,,,,counterexample_audit,724170
G,G_00146,mug_serve,oracle_sfc,1,1,0,0,1,1,0.08543897,9,5,-1,medium,high,0.75,medium,2,,,,,,counterexample_audit,724170
G,G_00146,mug_serve,semantic_only,1,1,0,0,1,1,0.0,9,5,-1,medium,high,0.75,medium,2,,,,,,counterexample_audit,724170
G,G_00146,mug_serve,posthoc_single,0,0,0,1,1,1,0.04015733,9,5,-1,medium,high,0.75,medium,2,,,,,,counterexample_audit,724170
G,G_00146,mug_serve,soft_penalty_fc,1,0,1,1,1,1,0.04015733,9,5,-1,medium,high,0.75,medium,2,,,,,,counterexample_audit,724170
G,G_00146,mug_serve,observed_sfc,1,0,1,1,1,1,0.07927339,9,5,6,medium,high,0.75,medium,2,0.2,overconfident,0.7,,,counterexample_audit,724170
G,G_00146,mug_serve,risk_aware_sfc,1,0,1,1,1,1,0.07927339,9,5,6,medium,high,0.75,medium,2,0.2,overconfident,0.7,,,counterexample_audit,724170
G,G_00146,mug_serve,abstaining_sfc,1,0,1,1,1,1,0.07927339,9,5,6,medium,high,0.75,medium,2,0.2,overconfident,0.7,,,counterexample_audit,724170
G,G_00147,mug_serve,geometric_fc,1,0,1,1,1,1,0.04397852,9,5,-1,medium,high,0.75,medium,2,,,,,,counterexample_audit,724171
G,G_00147,mug_serve,oracle_sfc,1,1,0,0,1,1,0.07425978,9,5,-1,medium,high,0.75,medium,2,,,,,,counterexample_audit,724171
G,G_00147,mug_serve,semantic_only,1,1,0,0,1,1,0.0,9,5,-1,medium,high,0.75,medium,2,,,,,,counterexample_audit,724171
G,G_00147,mug_serve,posthoc_single,0,0,0,1,1,1,0.04397852,9,5,-1,medium,high,0.75,medium,2,,,,,,counterexample_audit,724171
G,G_00147,mug_serve,soft_penalty_fc,1,0,1,1,1,1,0.04397852,9,5,-1,medium,high,0.75,medium,2,,,,,,counterexample_audit,724171
G,G_00147,mug_serve,observed_sfc,1,0,1,1,1,1,0.07860382,9,5,6,medium,high,0.75,medium,2,0.2,overconfident,0.7,,,counterexample_audit,724171
G,G_00147,mug_serve,risk_aware_sfc,1,0,1,1,1,1,0.07860382,9,5,6,medium,high,0.75,medium,2,0.2,overconfident,0.7,,,counterexample_audit,724171
G,G_00147,mug_serve,abstaining_sfc,1,0,1,1,1,1,0.07860382,9,5,6,medium,high,0.75,medium,2,0.2,overconfident,0.7,,,counterexample_audit,724171
G,G_00148,mug_serve,geometric_fc,1,0,1,1,1,1,0.04078609,9,5,-1,medium,high,0.75,medium,2,,,,,,counterexample_audit,724172
G,G_00148,mug_serve,oracle_sfc,1,1,0,0,1,1,0.08502172,9,5,-1,medium,high,0.75,medium,2,,,,,,counterexample_audit,724172
G,G_00148,mug_serve,semantic_only,1,1,0,0,1,1,0.0,9,5,-1,medium,high,0.75,medium,2,,,,,,counterexample_audit,724172
G,G_00148,mug_serve,posthoc_single,0,0,0,1,1,1,0.04078609,9,5,-1,medium,high,0.75,medium,2,,,,,,counterexample_audit,724172
G,G_00148,mug_serve,soft_penalty_fc,1,0,1,1,1,1,0.04078609,9,5,-1,medium,high,0.75,medium,2,,,,,,counterexample_audit,724172
G,G_00148,mug_serve,observed_sfc,1,0,1,1,1,1,0.05991699,9,5,7,medium,high,0.75,medium,2,0.2,overconfident,0.7,,,counterexample_audit,724172
G,G_00148,mug_serve,risk_aware_sfc,1,0,1,1,1,1,0.05991699,9,5,7,medium,high,0.75,medium,2,0.2,overconfident,0.7,,,counterexample_audit,724172
G,G_00148,mug_serve,abstaining_sfc,1,0,1,1,1,1,0.05991699,9,5,7,medium,high,0.75,medium,2,0.2,overconfident,0.7,,,counterexample_audit,724172
G,G_00149,mug_serve,geometric_fc,1,0,1,1,1,1,0.04436342,9,5,-1,medium,high,0.75,medium,2,,,,,,counterexample_audit,724173
G,G_00149,mug_serve,oracle_sfc,1,1,0,0,1,1,0.07540904,9,5,-1,medium,high,0.75,medium,2,,,,,,counterexample_audit,724173
G,G_00149,mug_serve,semantic_only,1,1,0,0,1,1,0.0,9,5,-1,medium,high,0.75,medium,2,,,,,,counterexample_audit,724173
G,G_00149,mug_serve,posthoc_single,0,0,0,1,1,1,0.04436342,9,5,-1,medium,high,0.75,medium,2,,,,,,counterexample_audit,724173
G,G_00149,mug_serve,soft_penalty_fc,1,0,1,1,1,1,0.04436342,9,5,-1,medium,high,0.75,medium,2,,,,,,counterexample_audit,724173
G,G_00149,mug_serve,observed_sfc,1,1,0,0,1,1,0.07540904,9,5,5,medium,high,0.75,medium,2,0.2,overconfident,0.7,,,counterexample_audit,724173
G,G_00149,mug_serve,risk_aware_sfc,1,1,0,0,1,1,0.07540904,9,5,5,medium,high,0.75,medium,2,0.2,overconfident,0.7,,,counterexample_audit,724173
G,G_00149,mug_serve,abstaining_sfc,1,1,0,0,1,1,0.07540904,9,5,5,medium,high,0.75,medium,2,0.2,overconfident,0.7,,,counterexample_audit,724173
G,G_00150,mug_serve,geometric_fc,1,0,1,1,1,1,0.04233623,9,5,-1,medium,high,0.75,medium,2,,,,,,counterexample_audit,724174
G,G_00150,mug_serve,oracle_sfc,1,1,0,0,1,1,0.08001494,9,5,-1,medium,high,0.75,medium,2,,,,,,counterexample_audit,724174
G,G_00150,mug_serve,semantic_only,1,1,0,0,1,1,0.0,9,5,-1,medium,high,0.75,medium,2,,,,,,counterexample_audit,724174
G,G_00150,mug_serve,posthoc_single,0,0,0,1,1,1,0.04233623,9,5,-1,medium,high,0.75,medium,2,,,,,,counterexample_audit,724174
G,G_00150,mug_serve,soft_penalty_fc,1,0,1,1,1,1,0.04233623,9,5,-1,medium,high,0.75,medium,2,,,,,,counterexample_audit,724174
G,G_00150,mug_serve,observed_sfc,1,1,0,0,1,1,0.08097487,9,5,4,medium,high,0.75,medium,2,0.2,overconfident,0.7,,,counterexample_audit,724174
G,G_00150,mug_serve,risk_aware_sfc,1,1,0,0,1,1,0.08097487,9,5,4,medium,high,0.75,medium,2,0.2,overconfident,0.7,,,counterexample_audit,724174
G,G_00150,mug_serve,abstaining_sfc,1,1,0,0,1,1,0.08097487,9,5,4,medium,high,0.75,medium,2,0.2,overconfident,0.7,,,counterexample_audit,724174
G,G_00151,mug_serve,geometric_fc,1,0,1,1,1,1,0.03932044,9,5,-1,medium,high,0.75,medium,2,,,,,,counterexample_audit,724175
G,G_00151,mug_serve,oracle_sfc,1,1,0,0,1,1,0.08955767,9,5,-1,medium,high,0.75,medium,2,,,,,,counterexample_audit,724175
G,G_00151,mug_serve,semantic_only,1,1,0,0,1,1,0.0,9,5,-1,medium,high,0.75,medium,2,,,,,,counterexample_audit,724175
G,G_00151,mug_serve,posthoc_single,0,0,0,1,1,1,0.03932044,9,5,-1,medium,high,0.75,medium,2,,,,,,counterexample_audit,724175
G,G_00151,mug_serve,soft_penalty_fc,1,0,1,1,1,1,0.03932044,9,5,-1,medium,high,0.75,medium,2,,,,,,counterexample_audit,724175
G,G_00151,mug_serve,observed_sfc,1,1,0,0,1,1,0.08970418,9,5,4,medium,high,0.75,medium,2,0.2,overconfident,0.7,,,counterexample_audit,724175
G,G_00151,mug_serve,risk_aware_sfc,1,1,0,0,1,1,0.08970418,9,5,4,medium,high,0.75,medium,2,0.2,overconfident,0.7,,,counterexample_audit,724175
G,G_00151,mug_serve,abstaining_sfc,1,1,0,0,1,1,0.08970418,9,5,4,medium,high,0.75,medium,2,0.2,overconfident,0.7,,,counterexample_audit,724175
G,G_00152,mug_serve,geometric_fc,1,0,1,1,1,1,0.04454177,9,5,-1,medium,high,0.75,medium,2,,,,,,counterexample_audit,724176
G,G_00152,mug_serve,oracle_sfc,1,1,0,0,1,1,0.07474301,9,5,-1,medium,high,0.75,medium,2,,,,,,counterexample_audit,724176
G,G_00152,mug_serve,semantic_only,1,1,0,0,1,1,0.0,9,5,-1,medium,high,0.75,medium,2,,,,,,counterexample_audit,724176
G,G_00152,mug_serve,posthoc_single,0,0,0,1,1,1,0.04454177,9,5,-1,medium,high,0.75,medium,2,,,,,,counterexample_audit,724176
G,G_00152,mug_serve,soft_penalty_fc,1,0,1,1,1,1,0.04454177,9,5,-1,medium,high,0.75,medium,2,,,,,,counterexample_audit,724176
G,G_00152,mug_serve,observed_sfc,1,1,0,0,1,1,0.07474301,9,5,5,medium,high,0.75,medium,2,0.2,overconfident,0.7,,,counterexample_audit,724176
G,G_00152,mug_serve,risk_aware_sfc,1,1,0,0,1,1,0.07474301,9,5,5,medium,high,0.75,medium,2,0.2,overconfident,0.7,,,counterexample_audit,724176
G,G_00152,mug_serve,abstaining_sfc,1,1,0,0,1,1,0.07474301,9,5,5,medium,high,0.75,medium,2,0.2,overconfident,0.7,,,counterexample_audit,724176
G,G_00153,mug_serve,geometric_fc,1,0,1,1,1,1,0.04144297,9,5,-1,medium,high,0.75,medium,2,,,,,,counterexample_audit,724177
G,G_00153,mug_serve,oracle_sfc,1,1,0,0,1,1,0.07182877,9,5,-1,medium,high,0.75,medium,2,,,,,,counterexample_audit,724177
G,G_00153,mug_serve,semantic_only,1,1,0,0,1,1,0.0,9,5,-1,medium,high,0.75,medium,2,,,,,,counterexample_audit,724177
G,G_00153,mug_serve,posthoc_single,0,0,0,1,1,1,0.04144297,9,5,-1,medium,high,0.75,medium,2,,,,,,counterexample_audit,724177
G,G_00153,mug_serve,soft_penalty_fc,1,0,1,1,1,1,0.04144297,9,5,-1,medium,high,0.75,medium,2,,,,,,counterexample_audit,724177
G,G_00153,mug_serve,observed_sfc,1,0,1,1,1,1,0.08040414,9,5,6,medium,high,0.75,medium,2,0.2,overconfident,0.7,,,counterexample_audit,724177
G,G_00153,mug_serve,risk_aware_sfc,1,0,1,1,1,1,0.08040414,9,5,6,medium,high,0.75,medium,2,0.2,overconfident,0.7,,,counterexample_audit,724177
G,G_00153,mug_serve,abstaining_sfc,1,0,1,1,1,1,0.08040414,9,5,6,medium,high,0.75,medium,2,0.2,overconfident,0.7,,,counterexample_audit,724177
G,G_00154,mug_serve,geometric_fc,1,0,1,1,1,1,0.04113075,9,5,-1,medium,high,0.75,medium,2,,,,,,counterexample_audit,724178
G,G_00154,mug_serve,oracle_sfc,1,1,0,0,1,1,0.08135308,9,5,-1,medium,high,0.75,medium,2,,,,,,counterexample_audit,724178
G,G_00154,mug_serve,semantic_only,1,1,0,0,1,1,0.0,9,5,-1,medium,high,0.75,medium,2,,,,,,counterexample_audit,724178
G,G_00154,mug_serve,posthoc_single,0,0,0,1,1,1,0.04113075,9,5,-1,medium,high,0.75,medium,2,,,,,,counterexample_audit,724178
G,G_00154,mug_serve,soft_penalty_fc,1,0,1,1,1,1,0.04113075,9,5,-1,medium,high,0.75,medium,2,,,,,,counterexample_audit,724178
G,G_00154,mug_serve,observed_sfc,1,0,1,1,1,1,0.08035765,9,5,6,medium,high,0.75,medium,2,0.2,overconfident,0.7,,,counterexample_audit,724178
G,G_00154,mug_serve,risk_aware_sfc,1,0,1,1,1,1,0.08035765,9,5,6,medium,high,0.75,medium,2,0.2,overconfident,0.7,,,counterexample_audit,724178
G,G_00154,mug_serve,abstaining_sfc,1,0,1,1,1,1,0.08035765,9,5,6,medium,high,0.75,medium,2,0.2,overconfident,0.7,,,counterexample_audit,724178
G,G_00155,mug_serve,geometric_fc,1,0,1,1,1,1,0.04642729,9,5,-1,medium,high,0.75,medium,2,,,,,,counterexample_audit,724179
G,G_00155,mug_serve,oracle_sfc,1,1,0,0,1,1,0.06989805,9,5,-1,medium,high,0.75,medium,2,,,,,,counterexample_audit,724179
G,G_00155,mug_serve,semantic_only,1,1,0,0,1,1,0.0,9,5,-1,medium,high,0.75,medium,2,,,,,,counterexample_audit,724179
G,G_00155,mug_serve,posthoc_single,0,0,0,1,1,1,0.04642729,9,5,-1,medium,high,0.75,medium,2,,,,,,counterexample_audit,724179
G,G_00155,mug_serve,soft_penalty_fc,1,0,1,1,1,1,0.04642729,9,5,-1,medium,high,0.75,medium,2,,,,,,counterexample_audit,724179
G,G_00155,mug_serve,observed_sfc,1,1,0,0,1,1,0.06989805,9,5,5,medium,high,0.75,medium,2,0.2,overconfident,0.7,,,counterexample_audit,724179
G,G_00155,mug_serve,risk_aware_sfc,1,1,0,0,1,1,0.06989805,9,5,5,medium,high,0.75,medium,2,0.2,overconfident,0.7,,,counterexample_audit,724179
G,G_00155,mug_serve,abstaining_sfc,1,1,0,0,1,1,0.06989805,9,5,5,medium,high,0.75,medium,2,0.2,overconfident,0.7,,,counterexample_audit,724179
G,G_00156,mug_serve,geometric_fc,1,0,1,1,1,1,0.04051756,9,5,-1,medium,high,0.75,medium,2,,,,,,counterexample_audit,724180
G,G_00156,mug_serve,oracle_sfc,1,1,0,0,1,1,0.09008642,9,5,-1,medium,high,0.75,medium,2,,,,,,counterexample_audit,724180
G,G_00156,mug_serve,semantic_only,1,1,0,0,1,1,0.0,9,5,-1,medium,high,0.75,medium,2,,,,,,counterexample_audit,724180
G,G_00156,mug_serve,posthoc_single,0,0,0,1,1,1,0.04051756,9,5,-1,medium,high,0.75,medium,2,,,,,,counterexample_audit,724180
G,G_00156,mug_serve,soft_penalty_fc,1,0,1,1,1,1,0.04051756,9,5,-1,medium,high,0.75,medium,2,,,,,,counterexample_audit,724180
G,G_00156,mug_serve,observed_sfc,1,1,0,0,1,1,0.09008642,9,5,5,medium,high,0.75,medium,2,0.2,overconfident,0.7,,,counterexample_audit,724180
G,G_00156,mug_serve,risk_aware_sfc,1,1,0,0,1,1,0.09008642,9,5,5,medium,high,0.75,medium,2,0.2,overconfident,0.7,,,counterexample_audit,724180
G,G_00156,mug_serve,abstaining_sfc,1,1,0,0,1,1,0.09008642,9,5,5,medium,high,0.75,medium,2,0.2,overconfident,0.7,,,counterexample_audit,724180
G,G_00157,mug_serve,geometric_fc,1,0,1,1,1,1,0.04368945,9,5,-1,medium,high,0.75,medium,2,,,,,,counterexample_audit,724181
G,G_00157,mug_serve,oracle_sfc,1,1,0,0,1,1,0.0738248,9,5,-1,medium,high,0.75,medium,2,,,,,,counterexample_audit,724181
G,G_00157,mug_serve,semantic_only,1,1,0,0,1,1,0.0,9,5,-1,medium,high,0.75,medium,2,,,,,,counterexample_audit,724181
G,G_00157,mug_serve,posthoc_single,0,0,0,1,1,1,0.04368945,9,5,-1,medium,high,0.75,medium,2,,,,,,counterexample_audit,724181
G,G_00157,mug_serve,soft_penalty_fc,1,0,1,1,1,1,0.04368945,9,5,-1,medium,high,0.75,medium,2,,,,,,counterexample_audit,724181
G,G_00157,mug_serve,observed_sfc,1,1,0,0,1,1,0.07764232,9,5,4,medium,high,0.75,medium,2,0.2,overconfident,0.7,,,counterexample_audit,724181
G,G_00157,mug_serve,risk_aware_sfc,1,1,0,0,1,1,0.07764232,9,5,4,medium,high,0.75,medium,2,0.2,overconfident,0.7,,,counterexample_audit,724181
G,G_00157,mug_serve,abstaining_sfc,1,1,0,0,1,1,0.07764232,9,5,4,medium,high,0.75,medium,2,0.2,overconfident,0.7,,,counterexample_audit,724181
G,G_00158,mug_serve,geometric_fc,1,0,1,1,1,1,0.0445163,9,5,-1,medium,high,0.75,medium,2,,,,,,counterexample_audit,724182
G,G_00158,mug_serve,oracle_sfc,1,1,0,0,1,1,0.07519174,9,5,-1,medium,high,0.75,medium,2,,,,,,counterexample_audit,724182
G,G_00158,mug_serve,semantic_only,1,1,0,0,1,1,0.0,9,5,-1,medium,high,0.75,medium,2,,,,,,counterexample_audit,724182
G,G_00158,mug_serve,posthoc_single,0,0,0,1,1,1,0.0445163,9,5,-1,medium,high,0.75,medium,2,,,,,,counterexample_audit,724182
G,G_00158,mug_serve,soft_penalty_fc,1,0,1,1,1,1,0.0445163,9,5,-1,medium,high,0.75,medium,2,,,,,,counterexample_audit,724182
G,G_00158,mug_serve,observed_sfc,1,0,1,1,1,1,0.06951994,9,5,6,medium,high,0.75,medium,2,0.2,overconfident,0.7,,,counterexample_audit,724182
G,G_00158,mug_serve,risk_aware_sfc,1,0,1,1,1,1,0.06951994,9,5,6,medium,high,0.75,medium,2,0.2,overconfident,0.7,,,counterexample_audit,724182
G,G_00158,mug_serve,abstaining_sfc,1,0,1,1,1,1,0.06951994,9,5,6,medium,high,0.75,medium,2,0.2,overconfident,0.7,,,counterexample_audit,724182
G,G_00159,mug_serve,geometric_fc,1,0,1,1,1,1,0.04354225,9,5,-1,medium,high,0.75,medium,2,,,,,,counterexample_audit,724183
G,G_00159,mug_serve,oracle_sfc,1,1,0,0,1,1,0.0776258,9,5,-1,medium,high,0.75,medium,2,,,,,,counterexample_audit,724183
G,G_00159,mug_serve,semantic_only,1,1,0,0,1,1,0.0,9,5,-1,medium,high,0.75,medium,2,,,,,,counterexample_audit,724183
G,G_00159,mug_serve,posthoc_single,0,0,0,1,1,1,0.04354225,9,5,-1,medium,high,0.75,medium,2,,,,,,counterexample_audit,724183
G,G_00159,mug_serve,soft_penalty_fc,1,0,1,1,1,1,0.04354225,9,5,-1,medium,high,0.75,medium,2,,,,,,counterexample_audit,724183
G,G_00159,mug_serve,observed_sfc,1,0,1,1,1,1,0.06437442,9,5,7,medium,high,0.75,medium,2,0.2,overconfident,0.7,,,counterexample_audit,724183
G,G_00159,mug_serve,risk_aware_sfc,1,0,1,1,1,1,0.06437442,9,5,7,medium,high,0.75,medium,2,0.2,overconfident,0.7,,,counterexample_audit,724183
G,G_00159,mug_serve,abstaining_sfc,1,0,1,1,1,1,0.06437442,9,5,7,medium,high,0.75,medium,2,0.2,overconfident,0.7,,,counterexample_audit,724183
G,G_00160,mug_serve,geometric_fc,1,0,1,1,1,1,0.04465502,9,5,-1,medium,high,0.75,medium,2,,,,,,counterexample_audit,724184
G,G_00160,mug_serve,oracle_sfc,1,1,0,0,1,1,0.06783777,9,5,-1,medium,high,0.75,medium,2,,,,,,counterexample_audit,724184
G,G_00160,mug_serve,semantic_only,1,1,0,0,1,1,0.0,9,5,-1,medium,high,0.75,medium,2,,,,,,counterexample_audit,724184
G,G_00160,mug_serve,posthoc_single,0,0,0,1,1,1,0.04465502,9,5,-1,medium,high,0.75,medium,2,,,,,,counterexample_audit,724184
G,G_00160,mug_serve,soft_penalty_fc,1,0,1,1,1,1,0.04465502,9,5,-1,medium,high,0.75,medium,2,,,,,,counterexample_audit,724184
G,G_00160,mug_serve,observed_sfc,1,0,1,1,1,1,0.07888674,9,5,6,medium,high,0.75,medium,2,0.2,overconfident,0.7,,,counterexample_audit,724184
G,G_00160,mug_serve,risk_aware_sfc,1,0,1,1,1,1,0.07888674,9,5,6,medium,high,0.75,medium,2,0.2,overconfident,0.7,,,counterexample_audit,724184
G,G_00160,mug_serve,abstaining_sfc,1,0,1,1,1,1,0.07888674,9,5,6,medium,high,0.75,medium,2,0.2,overconfident,0.7,,,counterexample_audit,724184
G,G_00161,phone_pick,geometric_fc,1,0,1,1,1,1,0.0429019,8,3,-1,medium,high,0.75,medium,2,,,,,,counterexample_audit,724185
G,G_00161,phone_pick,oracle_sfc,1,1,0,0,1,1,0.11426785,8,3,-1,medium,high,0.75,medium,2,,,,,,counterexample_audit,724185
G,G_00161,phone_pick,semantic_only,1,1,0,0,1,1,0.0,8,3,-1,medium,high,0.75,medium,2,,,,,,counterexample_audit,724185
G,G_00161,phone_pick,posthoc_single,0,0,0,1,1,1,0.0429019,8,3,-1,medium,high,0.75,medium,2,,,,,,counterexample_audit,724185
G,G_00161,phone_pick,soft_penalty_fc,1,0,1,1,1,1,0.0429019,8,3,-1,medium,high,0.75,medium,2,,,,,,counterexample_audit,724185
G,G_00161,phone_pick,observed_sfc,1,0,1,1,1,1,0.12314997,8,3,3,medium,high,0.75,medium,2,0.2,overconfident,0.7,,,counterexample_audit,724185
G,G_00161,phone_pick,risk_aware_sfc,1,0,1,1,1,1,0.12314997,8,3,3,medium,high,0.75,medium,2,0.2,overconfident,0.7,,,counterexample_audit,724185
G,G_00161,phone_pick,abstaining_sfc,1,0,1,1,1,1,0.12314997,8,3,3,medium,high,0.75,medium,2,0.2,overconfident,0.7,,,counterexample_audit,724185
G,G_00162,phone_pick,geometric_fc,1,0,1,1,1,1,0.04599048,8,3,-1,medium,high,0.75,medium,2,,,,,,counterexample_audit,724186
G,G_00162,phone_pick,oracle_sfc,1,1,0,0,1,1,0.09757751,8,3,-1,medium,high,0.75,medium,2,,,,,,counterexample_audit,724186
G,G_00162,phone_pick,semantic_only,1,1,0,0,1,1,0.0,8,3,-1,medium,high,0.75,medium,2,,,,,,counterexample_audit,724186
G,G_00162,phone_pick,posthoc_single,0,0,0,1,1,1,0.04599048,8,3,-1,medium,high,0.75,medium,2,,,,,,counterexample_audit,724186
G,G_00162,phone_pick,soft_penalty_fc,1,0,1,1,1,1,0.04599048,8,3,-1,medium,high,0.75,medium,2,,,,,,counterexample_audit,724186
G,G_00162,phone_pick,observed_sfc,1,1,0,0,1,1,0.09757751,8,3,3,medium,high,0.75,medium,2,0.2,overconfident,0.7,,,counterexample_audit,724186
G,G_00162,phone_pick,risk_aware_sfc,1,1,0,0,1,1,0.09757751,8,3,3,medium,high,0.75,medium,2,0.2,overconfident,0.7,,,counterexample_audit,724186
G,G_00162,phone_pick,abstaining_sfc,1,1,0,0,1,1,0.09757751,8,3,3,medium,high,0.75,medium,2,0.2,overconfident,0.7,,,counterexample_audit,724186
G,G_00163,phone_pick,geometric_fc,1,0,1,1,1,1,0.04364631,8,3,-1,medium,high,0.75,medium,2,,,,,,counterexample_audit,724187
G,G_00163,phone_pick,oracle_sfc,1,1,0,0,1,1,0.0833992,8,3,-1,medium,high,0.75,medium,2,,,,,,counterexample_audit,724187
G,G_00163,phone_pick,semantic_only,1,1,0,0,1,1,0.0,8,3,-1,medium,high,0.75,medium,2,,,,,,counterexample_audit,724187
G,G_00163,phone_pick,posthoc_single,0,0,0,1,1,1,0.04364631,8,3,-1,medium,high,0.75,medium,2,,,,,,counterexample_audit,724187
G,G_00163,phone_pick,soft_penalty_fc,1,0,1,1,1,1,0.04364631,8,3,-1,medium,high,0.75,medium,2,,,,,,counterexample_audit,724187
G,G_00163,phone_pick,observed_sfc,1,1,0,0,1,1,0.0833992,8,3,3,medium,high,0.75,medium,2,0.2,overconfident,0.7,,,counterexample_audit,724187
G,G_00163,phone_pick,risk_aware_sfc,1,1,0,0,1,1,0.0833992,8,3,3,medium,high,0.75,medium,2,0.2,overconfident,0.7,,,counterexample_audit,724187
G,G_00163,phone_pick,abstaining_sfc,1,1,0,0,1,1,0.0833992,8,3,3,medium,high,0.75,medium,2,0.2,overconfident,0.7,,,counterexample_audit,724187
G,G_00164,phone_pick,geometric_fc,1,0,1,1,1,1,0.04260603,8,3,-1,medium,high,0.75,medium,2,,,,,,counterexample_audit,724188
G,G_00164,phone_pick,oracle_sfc,1,1,0,0,1,1,0.11378177,8,3,-1,medium,high,0.75,medium,2,,,,,,counterexample_audit,724188
G,G_00164,phone_pick,semantic_only,1,1,0,0,1,1,0.0,8,3,-1,medium,high,0.75,medium,2,,,,,,counterexample_audit,724188
G,G_00164,phone_pick,posthoc_single,0,0,0,1,1,1,0.04260603,8,3,-1,medium,high,0.75,medium,2,,,,,,counterexample_audit,724188
G,G_00164,phone_pick,soft_penalty_fc,1,0,1,1,1,1,0.04260603,8,3,-1,medium,high,0.75,medium,2,,,,,,counterexample_audit,724188
G,G_00164,phone_pick,observed_sfc,1,1,0,0,1,1,0.11378177,8,3,3,medium,high,0.75,medium,2,0.2,overconfident,0.7,,,counterexample_audit,724188
G,G_00164,phone_pick,risk_aware_sfc,1,1,0,0,1,1,0.11378177,8,3,3,medium,high,0.75,medium,2,0.2,overconfident,0.7,,,counterexample_audit,724188
G,G_00164,phone_pick,abstaining_sfc,1,1,0,0,1,1,0.11378177,8,3,3,medium,high,0.75,medium,2,0.2,overconfident,0.7,,,counterexample_audit,724188
G,G_00165,phone_pick,geometric_fc,1,0,1,1,1,1,0.04416158,8,3,-1,medium,high,0.75,medium,2,,,,,,counterexample_audit,724189
G,G_00165,phone_pick,oracle_sfc,1,1,0,0,1,1,0.1042985,8,3,-1,medium,high,0.75,medium,2,,,,,,counterexample_audit,724189
G,G_00165,phone_pick,semantic_only,1,1,0,0,1,1,0.0,8,3,-1,medium,high,0.75,medium,2,,,,,,counterexample_audit,724189
G,G_00165,phone_pick,posthoc_single,0,0,0,1,1,1,0.04416158,8,3,-1,medium,high,0.75,medium,2,,,,,,counterexample_audit,724189
G,G_00165,phone_pick,soft_penalty_fc,1,0,1,1,1,1,0.04416158,8,3,-1,medium,high,0.75,medium,2,,,,,,counterexample_audit,724189
G,G_00165,phone_pick,observed_sfc,1,1,0,0,1,1,0.1042985,8,3,3,medium,high,0.75,medium,2,0.2,overconfident,0.7,,,counterexample_audit,724189
G,G_00165,phone_pick,risk_aware_sfc,1,1,0,0,1,1,0.1042985,8,3,3,medium,high,0.75,medium,2,0.2,overconfident,0.7,,,counterexample_audit,724189
G,G_00165,phone_pick,abstaining_sfc,1,1,0,0,1,1,0.1042985,8,3,3,medium,high,0.75,medium,2,0.2,overconfident,0.7,,,counterexample_audit,724189
G,G_00166,phone_pick,geometric_fc,1,0,1,1,1,1,0.04413887,8,3,-1,medium,high,0.75,medium,2,,,,,,counterexample_audit,724190
G,G_00166,phone_pick,oracle_sfc,1,1,0,0,1,1,0.11607245,8,3,-1,medium,high,0.75,medium,2,,,,,,counterexample_audit,724190
G,G_00166,phone_pick,semantic_only,1,1,0,0,1,1,0.0,8,3,-1,medium,high,0.75,medium,2,,,,,,counterexample_audit,724190
G,G_00166,phone_pick,posthoc_single,0,0,0,1,1,1,0.04413887,8,3,-1,medium,high,0.75,medium,2,,,,,,counterexample_audit,724190
G,G_00166,phone_pick,soft_penalty_fc,1,0,1,1,1,1,0.04413887,8,3,-1,medium,high,0.75,medium,2,,,,,,counterexample_audit,724190
G,G_00166,phone_pick,observed_sfc,0,0,0,1,1,1,0.0,8,3,2,medium,high,0.75,medium,2,0.2,overconfident,0.7,,,counterexample_audit,724190
G,G_00166,phone_pick,risk_aware_sfc,0,0,0,1,1,1,0.0,8,3,2,medium,high,0.75,medium,2,0.2,overconfident,0.7,,,counterexample_audit,724190
G,G_00166,phone_pick,abstaining_sfc,0,0,0,1,1,1,0.0,8,3,2,medium,high,0.75,medium,2,0.2,overconfident,0.7,,,counterexample_audit,724190
G,G_00167,phone_pick,geometric_fc,1,0,1,1,1,1,0.04194547,8,3,-1,medium,high,0.75,medium,2,,,,,,counterexample_audit,724191
G,G_00167,phone_pick,oracle_sfc,1,1,0,0,1,1,0.10375469,8,3,-1,medium,high,0.75,medium,2,,,,,,counterexample_audit,724191
G,G_00167,phone_pick,semantic_only,1,1,0,0,1,1,0.0,8,3,-1,medium,high,0.75,medium,2,,,,,,counterexample_audit,724191
G,G_00167,phone_pick,posthoc_single,0,0,0,1,1,1,0.04194547,8,3,-1,medium,high,0.75,medium,2,,,,,,counterexample_audit,724191
G,G_00167,phone_pick,soft_penalty_fc,1,0,1,1,1,1,0.04194547,8,3,-1,medium,high,0.75,medium,2,,,,,,counterexample_audit,724191
G,G_00167,phone_pick,observed_sfc,1,0,1,1,1,1,0.05670832,8,3,4,medium,high,0.75,medium,2,0.2,overconfident,0.7,,,counterexample_audit,724191
G,G_00167,phone_pick,risk_aware_sfc,1,0,1,1,1,1,0.05670832,8,3,4,medium,high,0.75,medium,2,0.2,overconfident,0.7,,,counterexample_audit,724191
G,G_00167,phone_pick,abstaining_sfc,1,0,1,1,1,1,0.05670832,8,3,4,medium,high,0.75,medium,2,0.2,overconfident,0.7,,,counterexample_audit,724191
G,G_00168,phone_pick,geometric_fc,1,0,1,1,1,1,0.04469804,8,3,-1,medium,high,0.75,medium,2,,,,,,counterexample_audit,724192
G,G_00168,phone_pick,oracle_sfc,1,1,0,0,1,1,0.10828856,8,3,-1,medium,high,0.75,medium,2,,,,,,counterexample_audit,724192
G,G_00168,phone_pick,semantic_only,1,1,0,0,1,1,0.0,8,3,-1,medium,high,0.75,medium,2,,,,,,counterexample_audit,724192
G,G_00168,phone_pick,posthoc_single,0,0,0,1,1,1,0.04469804,8,3,-1,medium,high,0.75,medium,2,,,,,,counterexample_audit,724192
G,G_00168,phone_pick,soft_penalty_fc,1,0,1,1,1,1,0.04469804,8,3,-1,medium,high,0.75,medium,2,,,,,,counterexample_audit,724192
G,G_00168,phone_pick,observed_sfc,1,0,1,1,1,1,0.0978422,8,3,3,medium,high,0.75,medium,2,0.2,overconfident,0.7,,,counterexample_audit,724192
G,G_00168,phone_pick,risk_aware_sfc,1,0,1,1,1,1,0.0978422,8,3,3,medium,high,0.75,medium,2,0.2,overconfident,0.7,,,counterexample_audit,724192
G,G_00168,phone_pick,abstaining_sfc,1,0,1,1,1,1,0.0978422,8,3,3,medium,high,0.75,medium,2,0.2,overconfident,0.7,,,counterexample_audit,724192
G,G_00169,phone_pick,geometric_fc,1,0,1,1,1,1,0.04411546,8,3,-1,medium,high,0.75,medium,2,,,,,,counterexample_audit,724193
G,G_00169,phone_pick,oracle_sfc,1,1,0,0,1,1,0.09936449,8,3,-1,medium,high,0.75,medium,2,,,,,,counterexample_audit,724193
G,G_00169,phone_pick,semantic_only,1,1,0,0,1,1,0.0,8,3,-1,medium,high,0.75,medium,2,,,,,,counterexample_audit,724193
G,G_00169,phone_pick,posthoc_single,0,0,0,1,1,1,0.04411546,8,3,-1,medium,high,0.75,medium,2,,,,,,counterexample_audit,724193
G,G_00169,phone_pick,soft_penalty_fc,1,0,1,1,1,1,0.04411546,8,3,-1,medium,high,0.75,medium,2,,,,,,counterexample_audit,724193
G,G_00169,phone_pick,observed_sfc,1,0,1,1,1,1,0.11830352,8,3,4,medium,high,0.75,medium,2,0.2,overconfident,0.7,,,counterexample_audit,724193
G,G_00169,phone_pick,risk_aware_sfc,1,0,1,1,1,1,0.11830352,8,3,4,medium,high,0.75,medium,2,0.2,overconfident,0.7,,,counterexample_audit,724193
G,G_00169,phone_pick,abstaining_sfc,1,0,1,1,1,1,0.11830352,8,3,4,medium,high,0.75,medium,2,0.2,overconfident,0.7,,,counterexample_audit,724193
G,G_00170,phone_pick,geometric_fc,1,0,1,1,1,1,0.04361616,8,3,-1,medium,high,0.75,medium,2,,,,,,counterexample_audit,724194
G,G_00170,phone_pick,oracle_sfc,1,1,0,0,1,1,0.11420197,8,3,-1,medium,high,0.75,medium,2,,,,,,counterexample_audit,724194
G,G_00170,phone_pick,semantic_only,1,1,0,0,1,1,0.0,8,3,-1,medium,high,0.75,medium,2,,,,,,counterexample_audit,724194
G,G_00170,phone_pick,posthoc_single,0,0,0,1,1,1,0.04361616,8,3,-1,medium,high,0.75,medium,2,,,,,,counterexample_audit,724194
G,G_00170,phone_pick,soft_penalty_fc,1,0,1,1,1,1,0.04361616,8,3,-1,medium,high,0.75,medium,2,,,,,,counterexample_audit,724194
G,G_00170,phone_pick,observed_sfc,1,0,1,1,1,1,0.11361051,8,3,4,medium,high,0.75,medium,2,0.2,overconfident,0.7,,,counterexample_audit,724194
G,G_00170,phone_pick,risk_aware_sfc,1,0,1,1,1,1,0.11361051,8,3,4,medium,high,0.75,medium,2,0.2,overconfident,0.7,,,counterexample_audit,724194
G,G_00170,phone_pick,abstaining_sfc,1,0,1,1,1,1,0.11361051,8,3,4,medium,high,0.75,medium,2,0.2,overconfident,0.7,,,counterexample_audit,724194
G,G_00171,phone_pick,geometric_fc,1,0,1,1,1,1,0.04386785,8,3,-1,medium,high,0.75,medium,2,,,,,,counterexample_audit,724195
G,G_00171,phone_pick,oracle_sfc,1,1,0,0,1,1,0.08456649,8,3,-1,medium,high,0.75,medium,2,,,,,,counterexample_audit,724195
G,G_00171,phone_pick,semantic_only,1,1,0,0,1,1,0.0,8,3,-1,medium,high,0.75,medium,2,,,,,,counterexample_audit,724195
G,G_00171,phone_pick,posthoc_single,0,0,0,1,1,1,0.04386785,8,3,-1,medium,high,0.75,medium,2,,,,,,counterexample_audit,724195
G,G_00171,phone_pick,soft_penalty_fc,1,0,1,1,1,1,0.04386785,8,3,-1,medium,high,0.75,medium,2,,,,,,counterexample_audit,724195
G,G_00171,phone_pick,observed_sfc,1,0,1,1,1,1,0.00825378,8,3,3,medium,high,0.75,medium,2,0.2,overconfident,0.7,,,counterexample_audit,724195
G,G_00171,phone_pick,risk_aware_sfc,1,0,1,1,1,1,0.00825378,8,3,3,medium,high,0.75,medium,2,0.2,overconfident,0.7,,,counterexample_audit,724195
G,G_00171,phone_pick,abstaining_sfc,1,0,1,1,1,1,0.00825378,8,3,3,medium,high,0.75,medium,2,0.2,overconfident,0.7,,,counterexample_audit,724195
G,G_00172,phone_pick,geometric_fc,1,0,1,1,1,1,0.04420178,8,3,-1,medium,high,0.75,medium,2,,,,,,counterexample_audit,724196
G,G_00172,phone_pick,oracle_sfc,1,1,0,0,1,1,0.0879985,8,3,-1,medium,high,0.75,medium,2,,,,,,counterexample_audit,724196
G,G_00172,phone_pick,semantic_only,1,1,0,0,1,1,0.0,8,3,-1,medium,high,0.75,medium,2,,,,,,counterexample_audit,724196
G,G_00172,phone_pick,posthoc_single,0,0,0,1,1,1,0.04420178,8,3,-1,medium,high,0.75,medium,2,,,,,,counterexample_audit,724196
G,G_00172,phone_pick,soft_penalty_fc,1,0,1,1,1,1,0.04420178,8,3,-1,medium,high,0.75,medium,2,,,,,,counterexample_audit,724196
G,G_00172,phone_pick,observed_sfc,1,0,1,1,1,1,0.08443543,8,3,5,medium,high,0.75,medium,2,0.2,overconfident,0.7,,,counterexample_audit,724196
G,G_00172,phone_pick,risk_aware_sfc,1,0,1,1,1,1,0.08443543,8,3,5,medium,high,0.75,medium,2,0.2,overconfident,0.7,,,counterexample_audit,724196
G,G_00172,phone_pick,abstaining_sfc,1,0,1,1,1,1,0.08443543,8,3,5,medium,high,0.75,medium,2,0.2,overconfident,0.7,,,counterexample_audit,724196
G,G_00173,phone_pick,geometric_fc,1,0,1,1,1,1,0.04259765,8,3,-1,medium,high,0.75,medium,2,,,,,,counterexample_audit,724197
G,G_00173,phone_pick,oracle_sfc,1,1,0,0,1,1,0.09746301,8,3,-1,medium,high,0.75,medium,2,,,,,,counterexample_audit,724197
G,G_00173,phone_pick,semantic_only,1,1,0,0,1,1,0.0,8,3,-1,medium,high,0.75,medium,2,,,,,,counterexample_audit,724197
G,G_00173,phone_pick,posthoc_single,0,0,0,1,1,1,0.04259765,8,3,-1,medium,high,0.75,medium,2,,,,,,counterexample_audit,724197
G,G_00173,phone_pick,soft_penalty_fc,1,0,1,1,1,1,0.04259765,8,3,-1,medium,high,0.75,medium,2,,,,,,counterexample_audit,724197
G,G_00173,phone_pick,observed_sfc,1,1,0,0,1,1,0.09746301,8,3,3,medium,high,0.75,medium,2,0.2,overconfident,0.7,,,counterexample_audit,724197
G,G_00173,phone_pick,risk_aware_sfc,1,1,0,0,1,1,0.09746301,8,3,3,medium,high,0.75,medium,2,0.2,overconfident,0.7,,,counterexample_audit,724197
G,G_00173,phone_pick,abstaining_sfc,1,1,0,0,1,1,0.09746301,8,3,3,medium,high,0.75,medium,2,0.2,overconfident,0.7,,,counterexample_audit,724197
G,G_00174,phone_pick,geometric_fc,1,0,1,1,1,1,0.04293308,8,3,-1,medium,high,0.75,medium,2,,,,,,counterexample_audit,724198
G,G_00174,phone_pick,oracle_sfc,1,1,0,0,1,1,0.09424764,8,3,-1,medium,high,0.75,medium,2,,,,,,counterexample_audit,724198
G,G_00174,phone_pick,semantic_only,1,1,0,0,1,1,0.0,8,3,-1,medium,high,0.75,medium,2,,,,,,counterexample_audit,724198
G,G_00174,phone_pick,posthoc_single,0,0,0,1,1,1,0.04293308,8,3,-1,medium,high,0.75,medium,2,,,,,,counterexample_audit,724198
G,G_00174,phone_pick,soft_penalty_fc,1,0,1,1,1,1,0.04293308,8,3,-1,medium,high,0.75,medium,2,,,,,,counterexample_audit,724198
G,G_00174,phone_pick,observed_sfc,1,0,1,1,1,1,0.11921572,8,3,4,medium,high,0.75,medium,2,0.2,overconfident,0.7,,,counterexample_audit,724198
G,G_00174,phone_pick,risk_aware_sfc,1,0,1,1,1,1,0.11921572,8,3,4,medium,high,0.75,medium,2,0.2,overconfident,0.7,,,counterexample_audit,724198
G,G_00174,phone_pick,abstaining_sfc,1,0,1,1,1,1,0.11921572,8,3,4,medium,high,0.75,medium,2,0.2,overconfident,0.7,,,counterexample_audit,724198
G,G_00175,phone_pick,geometric_fc,1,0,1,1,1,1,0.04196145,8,3,-1,medium,high,0.75,medium,2,,,,,,counterexample_audit,724199
G,G_00175,phone_pick,oracle_sfc,1,1,0,0,1,1,0.1064206,8,3,-1,medium,high,0.75,medium,2,,,,,,counterexample_audit,724199
G,G_00175,phone_pick,semantic_only,1,1,0,0,1,1,0.0,8,3,-1,medium,high,0.75,medium,2,,,,,,counterexample_audit,724199
G,G_00175,phone_pick,posthoc_single,0,0,0,1,1,1,0.04196145,8,3,-1,medium,high,0.75,medium,2,,,,,,counterexample_audit,724199
G,G_00175,phone_pick,soft_penalty_fc,1,0,1,1,1,1,0.04196145,8,3,-1,medium,high,0.75,medium,2,,,,,,counterexample_audit,724199
G,G_00175,phone_pick,observed_sfc,1,1,0,0,1,1,0.1064206,8,3,3,medium,high,0.75,medium,2,0.2,overconfident,0.7,,,counterexample_audit,724199
G,G_00175,phone_pick,risk_aware_sfc,1,1,0,0,1,1,0.1064206,8,3,3,medium,high,0.75,medium,2,0.2,overconfident,0.7,,,counterexample_audit,724199
G,G_00175,phone_pick,abstaining_sfc,1,1,0,0,1,1,0.1064206,8,3,3,medium,high,0.75,medium,2,0.2,overconfident,0.7,,,counterexample_audit,724199
G,G_00176,phone_pick,geometric_fc,1,0,1,1,1,1,0.04304657,8,3,-1,medium,high,0.75,medium,2,,,,,,counterexample_audit,724200
G,G_00176,phone_pick,oracle_sfc,1,1,0,0,1,1,0.10915068,8,3,-1,medium,high,0.75,medium,2,,,,,,counterexample_audit,724200
G,G_00176,phone_pick,semantic_only,1,1,0,0,1,1,0.0,8,3,-1,medium,high,0.75,medium,2,,,,,,counterexample_audit,724200
G,G_00176,phone_pick,posthoc_single,0,0,0,1,1,1,0.04304657,8,3,-1,medium,high,0.75,medium,2,,,,,,counterexample_audit,724200
G,G_00176,phone_pick,soft_penalty_fc,1,0,1,1,1,1,0.04304657,8,3,-1,medium,high,0.75,medium,2,,,,,,counterexample_audit,724200
G,G_00176,phone_pick,observed_sfc,1,0,1,1,1,1,0.06986509,8,3,4,medium,high,0.75,medium,2,0.2,overconfident,0.7,,,counterexample_audit,724200
G,G_00176,phone_pick,risk_aware_sfc,1,0,1,1,1,1,0.06986509,8,3,4,medium,high,0.75,medium,2,0.2,overconfident,0.7,,,counterexample_audit,724200
G,G_00176,phone_pick,abstaining_sfc,1,0,1,1,1,1,0.06986509,8,3,4,medium,high,0.75,medium,2,0.2,overconfident,0.7,,,counterexample_audit,724200
G,G_00177,phone_pick,geometric_fc,1,0,1,1,1,1,0.04180641,8,3,-1,medium,high,0.75,medium,2,,,,,,counterexample_audit,724201
G,G_00177,phone_pick,oracle_sfc,1,1,0,0,1,1,0.11132671,8,3,-1,medium,high,0.75,medium,2,,,,,,counterexample_audit,724201
G,G_00177,phone_pick,semantic_only,1,1,0,0,1,1,0.0,8,3,-1,medium,high,0.75,medium,2,,,,,,counterexample_audit,724201
G,G_00177,phone_pick,posthoc_single,0,0,0,1,1,1,0.04180641,8,3,-1,medium,high,0.75,medium,2,,,,,,counterexample_audit,724201
G,G_00177,phone_pick,soft_penalty_fc,1,0,1,1,1,1,0.04180641,8,3,-1,medium,high,0.75,medium,2,,,,,,counterexample_audit,724201
G,G_00177,phone_pick,observed_sfc,1,0,1,1,1,1,0.12178742,8,3,4,medium,high,0.75,medium,2,0.2,overconfident,0.7,,,counterexample_audit,724201
G,G_00177,phone_pick,risk_aware_sfc,1,0,1,1,1,1,0.12178742,8,3,4,medium,high,0.75,medium,2,0.2,overconfident,0.7,,,counterexample_audit,724201
G,G_00177,phone_pick,abstaining_sfc,1,0,1,1,1,1,0.12178742,8,3,4,medium,high,0.75,medium,2,0.2,overconfident,0.7,,,counterexample_audit,724201
G,G_00178,phone_pick,geometric_fc,1,0,1,1,1,1,0.04477315,8,3,-1,medium,high,0.75,medium,2,,,,,,counterexample_audit,724202
G,G_00178,phone_pick,oracle_sfc,1,1,0,0,1,1,0.09797122,8,3,-1,medium,high,0.75,medium,2,,,,,,counterexample_audit,724202
G,G_00178,phone_pick,semantic_only,1,1,0,0,1,1,0.0,8,3,-1,medium,high,0.75,medium,2,,,,,,counterexample_audit,724202
G,G_00178,phone_pick,posthoc_single,0,0,0,1,1,1,0.04477315,8,3,-1,medium,high,0.75,medium,2,,,,,,counterexample_audit,724202
G,G_00178,phone_pick,soft_penalty_fc,1,0,1,1,1,1,0.04477315,8,3,-1,medium,high,0.75,medium,2,,,,,,counterexample_audit,724202
G,G_00178,phone_pick,observed_sfc,1,0,1,1,1,1,0.11749437,8,3,4,medium,high,0.75,medium,2,0.2,overconfident,0.7,,,counterexample_audit,724202
G,G_00178,phone_pick,risk_aware_sfc,1,0,1,1,1,1,0.11749437,8,3,4,medium,high,0.75,medium,2,0.2,overconfident,0.7,,,counterexample_audit,724202
G,G_00178,phone_pick,abstaining_sfc,1,0,1,1,1,1,0.11749437,8,3,4,medium,high,0.75,medium,2,0.2,overconfident,0.7,,,counterexample_audit,724202
G,G_00179,phone_pick,geometric_fc,1,0,1,1,1,1,0.04414128,8,3,-1,medium,high,0.75,medium,2,,,,,,counterexample_audit,724203
G,G_00179,phone_pick,oracle_sfc,1,1,0,0,1,1,0.08019489,8,3,-1,medium,high,0.75,medium,2,,,,,,counterexample_audit,724203
G,G_00179,phone_pick,semantic_only,1,1,0,0,1,1,0.0,8,3,-1,medium,high,0.75,medium,2,,,,,,counterexample_audit,724203
G,G_00179,phone_pick,posthoc_single,0,0,0,1,1,1,0.04414128,8,3,-1,medium,high,0.75,medium,2,,,,,,counterexample_audit,724203
G,G_00179,phone_pick,soft_penalty_fc,1,0,1,1,1,1,0.04414128,8,3,-1,medium,high,0.75,medium,2,,,,,,counterexample_audit,724203
G,G_00179,phone_pick,observed_sfc,1,1,0,0,1,1,0.08019489,8,3,3,medium,high,0.75,medium,2,0.2,overconfident,0.7,,,counterexample_audit,724203
G,G_00179,phone_pick,risk_aware_sfc,1,1,0,0,1,1,0.08019489,8,3,3,medium,high,0.75,medium,2,0.2,overconfident,0.7,,,counterexample_audit,724203
G,G_00179,phone_pick,abstaining_sfc,1,1,0,0,1,1,0.08019489,8,3,3,medium,high,0.75,medium,2,0.2,overconfident,0.7,,,counterexample_audit,724203
G,G_00180,phone_pick,geometric_fc,1,0,1,1,1,1,0.0432776,8,3,-1,medium,high,0.75,medium,2,,,,,,counterexample_audit,724204
G,G_00180,phone_pick,oracle_sfc,1,1,0,0,1,1,0.10662607,8,3,-1,medium,high,0.75,medium,2,,,,,,counterexample_audit,724204
G,G_00180,phone_pick,semantic_only,1,1,0,0,1,1,0.0,8,3,-1,medium,high,0.75,medium,2,,,,,,counterexample_audit,724204
G,G_00180,phone_pick,posthoc_single,0,0,0,1,1,1,0.0432776,8,3,-1,medium,high,0.75,medium,2,,,,,,counterexample_audit,724204
G,G_00180,phone_pick,soft_penalty_fc,1,0,1,1,1,1,0.0432776,8,3,-1,medium,high,0.75,medium,2,,,,,,counterexample_audit,724204
G,G_00180,phone_pick,observed_sfc,1,0,1,1,1,1,0.10426519,8,3,4,medium,high,0.75,medium,2,0.2,overconfident,0.7,,,counterexample_audit,724204
G,G_00180,phone_pick,risk_aware_sfc,1,0,1,1,1,1,0.10426519,8,3,4,medium,high,0.75,medium,2,0.2,overconfident,0.7,,,counterexample_audit,724204
G,G_00180,phone_pick,abstaining_sfc,1,0,1,1,1,1,0.10426519,8,3,4,medium,high,0.75,medium,2,0.2,overconfident,0.7,,,counterexample_audit,724204
G,G_00181,phone_pick,geometric_fc,1,0,1,1,1,1,0.04497576,8,3,-1,medium,high,0.75,medium,2,,,,,,counterexample_audit,724205
G,G_00181,phone_pick,oracle_sfc,1,1,0,0,1,1,0.11725142,8,3,-1,medium,high,0.75,medium,2,,,,,,counterexample_audit,724205
G,G_00181,phone_pick,semantic_only,1,1,0,0,1,1,0.0,8,3,-1,medium,high,0.75,medium,2,,,,,,counterexample_audit,724205
G,G_00181,phone_pick,posthoc_single,0,0,0,1,1,1,0.04497576,8,3,-1,medium,high,0.75,medium,2,,,,,,counterexample_audit,724205
G,G_00181,phone_pick,soft_penalty_fc,1,0,1,1,1,1,0.04497576,8,3,-1,medium,high,0.75,medium,2,,,,,,counterexample_audit,724205
G,G_00181,phone_pick,observed_sfc,1,0,1,1,1,1,0.12380165,8,3,4,medium,high,0.75,medium,2,0.2,overconfident,0.7,,,counterexample_audit,724205
G,G_00181,phone_pick,risk_aware_sfc,1,0,1,1,1,1,0.12380165,8,3,4,medium,high,0.75,medium,2,0.2,overconfident,0.7,,,counterexample_audit,724205
G,G_00181,phone_pick,abstaining_sfc,1,0,1,1,1,1,0.12380165,8,3,4,medium,high,0.75,medium,2,0.2,overconfident,0.7,,,counterexample_audit,724205
G,G_00182,phone_pick,geometric_fc,1,0,1,1,1,1,0.04324232,8,3,-1,medium,high,0.75,medium,2,,,,,,counterexample_audit,724206
G,G_00182,phone_pick,oracle_sfc,1,1,0,0,1,1,0.10044124,8,3,-1,medium,high,0.75,medium,2,,,,,,counterexample_audit,724206
G,G_00182,phone_pick,semantic_only,1,1,0,0,1,1,0.0,8,3,-1,medium,high,0.75,medium,2,,,,,,counterexample_audit,724206
G,G_00182,phone_pick,posthoc_single,0,0,0,1,1,1,0.04324232,8,3,-1,medium,high,0.75,medium,2,,,,,,counterexample_audit,724206
G,G_00182,phone_pick,soft_penalty_fc,1,0,1,1,1,1,0.04324232,8,3,-1,medium,high,0.75,medium,2,,,,,,counterexample_audit,724206
G,G_00182,phone_pick,observed_sfc,1,0,1,1,1,1,0.08604939,8,3,4,medium,high,0.75,medium,2,0.2,overconfident,0.7,,,counterexample_audit,724206
G,G_00182,phone_pick,risk_aware_sfc,1,0,1,1,1,1,0.08604939,8,3,4,medium,high,0.75,medium,2,0.2,overconfident,0.7,,,counterexample_audit,724206
G,G_00182,phone_pick,abstaining_sfc,1,0,1,1,1,1,0.08604939,8,3,4,medium,high,0.75,medium,2,0.2,overconfident,0.7,,,counterexample_audit,724206
G,G_00183,phone_pick,geometric_fc,1,0,1,1,1,1,0.04331735,8,3,-1,medium,high,0.75,medium,2,,,,,,counterexample_audit,724207
G,G_00183,phone_pick,oracle_sfc,1,1,0,0,1,1,0.08069942,8,3,-1,medium,high,0.75,medium,2,,,,,,counterexample_audit,724207
G,G_00183,phone_pick,semantic_only,1,1,0,0,1,1,0.0,8,3,-1,medium,high,0.75,medium,2,,,,,,counterexample_audit,724207
G,G_00183,phone_pick,posthoc_single,0,0,0,1,1,1,0.04331735,8,3,-1,medium,high,0.75,medium,2,,,,,,counterexample_audit,724207
G,G_00183,phone_pick,soft_penalty_fc,1,0,1,1,1,1,0.04331735,8,3,-1,medium,high,0.75,medium,2,,,,,,counterexample_audit,724207
G,G_00183,phone_pick,observed_sfc,1,0,1,1,1,1,0.11898074,8,3,4,medium,high,0.75,medium,2,0.2,overconfident,0.7,,,counterexample_audit,724207
G,G_00183,phone_pick,risk_aware_sfc,1,0,1,1,1,1,0.11898074,8,3,4,medium,high,0.75,medium,2,0.2,overconfident,0.7,,,counterexample_audit,724207
G,G_00183,phone_pick,abstaining_sfc,1,0,1,1,1,1,0.11898074,8,3,4,medium,high,0.75,medium,2,0.2,overconfident,0.7,,,counterexample_audit,724207
G,G_00184,phone_pick,geometric_fc,1,0,1,1,1,1,0.04245384,8,3,-1,medium,high,0.75,medium,2,,,,,,counterexample_audit,724208
G,G_00184,phone_pick,oracle_sfc,1,1,0,0,1,1,0.09900756,8,3,-1,medium,high,0.75,medium,2,,,,,,counterexample_audit,724208
G,G_00184,phone_pick,semantic_only,1,1,0,0,1,1,0.0,8,3,-1,medium,high,0.75,medium,2,,,,,,counterexample_audit,724208
G,G_00184,phone_pick,posthoc_single,0,0,0,1,1,1,0.04245384,8,3,-1,medium,high,0.75,medium,2,,,,,,counterexample_audit,724208
G,G_00184,phone_pick,soft_penalty_fc,1,0,1,1,1,1,0.04245384,8,3,-1,medium,high,0.75,medium,2,,,,,,counterexample_audit,724208
G,G_00184,phone_pick,observed_sfc,1,1,0,0,1,1,0.09900756,8,3,3,medium,high,0.75,medium,2,0.2,overconfident,0.7,,,counterexample_audit,724208
G,G_00184,phone_pick,risk_aware_sfc,1,1,0,0,1,1,0.09900756,8,3,3,medium,high,0.75,medium,2,0.2,overconfident,0.7,,,counterexample_audit,724208
G,G_00184,phone_pick,abstaining_sfc,1,1,0,0,1,1,0.09900756,8,3,3,medium,high,0.75,medium,2,0.2,overconfident,0.7,,,counterexample_audit,724208
G,G_00185,phone_pick,geometric_fc,1,0,1,1,1,1,0.04493662,8,3,-1,medium,high,0.75,medium,2,,,,,,counterexample_audit,724209
G,G_00185,phone_pick,oracle_sfc,1,1,0,0,1,1,0.10898883,8,3,-1,medium,high,0.75,medium,2,,,,,,counterexample_audit,724209
G,G_00185,phone_pick,semantic_only,1,1,0,0,1,1,0.0,8,3,-1,medium,high,0.75,medium,2,,,,,,counterexample_audit,724209
G,G_00185,phone_pick,posthoc_single,0,0,0,1,1,1,0.04493662,8,3,-1,medium,high,0.75,medium,2,,,,,,counterexample_audit,724209
G,G_00185,phone_pick,soft_penalty_fc,1,0,1,1,1,1,0.04493662,8,3,-1,medium,high,0.75,medium,2,,,,,,counterexample_audit,724209
G,G_00185,phone_pick,observed_sfc,1,0,1,1,1,1,0.12161426,8,3,4,medium,high,0.75,medium,2,0.2,overconfident,0.7,,,counterexample_audit,724209
G,G_00185,phone_pick,risk_aware_sfc,1,0,1,1,1,1,0.12161426,8,3,4,medium,high,0.75,medium,2,0.2,overconfident,0.7,,,counterexample_audit,724209
G,G_00185,phone_pick,abstaining_sfc,1,0,1,1,1,1,0.12161426,8,3,4,medium,high,0.75,medium,2,0.2,overconfident,0.7,,,counterexample_audit,724209
G,G_00186,phone_pick,geometric_fc,1,0,1,1,1,1,0.04322614,8,3,-1,medium,high,0.75,medium,2,,,,,,counterexample_audit,724210
G,G_00186,phone_pick,oracle_sfc,1,1,0,0,1,1,0.09931841,8,3,-1,medium,high,0.75,medium,2,,,,,,counterexample_audit,724210
G,G_00186,phone_pick,semantic_only,1,1,0,0,1,1,0.0,8,3,-1,medium,high,0.75,medium,2,,,,,,counterexample_audit,724210
G,G_00186,phone_pick,posthoc_single,0,0,0,1,1,1,0.04322614,8,3,-1,medium,high,0.75,medium,2,,,,,,counterexample_audit,724210
G,G_00186,phone_pick,soft_penalty_fc,1,0,1,1,1,1,0.04322614,8,3,-1,medium,high,0.75,medium,2,,,,,,counterexample_audit,724210
G,G_00186,phone_pick,observed_sfc,1,1,0,0,1,1,0.09931841,8,3,3,medium,high,0.75,medium,2,0.2,overconfident,0.7,,,counterexample_audit,724210
G,G_00186,phone_pick,risk_aware_sfc,1,1,0,0,1,1,0.09931841,8,3,3,medium,high,0.75,medium,2,0.2,overconfident,0.7,,,counterexample_audit,724210
G,G_00186,phone_pick,abstaining_sfc,1,1,0,0,1,1,0.09931841,8,3,3,medium,high,0.75,medium,2,0.2,overconfident,0.7,,,counterexample_audit,724210
G,G_00187,phone_pick,geometric_fc,1,0,1,1,1,1,0.04529765,8,3,-1,medium,high,0.75,medium,2,,,,,,counterexample_audit,724211
G,G_00187,phone_pick,oracle_sfc,1,1,0,0,1,1,0.06426976,8,3,-1,medium,high,0.75,medium,2,,,,,,counterexample_audit,724211
G,G_00187,phone_pick,semantic_only,1,1,0,0,1,1,0.0,8,3,-1,medium,high,0.75,medium,2,,,,,,counterexample_audit,724211
G,G_00187,phone_pick,posthoc_single,0,0,0,1,1,1,0.04529765,8,3,-1,medium,high,0.75,medium,2,,,,,,counterexample_audit,724211
G,G_00187,phone_pick,soft_penalty_fc,1,0,1,1,1,1,0.04529765,8,3,-1,medium,high,0.75,medium,2,,,,,,counterexample_audit,724211
G,G_00187,phone_pick,observed_sfc,1,0,1,1,1,1,0.08907201,8,3,5,medium,high,0.75,medium,2,0.2,overconfident,0.7,,,counterexample_audit,724211
G,G_00187,phone_pick,risk_aware_sfc,1,0,1,1,1,1,0.08907201,8,3,5,medium,high,0.75,medium,2,0.2,overconfident,0.7,,,counterexample_audit,724211
G,G_00187,phone_pick,abstaining_sfc,1,0,1,1,1,1,0.08907201,8,3,5,medium,high,0.75,medium,2,0.2,overconfident,0.7,,,counterexample_audit,724211
G,G_00188,phone_pick,geometric_fc,1,0,1,1,1,1,0.0435361,8,3,-1,medium,high,0.75,medium,2,,,,,,counterexample_audit,724212
G,G_00188,phone_pick,oracle_sfc,1,1,0,0,1,1,0.07954992,8,3,-1,medium,high,0.75,medium,2,,,,,,counterexample_audit,724212
G,G_00188,phone_pick,semantic_only,1,1,0,0,1,1,0.0,8,3,-1,medium,high,0.75,medium,2,,,,,,counterexample_audit,724212
G,G_00188,phone_pick,posthoc_single,0,0,0,1,1,1,0.0435361,8,3,-1,medium,high,0.75,medium,2,,,,,,counterexample_audit,724212
G,G_00188,phone_pick,soft_penalty_fc,1,0,1,1,1,1,0.0435361,8,3,-1,medium,high,0.75,medium,2,,,,,,counterexample_audit,724212
G,G_00188,phone_pick,observed_sfc,1,1,0,0,1,1,0.07954992,8,3,3,medium,high,0.75,medium,2,0.2,overconfident,0.7,,,counterexample_audit,724212
G,G_00188,phone_pick,risk_aware_sfc,1,1,0,0,1,1,0.07954992,8,3,3,medium,high,0.75,medium,2,0.2,overconfident,0.7,,,counterexample_audit,724212
G,G_00188,phone_pick,abstaining_sfc,1,1,0,0,1,1,0.07954992,8,3,3,medium,high,0.75,medium,2,0.2,overconfident,0.7,,,counterexample_audit,724212
G,G_00189,phone_pick,geometric_fc,1,0,1,1,1,1,0.0442766,8,3,-1,medium,high,0.75,medium,2,,,,,,counterexample_audit,724213
G,G_00189,phone_pick,oracle_sfc,1,1,0,0,1,1,0.07979997,8,3,-1,medium,high,0.75,medium,2,,,,,,counterexample_audit,724213
G,G_00189,phone_pick,semantic_only,1,1,0,0,1,1,0.0,8,3,-1,medium,high,0.75,medium,2,,,,,,counterexample_audit,724213
G,G_00189,phone_pick,posthoc_single,0,0,0,1,1,1,0.0442766,8,3,-1,medium,high,0.75,medium,2,,,,,,counterexample_audit,724213
G,G_00189,phone_pick,soft_penalty_fc,1,0,1,1,1,1,0.0442766,8,3,-1,medium,high,0.75,medium,2,,,,,,counterexample_audit,724213
G,G_00189,phone_pick,observed_sfc,1,1,0,0,1,1,0.07979997,8,3,3,medium,high,0.75,medium,2,0.2,overconfident,0.7,,,counterexample_audit,724213
G,G_00189,phone_pick,risk_aware_sfc,1,1,0,0,1,1,0.07979997,8,3,3,medium,high,0.75,medium,2,0.2,overconfident,0.7,,,counterexample_audit,724213
G,G_00189,phone_pick,abstaining_sfc,1,1,0,0,1,1,0.07979997,8,3,3,medium,high,0.75,medium,2,0.2,overconfident,0.7,,,counterexample_audit,724213
G,G_00190,phone_pick,geometric_fc,1,0,1,1,1,1,0.04405176,8,3,-1,medium,high,0.75,medium,2,,,,,,counterexample_audit,724214
G,G_00190,phone_pick,oracle_sfc,1,1,0,0,1,1,0.09967161,8,3,-1,medium,high,0.75,medium,2,,,,,,counterexample_audit,724214
G,G_00190,phone_pick,semantic_only,1,1,0,0,1,1,0.0,8,3,-1,medium,high,0.75,medium,2,,,,,,counterexample_audit,724214
G,G_00190,phone_pick,posthoc_single,0,0,0,1,1,1,0.04405176,8,3,-1,medium,high,0.75,medium,2,,,,,,counterexample_audit,724214
G,G_00190,phone_pick,soft_penalty_fc,1,0,1,1,1,1,0.04405176,8,3,-1,medium,high,0.75,medium,2,,,,,,counterexample_audit,724214
G,G_00190,phone_pick,observed_sfc,1,1,0,0,1,1,0.09967161,8,3,3,medium,high,0.75,medium,2,0.2,overconfident,0.7,,,counterexample_audit,724214
G,G_00190,phone_pick,risk_aware_sfc,1,1,0,0,1,1,0.09967161,8,3,3,medium,high,0.75,medium,2,0.2,overconfident,0.7,,,counterexample_audit,724214
G,G_00190,phone_pick,abstaining_sfc,1,1,0,0,1,1,0.09967161,8,3,3,medium,high,0.75,medium,2,0.2,overconfident,0.7,,,counterexample_audit,724214
G,G_00191,phone_pick,geometric_fc,1,0,1,1,1,1,0.04312291,8,3,-1,medium,high,0.75,medium,2,,,,,,counterexample_audit,724215
G,G_00191,phone_pick,oracle_sfc,1,1,0,0,1,1,0.1103014,8,3,-1,medium,high,0.75,medium,2,,,,,,counterexample_audit,724215
G,G_00191,phone_pick,semantic_only,1,1,0,0,1,1,0.0,8,3,-1,medium,high,0.75,medium,2,,,,,,counterexample_audit,724215
G,G_00191,phone_pick,posthoc_single,0,0,0,1,1,1,0.04312291,8,3,-1,medium,high,0.75,medium,2,,,,,,counterexample_audit,724215
G,G_00191,phone_pick,soft_penalty_fc,1,0,1,1,1,1,0.04312291,8,3,-1,medium,high,0.75,medium,2,,,,,,counterexample_audit,724215
G,G_00191,phone_pick,observed_sfc,1,0,1,1,1,1,0.11638644,8,3,4,medium,high,0.75,medium,2,0.2,overconfident,0.7,,,counterexample_audit,724215
G,G_00191,phone_pick,risk_aware_sfc,1,0,1,1,1,1,0.11638644,8,3,4,medium,high,0.75,medium,2,0.2,overconfident,0.7,,,counterexample_audit,724215
G,G_00191,phone_pick,abstaining_sfc,1,0,1,1,1,1,0.11638644,8,3,4,medium,high,0.75,medium,2,0.2,overconfident,0.7,,,counterexample_audit,724215
G,G_00192,phone_pick,geometric_fc,1,0,1,1,1,1,0.04518601,8,3,-1,medium,high,0.75,medium,2,,,,,,counterexample_audit,724216
G,G_00192,phone_pick,oracle_sfc,1,1,0,0,1,1,0.10599638,8,3,-1,medium,high,0.75,medium,2,,,,,,counterexample_audit,724216
G,G_00192,phone_pick,semantic_only,1,1,0,0,1,1,0.0,8,3,-1,medium,high,0.75,medium,2,,,,,,counterexample_audit,724216
G,G_00192,phone_pick,posthoc_single,0,0,0,1,1,1,0.04518601,8,3,-1,medium,high,0.75,medium,2,,,,,,counterexample_audit,724216
G,G_00192,phone_pick,soft_penalty_fc,1,0,1,1,1,1,0.04518601,8,3,-1,medium,high,0.75,medium,2,,,,,,counterexample_audit,724216
G,G_00192,phone_pick,observed_sfc,1,0,1,1,1,1,0.08645486,8,3,5,medium,high,0.75,medium,2,0.2,overconfident,0.7,,,counterexample_audit,724216
G,G_00192,phone_pick,risk_aware_sfc,1,0,1,1,1,1,0.08645486,8,3,5,medium,high,0.75,medium,2,0.2,overconfident,0.7,,,counterexample_audit,724216
G,G_00192,phone_pick,abstaining_sfc,1,0,1,1,1,1,0.08645486,8,3,5,medium,high,0.75,medium,2,0.2,overconfident,0.7,,,counterexample_audit,724216
G,G_00193,phone_pick,geometric_fc,1,0,1,1,1,1,0.04332135,8,3,-1,medium,high,0.75,medium,2,,,,,,counterexample_audit,724217
G,G_00193,phone_pick,oracle_sfc,1,1,0,0,1,1,0.10165058,8,3,-1,medium,high,0.75,medium,2,,,,,,counterexample_audit,724217
G,G_00193,phone_pick,semantic_only,1,1,0,0,1,1,0.0,8,3,-1,medium,high,0.75,medium,2,,,,,,counterexample_audit,724217
G,G_00193,phone_pick,posthoc_single,0,0,0,1,1,1,0.04332135,8,3,-1,medium,high,0.75,medium,2,,,,,,counterexample_audit,724217
G,G_00193,phone_pick,soft_penalty_fc,1,0,1,1,1,1,0.04332135,8,3,-1,medium,high,0.75,medium,2,,,,,,counterexample_audit,724217
G,G_00193,phone_pick,observed_sfc,1,0,1,1,1,1,0.11231581,8,3,4,medium,high,0.75,medium,2,0.2,overconfident,0.7,,,counterexample_audit,724217
G,G_00193,phone_pick,risk_aware_sfc,1,0,1,1,1,1,0.11231581,8,3,4,medium,high,0.75,medium,2,0.2,overconfident,0.7,,,counterexample_audit,724217
G,G_00193,phone_pick,abstaining_sfc,1,0,1,1,1,1,0.11231581,8,3,4,medium,high,0.75,medium,2,0.2,overconfident,0.7,,,counterexample_audit,724217
G,G_00194,phone_pick,geometric_fc,1,0,1,1,1,1,0.04152803,8,3,-1,medium,high,0.75,medium,2,,,,,,counterexample_audit,724218
G,G_00194,phone_pick,oracle_sfc,1,1,0,0,1,1,0.09074063,8,3,-1,medium,high,0.75,medium,2,,,,,,counterexample_audit,724218
G,G_00194,phone_pick,semantic_only,1,1,0,0,1,1,0.0,8,3,-1,medium,high,0.75,medium,2,,,,,,counterexample_audit,724218
G,G_00194,phone_pick,posthoc_single,0,0,0,1,1,1,0.04152803,8,3,-1,medium,high,0.75,medium,2,,,,,,counterexample_audit,724218
G,G_00194,phone_pick,soft_penalty_fc,1,0,1,1,1,1,0.04152803,8,3,-1,medium,high,0.75,medium,2,,,,,,counterexample_audit,724218
G,G_00194,phone_pick,observed_sfc,1,1,0,0,1,1,0.09074063,8,3,3,medium,high,0.75,medium,2,0.2,overconfident,0.7,,,counterexample_audit,724218
G,G_00194,phone_pick,risk_aware_sfc,1,1,0,0,1,1,0.09074063,8,3,3,medium,high,0.75,medium,2,0.2,overconfident,0.7,,,counterexample_audit,724218
G,G_00194,phone_pick,abstaining_sfc,1,1,0,0,1,1,0.09074063,8,3,3,medium,high,0.75,medium,2,0.2,overconfident,0.7,,,counterexample_audit,724218
G,G_00195,phone_pick,geometric_fc,1,0,1,1,1,1,0.04103857,8,3,-1,medium,high,0.75,medium,2,,,,,,counterexample_audit,724219
G,G_00195,phone_pick,oracle_sfc,1,1,0,0,1,1,0.10333887,8,3,-1,medium,high,0.75,medium,2,,,,,,counterexample_audit,724219
G,G_00195,phone_pick,semantic_only,1,1,0,0,1,1,0.0,8,3,-1,medium,high,0.75,medium,2,,,,,,counterexample_audit,724219
G,G_00195,phone_pick,posthoc_single,0,0,0,1,1,1,0.04103857,8,3,-1,medium,high,0.75,medium,2,,,,,,counterexample_audit,724219
G,G_00195,phone_pick,soft_penalty_fc,1,0,1,1,1,1,0.04103857,8,3,-1,medium,high,0.75,medium,2,,,,,,counterexample_audit,724219
G,G_00195,phone_pick,observed_sfc,1,0,1,1,1,1,0.06216226,8,3,6,medium,high,0.75,medium,2,0.2,overconfident,0.7,,,counterexample_audit,724219
G,G_00195,phone_pick,risk_aware_sfc,1,0,1,1,1,1,0.06216226,8,3,6,medium,high,0.75,medium,2,0.2,overconfident,0.7,,,counterexample_audit,724219
G,G_00195,phone_pick,abstaining_sfc,1,0,1,1,1,1,0.06216226,8,3,6,medium,high,0.75,medium,2,0.2,overconfident,0.7,,,counterexample_audit,724219
G,G_00196,phone_pick,geometric_fc,1,0,1,1,1,1,0.04441276,8,3,-1,medium,high,0.75,medium,2,,,,,,counterexample_audit,724220
G,G_00196,phone_pick,oracle_sfc,1,1,0,0,1,1,0.08964424,8,3,-1,medium,high,0.75,medium,2,,,,,,counterexample_audit,724220
G,G_00196,phone_pick,semantic_only,1,1,0,0,1,1,0.0,8,3,-1,medium,high,0.75,medium,2,,,,,,counterexample_audit,724220
G,G_00196,phone_pick,posthoc_single,0,0,0,1,1,1,0.04441276,8,3,-1,medium,high,0.75,medium,2,,,,,,counterexample_audit,724220
G,G_00196,phone_pick,soft_penalty_fc,1,0,1,1,1,1,0.04441276,8,3,-1,medium,high,0.75,medium,2,,,,,,counterexample_audit,724220
G,G_00196,phone_pick,observed_sfc,1,1,0,0,1,1,0.08964424,8,3,3,medium,high,0.75,medium,2,0.2,overconfident,0.7,,,counterexample_audit,724220
G,G_00196,phone_pick,risk_aware_sfc,1,1,0,0,1,1,0.08964424,8,3,3,medium,high,0.75,medium,2,0.2,overconfident,0.7,,,counterexample_audit,724220
G,G_00196,phone_pick,abstaining_sfc,1,1,0,0,1,1,0.08964424,8,3,3,medium,high,0.75,medium,2,0.2,overconfident,0.7,,,counterexample_audit,724220
G,G_00197,phone_pick,geometric_fc,1,0,1,1,1,1,0.04559619,8,3,-1,medium,high,0.75,medium,2,,,,,,counterexample_audit,724221
G,G_00197,phone_pick,oracle_sfc,1,1,0,0,1,1,0.10686485,8,3,-1,medium,high,0.75,medium,2,,,,,,counterexample_audit,724221
G,G_00197,phone_pick,semantic_only,1,1,0,0,1,1,0.0,8,3,-1,medium,high,0.75,medium,2,,,,,,counterexample_audit,724221
G,G_00197,phone_pick,posthoc_single,0,0,0,1,1,1,0.04559619,8,3,-1,medium,high,0.75,medium,2,,,,,,counterexample_audit,724221
G,G_00197,phone_pick,soft_penalty_fc,1,0,1,1,1,1,0.04559619,8,3,-1,medium,high,0.75,medium,2,,,,,,counterexample_audit,724221
G,G_00197,phone_pick,observed_sfc,1,1,0,0,1,1,0.10686485,8,3,3,medium,high,0.75,medium,2,0.2,overconfident,0.7,,,counterexample_audit,724221
G,G_00197,phone_pick,risk_aware_sfc,1,1,0,0,1,1,0.10686485,8,3,3,medium,high,0.75,medium,2,0.2,overconfident,0.7,,,counterexample_audit,724221
G,G_00197,phone_pick,abstaining_sfc,1,1,0,0,1,1,0.10686485,8,3,3,medium,high,0.75,medium,2,0.2,overconfident,0.7,,,counterexample_audit,724221
G,G_00198,phone_pick,geometric_fc,1,0,1,1,1,1,0.04277625,8,3,-1,medium,high,0.75,medium,2,,,,,,counterexample_audit,724222
G,G_00198,phone_pick,oracle_sfc,1,1,0,0,1,1,0.09778866,8,3,-1,medium,high,0.75,medium,2,,,,,,counterexample_audit,724222
G,G_00198,phone_pick,semantic_only,1,1,0,0,1,1,0.0,8,3,-1,medium,high,0.75,medium,2,,,,,,counterexample_audit,724222
G,G_00198,phone_pick,posthoc_single,0,0,0,1,1,1,0.04277625,8,3,-1,medium,high,0.75,medium,2,,,,,,counterexample_audit,724222
G,G_00198,phone_pick,soft_penalty_fc,1,0,1,1,1,1,0.04277625,8,3,-1,medium,high,0.75,medium,2,,,,,,counterexample_audit,724222
G,G_00198,phone_pick,observed_sfc,1,1,0,0,1,1,0.09778866,8,3,3,medium,high,0.75,medium,2,0.2,overconfident,0.7,,,counterexample_audit,724222
G,G_00198,phone_pick,risk_aware_sfc,1,1,0,0,1,1,0.09778866,8,3,3,medium,high,0.75,medium,2,0.2,overconfident,0.7,,,counterexample_audit,724222
G,G_00198,phone_pick,abstaining_sfc,1,1,0,0,1,1,0.09778866,8,3,3,medium,high,0.75,medium,2,0.2,overconfident,0.7,,,counterexample_audit,724222
G,G_00199,phone_pick,geometric_fc,1,0,1,1,1,1,0.04127544,8,3,-1,medium,high,0.75,medium,2,,,,,,counterexample_audit,724223
G,G_00199,phone_pick,oracle_sfc,1,1,0,0,1,1,0.10938643,8,3,-1,medium,high,0.75,medium,2,,,,,,counterexample_audit,724223
G,G_00199,phone_pick,semantic_only,1,1,0,0,1,1,0.0,8,3,-1,medium,high,0.75,medium,2,,,,,,counterexample_audit,724223
G,G_00199,phone_pick,posthoc_single,0,0,0,1,1,1,0.04127544,8,3,-1,medium,high,0.75,medium,2,,,,,,counterexample_audit,724223
G,G_00199,phone_pick,soft_penalty_fc,1,0,1,1,1,1,0.04127544,8,3,-1,medium,high,0.75,medium,2,,,,,,counterexample_audit,724223
G,G_00199,phone_pick,observed_sfc,1,0,1,1,1,1,0.11489487,8,3,4,medium,high,0.75,medium,2,0.2,overconfident,0.7,,,counterexample_audit,724223
G,G_00199,phone_pick,risk_aware_sfc,1,0,1,1,1,1,0.11489487,8,3,4,medium,high,0.75,medium,2,0.2,overconfident,0.7,,,counterexample_audit,724223
G,G_00199,phone_pick,abstaining_sfc,1,0,1,1,1,1,0.11489487,8,3,4,medium,high,0.75,medium,2,0.2,overconfident,0.7,,,counterexample_audit,724223
G,G_00200,phone_pick,geometric_fc,1,0,1,1,1,1,0.04301634,8,3,-1,medium,high,0.75,medium,2,,,,,,counterexample_audit,724224
G,G_00200,phone_pick,oracle_sfc,1,1,0,0,1,1,0.10260156,8,3,-1,medium,high,0.75,medium,2,,,,,,counterexample_audit,724224
G,G_00200,phone_pick,semantic_only,1,1,0,0,1,1,0.0,8,3,-1,medium,high,0.75,medium,2,,,,,,counterexample_audit,724224
G,G_00200,phone_pick,posthoc_single,0,0,0,1,1,1,0.04301634,8,3,-1,medium,high,0.75,medium,2,,,,,,counterexample_audit,724224
G,G_00200,phone_pick,soft_penalty_fc,1,0,1,1,1,1,0.04301634,8,3,-1,medium,high,0.75,medium,2,,,,,,counterexample_audit,724224
G,G_00200,phone_pick,observed_sfc,1,1,0,0,1,1,0.10260156,8,3,3,medium,high,0.75,medium,2,0.2,overconfident,0.7,,,counterexample_audit,724224
G,G_00200,phone_pick,risk_aware_sfc,1,1,0,0,1,1,0.10260156,8,3,3,medium,high,0.75,medium,2,0.2,overconfident,0.7,,,counterexample_audit,724224
G,G_00200,phone_pick,abstaining_sfc,1,1,0,0,1,1,0.10260156,8,3,3,medium,high,0.75,medium,2,0.2,overconfident,0.7,,,counterexample_audit,724224
G,G_00201,phone_pick,geometric_fc,1,0,1,1,1,1,0.04358217,8,3,-1,medium,high,0.75,medium,2,,,,,,counterexample_audit,724225
G,G_00201,phone_pick,oracle_sfc,1,1,0,0,1,1,0.1015519,8,3,-1,medium,high,0.75,medium,2,,,,,,counterexample_audit,724225
G,G_00201,phone_pick,semantic_only,1,1,0,0,1,1,0.0,8,3,-1,medium,high,0.75,medium,2,,,,,,counterexample_audit,724225
G,G_00201,phone_pick,posthoc_single,0,0,0,1,1,1,0.04358217,8,3,-1,medium,high,0.75,medium,2,,,,,,counterexample_audit,724225
G,G_00201,phone_pick,soft_penalty_fc,1,0,1,1,1,1,0.04358217,8,3,-1,medium,high,0.75,medium,2,,,,,,counterexample_audit,724225
G,G_00201,phone_pick,observed_sfc,1,1,0,0,1,1,0.22771381,8,3,2,medium,high,0.75,medium,2,0.2,overconfident,0.7,,,counterexample_audit,724225
G,G_00201,phone_pick,risk_aware_sfc,1,1,0,0,1,1,0.22771381,8,3,2,medium,high,0.75,medium,2,0.2,overconfident,0.7,,,counterexample_audit,724225
G,G_00201,phone_pick,abstaining_sfc,1,1,0,0,1,1,0.22771381,8,3,2,medium,high,0.75,medium,2,0.2,overconfident,0.7,,,counterexample_audit,724225
G,G_00202,phone_pick,geometric_fc,1,0,1,1,1,1,0.04285291,8,3,-1,medium,high,0.75,medium,2,,,,,,counterexample_audit,724226
G,G_00202,phone_pick,oracle_sfc,1,1,0,0,1,1,0.09719724,8,3,-1,medium,high,0.75,medium,2,,,,,,counterexample_audit,724226
G,G_00202,phone_pick,semantic_only,1,1,0,0,1,1,0.0,8,3,-1,medium,high,0.75,medium,2,,,,,,counterexample_audit,724226
G,G_00202,phone_pick,posthoc_single,0,0,0,1,1,1,0.04285291,8,3,-1,medium,high,0.75,medium,2,,,,,,counterexample_audit,724226
G,G_00202,phone_pick,soft_penalty_fc,1,0,1,1,1,1,0.04285291,8,3,-1,medium,high,0.75,medium,2,,,,,,counterexample_audit,724226
G,G_00202,phone_pick,observed_sfc,1,0,1,1,1,1,0.09313834,8,3,4,medium,high,0.75,medium,2,0.2,overconfident,0.7,,,counterexample_audit,724226
G,G_00202,phone_pick,risk_aware_sfc,1,0,1,1,1,1,0.09313834,8,3,4,medium,high,0.75,medium,2,0.2,overconfident,0.7,,,counterexample_audit,724226
G,G_00202,phone_pick,abstaining_sfc,1,0,1,1,1,1,0.09313834,8,3,4,medium,high,0.75,medium,2,0.2,overconfident,0.7,,,counterexample_audit,724226
G,G_00203,phone_pick,geometric_fc,1,0,1,1,1,1,0.04114172,8,3,-1,medium,high,0.75,medium,2,,,,,,counterexample_audit,724227
G,G_00203,phone_pick,oracle_sfc,1,1,0,0,1,1,0.12210578,8,3,-1,medium,high,0.75,medium,2,,,,,,counterexample_audit,724227
G,G_00203,phone_pick,semantic_only,1,1,0,0,1,1,0.0,8,3,-1,medium,high,0.75,medium,2,,,,,,counterexample_audit,724227
G,G_00203,phone_pick,posthoc_single,0,0,0,1,1,1,0.04114172,8,3,-1,medium,high,0.75,medium,2,,,,,,counterexample_audit,724227
G,G_00203,phone_pick,soft_penalty_fc,1,0,1,1,1,1,0.04114172,8,3,-1,medium,high,0.75,medium,2,,,,,,counterexample_audit,724227
G,G_00203,phone_pick,observed_sfc,1,0,1,1,1,1,0.07611843,8,3,4,medium,high,0.75,medium,2,0.2,overconfident,0.7,,,counterexample_audit,724227
G,G_00203,phone_pick,risk_aware_sfc,1,0,1,1,1,1,0.07611843,8,3,4,medium,high,0.75,medium,2,0.2,overconfident,0.7,,,counterexample_audit,724227
G,G_00203,phone_pick,abstaining_sfc,1,0,1,1,1,1,0.07611843,8,3,4,medium,high,0.75,medium,2,0.2,overconfident,0.7,,,counterexample_audit,724227
G,G_00204,phone_pick,geometric_fc,1,0,1,1,1,1,0.04440586,8,3,-1,medium,high,0.75,medium,2,,,,,,counterexample_audit,724228
G,G_00204,phone_pick,oracle_sfc,1,1,0,0,1,1,0.10497015,8,3,-1,medium,high,0.75,medium,2,,,,,,counterexample_audit,724228
G,G_00204,phone_pick,semantic_only,1,1,0,0,1,1,0.0,8,3,-1,medium,high,0.75,medium,2,,,,,,counterexample_audit,724228
G,G_00204,phone_pick,posthoc_single,0,0,0,1,1,1,0.04440586,8,3,-1,medium,high,0.75,medium,2,,,,,,counterexample_audit,724228
G,G_00204,phone_pick,soft_penalty_fc,1,0,1,1,1,1,0.04440586,8,3,-1,medium,high,0.75,medium,2,,,,,,counterexample_audit,724228
G,G_00204,phone_pick,observed_sfc,1,1,0,0,1,1,0.10497015,8,3,3,medium,high,0.75,medium,2,0.2,overconfident,0.7,,,counterexample_audit,724228
G,G_00204,phone_pick,risk_aware_sfc,1,1,0,0,1,1,0.10497015,8,3,3,medium,high,0.75,medium,2,0.2,overconfident,0.7,,,counterexample_audit,724228
G,G_00204,phone_pick,abstaining_sfc,1,1,0,0,1,1,0.10497015,8,3,3,medium,high,0.75,medium,2,0.2,overconfident,0.7,,,counterexample_audit,724228
G,G_00205,phone_pick,geometric_fc,1,0,1,1,1,1,0.04358076,8,3,-1,medium,high,0.75,medium,2,,,,,,counterexample_audit,724229
G,G_00205,phone_pick,oracle_sfc,1,1,0,0,1,1,0.08438628,8,3,-1,medium,high,0.75,medium,2,,,,,,counterexample_audit,724229
G,G_00205,phone_pick,semantic_only,1,1,0,0,1,1,0.0,8,3,-1,medium,high,0.75,medium,2,,,,,,counterexample_audit,724229
G,G_00205,phone_pick,posthoc_single,0,0,0,1,1,1,0.04358076,8,3,-1,medium,high,0.75,medium,2,,,,,,counterexample_audit,724229
G,G_00205,phone_pick,soft_penalty_fc,1,0,1,1,1,1,0.04358076,8,3,-1,medium,high,0.75,medium,2,,,,,,counterexample_audit,724229
G,G_00205,phone_pick,observed_sfc,1,0,1,1,1,1,0.10851685,8,3,3,medium,high,0.75,medium,2,0.2,overconfident,0.7,,,counterexample_audit,724229
G,G_00205,phone_pick,risk_aware_sfc,1,0,1,1,1,1,0.10851685,8,3,3,medium,high,0.75,medium,2,0.2,overconfident,0.7,,,counterexample_audit,724229
G,G_00205,phone_pick,abstaining_sfc,1,0,1,1,1,1,0.10851685,8,3,3,medium,high,0.75,medium,2,0.2,overconfident,0.7,,,counterexample_audit,724229
G,G_00206,phone_pick,geometric_fc,1,0,1,1,1,1,0.04610105,8,3,-1,medium,high,0.75,medium,2,,,,,,counterexample_audit,724230
G,G_00206,phone_pick,oracle_sfc,1,1,0,0,1,1,0.07834203,8,3,-1,medium,high,0.75,medium,2,,,,,,counterexample_audit,724230
G,G_00206,phone_pick,semantic_only,1,1,0,0,1,1,0.0,8,3,-1,medium,high,0.75,medium,2,,,,,,counterexample_audit,724230
G,G_00206,phone_pick,posthoc_single,0,0,0,1,1,1,0.04610105,8,3,-1,medium,high,0.75,medium,2,,,,,,counterexample_audit,724230
G,G_00206,phone_pick,soft_penalty_fc,1,0,1,1,1,1,0.04610105,8,3,-1,medium,high,0.75,medium,2,,,,,,counterexample_audit,724230
G,G_00206,phone_pick,observed_sfc,1,1,0,0,1,1,0.19900103,8,3,2,medium,high,0.75,medium,2,0.2,overconfident,0.7,,,counterexample_audit,724230
G,G_00206,phone_pick,risk_aware_sfc,1,1,0,0,1,1,0.19900103,8,3,2,medium,high,0.75,medium,2,0.2,overconfident,0.7,,,counterexample_audit,724230
G,G_00206,phone_pick,abstaining_sfc,1,1,0,0,1,1,0.19900103,8,3,2,medium,high,0.75,medium,2,0.2,overconfident,0.7,,,counterexample_audit,724230
G,G_00207,phone_pick,geometric_fc,1,0,1,1,1,1,0.04419533,8,3,-1,medium,high,0.75,medium,2,,,,,,counterexample_audit,724231
G,G_00207,phone_pick,oracle_sfc,1,1,0,0,1,1,0.10382921,8,3,-1,medium,high,0.75,medium,2,,,,,,counterexample_audit,724231
G,G_00207,phone_pick,semantic_only,1,1,0,0,1,1,0.0,8,3,-1,medium,high,0.75,medium,2,,,,,,counterexample_audit,724231
G,G_00207,phone_pick,posthoc_single,0,0,0,1,1,1,0.04419533,8,3,-1,medium,high,0.75,medium,2,,,,,,counterexample_audit,724231
G,G_00207,phone_pick,soft_penalty_fc,1,0,1,1,1,1,0.04419533,8,3,-1,medium,high,0.75,medium,2,,,,,,counterexample_audit,724231
G,G_00207,phone_pick,observed_sfc,1,0,1,1,1,1,0.10948285,8,3,4,medium,high,0.75,medium,2,0.2,overconfident,0.7,,,counterexample_audit,724231
G,G_00207,phone_pick,risk_aware_sfc,1,0,1,1,1,1,0.10948285,8,3,4,medium,high,0.75,medium,2,0.2,overconfident,0.7,,,counterexample_audit,724231
G,G_00207,phone_pick,abstaining_sfc,1,0,1,1,1,1,0.10948285,8,3,4,medium,high,0.75,medium,2,0.2,overconfident,0.7,,,counterexample_audit,724231
G,G_00208,phone_pick,geometric_fc,1,0,1,1,1,1,0.04494508,8,3,-1,medium,high,0.75,medium,2,,,,,,counterexample_audit,724232
G,G_00208,phone_pick,oracle_sfc,1,1,0,0,1,1,0.10209393,8,3,-1,medium,high,0.75,medium,2,,,,,,counterexample_audit,724232
G,G_00208,phone_pick,semantic_only,1,1,0,0,1,1,0.0,8,3,-1,medium,high,0.75,medium,2,,,,,,counterexample_audit,724232
G,G_00208,phone_pick,posthoc_single,0,0,0,1,1,1,0.04494508,8,3,-1,medium,high,0.75,medium,2,,,,,,counterexample_audit,724232
G,G_00208,phone_pick,soft_penalty_fc,1,0,1,1,1,1,0.04494508,8,3,-1,medium,high,0.75,medium,2,,,,,,counterexample_audit,724232
G,G_00208,phone_pick,observed_sfc,0,0,0,1,1,1,0.0,8,3,1,medium,high,0.75,medium,2,0.2,overconfident,0.7,,,counterexample_audit,724232
G,G_00208,phone_pick,risk_aware_sfc,0,0,0,1,1,1,0.0,8,3,1,medium,high,0.75,medium,2,0.2,overconfident,0.7,,,counterexample_audit,724232
G,G_00208,phone_pick,abstaining_sfc,0,0,0,1,1,1,0.0,8,3,1,medium,high,0.75,medium,2,0.2,overconfident,0.7,,,counterexample_audit,724232
G,G_00209,phone_pick,geometric_fc,1,0,1,1,1,1,0.04171233,8,3,-1,medium,high,0.75,medium,2,,,,,,counterexample_audit,724233
G,G_00209,phone_pick,oracle_sfc,1,1,0,0,1,1,0.11059697,8,3,-1,medium,high,0.75,medium,2,,,,,,counterexample_audit,724233
G,G_00209,phone_pick,semantic_only,1,1,0,0,1,1,0.0,8,3,-1,medium,high,0.75,medium,2,,,,,,counterexample_audit,724233
G,G_00209,phone_pick,posthoc_single,0,0,0,1,1,1,0.04171233,8,3,-1,medium,high,0.75,medium,2,,,,,,counterexample_audit,724233
G,G_00209,phone_pick,soft_penalty_fc,1,0,1,1,1,1,0.04171233,8,3,-1,medium,high,0.75,medium,2,,,,,,counterexample_audit,724233
G,G_00209,phone_pick,observed_sfc,1,1,0,0,1,1,0.11059697,8,3,3,medium,high,0.75,medium,2,0.2,overconfident,0.7,,,counterexample_audit,724233
G,G_00209,phone_pick,risk_aware_sfc,1,1,0,0,1,1,0.11059697,8,3,3,medium,high,0.75,medium,2,0.2,overconfident,0.7,,,counterexample_audit,724233
G,G_00209,phone_pick,abstaining_sfc,1,1,0,0,1,1,0.11059697,8,3,3,medium,high,0.75,medium,2,0.2,overconfident,0.7,,,counterexample_audit,724233
G,G_00210,phone_pick,geometric_fc,1,0,1,1,1,1,0.04256128,8,3,-1,medium,high,0.75,medium,2,,,,,,counterexample_audit,724234
G,G_00210,phone_pick,oracle_sfc,1,1,0,0,1,1,0.11350939,8,3,-1,medium,high,0.75,medium,2,,,,,,counterexample_audit,724234
G,G_00210,phone_pick,semantic_only,1,1,0,0,1,1,0.0,8,3,-1,medium,high,0.75,medium,2,,,,,,counterexample_audit,724234
G,G_00210,phone_pick,posthoc_single,0,0,0,1,1,1,0.04256128,8,3,-1,medium,high,0.75,medium,2,,,,,,counterexample_audit,724234
G,G_00210,phone_pick,soft_penalty_fc,1,0,1,1,1,1,0.04256128,8,3,-1,medium,high,0.75,medium,2,,,,,,counterexample_audit,724234
G,G_00210,phone_pick,observed_sfc,1,0,1,1,1,1,0.11317095,8,3,4,medium,high,0.75,medium,2,0.2,overconfident,0.7,,,counterexample_audit,724234
G,G_00210,phone_pick,risk_aware_sfc,1,0,1,1,1,1,0.11317095,8,3,4,medium,high,0.75,medium,2,0.2,overconfident,0.7,,,counterexample_audit,724234
G,G_00210,phone_pick,abstaining_sfc,1,0,1,1,1,1,0.11317095,8,3,4,medium,high,0.75,medium,2,0.2,overconfident,0.7,,,counterexample_audit,724234
G,G_00211,phone_pick,geometric_fc,1,0,1,1,1,1,0.04403356,8,3,-1,medium,high,0.75,medium,2,,,,,,counterexample_audit,724235
G,G_00211,phone_pick,oracle_sfc,1,1,0,0,1,1,0.10099499,8,3,-1,medium,high,0.75,medium,2,,,,,,counterexample_audit,724235
G,G_00211,phone_pick,semantic_only,1,1,0,0,1,1,0.0,8,3,-1,medium,high,0.75,medium,2,,,,,,counterexample_audit,724235
G,G_00211,phone_pick,posthoc_single,0,0,0,1,1,1,0.04403356,8,3,-1,medium,high,0.75,medium,2,,,,,,counterexample_audit,724235
G,G_00211,phone_pick,soft_penalty_fc,1,0,1,1,1,1,0.04403356,8,3,-1,medium,high,0.75,medium,2,,,,,,counterexample_audit,724235
G,G_00211,phone_pick,observed_sfc,1,1,0,0,1,1,0.10099499,8,3,3,medium,high,0.75,medium,2,0.2,overconfident,0.7,,,counterexample_audit,724235
G,G_00211,phone_pick,risk_aware_sfc,1,1,0,0,1,1,0.10099499,8,3,3,medium,high,0.75,medium,2,0.2,overconfident,0.7,,,counterexample_audit,724235
G,G_00211,phone_pick,abstaining_sfc,1,1,0,0,1,1,0.10099499,8,3,3,medium,high,0.75,medium,2,0.2,overconfident,0.7,,,counterexample_audit,724235
G,G_00212,phone_pick,geometric_fc,1,0,1,1,1,1,0.04391067,8,3,-1,medium,high,0.75,medium,2,,,,,,counterexample_audit,724236
G,G_00212,phone_pick,oracle_sfc,1,1,0,0,1,1,0.09782064,8,3,-1,medium,high,0.75,medium,2,,,,,,counterexample_audit,724236
G,G_00212,phone_pick,semantic_only,1,1,0,0,1,1,0.0,8,3,-1,medium,high,0.75,medium,2,,,,,,counterexample_audit,724236
G,G_00212,phone_pick,posthoc_single,0,0,0,1,1,1,0.04391067,8,3,-1,medium,high,0.75,medium,2,,,,,,counterexample_audit,724236
G,G_00212,phone_pick,soft_penalty_fc,1,0,1,1,1,1,0.04391067,8,3,-1,medium,high,0.75,medium,2,,,,,,counterexample_audit,724236
G,G_00212,phone_pick,observed_sfc,1,0,1,1,1,1,0.11900686,8,3,4,medium,high,0.75,medium,2,0.2,overconfident,0.7,,,counterexample_audit,724236
G,G_00212,phone_pick,risk_aware_sfc,1,0,1,1,1,1,0.11900686,8,3,4,medium,high,0.75,medium,2,0.2,overconfident,0.7,,,counterexample_audit,724236
G,G_00212,phone_pick,abstaining_sfc,1,0,1,1,1,1,0.11900686,8,3,4,medium,high,0.75,medium,2,0.2,overconfident,0.7,,,counterexample_audit,724236
G,G_00213,phone_pick,geometric_fc,1,0,1,1,1,1,0.04508815,8,3,-1,medium,high,0.75,medium,2,,,,,,counterexample_audit,724237
G,G_00213,phone_pick,oracle_sfc,1,1,0,0,1,1,0.09767918,8,3,-1,medium,high,0.75,medium,2,,,,,,counterexample_audit,724237
G,G_00213,phone_pick,semantic_only,1,1,0,0,1,1,0.0,8,3,-1,medium,high,0.75,medium,2,,,,,,counterexample_audit,724237
G,G_00213,phone_pick,posthoc_single,0,0,0,1,1,1,0.04508815,8,3,-1,medium,high,0.75,medium,2,,,,,,counterexample_audit,724237
G,G_00213,phone_pick,soft_penalty_fc,1,0,1,1,1,1,0.04508815,8,3,-1,medium,high,0.75,medium,2,,,,,,counterexample_audit,724237
G,G_00213,phone_pick,observed_sfc,1,1,0,0,1,1,0.24168903,8,3,2,medium,high,0.75,medium,2,0.2,overconfident,0.7,,,counterexample_audit,724237
G,G_00213,phone_pick,risk_aware_sfc,1,1,0,0,1,1,0.24168903,8,3,2,medium,high,0.75,medium,2,0.2,overconfident,0.7,,,counterexample_audit,724237
G,G_00213,phone_pick,abstaining_sfc,1,1,0,0,1,1,0.24168903,8,3,2,medium,high,0.75,medium,2,0.2,overconfident,0.7,,,counterexample_audit,724237
G,G_00214,phone_pick,geometric_fc,1,0,1,1,1,1,0.04215804,8,3,-1,medium,high,0.75,medium,2,,,,,,counterexample_audit,724238
G,G_00214,phone_pick,oracle_sfc,1,1,0,0,1,1,0.11297518,8,3,-1,medium,high,0.75,medium,2,,,,,,counterexample_audit,724238
G,G_00214,phone_pick,semantic_only,1,1,0,0,1,1,0.0,8,3,-1,medium,high,0.75,medium,2,,,,,,counterexample_audit,724238
G,G_00214,phone_pick,posthoc_single,0,0,0,1,1,1,0.04215804,8,3,-1,medium,high,0.75,medium,2,,,,,,counterexample_audit,724238
G,G_00214,phone_pick,soft_penalty_fc,1,0,1,1,1,1,0.04215804,8,3,-1,medium,high,0.75,medium,2,,,,,,counterexample_audit,724238
G,G_00214,phone_pick,observed_sfc,1,0,1,1,1,1,0.10123404,8,3,4,medium,high,0.75,medium,2,0.2,overconfident,0.7,,,counterexample_audit,724238
G,G_00214,phone_pick,risk_aware_sfc,1,0,1,1,1,1,0.10123404,8,3,4,medium,high,0.75,medium,2,0.2,overconfident,0.7,,,counterexample_audit,724238
G,G_00214,phone_pick,abstaining_sfc,1,0,1,1,1,1,0.10123404,8,3,4,medium,high,0.75,medium,2,0.2,overconfident,0.7,,,counterexample_audit,724238
G,G_00215,phone_pick,geometric_fc,1,0,1,1,1,1,0.04285087,8,3,-1,medium,high,0.75,medium,2,,,,,,counterexample_audit,724239
G,G_00215,phone_pick,oracle_sfc,1,1,0,0,1,1,0.09592635,8,3,-1,medium,high,0.75,medium,2,,,,,,counterexample_audit,724239
G,G_00215,phone_pick,semantic_only,1,1,0,0,1,1,0.0,8,3,-1,medium,high,0.75,medium,2,,,,,,counterexample_audit,724239
G,G_00215,phone_pick,posthoc_single,0,0,0,1,1,1,0.04285087,8,3,-1,medium,high,0.75,medium,2,,,,,,counterexample_audit,724239
G,G_00215,phone_pick,soft_penalty_fc,1,0,1,1,1,1,0.04285087,8,3,-1,medium,high,0.75,medium,2,,,,,,counterexample_audit,724239
G,G_00215,phone_pick,observed_sfc,1,0,1,1,1,1,0.12067683,8,3,4,medium,high,0.75,medium,2,0.2,overconfident,0.7,,,counterexample_audit,724239
G,G_00215,phone_pick,risk_aware_sfc,1,0,1,1,1,1,0.12067683,8,3,4,medium,high,0.75,medium,2,0.2,overconfident,0.7,,,counterexample_audit,724239
G,G_00215,phone_pick,abstaining_sfc,1,0,1,1,1,1,0.12067683,8,3,4,medium,high,0.75,medium,2,0.2,overconfident,0.7,,,counterexample_audit,724239
G,G_00216,phone_pick,geometric_fc,1,0,1,1,1,1,0.04346618,8,3,-1,medium,high,0.75,medium,2,,,,,,counterexample_audit,724240
G,G_00216,phone_pick,oracle_sfc,1,1,0,0,1,1,0.10557141,8,3,-1,medium,high,0.75,medium,2,,,,,,counterexample_audit,724240
G,G_00216,phone_pick,semantic_only,1,1,0,0,1,1,0.0,8,3,-1,medium,high,0.75,medium,2,,,,,,counterexample_audit,724240
G,G_00216,phone_pick,posthoc_single,0,0,0,1,1,1,0.04346618,8,3,-1,medium,high,0.75,medium,2,,,,,,counterexample_audit,724240
G,G_00216,phone_pick,soft_penalty_fc,1,0,1,1,1,1,0.04346618,8,3,-1,medium,high,0.75,medium,2,,,,,,counterexample_audit,724240
G,G_00216,phone_pick,observed_sfc,1,1,0,0,1,1,0.10557141,8,3,3,medium,high,0.75,medium,2,0.2,overconfident,0.7,,,counterexample_audit,724240
G,G_00216,phone_pick,risk_aware_sfc,1,1,0,0,1,1,0.10557141,8,3,3,medium,high,0.75,medium,2,0.2,overconfident,0.7,,,counterexample_audit,724240
G,G_00216,phone_pick,abstaining_sfc,1,1,0,0,1,1,0.10557141,8,3,3,medium,high,0.75,medium,2,0.2,overconfident,0.7,,,counterexample_audit,724240
G,G_00217,phone_pick,geometric_fc,1,0,1,1,1,1,0.0432634,8,3,-1,medium,high,0.75,medium,2,,,,,,counterexample_audit,724241
G,G_00217,phone_pick,oracle_sfc,1,1,0,0,1,1,0.11056912,8,3,-1,medium,high,0.75,medium,2,,,,,,counterexample_audit,724241
G,G_00217,phone_pick,semantic_only,1,1,0,0,1,1,0.0,8,3,-1,medium,high,0.75,medium,2,,,,,,counterexample_audit,724241
G,G_00217,phone_pick,posthoc_single,0,0,0,1,1,1,0.0432634,8,3,-1,medium,high,0.75,medium,2,,,,,,counterexample_audit,724241
G,G_00217,phone_pick,soft_penalty_fc,1,0,1,1,1,1,0.0432634,8,3,-1,medium,high,0.75,medium,2,,,,,,counterexample_audit,724241
G,G_00217,phone_pick,observed_sfc,1,1,0,0,1,1,0.11056912,8,3,3,medium,high,0.75,medium,2,0.2,overconfident,0.7,,,counterexample_audit,724241
G,G_00217,phone_pick,risk_aware_sfc,1,1,0,0,1,1,0.11056912,8,3,3,medium,high,0.75,medium,2,0.2,overconfident,0.7,,,counterexample_audit,724241
G,G_00217,phone_pick,abstaining_sfc,1,1,0,0,1,1,0.11056912,8,3,3,medium,high,0.75,medium,2,0.2,overconfident,0.7,,,counterexample_audit,724241
G,G_00218,phone_pick,geometric_fc,1,0,1,1,1,1,0.04447875,8,3,-1,medium,high,0.75,medium,2,,,,,,counterexample_audit,724242
G,G_00218,phone_pick,oracle_sfc,1,1,0,0,1,1,0.09188156,8,3,-1,medium,high,0.75,medium,2,,,,,,counterexample_audit,724242
G,G_00218,phone_pick,semantic_only,1,1,0,0,1,1,0.0,8,3,-1,medium,high,0.75,medium,2,,,,,,counterexample_audit,724242
G,G_00218,phone_pick,posthoc_single,0,0,0,1,1,1,0.04447875,8,3,-1,medium,high,0.75,medium,2,,,,,,counterexample_audit,724242
G,G_00218,phone_pick,soft_penalty_fc,1,0,1,1,1,1,0.04447875,8,3,-1,medium,high,0.75,medium,2,,,,,,counterexample_audit,724242
G,G_00218,phone_pick,observed_sfc,1,1,0,0,1,1,0.09188156,8,3,3,medium,high,0.75,medium,2,0.2,overconfident,0.7,,,counterexample_audit,724242
G,G_00218,phone_pick,risk_aware_sfc,1,1,0,0,1,1,0.09188156,8,3,3,medium,high,0.75,medium,2,0.2,overconfident,0.7,,,counterexample_audit,724242
G,G_00218,phone_pick,abstaining_sfc,1,1,0,0,1,1,0.09188156,8,3,3,medium,high,0.75,medium,2,0.2,overconfident,0.7,,,counterexample_audit,724242
G,G_00219,phone_pick,geometric_fc,1,0,1,1,1,1,0.0419516,8,3,-1,medium,high,0.75,medium,2,,,,,,counterexample_audit,724243
G,G_00219,phone_pick,oracle_sfc,1,1,0,0,1,1,0.11161663,8,3,-1,medium,high,0.75,medium,2,,,,,,counterexample_audit,724243
G,G_00219,phone_pick,semantic_only,1,1,0,0,1,1,0.0,8,3,-1,medium,high,0.75,medium,2,,,,,,counterexample_audit,724243
G,G_00219,phone_pick,posthoc_single,0,0,0,1,1,1,0.0419516,8,3,-1,medium,high,0.75,medium,2,,,,,,counterexample_audit,724243
G,G_00219,phone_pick,soft_penalty_fc,1,0,1,1,1,1,0.0419516,8,3,-1,medium,high,0.75,medium,2,,,,,,counterexample_audit,724243
G,G_00219,phone_pick,observed_sfc,1,0,1,1,1,1,0.11915067,8,3,4,medium,high,0.75,medium,2,0.2,overconfident,0.7,,,counterexample_audit,724243
G,G_00219,phone_pick,risk_aware_sfc,1,0,1,1,1,1,0.11915067,8,3,4,medium,high,0.75,medium,2,0.2,overconfident,0.7,,,counterexample_audit,724243
G,G_00219,phone_pick,abstaining_sfc,1,0,1,1,1,1,0.11915067,8,3,4,medium,high,0.75,medium,2,0.2,overconfident,0.7,,,counterexample_audit,724243
G,G_00220,phone_pick,geometric_fc,1,0,1,1,1,1,0.04244367,8,3,-1,medium,high,0.75,medium,2,,,,,,counterexample_audit,724244
G,G_00220,phone_pick,oracle_sfc,1,1,0,0,1,1,0.0943204,8,3,-1,medium,high,0.75,medium,2,,,,,,counterexample_audit,724244
G,G_00220,phone_pick,semantic_only,1,1,0,0,1,1,0.0,8,3,-1,medium,high,0.75,medium,2,,,,,,counterexample_audit,724244
G,G_00220,phone_pick,posthoc_single,0,0,0,1,1,1,0.04244367,8,3,-1,medium,high,0.75,medium,2,,,,,,counterexample_audit,724244
G,G_00220,phone_pick,soft_penalty_fc,1,0,1,1,1,1,0.04244367,8,3,-1,medium,high,0.75,medium,2,,,,,,counterexample_audit,724244
G,G_00220,phone_pick,observed_sfc,1,1,0,0,1,1,0.0943204,8,3,3,medium,high,0.75,medium,2,0.2,overconfident,0.7,,,counterexample_audit,724244
G,G_00220,phone_pick,risk_aware_sfc,1,1,0,0,1,1,0.0943204,8,3,3,medium,high,0.75,medium,2,0.2,overconfident,0.7,,,counterexample_audit,724244
G,G_00220,phone_pick,abstaining_sfc,1,1,0,0,1,1,0.0943204,8,3,3,medium,high,0.75,medium,2,0.2,overconfident,0.7,,,counterexample_audit,724244
G,G_00221,phone_pick,geometric_fc,1,0,1,1,1,1,0.04532652,8,3,-1,medium,high,0.75,medium,2,,,,,,counterexample_audit,724245
G,G_00221,phone_pick,oracle_sfc,1,1,0,0,1,1,0.08659953,8,3,-1,medium,high,0.75,medium,2,,,,,,counterexample_audit,724245
G,G_00221,phone_pick,semantic_only,1,1,0,0,1,1,0.0,8,3,-1,medium,high,0.75,medium,2,,,,,,counterexample_audit,724245
G,G_00221,phone_pick,posthoc_single,0,0,0,1,1,1,0.04532652,8,3,-1,medium,high,0.75,medium,2,,,,,,counterexample_audit,724245
G,G_00221,phone_pick,soft_penalty_fc,1,0,1,1,1,1,0.04532652,8,3,-1,medium,high,0.75,medium,2,,,,,,counterexample_audit,724245
G,G_00221,phone_pick,observed_sfc,1,1,0,0,1,1,0.08659953,8,3,3,medium,high,0.75,medium,2,0.2,overconfident,0.7,,,counterexample_audit,724245
G,G_00221,phone_pick,risk_aware_sfc,1,1,0,0,1,1,0.08659953,8,3,3,medium,high,0.75,medium,2,0.2,overconfident,0.7,,,counterexample_audit,724245
G,G_00221,phone_pick,abstaining_sfc,1,1,0,0,1,1,0.08659953,8,3,3,medium,high,0.75,medium,2,0.2,overconfident,0.7,,,counterexample_audit,724245
G,G_00222,phone_pick,geometric_fc,1,0,1,1,1,1,0.04093113,8,3,-1,medium,high,0.75,medium,2,,,,,,counterexample_audit,724246
G,G_00222,phone_pick,oracle_sfc,1,1,0,0,1,1,0.10793934,8,3,-1,medium,high,0.75,medium,2,,,,,,counterexample_audit,724246
G,G_00222,phone_pick,semantic_only,1,1,0,0,1,1,0.0,8,3,-1,medium,high,0.75,medium,2,,,,,,counterexample_audit,724246
G,G_00222,phone_pick,posthoc_single,0,0,0,1,1,1,0.04093113,8,3,-1,medium,high,0.75,medium,2,,,,,,counterexample_audit,724246
G,G_00222,phone_pick,soft_penalty_fc,1,0,1,1,1,1,0.04093113,8,3,-1,medium,high,0.75,medium,2,,,,,,counterexample_audit,724246
G,G_00222,phone_pick,observed_sfc,0,0,0,1,1,1,0.0,8,3,1,medium,high,0.75,medium,2,0.2,overconfident,0.7,,,counterexample_audit,724246
G,G_00222,phone_pick,risk_aware_sfc,0,0,0,1,1,1,0.0,8,3,1,medium,high,0.75,medium,2,0.2,overconfident,0.7,,,counterexample_audit,724246
G,G_00222,phone_pick,abstaining_sfc,0,0,0,1,1,1,0.0,8,3,1,medium,high,0.75,medium,2,0.2,overconfident,0.7,,,counterexample_audit,724246
G,G_00223,phone_pick,geometric_fc,1,0,1,1,1,1,0.04361317,8,3,-1,medium,high,0.75,medium,2,,,,,,counterexample_audit,724247
G,G_00223,phone_pick,oracle_sfc,1,1,0,0,1,1,0.077824,8,3,-1,medium,high,0.75,medium,2,,,,,,counterexample_audit,724247
G,G_00223,phone_pick,semantic_only,1,1,0,0,1,1,0.0,8,3,-1,medium,high,0.75,medium,2,,,,,,counterexample_audit,724247
G,G_00223,phone_pick,posthoc_single,0,0,0,1,1,1,0.04361317,8,3,-1,medium,high,0.75,medium,2,,,,,,counterexample_audit,724247
G,G_00223,phone_pick,soft_penalty_fc,1,0,1,1,1,1,0.04361317,8,3,-1,medium,high,0.75,medium,2,,,,,,counterexample_audit,724247
G,G_00223,phone_pick,observed_sfc,1,1,0,0,1,1,0.077824,8,3,3,medium,high,0.75,medium,2,0.2,overconfident,0.7,,,counterexample_audit,724247
G,G_00223,phone_pick,risk_aware_sfc,1,1,0,0,1,1,0.077824,8,3,3,medium,high,0.75,medium,2,0.2,overconfident,0.7,,,counterexample_audit,724247
G,G_00223,phone_pick,abstaining_sfc,1,1,0,0,1,1,0.077824,8,3,3,medium,high,0.75,medium,2,0.2,overconfident,0.7,,,counterexample_audit,724247
G,G_00224,phone_pick,geometric_fc,1,0,1,1,1,1,0.04412075,8,3,-1,medium,high,0.75,medium,2,,,,,,counterexample_audit,724248
G,G_00224,phone_pick,oracle_sfc,1,1,0,0,1,1,0.09968491,8,3,-1,medium,high,0.75,medium,2,,,,,,counterexample_audit,724248
G,G_00224,phone_pick,semantic_only,1,1,0,0,1,1,0.0,8,3,-1,medium,high,0.75,medium,2,,,,,,counterexample_audit,724248
G,G_00224,phone_pick,posthoc_single,0,0,0,1,1,1,0.04412075,8,3,-1,medium,high,0.75,medium,2,,,,,,counterexample_audit,724248
G,G_00224,phone_pick,soft_penalty_fc,1,0,1,1,1,1,0.04412075,8,3,-1,medium,high,0.75,medium,2,,,,,,counterexample_audit,724248
G,G_00224,phone_pick,observed_sfc,1,0,1,1,1,1,0.08728741,8,3,5,medium,high,0.75,medium,2,0.2,overconfident,0.7,,,counterexample_audit,724248
G,G_00224,phone_pick,risk_aware_sfc,1,0,1,1,1,1,0.08728741,8,3,5,medium,high,0.75,medium,2,0.2,overconfident,0.7,,,counterexample_audit,724248
G,G_00224,phone_pick,abstaining_sfc,1,0,1,1,1,1,0.08728741,8,3,5,medium,high,0.75,medium,2,0.2,overconfident,0.7,,,counterexample_audit,724248
G,G_00225,phone_pick,geometric_fc,1,0,1,1,1,1,0.04324833,8,3,-1,medium,high,0.75,medium,2,,,,,,counterexample_audit,724249
G,G_00225,phone_pick,oracle_sfc,1,1,0,0,1,1,0.07827171,8,3,-1,medium,high,0.75,medium,2,,,,,,counterexample_audit,724249
G,G_00225,phone_pick,semantic_only,1,1,0,0,1,1,0.0,8,3,-1,medium,high,0.75,medium,2,,,,,,counterexample_audit,724249
G,G_00225,phone_pick,posthoc_single,0,0,0,1,1,1,0.04324833,8,3,-1,medium,high,0.75,medium,2,,,,,,counterexample_audit,724249
G,G_00225,phone_pick,soft_penalty_fc,1,0,1,1,1,1,0.04324833,8,3,-1,medium,high,0.75,medium,2,,,,,,counterexample_audit,724249
G,G_00225,phone_pick,observed_sfc,1,0,1,1,1,1,0.10773494,8,3,4,medium,high,0.75,medium,2,0.2,overconfident,0.7,,,counterexample_audit,724249
G,G_00225,phone_pick,risk_aware_sfc,1,0,1,1,1,1,0.10773494,8,3,4,medium,high,0.75,medium,2,0.2,overconfident,0.7,,,counterexample_audit,724249
G,G_00225,phone_pick,abstaining_sfc,1,0,1,1,1,1,0.10773494,8,3,4,medium,high,0.75,medium,2,0.2,overconfident,0.7,,,counterexample_audit,724249
G,G_00226,phone_pick,geometric_fc,1,0,1,1,1,1,0.04192196,8,3,-1,medium,high,0.75,medium,2,,,,,,counterexample_audit,724250
G,G_00226,phone_pick,oracle_sfc,1,1,0,0,1,1,0.10960837,8,3,-1,medium,high,0.75,medium,2,,,,,,counterexample_audit,724250
G,G_00226,phone_pick,semantic_only,1,1,0,0,1,1,0.0,8,3,-1,medium,high,0.75,medium,2,,,,,,counterexample_audit,724250
G,G_00226,phone_pick,posthoc_single,0,0,0,1,1,1,0.04192196,8,3,-1,medium,high,0.75,medium,2,,,,,,counterexample_audit,724250
G,G_00226,phone_pick,soft_penalty_fc,1,0,1,1,1,1,0.04192196,8,3,-1,medium,high,0.75,medium,2,,,,,,counterexample_audit,724250
G,G_00226,phone_pick,observed_sfc,1,1,0,0,1,1,0.22283365,8,3,2,medium,high,0.75,medium,2,0.2,overconfident,0.7,,,counterexample_audit,724250
G,G_00226,phone_pick,risk_aware_sfc,1,1,0,0,1,1,0.22283365,8,3,2,medium,high,0.75,medium,2,0.2,overconfident,0.7,,,counterexample_audit,724250
G,G_00226,phone_pick,abstaining_sfc,1,1,0,0,1,1,0.22283365,8,3,2,medium,high,0.75,medium,2,0.2,overconfident,0.7,,,counterexample_audit,724250
G,G_00227,phone_pick,geometric_fc,1,0,1,1,1,1,0.04351445,8,3,-1,medium,high,0.75,medium,2,,,,,,counterexample_audit,724251
G,G_00227,phone_pick,oracle_sfc,1,1,0,0,1,1,0.08583859,8,3,-1,medium,high,0.75,medium,2,,,,,,counterexample_audit,724251
G,G_00227,phone_pick,semantic_only,1,1,0,0,1,1,0.0,8,3,-1,medium,high,0.75,medium,2,,,,,,counterexample_audit,724251
G,G_00227,phone_pick,posthoc_single,0,0,0,1,1,1,0.04351445,8,3,-1,medium,high,0.75,medium,2,,,,,,counterexample_audit,724251
G,G_00227,phone_pick,soft_penalty_fc,1,0,1,1,1,1,0.04351445,8,3,-1,medium,high,0.75,medium,2,,,,,,counterexample_audit,724251
G,G_00227,phone_pick,observed_sfc,1,1,0,0,1,1,0.08583859,8,3,3,medium,high,0.75,medium,2,0.2,overconfident,0.7,,,counterexample_audit,724251
G,G_00227,phone_pick,risk_aware_sfc,1,1,0,0,1,1,0.08583859,8,3,3,medium,high,0.75,medium,2,0.2,overconfident,0.7,,,counterexample_audit,724251
G,G_00227,phone_pick,abstaining_sfc,1,1,0,0,1,1,0.08583859,8,3,3,medium,high,0.75,medium,2,0.2,overconfident,0.7,,,counterexample_audit,724251
G,G_00228,phone_pick,geometric_fc,1,0,1,1,1,1,0.04553573,8,3,-1,medium,high,0.75,medium,2,,,,,,counterexample_audit,724252
G,G_00228,phone_pick,oracle_sfc,1,1,0,0,1,1,0.10048522,8,3,-1,medium,high,0.75,medium,2,,,,,,counterexample_audit,724252
G,G_00228,phone_pick,semantic_only,1,1,0,0,1,1,0.0,8,3,-1,medium,high,0.75,medium,2,,,,,,counterexample_audit,724252
G,G_00228,phone_pick,posthoc_single,0,0,0,1,1,1,0.04553573,8,3,-1,medium,high,0.75,medium,2,,,,,,counterexample_audit,724252
G,G_00228,phone_pick,soft_penalty_fc,1,0,1,1,1,1,0.04553573,8,3,-1,medium,high,0.75,medium,2,,,,,,counterexample_audit,724252
G,G_00228,phone_pick,observed_sfc,1,1,0,0,1,1,0.10048522,8,3,3,medium,high,0.75,medium,2,0.2,overconfident,0.7,,,counterexample_audit,724252
G,G_00228,phone_pick,risk_aware_sfc,1,1,0,0,1,1,0.10048522,8,3,3,medium,high,0.75,medium,2,0.2,overconfident,0.7,,,counterexample_audit,724252
G,G_00228,phone_pick,abstaining_sfc,1,1,0,0,1,1,0.10048522,8,3,3,medium,high,0.75,medium,2,0.2,overconfident,0.7,,,counterexample_audit,724252
G,G_00229,phone_pick,geometric_fc,1,0,1,1,1,1,0.04257212,8,3,-1,medium,high,0.75,medium,2,,,,,,counterexample_audit,724253
G,G_00229,phone_pick,oracle_sfc,1,1,0,0,1,1,0.12096951,8,3,-1,medium,high,0.75,medium,2,,,,,,counterexample_audit,724253
G,G_00229,phone_pick,semantic_only,1,1,0,0,1,1,0.0,8,3,-1,medium,high,0.75,medium,2,,,,,,counterexample_audit,724253
G,G_00229,phone_pick,posthoc_single,0,0,0,1,1,1,0.04257212,8,3,-1,medium,high,0.75,medium,2,,,,,,counterexample_audit,724253
G,G_00229,phone_pick,soft_penalty_fc,1,0,1,1,1,1,0.04257212,8,3,-1,medium,high,0.75,medium,2,,,,,,counterexample_audit,724253
G,G_00229,phone_pick,observed_sfc,1,0,1,1,1,1,0.08172459,8,3,5,medium,high,0.75,medium,2,0.2,overconfident,0.7,,,counterexample_audit,724253
G,G_00229,phone_pick,risk_aware_sfc,1,0,1,1,1,1,0.08172459,8,3,5,medium,high,0.75,medium,2,0.2,overconfident,0.7,,,counterexample_audit,724253
G,G_00229,phone_pick,abstaining_sfc,1,0,1,1,1,1,0.08172459,8,3,5,medium,high,0.75,medium,2,0.2,overconfident,0.7,,,counterexample_audit,724253
G,G_00230,phone_pick,geometric_fc,1,0,1,1,1,1,0.04224198,8,3,-1,medium,high,0.75,medium,2,,,,,,counterexample_audit,724254
G,G_00230,phone_pick,oracle_sfc,1,1,0,0,1,1,0.09923768,8,3,-1,medium,high,0.75,medium,2,,,,,,counterexample_audit,724254
G,G_00230,phone_pick,semantic_only,1,1,0,0,1,1,0.0,8,3,-1,medium,high,0.75,medium,2,,,,,,counterexample_audit,724254
G,G_00230,phone_pick,posthoc_single,0,0,0,1,1,1,0.04224198,8,3,-1,medium,high,0.75,medium,2,,,,,,counterexample_audit,724254
G,G_00230,phone_pick,soft_penalty_fc,1,0,1,1,1,1,0.04224198,8,3,-1,medium,high,0.75,medium,2,,,,,,counterexample_audit,724254
G,G_00230,phone_pick,observed_sfc,1,0,1,1,1,1,0.08381723,8,3,5,medium,high,0.75,medium,2,0.2,overconfident,0.7,,,counterexample_audit,724254
G,G_00230,phone_pick,risk_aware_sfc,1,0,1,1,1,1,0.08381723,8,3,5,medium,high,0.75,medium,2,0.2,overconfident,0.7,,,counterexample_audit,724254
G,G_00230,phone_pick,abstaining_sfc,1,0,1,1,1,1,0.08381723,8,3,5,medium,high,0.75,medium,2,0.2,overconfident,0.7,,,counterexample_audit,724254
G,G_00231,phone_pick,geometric_fc,1,0,1,1,1,1,0.04347973,8,3,-1,medium,high,0.75,medium,2,,,,,,counterexample_audit,724255
G,G_00231,phone_pick,oracle_sfc,1,1,0,0,1,1,0.08253383,8,3,-1,medium,high,0.75,medium,2,,,,,,counterexample_audit,724255
G,G_00231,phone_pick,semantic_only,1,1,0,0,1,1,0.0,8,3,-1,medium,high,0.75,medium,2,,,,,,counterexample_audit,724255
G,G_00231,phone_pick,posthoc_single,0,0,0,1,1,1,0.04347973,8,3,-1,medium,high,0.75,medium,2,,,,,,counterexample_audit,724255
G,G_00231,phone_pick,soft_penalty_fc,1,0,1,1,1,1,0.04347973,8,3,-1,medium,high,0.75,medium,2,,,,,,counterexample_audit,724255
G,G_00231,phone_pick,observed_sfc,1,0,1,1,1,1,0.1200265,8,3,4,medium,high,0.75,medium,2,0.2,overconfident,0.7,,,counterexample_audit,724255
G,G_00231,phone_pick,risk_aware_sfc,1,0,1,1,1,1,0.1200265,8,3,4,medium,high,0.75,medium,2,0.2,overconfident,0.7,,,counterexample_audit,724255
G,G_00231,phone_pick,abstaining_sfc,1,0,1,1,1,1,0.1200265,8,3,4,medium,high,0.75,medium,2,0.2,overconfident,0.7,,,counterexample_audit,724255
G,G_00232,phone_pick,geometric_fc,1,0,1,1,1,1,0.04349116,8,3,-1,medium,high,0.75,medium,2,,,,,,counterexample_audit,724256
G,G_00232,phone_pick,oracle_sfc,1,1,0,0,1,1,0.09879749,8,3,-1,medium,high,0.75,medium,2,,,,,,counterexample_audit,724256
G,G_00232,phone_pick,semantic_only,1,1,0,0,1,1,0.0,8,3,-1,medium,high,0.75,medium,2,,,,,,counterexample_audit,724256
G,G_00232,phone_pick,posthoc_single,0,0,0,1,1,1,0.04349116,8,3,-1,medium,high,0.75,medium,2,,,,,,counterexample_audit,724256
G,G_00232,phone_pick,soft_penalty_fc,1,0,1,1,1,1,0.04349116,8,3,-1,medium,high,0.75,medium,2,,,,,,counterexample_audit,724256
G,G_00232,phone_pick,observed_sfc,1,0,1,1,1,1,0.09448293,8,3,3,medium,high,0.75,medium,2,0.2,overconfident,0.7,,,counterexample_audit,724256
G,G_00232,phone_pick,risk_aware_sfc,1,0,1,1,1,1,0.09448293,8,3,3,medium,high,0.75,medium,2,0.2,overconfident,0.7,,,counterexample_audit,724256
G,G_00232,phone_pick,abstaining_sfc,1,0,1,1,1,1,0.09448293,8,3,3,medium,high,0.75,medium,2,0.2,overconfident,0.7,,,counterexample_audit,724256
G,G_00233,phone_pick,geometric_fc,1,0,1,1,1,1,0.04341986,8,3,-1,medium,high,0.75,medium,2,,,,,,counterexample_audit,724257
G,G_00233,phone_pick,oracle_sfc,1,1,0,0,1,1,0.10056885,8,3,-1,medium,high,0.75,medium,2,,,,,,counterexample_audit,724257
G,G_00233,phone_pick,semantic_only,1,1,0,0,1,1,0.0,8,3,-1,medium,high,0.75,medium,2,,,,,,counterexample_audit,724257
G,G_00233,phone_pick,posthoc_single,0,0,0,1,1,1,0.04341986,8,3,-1,medium,high,0.75,medium,2,,,,,,counterexample_audit,724257
G,G_00233,phone_pick,soft_penalty_fc,1,0,1,1,1,1,0.04341986,8,3,-1,medium,high,0.75,medium,2,,,,,,counterexample_audit,724257
G,G_00233,phone_pick,observed_sfc,0,0,0,1,1,1,0.0,8,3,2,medium,high,0.75,medium,2,0.2,overconfident,0.7,,,counterexample_audit,724257
G,G_00233,phone_pick,risk_aware_sfc,0,0,0,1,1,1,0.0,8,3,2,medium,high,0.75,medium,2,0.2,overconfident,0.7,,,counterexample_audit,724257
G,G_00233,phone_pick,abstaining_sfc,0,0,0,1,1,1,0.0,8,3,2,medium,high,0.75,medium,2,0.2,overconfident,0.7,,,counterexample_audit,724257
G,G_00234,phone_pick,geometric_fc,1,0,1,1,1,1,0.04445889,8,3,-1,medium,high,0.75,medium,2,,,,,,counterexample_audit,724258
G,G_00234,phone_pick,oracle_sfc,1,1,0,0,1,1,0.10878817,8,3,-1,medium,high,0.75,medium,2,,,,,,counterexample_audit,724258
G,G_00234,phone_pick,semantic_only,1,1,0,0,1,1,0.0,8,3,-1,medium,high,0.75,medium,2,,,,,,counterexample_audit,724258
G,G_00234,phone_pick,posthoc_single,0,0,0,1,1,1,0.04445889,8,3,-1,medium,high,0.75,medium,2,,,,,,counterexample_audit,724258
G,G_00234,phone_pick,soft_penalty_fc,1,0,1,1,1,1,0.04445889,8,3,-1,medium,high,0.75,medium,2,,,,,,counterexample_audit,724258
G,G_00234,phone_pick,observed_sfc,1,1,0,0,1,1,0.10878817,8,3,3,medium,high,0.75,medium,2,0.2,overconfident,0.7,,,counterexample_audit,724258
G,G_00234,phone_pick,risk_aware_sfc,1,1,0,0,1,1,0.10878817,8,3,3,medium,high,0.75,medium,2,0.2,overconfident,0.7,,,counterexample_audit,724258
G,G_00234,phone_pick,abstaining_sfc,1,1,0,0,1,1,0.10878817,8,3,3,medium,high,0.75,medium,2,0.2,overconfident,0.7,,,counterexample_audit,724258
G,G_00235,phone_pick,geometric_fc,1,0,1,1,1,1,0.04462465,8,3,-1,medium,high,0.75,medium,2,,,,,,counterexample_audit,724259
G,G_00235,phone_pick,oracle_sfc,1,1,0,0,1,1,0.09823251,8,3,-1,medium,high,0.75,medium,2,,,,,,counterexample_audit,724259
G,G_00235,phone_pick,semantic_only,1,1,0,0,1,1,0.0,8,3,-1,medium,high,0.75,medium,2,,,,,,counterexample_audit,724259
G,G_00235,phone_pick,posthoc_single,0,0,0,1,1,1,0.04462465,8,3,-1,medium,high,0.75,medium,2,,,,,,counterexample_audit,724259
G,G_00235,phone_pick,soft_penalty_fc,1,0,1,1,1,1,0.04462465,8,3,-1,medium,high,0.75,medium,2,,,,,,counterexample_audit,724259
G,G_00235,phone_pick,observed_sfc,1,1,0,0,1,1,0.09823251,8,3,3,medium,high,0.75,medium,2,0.2,overconfident,0.7,,,counterexample_audit,724259
G,G_00235,phone_pick,risk_aware_sfc,1,1,0,0,1,1,0.09823251,8,3,3,medium,high,0.75,medium,2,0.2,overconfident,0.7,,,counterexample_audit,724259
G,G_00235,phone_pick,abstaining_sfc,1,1,0,0,1,1,0.09823251,8,3,3,medium,high,0.75,medium,2,0.2,overconfident,0.7,,,counterexample_audit,724259
G,G_00236,phone_pick,geometric_fc,1,0,1,1,1,1,0.04164556,8,3,-1,medium,high,0.75,medium,2,,,,,,counterexample_audit,724260
G,G_00236,phone_pick,oracle_sfc,1,1,0,0,1,1,0.10629666,8,3,-1,medium,high,0.75,medium,2,,,,,,counterexample_audit,724260
G,G_00236,phone_pick,semantic_only,1,1,0,0,1,1,0.0,8,3,-1,medium,high,0.75,medium,2,,,,,,counterexample_audit,724260
G,G_00236,phone_pick,posthoc_single,0,0,0,1,1,1,0.04164556,8,3,-1,medium,high,0.75,medium,2,,,,,,counterexample_audit,724260
G,G_00236,phone_pick,soft_penalty_fc,1,0,1,1,1,1,0.04164556,8,3,-1,medium,high,0.75,medium,2,,,,,,counterexample_audit,724260
G,G_00236,phone_pick,observed_sfc,1,0,1,1,1,1,0.09987287,8,3,4,medium,high,0.75,medium,2,0.2,overconfident,0.7,,,counterexample_audit,724260
G,G_00236,phone_pick,risk_aware_sfc,1,0,1,1,1,1,0.09987287,8,3,4,medium,high,0.75,medium,2,0.2,overconfident,0.7,,,counterexample_audit,724260
G,G_00236,phone_pick,abstaining_sfc,1,0,1,1,1,1,0.09987287,8,3,4,medium,high,0.75,medium,2,0.2,overconfident,0.7,,,counterexample_audit,724260
G,G_00237,phone_pick,geometric_fc,1,0,1,1,1,1,0.04151933,8,3,-1,medium,high,0.75,medium,2,,,,,,counterexample_audit,724261
G,G_00237,phone_pick,oracle_sfc,1,1,0,0,1,1,0.10984341,8,3,-1,medium,high,0.75,medium,2,,,,,,counterexample_audit,724261
G,G_00237,phone_pick,semantic_only,1,1,0,0,1,1,0.0,8,3,-1,medium,high,0.75,medium,2,,,,,,counterexample_audit,724261
G,G_00237,phone_pick,posthoc_single,0,0,0,1,1,1,0.04151933,8,3,-1,medium,high,0.75,medium,2,,,,,,counterexample_audit,724261
G,G_00237,phone_pick,soft_penalty_fc,1,0,1,1,1,1,0.04151933,8,3,-1,medium,high,0.75,medium,2,,,,,,counterexample_audit,724261
G,G_00237,phone_pick,observed_sfc,1,0,1,1,1,1,0.12047268,8,3,4,medium,high,0.75,medium,2,0.2,overconfident,0.7,,,counterexample_audit,724261
G,G_00237,phone_pick,risk_aware_sfc,1,0,1,1,1,1,0.12047268,8,3,4,medium,high,0.75,medium,2,0.2,overconfident,0.7,,,counterexample_audit,724261
G,G_00237,phone_pick,abstaining_sfc,1,0,1,1,1,1,0.12047268,8,3,4,medium,high,0.75,medium,2,0.2,overconfident,0.7,,,counterexample_audit,724261
G,G_00238,phone_pick,geometric_fc,1,0,1,1,1,1,0.04599841,8,3,-1,medium,high,0.75,medium,2,,,,,,counterexample_audit,724262
G,G_00238,phone_pick,oracle_sfc,1,1,0,0,1,1,0.09590835,8,3,-1,medium,high,0.75,medium,2,,,,,,counterexample_audit,724262
G,G_00238,phone_pick,semantic_only,1,1,0,0,1,1,0.0,8,3,-1,medium,high,0.75,medium,2,,,,,,counterexample_audit,724262
G,G_00238,phone_pick,posthoc_single,0,0,0,1,1,1,0.04599841,8,3,-1,medium,high,0.75,medium,2,,,,,,counterexample_audit,724262
G,G_00238,phone_pick,soft_penalty_fc,1,0,1,1,1,1,0.04599841,8,3,-1,medium,high,0.75,medium,2,,,,,,counterexample_audit,724262
G,G_00238,phone_pick,observed_sfc,1,0,1,1,1,1,0.02480477,8,3,3,medium,high,0.75,medium,2,0.2,overconfident,0.7,,,counterexample_audit,724262
G,G_00238,phone_pick,risk_aware_sfc,1,0,1,1,1,1,0.02480477,8,3,3,medium,high,0.75,medium,2,0.2,overconfident,0.7,,,counterexample_audit,724262
G,G_00238,phone_pick,abstaining_sfc,1,0,1,1,1,1,0.02480477,8,3,3,medium,high,0.75,medium,2,0.2,overconfident,0.7,,,counterexample_audit,724262
G,G_00239,phone_pick,geometric_fc,1,0,1,1,1,1,0.04027702,8,3,-1,medium,high,0.75,medium,2,,,,,,counterexample_audit,724263
G,G_00239,phone_pick,oracle_sfc,1,1,0,0,1,1,0.11468757,8,3,-1,medium,high,0.75,medium,2,,,,,,counterexample_audit,724263
G,G_00239,phone_pick,semantic_only,1,1,0,0,1,1,0.0,8,3,-1,medium,high,0.75,medium,2,,,,,,counterexample_audit,724263
G,G_00239,phone_pick,posthoc_single,0,0,0,1,1,1,0.04027702,8,3,-1,medium,high,0.75,medium,2,,,,,,counterexample_audit,724263
G,G_00239,phone_pick,soft_penalty_fc,1,0,1,1,1,1,0.04027702,8,3,-1,medium,high,0.75,medium,2,,,,,,counterexample_audit,724263
G,G_00239,phone_pick,observed_sfc,1,1,0,0,1,1,0.11468757,8,3,3,medium,high,0.75,medium,2,0.2,overconfident,0.7,,,counterexample_audit,724263
G,G_00239,phone_pick,risk_aware_sfc,1,1,0,0,1,1,0.11468757,8,3,3,medium,high,0.75,medium,2,0.2,overconfident,0.7,,,counterexample_audit,724263
G,G_00239,phone_pick,abstaining_sfc,1,1,0,0,1,1,0.11468757,8,3,3,medium,high,0.75,medium,2,0.2,overconfident,0.7,,,counterexample_audit,724263
G,G_00240,phone_pick,geometric_fc,1,0,1,1,1,1,0.04440796,8,3,-1,medium,high,0.75,medium,2,,,,,,counterexample_audit,724264
G,G_00240,phone_pick,oracle_sfc,1,1,0,0,1,1,0.10098016,8,3,-1,medium,high,0.75,medium,2,,,,,,counterexample_audit,724264
G,G_00240,phone_pick,semantic_only,1,1,0,0,1,1,0.0,8,3,-1,medium,high,0.75,medium,2,,,,,,counterexample_audit,724264
G,G_00240,phone_pick,posthoc_single,0,0,0,1,1,1,0.04440796,8,3,-1,medium,high,0.75,medium,2,,,,,,counterexample_audit,724264
G,G_00240,phone_pick,soft_penalty_fc,1,0,1,1,1,1,0.04440796,8,3,-1,medium,high,0.75,medium,2,,,,,,counterexample_audit,724264
G,G_00240,phone_pick,observed_sfc,1,1,0,0,1,1,0.10098016,8,3,3,medium,high,0.75,medium,2,0.2,overconfident,0.7,,,counterexample_audit,724264
G,G_00240,phone_pick,risk_aware_sfc,1,1,0,0,1,1,0.10098016,8,3,3,medium,high,0.75,medium,2,0.2,overconfident,0.7,,,counterexample_audit,724264
G,G_00240,phone_pick,abstaining_sfc,1,1,0,0,1,1,0.10098016,8,3,3,medium,high,0.75,medium,2,0.2,overconfident,0.7,,,counterexample_audit,724264
G,G_00241,spray_bottle_use,geometric_fc,1,0,1,1,1,1,0.03849951,9,4,-1,medium,high,0.75,medium,2,,,,,,counterexample_audit,724265
G,G_00241,spray_bottle_use,oracle_sfc,1,1,0,0,1,1,0.02071726,9,4,-1,medium,high,0.75,medium,2,,,,,,counterexample_audit,724265
G,G_00241,spray_bottle_use,semantic_only,1,1,0,0,1,1,0.0,9,4,-1,medium,high,0.75,medium,2,,,,,,counterexample_audit,724265
G,G_00241,spray_bottle_use,posthoc_single,0,0,0,1,1,1,0.03849951,9,4,-1,medium,high,0.75,medium,2,,,,,,counterexample_audit,724265
G,G_00241,spray_bottle_use,soft_penalty_fc,1,0,1,1,1,1,0.03849951,9,4,-1,medium,high,0.75,medium,2,,,,,,counterexample_audit,724265
G,G_00241,spray_bottle_use,observed_sfc,0,0,0,1,1,1,0.0,9,4,2,medium,high,0.75,medium,2,0.2,overconfident,0.7,,,counterexample_audit,724265
G,G_00241,spray_bottle_use,risk_aware_sfc,0,0,0,1,1,1,0.0,9,4,2,medium,high,0.75,medium,2,0.2,overconfident,0.7,,,counterexample_audit,724265
G,G_00241,spray_bottle_use,abstaining_sfc,0,0,0,1,1,1,0.0,9,4,2,medium,high,0.75,medium,2,0.2,overconfident,0.7,,,counterexample_audit,724265
G,G_00242,spray_bottle_use,geometric_fc,1,0,1,1,1,1,0.04304302,9,4,-1,medium,high,0.75,medium,2,,,,,,counterexample_audit,724266
G,G_00242,spray_bottle_use,oracle_sfc,1,1,0,0,1,1,0.02791749,9,4,-1,medium,high,0.75,medium,2,,,,,,counterexample_audit,724266
G,G_00242,spray_bottle_use,semantic_only,1,1,0,0,1,1,0.0,9,4,-1,medium,high,0.75,medium,2,,,,,,counterexample_audit,724266
G,G_00242,spray_bottle_use,posthoc_single,0,0,0,1,1,1,0.04304302,9,4,-1,medium,high,0.75,medium,2,,,,,,counterexample_audit,724266
G,G_00242,spray_bottle_use,soft_penalty_fc,1,0,1,1,1,1,0.04304302,9,4,-1,medium,high,0.75,medium,2,,,,,,counterexample_audit,724266
G,G_00242,spray_bottle_use,observed_sfc,1,1,0,0,1,1,0.02791749,9,4,4,medium,high,0.75,medium,2,0.2,overconfident,0.7,,,counterexample_audit,724266
G,G_00242,spray_bottle_use,risk_aware_sfc,1,1,0,0,1,1,0.02791749,9,4,4,medium,high,0.75,medium,2,0.2,overconfident,0.7,,,counterexample_audit,724266
G,G_00242,spray_bottle_use,abstaining_sfc,1,1,0,0,1,1,0.02791749,9,4,4,medium,high,0.75,medium,2,0.2,overconfident,0.7,,,counterexample_audit,724266
G,G_00243,spray_bottle_use,geometric_fc,1,0,1,1,1,1,0.03933325,9,4,-1,medium,high,0.75,medium,2,,,,,,counterexample_audit,724267
G,G_00243,spray_bottle_use,oracle_sfc,1,1,0,0,1,1,0.04323596,9,4,-1,medium,high,0.75,medium,2,,,,,,counterexample_audit,724267
G,G_00243,spray_bottle_use,semantic_only,1,1,0,0,1,1,0.0,9,4,-1,medium,high,0.75,medium,2,,,,,,counterexample_audit,724267
G,G_00243,spray_bottle_use,posthoc_single,0,0,0,1,1,1,0.03933325,9,4,-1,medium,high,0.75,medium,2,,,,,,counterexample_audit,724267
G,G_00243,spray_bottle_use,soft_penalty_fc,1,0,1,1,1,1,0.03933325,9,4,-1,medium,high,0.75,medium,2,,,,,,counterexample_audit,724267
G,G_00243,spray_bottle_use,observed_sfc,1,0,1,1,1,1,0.09461281,9,4,3,medium,high,0.75,medium,2,0.2,overconfident,0.7,,,counterexample_audit,724267
G,G_00243,spray_bottle_use,risk_aware_sfc,1,0,1,1,1,1,0.09461281,9,4,3,medium,high,0.75,medium,2,0.2,overconfident,0.7,,,counterexample_audit,724267
G,G_00243,spray_bottle_use,abstaining_sfc,1,0,1,1,1,1,0.09461281,9,4,3,medium,high,0.75,medium,2,0.2,overconfident,0.7,,,counterexample_audit,724267
G,G_00244,spray_bottle_use,geometric_fc,1,0,1,1,1,1,0.03961643,9,4,-1,medium,high,0.75,medium,2,,,,,,counterexample_audit,724268
G,G_00244,spray_bottle_use,oracle_sfc,1,1,0,0,1,1,0.03866884,9,4,-1,medium,high,0.75,medium,2,,,,,,counterexample_audit,724268
G,G_00244,spray_bottle_use,semantic_only,1,1,0,0,1,1,0.0,9,4,-1,medium,high,0.75,medium,2,,,,,,counterexample_audit,724268
G,G_00244,spray_bottle_use,posthoc_single,0,0,0,1,1,1,0.03961643,9,4,-1,medium,high,0.75,medium,2,,,,,,counterexample_audit,724268
G,G_00244,spray_bottle_use,soft_penalty_fc,1,0,1,1,1,1,0.03961643,9,4,-1,medium,high,0.75,medium,2,,,,,,counterexample_audit,724268
G,G_00244,spray_bottle_use,observed_sfc,1,0,1,1,1,1,0.10727734,9,4,4,medium,high,0.75,medium,2,0.2,overconfident,0.7,,,counterexample_audit,724268
G,G_00244,spray_bottle_use,risk_aware_sfc,1,0,1,1,1,1,0.10727734,9,4,4,medium,high,0.75,medium,2,0.2,overconfident,0.7,,,counterexample_audit,724268
G,G_00244,spray_bottle_use,abstaining_sfc,1,0,1,1,1,1,0.10727734,9,4,4,medium,high,0.75,medium,2,0.2,overconfident,0.7,,,counterexample_audit,724268
G,G_00245,spray_bottle_use,geometric_fc,1,0,1,1,1,1,0.03990223,9,4,-1,medium,high,0.75,medium,2,,,,,,counterexample_audit,724269
G,G_00245,spray_bottle_use,oracle_sfc,1,1,0,0,1,1,0.00828824,9,4,-1,medium,high,0.75,medium,2,,,,,,counterexample_audit,724269
G,G_00245,spray_bottle_use,semantic_only,1,1,0,0,1,1,0.0,9,4,-1,medium,high,0.75,medium,2,,,,,,counterexample_audit,724269
G,G_00245,spray_bottle_use,posthoc_single,0,0,0,1,1,1,0.03990223,9,4,-1,medium,high,0.75,medium,2,,,,,,counterexample_audit,724269
G,G_00245,spray_bottle_use,soft_penalty_fc,1,0,1,1,1,1,0.03990223,9,4,-1,medium,high,0.75,medium,2,,,,,,counterexample_audit,724269
G,G_00245,spray_bottle_use,observed_sfc,1,1,0,0,1,1,0.01194345,9,4,3,medium,high,0.75,medium,2,0.2,overconfident,0.7,,,counterexample_audit,724269
G,G_00245,spray_bottle_use,risk_aware_sfc,1,1,0,0,1,1,0.01194345,9,4,3,medium,high,0.75,medium,2,0.2,overconfident,0.7,,,counterexample_audit,724269
G,G_00245,spray_bottle_use,abstaining_sfc,1,1,0,0,1,1,0.01194345,9,4,3,medium,high,0.75,medium,2,0.2,overconfident,0.7,,,counterexample_audit,724269
G,G_00246,spray_bottle_use,geometric_fc,1,0,1,1,1,1,0.03828277,9,4,-1,medium,high,0.75,medium,2,,,,,,counterexample_audit,724270
G,G_00246,spray_bottle_use,oracle_sfc,1,1,0,0,1,1,0.03841847,9,4,-1,medium,high,0.75,medium,2,,,,,,counterexample_audit,724270
G,G_00246,spray_bottle_use,semantic_only,1,1,0,0,1,1,0.0,9,4,-1,medium,high,0.75,medium,2,,,,,,counterexample_audit,724270
G,G_00246,spray_bottle_use,posthoc_single,0,0,0,1,1,1,0.03828277,9,4,-1,medium,high,0.75,medium,2,,,,,,counterexample_audit,724270
G,G_00246,spray_bottle_use,soft_penalty_fc,1,0,1,1,1,1,0.03828277,9,4,-1,medium,high,0.75,medium,2,,,,,,counterexample_audit,724270
G,G_00246,spray_bottle_use,observed_sfc,1,1,0,0,1,1,0.09589822,9,4,2,medium,high,0.75,medium,2,0.2,overconfident,0.7,,,counterexample_audit,724270
G,G_00246,spray_bottle_use,risk_aware_sfc,1,1,0,0,1,1,0.09589822,9,4,2,medium,high,0.75,medium,2,0.2,overconfident,0.7,,,counterexample_audit,724270
G,G_00246,spray_bottle_use,abstaining_sfc,1,1,0,0,1,1,0.09589822,9,4,2,medium,high,0.75,medium,2,0.2,overconfident,0.7,,,counterexample_audit,724270
G,G_00247,spray_bottle_use,geometric_fc,1,0,1,0,1,0,0.0454674,9,4,-1,medium,high,0.75,medium,2,,,,,,counterexample_audit,724271
G,G_00247,spray_bottle_use,oracle_sfc,0,0,0,0,1,0,0.0,9,4,-1,medium,high,0.75,medium,2,,,,,,counterexample_audit,724271
G,G_00247,spray_bottle_use,semantic_only,1,0,1,0,1,0,0.0,9,4,-1,medium,high,0.75,medium,2,,,,,,counterexample_audit,724271
G,G_00247,spray_bottle_use,posthoc_single,0,0,0,0,1,0,0.0454674,9,4,-1,medium,high,0.75,medium,2,,,,,,counterexample_audit,724271
G,G_00247,spray_bottle_use,soft_penalty_fc,1,0,1,0,1,0,0.0454674,9,4,-1,medium,high,0.75,medium,2,,,,,,counterexample_audit,724271
G,G_00247,spray_bottle_use,observed_sfc,1,0,1,0,1,0,0.06158994,9,4,6,medium,high,0.75,medium,2,0.2,overconfident,0.7,,,counterexample_audit,724271
G,G_00247,spray_bottle_use,risk_aware_sfc,1,0,1,0,1,0,0.06158994,9,4,6,medium,high,0.75,medium,2,0.2,overconfident,0.7,,,counterexample_audit,724271
G,G_00247,spray_bottle_use,abstaining_sfc,1,0,1,0,1,0,0.06158994,9,4,6,medium,high,0.75,medium,2,0.2,overconfident,0.7,,,counterexample_audit,724271
G,G_00248,spray_bottle_use,geometric_fc,1,0,1,1,1,1,0.03986337,9,4,-1,medium,high,0.75,medium,2,,,,,,counterexample_audit,724272
G,G_00248,spray_bottle_use,oracle_sfc,1,1,0,0,1,1,0.02802781,9,4,-1,medium,high,0.75,medium,2,,,,,,counterexample_audit,724272
G,G_00248,spray_bottle_use,semantic_only,1,1,0,0,1,1,0.0,9,4,-1,medium,high,0.75,medium,2,,,,,,counterexample_audit,724272
G,G_00248,spray_bottle_use,posthoc_single,0,0,0,1,1,1,0.03986337,9,4,-1,medium,high,0.75,medium,2,,,,,,counterexample_audit,724272
G,G_00248,spray_bottle_use,soft_penalty_fc,1,0,1,1,1,1,0.03986337,9,4,-1,medium,high,0.75,medium,2,,,,,,counterexample_audit,724272
G,G_00248,spray_bottle_use,observed_sfc,1,1,0,0,1,1,0.02802781,9,4,4,medium,high,0.75,medium,2,0.2,overconfident,0.7,,,counterexample_audit,724272
G,G_00248,spray_bottle_use,risk_aware_sfc,1,1,0,0,1,1,0.02802781,9,4,4,medium,high,0.75,medium,2,0.2,overconfident,0.7,,,counterexample_audit,724272
G,G_00248,spray_bottle_use,abstaining_sfc,1,1,0,0,1,1,0.02802781,9,4,4,medium,high,0.75,medium,2,0.2,overconfident,0.7,,,counterexample_audit,724272
G,G_00249,spray_bottle_use,geometric_fc,1,0,1,1,1,1,0.03837932,9,4,-1,medium,high,0.75,medium,2,,,,,,counterexample_audit,724273
G,G_00249,spray_bottle_use,oracle_sfc,1,1,0,0,1,1,0.05836447,9,4,-1,medium,high,0.75,medium,2,,,,,,counterexample_audit,724273
G,G_00249,spray_bottle_use,semantic_only,1,1,0,0,1,1,0.0,9,4,-1,medium,high,0.75,medium,2,,,,,,counterexample_audit,724273
G,G_00249,spray_bottle_use,posthoc_single,0,0,0,1,1,1,0.03837932,9,4,-1,medium,high,0.75,medium,2,,,,,,counterexample_audit,724273
G,G_00249,spray_bottle_use,soft_penalty_fc,1,0,1,1,1,1,0.03837932,9,4,-1,medium,high,0.75,medium,2,,,,,,counterexample_audit,724273
G,G_00249,spray_bottle_use,observed_sfc,1,0,1,1,1,1,0.06144886,9,4,5,medium,high,0.75,medium,2,0.2,overconfident,0.7,,,counterexample_audit,724273
G,G_00249,spray_bottle_use,risk_aware_sfc,1,0,1,1,1,1,0.06144886,9,4,5,medium,high,0.75,medium,2,0.2,overconfident,0.7,,,counterexample_audit,724273
G,G_00249,spray_bottle_use,abstaining_sfc,1,0,1,1,1,1,0.06144886,9,4,5,medium,high,0.75,medium,2,0.2,overconfident,0.7,,,counterexample_audit,724273
G,G_00250,spray_bottle_use,geometric_fc,1,0,1,1,1,1,0.04558035,9,4,-1,medium,high,0.75,medium,2,,,,,,counterexample_audit,724274
G,G_00250,spray_bottle_use,oracle_sfc,1,1,0,0,1,1,0.00165694,9,4,-1,medium,high,0.75,medium,2,,,,,,counterexample_audit,724274
G,G_00250,spray_bottle_use,semantic_only,1,1,0,0,1,1,0.0,9,4,-1,medium,high,0.75,medium,2,,,,,,counterexample_audit,724274
G,G_00250,spray_bottle_use,posthoc_single,0,0,0,1,1,1,0.04558035,9,4,-1,medium,high,0.75,medium,2,,,,,,counterexample_audit,724274
G,G_00250,spray_bottle_use,soft_penalty_fc,1,0,1,1,1,1,0.04558035,9,4,-1,medium,high,0.75,medium,2,,,,,,counterexample_audit,724274
G,G_00250,spray_bottle_use,observed_sfc,1,0,1,1,1,1,0.12858716,9,4,3,medium,high,0.75,medium,2,0.2,overconfident,0.7,,,counterexample_audit,724274
G,G_00250,spray_bottle_use,risk_aware_sfc,1,0,1,1,1,1,0.12858716,9,4,3,medium,high,0.75,medium,2,0.2,overconfident,0.7,,,counterexample_audit,724274
G,G_00250,spray_bottle_use,abstaining_sfc,1,0,1,1,1,1,0.12858716,9,4,3,medium,high,0.75,medium,2,0.2,overconfident,0.7,,,counterexample_audit,724274
G,G_00251,spray_bottle_use,geometric_fc,1,0,1,1,1,1,0.0385152,9,4,-1,medium,high,0.75,medium,2,,,,,,counterexample_audit,724275
G,G_00251,spray_bottle_use,oracle_sfc,1,1,0,0,1,1,0.02698544,9,4,-1,medium,high,0.75,medium,2,,,,,,counterexample_audit,724275
G,G_00251,spray_bottle_use,semantic_only,1,1,0,0,1,1,0.0,9,4,-1,medium,high,0.75,medium,2,,,,,,counterexample_audit,724275
G,G_00251,spray_bottle_use,posthoc_single,0,0,0,1,1,1,0.0385152,9,4,-1,medium,high,0.75,medium,2,,,,,,counterexample_audit,724275
G,G_00251,spray_bottle_use,soft_penalty_fc,1,0,1,1,1,1,0.0385152,9,4,-1,medium,high,0.75,medium,2,,,,,,counterexample_audit,724275
G,G_00251,spray_bottle_use,observed_sfc,1,1,0,0,1,1,0.02698544,9,4,4,medium,high,0.75,medium,2,0.2,overconfident,0.7,,,counterexample_audit,724275
G,G_00251,spray_bottle_use,risk_aware_sfc,1,1,0,0,1,1,0.02698544,9,4,4,medium,high,0.75,medium,2,0.2,overconfident,0.7,,,counterexample_audit,724275
G,G_00251,spray_bottle_use,abstaining_sfc,1,1,0,0,1,1,0.02698544,9,4,4,medium,high,0.75,medium,2,0.2,overconfident,0.7,,,counterexample_audit,724275
G,G_00252,spray_bottle_use,geometric_fc,1,0,1,1,1,1,0.03854128,9,4,-1,medium,high,0.75,medium,2,,,,,,counterexample_audit,724276
G,G_00252,spray_bottle_use,oracle_sfc,1,1,0,0,1,1,0.04486964,9,4,-1,medium,high,0.75,medium,2,,,,,,counterexample_audit,724276
G,G_00252,spray_bottle_use,semantic_only,1,1,0,0,1,1,0.0,9,4,-1,medium,high,0.75,medium,2,,,,,,counterexample_audit,724276
G,G_00252,spray_bottle_use,posthoc_single,0,0,0,1,1,1,0.03854128,9,4,-1,medium,high,0.75,medium,2,,,,,,counterexample_audit,724276
G,G_00252,spray_bottle_use,soft_penalty_fc,1,0,1,1,1,1,0.03854128,9,4,-1,medium,high,0.75,medium,2,,,,,,counterexample_audit,724276
G,G_00252,spray_bottle_use,observed_sfc,0,0,0,1,1,1,0.0,9,4,2,medium,high,0.75,medium,2,0.2,overconfident,0.7,,,counterexample_audit,724276
G,G_00252,spray_bottle_use,risk_aware_sfc,0,0,0,1,1,1,0.0,9,4,2,medium,high,0.75,medium,2,0.2,overconfident,0.7,,,counterexample_audit,724276
G,G_00252,spray_bottle_use,abstaining_sfc,0,0,0,1,1,1,0.0,9,4,2,medium,high,0.75,medium,2,0.2,overconfident,0.7,,,counterexample_audit,724276
G,G_00253,spray_bottle_use,geometric_fc,1,0,1,1,1,1,0.03799003,9,4,-1,medium,high,0.75,medium,2,,,,,,counterexample_audit,724277
G,G_00253,spray_bottle_use,oracle_sfc,1,1,0,0,1,1,0.03028646,9,4,-1,medium,high,0.75,medium,2,,,,,,counterexample_audit,724277
G,G_00253,spray_bottle_use,semantic_only,1,1,0,0,1,1,0.0,9,4,-1,medium,high,0.75,medium,2,,,,,,counterexample_audit,724277
G,G_00253,spray_bottle_use,posthoc_single,0,0,0,1,1,1,0.03799003,9,4,-1,medium,high,0.75,medium,2,,,,,,counterexample_audit,724277
G,G_00253,spray_bottle_use,soft_penalty_fc,1,0,1,1,1,1,0.03799003,9,4,-1,medium,high,0.75,medium,2,,,,,,counterexample_audit,724277
G,G_00253,spray_bottle_use,observed_sfc,1,1,0,0,1,1,0.0179912,9,4,3,medium,high,0.75,medium,2,0.2,overconfident,0.7,,,counterexample_audit,724277
G,G_00253,spray_bottle_use,risk_aware_sfc,1,1,0,0,1,1,0.0179912,9,4,3,medium,high,0.75,medium,2,0.2,overconfident,0.7,,,counterexample_audit,724277
G,G_00253,spray_bottle_use,abstaining_sfc,1,1,0,0,1,1,0.0179912,9,4,3,medium,high,0.75,medium,2,0.2,overconfident,0.7,,,counterexample_audit,724277
G,G_00254,spray_bottle_use,geometric_fc,1,0,1,1,1,1,0.04195378,9,4,-1,medium,high,0.75,medium,2,,,,,,counterexample_audit,724278
G,G_00254,spray_bottle_use,oracle_sfc,1,1,0,0,1,1,0.03196933,9,4,-1,medium,high,0.75,medium,2,,,,,,counterexample_audit,724278
G,G_00254,spray_bottle_use,semantic_only,1,1,0,0,1,1,0.0,9,4,-1,medium,high,0.75,medium,2,,,,,,counterexample_audit,724278
G,G_00254,spray_bottle_use,posthoc_single,0,0,0,1,1,1,0.04195378,9,4,-1,medium,high,0.75,medium,2,,,,,,counterexample_audit,724278
G,G_00254,spray_bottle_use,soft_penalty_fc,1,0,1,1,1,1,0.04195378,9,4,-1,medium,high,0.75,medium,2,,,,,,counterexample_audit,724278
G,G_00254,spray_bottle_use,observed_sfc,0,0,0,1,1,1,0.0,9,4,2,medium,high,0.75,medium,2,0.2,overconfident,0.7,,,counterexample_audit,724278
G,G_00254,spray_bottle_use,risk_aware_sfc,0,0,0,1,1,1,0.0,9,4,2,medium,high,0.75,medium,2,0.2,overconfident,0.7,,,counterexample_audit,724278
G,G_00254,spray_bottle_use,abstaining_sfc,0,0,0,1,1,1,0.0,9,4,2,medium,high,0.75,medium,2,0.2,overconfident,0.7,,,counterexample_audit,724278
G,G_00255,spray_bottle_use,geometric_fc,1,0,1,1,1,1,0.0390714,9,4,-1,medium,high,0.75,medium,2,,,,,,counterexample_audit,724279
G,G_00255,spray_bottle_use,oracle_sfc,1,1,0,0,1,1,0.03589646,9,4,-1,medium,high,0.75,medium,2,,,,,,counterexample_audit,724279
G,G_00255,spray_bottle_use,semantic_only,1,1,0,0,1,1,0.0,9,4,-1,medium,high,0.75,medium,2,,,,,,counterexample_audit,724279
G,G_00255,spray_bottle_use,posthoc_single,0,0,0,1,1,1,0.0390714,9,4,-1,medium,high,0.75,medium,2,,,,,,counterexample_audit,724279
G,G_00255,spray_bottle_use,soft_penalty_fc,1,0,1,1,1,1,0.0390714,9,4,-1,medium,high,0.75,medium,2,,,,,,counterexample_audit,724279
G,G_00255,spray_bottle_use,observed_sfc,0,0,0,1,1,1,0.0,9,4,3,medium,high,0.75,medium,2,0.2,overconfident,0.7,,,counterexample_audit,724279
G,G_00255,spray_bottle_use,risk_aware_sfc,0,0,0,1,1,1,0.0,9,4,3,medium,high,0.75,medium,2,0.2,overconfident,0.7,,,counterexample_audit,724279
G,G_00255,spray_bottle_use,abstaining_sfc,0,0,0,1,1,1,0.0,9,4,3,medium,high,0.75,medium,2,0.2,overconfident,0.7,,,counterexample_audit,724279
G,G_00256,spray_bottle_use,geometric_fc,1,0,1,0,1,0,0.04517624,9,4,-1,medium,high,0.75,medium,2,,,,,,counterexample_audit,724280
G,G_00256,spray_bottle_use,oracle_sfc,0,0,0,0,1,0,0.0,9,4,-1,medium,high,0.75,medium,2,,,,,,counterexample_audit,724280
G,G_00256,spray_bottle_use,semantic_only,1,0,1,0,1,0,0.0,9,4,-1,medium,high,0.75,medium,2,,,,,,counterexample_audit,724280
G,G_00256,spray_bottle_use,posthoc_single,0,0,0,0,1,0,0.04517624,9,4,-1,medium,high,0.75,medium,2,,,,,,counterexample_audit,724280
G,G_00256,spray_bottle_use,soft_penalty_fc,1,0,1,0,1,0,0.04517624,9,4,-1,medium,high,0.75,medium,2,,,,,,counterexample_audit,724280
G,G_00256,spray_bottle_use,observed_sfc,1,0,1,0,1,0,0.06853077,9,4,5,medium,high,0.75,medium,2,0.2,overconfident,0.7,,,counterexample_audit,724280
G,G_00256,spray_bottle_use,risk_aware_sfc,1,0,1,0,1,0,0.06853077,9,4,5,medium,high,0.75,medium,2,0.2,overconfident,0.7,,,counterexample_audit,724280
G,G_00256,spray_bottle_use,abstaining_sfc,1,0,1,0,1,0,0.06853077,9,4,5,medium,high,0.75,medium,2,0.2,overconfident,0.7,,,counterexample_audit,724280
G,G_00257,spray_bottle_use,geometric_fc,1,0,1,1,1,1,0.03788562,9,4,-1,medium,high,0.75,medium,2,,,,,,counterexample_audit,724281
G,G_00257,spray_bottle_use,oracle_sfc,1,1,0,0,1,1,0.03462751,9,4,-1,medium,high,0.75,medium,2,,,,,,counterexample_audit,724281
G,G_00257,spray_bottle_use,semantic_only,1,1,0,0,1,1,0.0,9,4,-1,medium,high,0.75,medium,2,,,,,,counterexample_audit,724281
G,G_00257,spray_bottle_use,posthoc_single,0,0,0,1,1,1,0.03788562,9,4,-1,medium,high,0.75,medium,2,,,,,,counterexample_audit,724281
G,G_00257,spray_bottle_use,soft_penalty_fc,1,0,1,1,1,1,0.03788562,9,4,-1,medium,high,0.75,medium,2,,,,,,counterexample_audit,724281
G,G_00257,spray_bottle_use,observed_sfc,1,1,0,0,1,1,0.03462751,9,4,4,medium,high,0.75,medium,2,0.2,overconfident,0.7,,,counterexample_audit,724281
G,G_00257,spray_bottle_use,risk_aware_sfc,1,1,0,0,1,1,0.03462751,9,4,4,medium,high,0.75,medium,2,0.2,overconfident,0.7,,,counterexample_audit,724281
G,G_00257,spray_bottle_use,abstaining_sfc,1,1,0,0,1,1,0.03462751,9,4,4,medium,high,0.75,medium,2,0.2,overconfident,0.7,,,counterexample_audit,724281
G,G_00258,spray_bottle_use,geometric_fc,1,0,1,1,1,1,0.04024588,9,4,-1,medium,high,0.75,medium,2,,,,,,counterexample_audit,724282
G,G_00258,spray_bottle_use,oracle_sfc,1,1,0,0,1,1,0.0072526,9,4,-1,medium,high,0.75,medium,2,,,,,,counterexample_audit,724282
G,G_00258,spray_bottle_use,semantic_only,1,1,0,0,1,1,0.0,9,4,-1,medium,high,0.75,medium,2,,,,,,counterexample_audit,724282
G,G_00258,spray_bottle_use,posthoc_single,0,0,0,1,1,1,0.04024588,9,4,-1,medium,high,0.75,medium,2,,,,,,counterexample_audit,724282
G,G_00258,spray_bottle_use,soft_penalty_fc,1,0,1,1,1,1,0.04024588,9,4,-1,medium,high,0.75,medium,2,,,,,,counterexample_audit,724282
G,G_00258,spray_bottle_use,observed_sfc,1,0,1,1,1,1,0.06623154,9,4,5,medium,high,0.75,medium,2,0.2,overconfident,0.7,,,counterexample_audit,724282
G,G_00258,spray_bottle_use,risk_aware_sfc,1,0,1,1,1,1,0.06623154,9,4,5,medium,high,0.75,medium,2,0.2,overconfident,0.7,,,counterexample_audit,724282
G,G_00258,spray_bottle_use,abstaining_sfc,1,0,1,1,1,1,0.06623154,9,4,5,medium,high,0.75,medium,2,0.2,overconfident,0.7,,,counterexample_audit,724282
G,G_00259,spray_bottle_use,geometric_fc,1,0,1,0,1,0,0.04279699,9,4,-1,medium,high,0.75,medium,2,,,,,,counterexample_audit,724283
G,G_00259,spray_bottle_use,oracle_sfc,0,0,0,0,1,0,0.0,9,4,-1,medium,high,0.75,medium,2,,,,,,counterexample_audit,724283
G,G_00259,spray_bottle_use,semantic_only,1,0,1,0,1,0,0.0,9,4,-1,medium,high,0.75,medium,2,,,,,,counterexample_audit,724283
G,G_00259,spray_bottle_use,posthoc_single,0,0,0,0,1,0,0.04279699,9,4,-1,medium,high,0.75,medium,2,,,,,,counterexample_audit,724283
G,G_00259,spray_bottle_use,soft_penalty_fc,1,0,1,0,1,0,0.04279699,9,4,-1,medium,high,0.75,medium,2,,,,,,counterexample_audit,724283
G,G_00259,spray_bottle_use,observed_sfc,0,0,0,0,1,0,0.0,9,4,4,medium,high,0.75,medium,2,0.2,overconfident,0.7,,,counterexample_audit,724283
G,G_00259,spray_bottle_use,risk_aware_sfc,0,0,0,0,1,0,0.0,9,4,4,medium,high,0.75,medium,2,0.2,overconfident,0.7,,,counterexample_audit,724283
G,G_00259,spray_bottle_use,abstaining_sfc,0,0,0,0,1,0,0.0,9,4,4,medium,high,0.75,medium,2,0.2,overconfident,0.7,,,counterexample_audit,724283
G,G_00260,spray_bottle_use,geometric_fc,1,0,1,1,1,1,0.03913682,9,4,-1,medium,high,0.75,medium,2,,,,,,counterexample_audit,724284
G,G_00260,spray_bottle_use,oracle_sfc,1,1,0,0,1,1,0.02945,9,4,-1,medium,high,0.75,medium,2,,,,,,counterexample_audit,724284
G,G_00260,spray_bottle_use,semantic_only,1,1,0,0,1,1,0.0,9,4,-1,medium,high,0.75,medium,2,,,,,,counterexample_audit,724284
G,G_00260,spray_bottle_use,posthoc_single,0,0,0,1,1,1,0.03913682,9,4,-1,medium,high,0.75,medium,2,,,,,,counterexample_audit,724284
G,G_00260,spray_bottle_use,soft_penalty_fc,1,0,1,1,1,1,0.03913682,9,4,-1,medium,high,0.75,medium,2,,,,,,counterexample_audit,724284
G,G_00260,spray_bottle_use,observed_sfc,1,1,0,0,1,1,0.02945,9,4,4,medium,high,0.75,medium,2,0.2,overconfident,0.7,,,counterexample_audit,724284
G,G_00260,spray_bottle_use,risk_aware_sfc,1,1,0,0,1,1,0.02945,9,4,4,medium,high,0.75,medium,2,0.2,overconfident,0.7,,,counterexample_audit,724284
G,G_00260,spray_bottle_use,abstaining_sfc,1,1,0,0,1,1,0.02945,9,4,4,medium,high,0.75,medium,2,0.2,overconfident,0.7,,,counterexample_audit,724284
G,G_00261,spray_bottle_use,geometric_fc,1,0,1,1,1,1,0.04152633,9,4,-1,medium,high,0.75,medium,2,,,,,,counterexample_audit,724285
G,G_00261,spray_bottle_use,oracle_sfc,1,1,0,0,1,1,0.01764714,9,4,-1,medium,high,0.75,medium,2,,,,,,counterexample_audit,724285
G,G_00261,spray_bottle_use,semantic_only,1,1,0,0,1,1,0.0,9,4,-1,medium,high,0.75,medium,2,,,,,,counterexample_audit,724285
G,G_00261,spray_bottle_use,posthoc_single,0,0,0,1,1,1,0.04152633,9,4,-1,medium,high,0.75,medium,2,,,,,,counterexample_audit,724285
G,G_00261,spray_bottle_use,soft_penalty_fc,1,0,1,1,1,1,0.04152633,9,4,-1,medium,high,0.75,medium,2,,,,,,counterexample_audit,724285
G,G_00261,spray_bottle_use,observed_sfc,1,0,1,1,1,1,0.0561179,9,4,5,medium,high,0.75,medium,2,0.2,overconfident,0.7,,,counterexample_audit,724285
G,G_00261,spray_bottle_use,risk_aware_sfc,1,0,1,1,1,1,0.0561179,9,4,5,medium,high,0.75,medium,2,0.2,overconfident,0.7,,,counterexample_audit,724285
G,G_00261,spray_bottle_use,abstaining_sfc,1,0,1,1,1,1,0.0561179,9,4,5,medium,high,0.75,medium,2,0.2,overconfident,0.7,,,counterexample_audit,724285
G,G_00262,spray_bottle_use,geometric_fc,1,0,1,0,1,0,0.04251415,9,4,-1,medium,high,0.75,medium,2,,,,,,counterexample_audit,724286
G,G_00262,spray_bottle_use,oracle_sfc,0,0,0,0,1,0,0.0,9,4,-1,medium,high,0.75,medium,2,,,,,,counterexample_audit,724286
G,G_00262,spray_bottle_use,semantic_only,1,0,1,0,1,0,0.0,9,4,-1,medium,high,0.75,medium,2,,,,,,counterexample_audit,724286
G,G_00262,spray_bottle_use,posthoc_single,0,0,0,0,1,0,0.04251415,9,4,-1,medium,high,0.75,medium,2,,,,,,counterexample_audit,724286
G,G_00262,spray_bottle_use,soft_penalty_fc,1,0,1,0,1,0,0.04251415,9,4,-1,medium,high,0.75,medium,2,,,,,,counterexample_audit,724286
G,G_00262,spray_bottle_use,observed_sfc,1,0,1,0,1,0,0.08954185,9,4,4,medium,high,0.75,medium,2,0.2,overconfident,0.7,,,counterexample_audit,724286
G,G_00262,spray_bottle_use,risk_aware_sfc,1,0,1,0,1,0,0.08954185,9,4,4,medium,high,0.75,medium,2,0.2,overconfident,0.7,,,counterexample_audit,724286
G,G_00262,spray_bottle_use,abstaining_sfc,1,0,1,0,1,0,0.08954185,9,4,4,medium,high,0.75,medium,2,0.2,overconfident,0.7,,,counterexample_audit,724286
G,G_00263,spray_bottle_use,geometric_fc,1,0,1,1,1,1,0.03816285,9,4,-1,medium,high,0.75,medium,2,,,,,,counterexample_audit,724287
G,G_00263,spray_bottle_use,oracle_sfc,1,1,0,0,1,1,0.03006987,9,4,-1,medium,high,0.75,medium,2,,,,,,counterexample_audit,724287
G,G_00263,spray_bottle_use,semantic_only,1,1,0,0,1,1,0.0,9,4,-1,medium,high,0.75,medium,2,,,,,,counterexample_audit,724287
G,G_00263,spray_bottle_use,posthoc_single,0,0,0,1,1,1,0.03816285,9,4,-1,medium,high,0.75,medium,2,,,,,,counterexample_audit,724287
G,G_00263,spray_bottle_use,soft_penalty_fc,1,0,1,1,1,1,0.03816285,9,4,-1,medium,high,0.75,medium,2,,,,,,counterexample_audit,724287
G,G_00263,spray_bottle_use,observed_sfc,1,1,0,0,1,1,0.03006987,9,4,4,medium,high,0.75,medium,2,0.2,overconfident,0.7,,,counterexample_audit,724287
G,G_00263,spray_bottle_use,risk_aware_sfc,1,1,0,0,1,1,0.03006987,9,4,4,medium,high,0.75,medium,2,0.2,overconfident,0.7,,,counterexample_audit,724287
G,G_00263,spray_bottle_use,abstaining_sfc,1,1,0,0,1,1,0.03006987,9,4,4,medium,high,0.75,medium,2,0.2,overconfident,0.7,,,counterexample_audit,724287
G,G_00264,spray_bottle_use,geometric_fc,1,0,1,1,1,1,0.04128488,9,4,-1,medium,high,0.75,medium,2,,,,,,counterexample_audit,724288
G,G_00264,spray_bottle_use,oracle_sfc,1,1,0,0,1,1,0.02160414,9,4,-1,medium,high,0.75,medium,2,,,,,,counterexample_audit,724288
G,G_00264,spray_bottle_use,semantic_only,1,1,0,0,1,1,0.0,9,4,-1,medium,high,0.75,medium,2,,,,,,counterexample_audit,724288
G,G_00264,spray_bottle_use,posthoc_single,0,0,0,1,1,1,0.04128488,9,4,-1,medium,high,0.75,medium,2,,,,,,counterexample_audit,724288
G,G_00264,spray_bottle_use,soft_penalty_fc,1,0,1,1,1,1,0.04128488,9,4,-1,medium,high,0.75,medium,2,,,,,,counterexample_audit,724288
G,G_00264,spray_bottle_use,observed_sfc,0,0,0,1,1,1,0.0,9,4,3,medium,high,0.75,medium,2,0.2,overconfident,0.7,,,counterexample_audit,724288
G,G_00264,spray_bottle_use,risk_aware_sfc,0,0,0,1,1,1,0.0,9,4,3,medium,high,0.75,medium,2,0.2,overconfident,0.7,,,counterexample_audit,724288
G,G_00264,spray_bottle_use,abstaining_sfc,0,0,0,1,1,1,0.0,9,4,3,medium,high,0.75,medium,2,0.2,overconfident,0.7,,,counterexample_audit,724288
G,G_00265,spray_bottle_use,geometric_fc,1,0,1,1,1,1,0.03954009,9,4,-1,medium,high,0.75,medium,2,,,,,,counterexample_audit,724289
G,G_00265,spray_bottle_use,oracle_sfc,1,1,0,0,1,1,0.00541717,9,4,-1,medium,high,0.75,medium,2,,,,,,counterexample_audit,724289
G,G_00265,spray_bottle_use,semantic_only,1,1,0,0,1,1,0.0,9,4,-1,medium,high,0.75,medium,2,,,,,,counterexample_audit,724289
G,G_00265,spray_bottle_use,posthoc_single,0,0,0,1,1,1,0.03954009,9,4,-1,medium,high,0.75,medium,2,,,,,,counterexample_audit,724289
G,G_00265,spray_bottle_use,soft_penalty_fc,1,0,1,1,1,1,0.03954009,9,4,-1,medium,high,0.75,medium,2,,,,,,counterexample_audit,724289
G,G_00265,spray_bottle_use,observed_sfc,1,0,1,1,1,1,0.06423078,9,4,5,medium,high,0.75,medium,2,0.2,overconfident,0.7,,,counterexample_audit,724289
G,G_00265,spray_bottle_use,risk_aware_sfc,1,0,1,1,1,1,0.06423078,9,4,5,medium,high,0.75,medium,2,0.2,overconfident,0.7,,,counterexample_audit,724289
G,G_00265,spray_bottle_use,abstaining_sfc,1,0,1,1,1,1,0.06423078,9,4,5,medium,high,0.75,medium,2,0.2,overconfident,0.7,,,counterexample_audit,724289
G,G_00266,spray_bottle_use,geometric_fc,1,0,1,1,1,1,0.03820537,9,4,-1,medium,high,0.75,medium,2,,,,,,counterexample_audit,724290
G,G_00266,spray_bottle_use,oracle_sfc,1,1,0,0,1,1,0.01709933,9,4,-1,medium,high,0.75,medium,2,,,,,,counterexample_audit,724290
G,G_00266,spray_bottle_use,semantic_only,1,1,0,0,1,1,0.0,9,4,-1,medium,high,0.75,medium,2,,,,,,counterexample_audit,724290
G,G_00266,spray_bottle_use,posthoc_single,0,0,0,1,1,1,0.03820537,9,4,-1,medium,high,0.75,medium,2,,,,,,counterexample_audit,724290
G,G_00266,spray_bottle_use,soft_penalty_fc,1,0,1,1,1,1,0.03820537,9,4,-1,medium,high,0.75,medium,2,,,,,,counterexample_audit,724290
G,G_00266,spray_bottle_use,observed_sfc,0,0,0,1,1,1,0.0,9,4,4,medium,high,0.75,medium,2,0.2,overconfident,0.7,,,counterexample_audit,724290
G,G_00266,spray_bottle_use,risk_aware_sfc,0,0,0,1,1,1,0.0,9,4,4,medium,high,0.75,medium,2,0.2,overconfident,0.7,,,counterexample_audit,724290
G,G_00266,spray_bottle_use,abstaining_sfc,0,0,0,1,1,1,0.0,9,4,4,medium,high,0.75,medium,2,0.2,overconfident,0.7,,,counterexample_audit,724290
G,G_00267,spray_bottle_use,geometric_fc,1,0,1,1,1,1,0.03907751,9,4,-1,medium,high,0.75,medium,2,,,,,,counterexample_audit,724291
G,G_00267,spray_bottle_use,oracle_sfc,1,1,0,0,1,1,0.0381557,9,4,-1,medium,high,0.75,medium,2,,,,,,counterexample_audit,724291
G,G_00267,spray_bottle_use,semantic_only,1,1,0,0,1,1,0.0,9,4,-1,medium,high,0.75,medium,2,,,,,,counterexample_audit,724291
G,G_00267,spray_bottle_use,posthoc_single,0,0,0,1,1,1,0.03907751,9,4,-1,medium,high,0.75,medium,2,,,,,,counterexample_audit,724291
G,G_00267,spray_bottle_use,soft_penalty_fc,1,0,1,1,1,1,0.03907751,9,4,-1,medium,high,0.75,medium,2,,,,,,counterexample_audit,724291
G,G_00267,spray_bottle_use,observed_sfc,1,0,1,1,1,1,0.06915969,9,4,5,medium,high,0.75,medium,2,0.2,overconfident,0.7,,,counterexample_audit,724291
G,G_00267,spray_bottle_use,risk_aware_sfc,1,0,1,1,1,1,0.06915969,9,4,5,medium,high,0.75,medium,2,0.2,overconfident,0.7,,,counterexample_audit,724291
G,G_00267,spray_bottle_use,abstaining_sfc,1,0,1,1,1,1,0.06915969,9,4,5,medium,high,0.75,medium,2,0.2,overconfident,0.7,,,counterexample_audit,724291
G,G_00268,spray_bottle_use,geometric_fc,1,0,1,0,1,0,0.04348871,9,4,-1,medium,high,0.75,medium,2,,,,,,counterexample_audit,724292
G,G_00268,spray_bottle_use,oracle_sfc,0,0,0,0,1,0,0.0,9,4,-1,medium,high,0.75,medium,2,,,,,,counterexample_audit,724292
G,G_00268,spray_bottle_use,semantic_only,1,0,1,0,1,0,0.0,9,4,-1,medium,high,0.75,medium,2,,,,,,counterexample_audit,724292
G,G_00268,spray_bottle_use,posthoc_single,0,0,0,0,1,0,0.04348871,9,4,-1,medium,high,0.75,medium,2,,,,,,counterexample_audit,724292
G,G_00268,spray_bottle_use,soft_penalty_fc,1,0,1,0,1,0,0.04348871,9,4,-1,medium,high,0.75,medium,2,,,,,,counterexample_audit,724292
G,G_00268,spray_bottle_use,observed_sfc,0,0,0,0,1,0,0.0,9,4,3,medium,high,0.75,medium,2,0.2,overconfident,0.7,,,counterexample_audit,724292
G,G_00268,spray_bottle_use,risk_aware_sfc,0,0,0,0,1,0,0.0,9,4,3,medium,high,0.75,medium,2,0.2,overconfident,0.7,,,counterexample_audit,724292
G,G_00268,spray_bottle_use,abstaining_sfc,0,0,0,0,1,0,0.0,9,4,3,medium,high,0.75,medium,2,0.2,overconfident,0.7,,,counterexample_audit,724292
G,G_00269,spray_bottle_use,geometric_fc,1,0,1,1,1,1,0.04078288,9,4,-1,medium,high,0.75,medium,2,,,,,,counterexample_audit,724293
G,G_00269,spray_bottle_use,oracle_sfc,1,1,0,0,1,1,0.00612996,9,4,-1,medium,high,0.75,medium,2,,,,,,counterexample_audit,724293
G,G_00269,spray_bottle_use,semantic_only,1,1,0,0,1,1,0.0,9,4,-1,medium,high,0.75,medium,2,,,,,,counterexample_audit,724293
G,G_00269,spray_bottle_use,posthoc_single,0,0,0,1,1,1,0.04078288,9,4,-1,medium,high,0.75,medium,2,,,,,,counterexample_audit,724293
G,G_00269,spray_bottle_use,soft_penalty_fc,1,0,1,1,1,1,0.04078288,9,4,-1,medium,high,0.75,medium,2,,,,,,counterexample_audit,724293
G,G_00269,spray_bottle_use,observed_sfc,1,0,1,1,1,1,0.07642458,9,4,5,medium,high,0.75,medium,2,0.2,overconfident,0.7,,,counterexample_audit,724293
G,G_00269,spray_bottle_use,risk_aware_sfc,1,0,1,1,1,1,0.07642458,9,4,5,medium,high,0.75,medium,2,0.2,overconfident,0.7,,,counterexample_audit,724293
G,G_00269,spray_bottle_use,abstaining_sfc,1,0,1,1,1,1,0.07642458,9,4,5,medium,high,0.75,medium,2,0.2,overconfident,0.7,,,counterexample_audit,724293
G,G_00270,spray_bottle_use,geometric_fc,1,0,1,1,1,1,0.04235397,9,4,-1,medium,high,0.75,medium,2,,,,,,counterexample_audit,724294
G,G_00270,spray_bottle_use,oracle_sfc,1,1,0,0,1,1,0.029908,9,4,-1,medium,high,0.75,medium,2,,,,,,counterexample_audit,724294
G,G_00270,spray_bottle_use,semantic_only,1,1,0,0,1,1,0.0,9,4,-1,medium,high,0.75,medium,2,,,,,,counterexample_audit,724294
G,G_00270,spray_bottle_use,posthoc_single,0,0,0,1,1,1,0.04235397,9,4,-1,medium,high,0.75,medium,2,,,,,,counterexample_audit,724294
G,G_00270,spray_bottle_use,soft_penalty_fc,1,0,1,1,1,1,0.04235397,9,4,-1,medium,high,0.75,medium,2,,,,,,counterexample_audit,724294
G,G_00270,spray_bottle_use,observed_sfc,1,1,0,0,1,1,0.029908,9,4,4,medium,high,0.75,medium,2,0.2,overconfident,0.7,,,counterexample_audit,724294
G,G_00270,spray_bottle_use,risk_aware_sfc,1,1,0,0,1,1,0.029908,9,4,4,medium,high,0.75,medium,2,0.2,overconfident,0.7,,,counterexample_audit,724294
G,G_00270,spray_bottle_use,abstaining_sfc,1,1,0,0,1,1,0.029908,9,4,4,medium,high,0.75,medium,2,0.2,overconfident,0.7,,,counterexample_audit,724294
G,G_00271,spray_bottle_use,geometric_fc,1,0,1,1,1,1,0.03886451,9,4,-1,medium,high,0.75,medium,2,,,,,,counterexample_audit,724295
G,G_00271,spray_bottle_use,oracle_sfc,1,1,0,0,1,1,0.03729982,9,4,-1,medium,high,0.75,medium,2,,,,,,counterexample_audit,724295
G,G_00271,spray_bottle_use,semantic_only,1,1,0,0,1,1,0.0,9,4,-1,medium,high,0.75,medium,2,,,,,,counterexample_audit,724295
G,G_00271,spray_bottle_use,posthoc_single,0,0,0,1,1,1,0.03886451,9,4,-1,medium,high,0.75,medium,2,,,,,,counterexample_audit,724295
G,G_00271,spray_bottle_use,soft_penalty_fc,1,0,1,1,1,1,0.03886451,9,4,-1,medium,high,0.75,medium,2,,,,,,counterexample_audit,724295
G,G_00271,spray_bottle_use,observed_sfc,1,0,1,1,1,1,0.08097846,9,4,5,medium,high,0.75,medium,2,0.2,overconfident,0.7,,,counterexample_audit,724295
G,G_00271,spray_bottle_use,risk_aware_sfc,1,0,1,1,1,1,0.08097846,9,4,5,medium,high,0.75,medium,2,0.2,overconfident,0.7,,,counterexample_audit,724295
G,G_00271,spray_bottle_use,abstaining_sfc,1,0,1,1,1,1,0.08097846,9,4,5,medium,high,0.75,medium,2,0.2,overconfident,0.7,,,counterexample_audit,724295
G,G_00272,spray_bottle_use,geometric_fc,1,0,1,1,1,1,0.04176262,9,4,-1,medium,high,0.75,medium,2,,,,,,counterexample_audit,724296
G,G_00272,spray_bottle_use,oracle_sfc,1,1,0,0,1,1,0.02377371,9,4,-1,medium,high,0.75,medium,2,,,,,,counterexample_audit,724296
G,G_00272,spray_bottle_use,semantic_only,1,1,0,0,1,1,0.0,9,4,-1,medium,high,0.75,medium,2,,,,,,counterexample_audit,724296
G,G_00272,spray_bottle_use,posthoc_single,0,0,0,1,1,1,0.04176262,9,4,-1,medium,high,0.75,medium,2,,,,,,counterexample_audit,724296
G,G_00272,spray_bottle_use,soft_penalty_fc,1,0,1,1,1,1,0.04176262,9,4,-1,medium,high,0.75,medium,2,,,,,,counterexample_audit,724296
G,G_00272,spray_bottle_use,observed_sfc,1,1,0,0,1,1,0.02377371,9,4,4,medium,high,0.75,medium,2,0.2,overconfident,0.7,,,counterexample_audit,724296
G,G_00272,spray_bottle_use,risk_aware_sfc,1,1,0,0,1,1,0.02377371,9,4,4,medium,high,0.75,medium,2,0.2,overconfident,0.7,,,counterexample_audit,724296
G,G_00272,spray_bottle_use,abstaining_sfc,1,1,0,0,1,1,0.02377371,9,4,4,medium,high,0.75,medium,2,0.2,overconfident,0.7,,,counterexample_audit,724296
G,G_00273,spray_bottle_use,geometric_fc,1,0,1,0,1,0,0.0467267,9,4,-1,medium,high,0.75,medium,2,,,,,,counterexample_audit,724297
G,G_00273,spray_bottle_use,oracle_sfc,0,0,0,0,1,0,0.0,9,4,-1,medium,high,0.75,medium,2,,,,,,counterexample_audit,724297
G,G_00273,spray_bottle_use,semantic_only,1,0,1,0,1,0,0.0,9,4,-1,medium,high,0.75,medium,2,,,,,,counterexample_audit,724297
G,G_00273,spray_bottle_use,posthoc_single,0,0,0,0,1,0,0.0467267,9,4,-1,medium,high,0.75,medium,2,,,,,,counterexample_audit,724297
G,G_00273,spray_bottle_use,soft_penalty_fc,1,0,1,0,1,0,0.0467267,9,4,-1,medium,high,0.75,medium,2,,,,,,counterexample_audit,724297
G,G_00273,spray_bottle_use,observed_sfc,1,0,1,0,1,0,0.06621412,9,4,5,medium,high,0.75,medium,2,0.2,overconfident,0.7,,,counterexample_audit,724297
G,G_00273,spray_bottle_use,risk_aware_sfc,1,0,1,0,1,0,0.06621412,9,4,5,medium,high,0.75,medium,2,0.2,overconfident,0.7,,,counterexample_audit,724297
G,G_00273,spray_bottle_use,abstaining_sfc,1,0,1,0,1,0,0.06621412,9,4,5,medium,high,0.75,medium,2,0.2,overconfident,0.7,,,counterexample_audit,724297
G,G_00274,spray_bottle_use,geometric_fc,1,0,1,1,1,1,0.04072538,9,4,-1,medium,high,0.75,medium,2,,,,,,counterexample_audit,724298
G,G_00274,spray_bottle_use,oracle_sfc,1,1,0,0,1,1,0.02442752,9,4,-1,medium,high,0.75,medium,2,,,,,,counterexample_audit,724298
G,G_00274,spray_bottle_use,semantic_only,1,1,0,0,1,1,0.0,9,4,-1,medium,high,0.75,medium,2,,,,,,counterexample_audit,724298
G,G_00274,spray_bottle_use,posthoc_single,0,0,0,1,1,1,0.04072538,9,4,-1,medium,high,0.75,medium,2,,,,,,counterexample_audit,724298
G,G_00274,spray_bottle_use,soft_penalty_fc,1,0,1,1,1,1,0.04072538,9,4,-1,medium,high,0.75,medium,2,,,,,,counterexample_audit,724298
G,G_00274,spray_bottle_use,observed_sfc,1,0,1,1,1,1,0.06085124,9,4,5,medium,high,0.75,medium,2,0.2,overconfident,0.7,,,counterexample_audit,724298
G,G_00274,spray_bottle_use,risk_aware_sfc,1,0,1,1,1,1,0.06085124,9,4,5,medium,high,0.75,medium,2,0.2,overconfident,0.7,,,counterexample_audit,724298
G,G_00274,spray_bottle_use,abstaining_sfc,1,0,1,1,1,1,0.06085124,9,4,5,medium,high,0.75,medium,2,0.2,overconfident,0.7,,,counterexample_audit,724298
G,G_00275,spray_bottle_use,geometric_fc,1,0,1,1,1,1,0.04279724,9,4,-1,medium,high,0.75,medium,2,,,,,,counterexample_audit,724299
G,G_00275,spray_bottle_use,oracle_sfc,1,1,0,0,1,1,0.03330595,9,4,-1,medium,high,0.75,medium,2,,,,,,counterexample_audit,724299
G,G_00275,spray_bottle_use,semantic_only,1,1,0,0,1,1,0.0,9,4,-1,medium,high,0.75,medium,2,,,,,,counterexample_audit,724299
G,G_00275,spray_bottle_use,posthoc_single,0,0,0,1,1,1,0.04279724,9,4,-1,medium,high,0.75,medium,2,,,,,,counterexample_audit,724299
G,G_00275,spray_bottle_use,soft_penalty_fc,1,0,1,1,1,1,0.04279724,9,4,-1,medium,high,0.75,medium,2,,,,,,counterexample_audit,724299
G,G_00275,spray_bottle_use,observed_sfc,1,1,0,0,1,1,0.03330595,9,4,4,medium,high,0.75,medium,2,0.2,overconfident,0.7,,,counterexample_audit,724299
G,G_00275,spray_bottle_use,risk_aware_sfc,1,1,0,0,1,1,0.03330595,9,4,4,medium,high,0.75,medium,2,0.2,overconfident,0.7,,,counterexample_audit,724299
G,G_00275,spray_bottle_use,abstaining_sfc,1,1,0,0,1,1,0.03330595,9,4,4,medium,high,0.75,medium,2,0.2,overconfident,0.7,,,counterexample_audit,724299
G,G_00276,spray_bottle_use,geometric_fc,1,0,1,1,1,1,0.03940531,9,4,-1,medium,high,0.75,medium,2,,,,,,counterexample_audit,724300
G,G_00276,spray_bottle_use,oracle_sfc,1,1,0,0,1,1,0.04174325,9,4,-1,medium,high,0.75,medium,2,,,,,,counterexample_audit,724300
G,G_00276,spray_bottle_use,semantic_only,1,1,0,0,1,1,0.0,9,4,-1,medium,high,0.75,medium,2,,,,,,counterexample_audit,724300
G,G_00276,spray_bottle_use,posthoc_single,0,0,0,1,1,1,0.03940531,9,4,-1,medium,high,0.75,medium,2,,,,,,counterexample_audit,724300
G,G_00276,spray_bottle_use,soft_penalty_fc,1,0,1,1,1,1,0.03940531,9,4,-1,medium,high,0.75,medium,2,,,,,,counterexample_audit,724300
G,G_00276,spray_bottle_use,observed_sfc,1,1,0,0,1,1,0.04174325,9,4,4,medium,high,0.75,medium,2,0.2,overconfident,0.7,,,counterexample_audit,724300
G,G_00276,spray_bottle_use,risk_aware_sfc,1,1,0,0,1,1,0.04174325,9,4,4,medium,high,0.75,medium,2,0.2,overconfident,0.7,,,counterexample_audit,724300
G,G_00276,spray_bottle_use,abstaining_sfc,1,1,0,0,1,1,0.04174325,9,4,4,medium,high,0.75,medium,2,0.2,overconfident,0.7,,,counterexample_audit,724300
G,G_00277,spray_bottle_use,geometric_fc,1,0,1,0,1,0,0.04426238,9,4,-1,medium,high,0.75,medium,2,,,,,,counterexample_audit,724301
G,G_00277,spray_bottle_use,oracle_sfc,0,0,0,0,1,0,0.0,9,4,-1,medium,high,0.75,medium,2,,,,,,counterexample_audit,724301
G,G_00277,spray_bottle_use,semantic_only,1,0,1,0,1,0,0.0,9,4,-1,medium,high,0.75,medium,2,,,,,,counterexample_audit,724301
G,G_00277,spray_bottle_use,posthoc_single,0,0,0,0,1,0,0.04426238,9,4,-1,medium,high,0.75,medium,2,,,,,,counterexample_audit,724301
G,G_00277,spray_bottle_use,soft_penalty_fc,1,0,1,0,1,0,0.04426238,9,4,-1,medium,high,0.75,medium,2,,,,,,counterexample_audit,724301
G,G_00277,spray_bottle_use,observed_sfc,1,0,1,0,1,0,0.0656677,9,4,6,medium,high,0.75,medium,2,0.2,overconfident,0.7,,,counterexample_audit,724301
G,G_00277,spray_bottle_use,risk_aware_sfc,1,0,1,0,1,0,0.0656677,9,4,6,medium,high,0.75,medium,2,0.2,overconfident,0.7,,,counterexample_audit,724301
G,G_00277,spray_bottle_use,abstaining_sfc,1,0,1,0,1,0,0.0656677,9,4,6,medium,high,0.75,medium,2,0.2,overconfident,0.7,,,counterexample_audit,724301
G,G_00278,spray_bottle_use,geometric_fc,1,0,1,1,1,1,0.04144426,9,4,-1,medium,high,0.75,medium,2,,,,,,counterexample_audit,724302
G,G_00278,spray_bottle_use,oracle_sfc,1,1,0,0,1,1,0.03393169,9,4,-1,medium,high,0.75,medium,2,,,,,,counterexample_audit,724302
G,G_00278,spray_bottle_use,semantic_only,1,1,0,0,1,1,0.0,9,4,-1,medium,high,0.75,medium,2,,,,,,counterexample_audit,724302
G,G_00278,spray_bottle_use,posthoc_single,0,0,0,1,1,1,0.04144426,9,4,-1,medium,high,0.75,medium,2,,,,,,counterexample_audit,724302
G,G_00278,spray_bottle_use,soft_penalty_fc,1,0,1,1,1,1,0.04144426,9,4,-1,medium,high,0.75,medium,2,,,,,,counterexample_audit,724302
G,G_00278,spray_bottle_use,observed_sfc,0,0,0,1,1,1,0.0,9,4,2,medium,high,0.75,medium,2,0.2,overconfident,0.7,,,counterexample_audit,724302
G,G_00278,spray_bottle_use,risk_aware_sfc,0,0,0,1,1,1,0.0,9,4,2,medium,high,0.75,medium,2,0.2,overconfident,0.7,,,counterexample_audit,724302
G,G_00278,spray_bottle_use,abstaining_sfc,0,0,0,1,1,1,0.0,9,4,2,medium,high,0.75,medium,2,0.2,overconfident,0.7,,,counterexample_audit,724302
G,G_00279,spray_bottle_use,geometric_fc,1,0,1,1,1,1,0.04140756,9,4,-1,medium,high,0.75,medium,2,,,,,,counterexample_audit,724303
G,G_00279,spray_bottle_use,oracle_sfc,1,1,0,0,1,1,0.01821528,9,4,-1,medium,high,0.75,medium,2,,,,,,counterexample_audit,724303
G,G_00279,spray_bottle_use,semantic_only,1,1,0,0,1,1,0.0,9,4,-1,medium,high,0.75,medium,2,,,,,,counterexample_audit,724303
G,G_00279,spray_bottle_use,posthoc_single,0,0,0,1,1,1,0.04140756,9,4,-1,medium,high,0.75,medium,2,,,,,,counterexample_audit,724303
G,G_00279,spray_bottle_use,soft_penalty_fc,1,0,1,1,1,1,0.04140756,9,4,-1,medium,high,0.75,medium,2,,,,,,counterexample_audit,724303
G,G_00279,spray_bottle_use,observed_sfc,1,1,0,0,1,1,0.01821528,9,4,4,medium,high,0.75,medium,2,0.2,overconfident,0.7,,,counterexample_audit,724303
G,G_00279,spray_bottle_use,risk_aware_sfc,1,1,0,0,1,1,0.01821528,9,4,4,medium,high,0.75,medium,2,0.2,overconfident,0.7,,,counterexample_audit,724303
G,G_00279,spray_bottle_use,abstaining_sfc,1,1,0,0,1,1,0.01821528,9,4,4,medium,high,0.75,medium,2,0.2,overconfident,0.7,,,counterexample_audit,724303
G,G_00280,spray_bottle_use,geometric_fc,1,0,1,1,1,1,0.04167775,9,4,-1,medium,high,0.75,medium,2,,,,,,counterexample_audit,724304
G,G_00280,spray_bottle_use,oracle_sfc,1,1,0,0,1,1,0.03208788,9,4,-1,medium,high,0.75,medium,2,,,,,,counterexample_audit,724304
G,G_00280,spray_bottle_use,semantic_only,1,1,0,0,1,1,0.0,9,4,-1,medium,high,0.75,medium,2,,,,,,counterexample_audit,724304
G,G_00280,spray_bottle_use,posthoc_single,0,0,0,1,1,1,0.04167775,9,4,-1,medium,high,0.75,medium,2,,,,,,counterexample_audit,724304
G,G_00280,spray_bottle_use,soft_penalty_fc,1,0,1,1,1,1,0.04167775,9,4,-1,medium,high,0.75,medium,2,,,,,,counterexample_audit,724304
G,G_00280,spray_bottle_use,observed_sfc,1,0,1,1,1,1,0.07292783,9,4,5,medium,high,0.75,medium,2,0.2,overconfident,0.7,,,counterexample_audit,724304
G,G_00280,spray_bottle_use,risk_aware_sfc,1,0,1,1,1,1,0.07292783,9,4,5,medium,high,0.75,medium,2,0.2,overconfident,0.7,,,counterexample_audit,724304
G,G_00280,spray_bottle_use,abstaining_sfc,1,0,1,1,1,1,0.07292783,9,4,5,medium,high,0.75,medium,2,0.2,overconfident,0.7,,,counterexample_audit,724304
G,G_00281,spray_bottle_use,geometric_fc,1,0,1,1,1,1,0.04092049,9,4,-1,medium,high,0.75,medium,2,,,,,,counterexample_audit,724305
G,G_00281,spray_bottle_use,oracle_sfc,1,1,0,0,1,1,0.02694546,9,4,-1,medium,high,0.75,medium,2,,,,,,counterexample_audit,724305
G,G_00281,spray_bottle_use,semantic_only,1,1,0,0,1,1,0.0,9,4,-1,medium,high,0.75,medium,2,,,,,,counterexample_audit,724305
G,G_00281,spray_bottle_use,posthoc_single,0,0,0,1,1,1,0.04092049,9,4,-1,medium,high,0.75,medium,2,,,,,,counterexample_audit,724305
G,G_00281,spray_bottle_use,soft_penalty_fc,1,0,1,1,1,1,0.04092049,9,4,-1,medium,high,0.75,medium,2,,,,,,counterexample_audit,724305
G,G_00281,spray_bottle_use,observed_sfc,1,0,1,1,1,1,0.06005144,9,4,6,medium,high,0.75,medium,2,0.2,overconfident,0.7,,,counterexample_audit,724305
G,G_00281,spray_bottle_use,risk_aware_sfc,1,0,1,1,1,1,0.06005144,9,4,6,medium,high,0.75,medium,2,0.2,overconfident,0.7,,,counterexample_audit,724305
G,G_00281,spray_bottle_use,abstaining_sfc,1,0,1,1,1,1,0.06005144,9,4,6,medium,high,0.75,medium,2,0.2,overconfident,0.7,,,counterexample_audit,724305
G,G_00282,spray_bottle_use,geometric_fc,1,0,1,1,1,1,0.03459947,9,4,-1,medium,high,0.75,medium,2,,,,,,counterexample_audit,724306
G,G_00282,spray_bottle_use,oracle_sfc,1,1,0,0,1,1,0.03774209,9,4,-1,medium,high,0.75,medium,2,,,,,,counterexample_audit,724306
G,G_00282,spray_bottle_use,semantic_only,1,1,0,0,1,1,0.0,9,4,-1,medium,high,0.75,medium,2,,,,,,counterexample_audit,724306
G,G_00282,spray_bottle_use,posthoc_single,0,0,0,1,1,1,0.03459947,9,4,-1,medium,high,0.75,medium,2,,,,,,counterexample_audit,724306
G,G_00282,spray_bottle_use,soft_penalty_fc,1,0,1,1,1,1,0.03459947,9,4,-1,medium,high,0.75,medium,2,,,,,,counterexample_audit,724306
G,G_00282,spray_bottle_use,observed_sfc,1,0,1,1,1,1,0.05271579,9,4,5,medium,high,0.75,medium,2,0.2,overconfident,0.7,,,counterexample_audit,724306
G,G_00282,spray_bottle_use,risk_aware_sfc,1,0,1,1,1,1,0.05271579,9,4,5,medium,high,0.75,medium,2,0.2,overconfident,0.7,,,counterexample_audit,724306
G,G_00282,spray_bottle_use,abstaining_sfc,1,0,1,1,1,1,0.05271579,9,4,5,medium,high,0.75,medium,2,0.2,overconfident,0.7,,,counterexample_audit,724306
G,G_00283,spray_bottle_use,geometric_fc,1,0,1,0,1,0,0.04345313,9,4,-1,medium,high,0.75,medium,2,,,,,,counterexample_audit,724307
G,G_00283,spray_bottle_use,oracle_sfc,0,0,0,0,1,0,0.0,9,4,-1,medium,high,0.75,medium,2,,,,,,counterexample_audit,724307
G,G_00283,spray_bottle_use,semantic_only,1,0,1,0,1,0,0.0,9,4,-1,medium,high,0.75,medium,2,,,,,,counterexample_audit,724307
G,G_00283,spray_bottle_use,posthoc_single,0,0,0,0,1,0,0.04345313,9,4,-1,medium,high,0.75,medium,2,,,,,,counterexample_audit,724307
G,G_00283,spray_bottle_use,soft_penalty_fc,1,0,1,0,1,0,0.04345313,9,4,-1,medium,high,0.75,medium,2,,,,,,counterexample_audit,724307
G,G_00283,spray_bottle_use,observed_sfc,0,0,0,0,1,0,0.0,9,4,3,medium,high,0.75,medium,2,0.2,overconfident,0.7,,,counterexample_audit,724307
G,G_00283,spray_bottle_use,risk_aware_sfc,0,0,0,0,1,0,0.0,9,4,3,medium,high,0.75,medium,2,0.2,overconfident,0.7,,,counterexample_audit,724307
G,G_00283,spray_bottle_use,abstaining_sfc,0,0,0,0,1,0,0.0,9,4,3,medium,high,0.75,medium,2,0.2,overconfident,0.7,,,counterexample_audit,724307
G,G_00284,spray_bottle_use,geometric_fc,1,0,1,0,1,0,0.0423861,9,4,-1,medium,high,0.75,medium,2,,,,,,counterexample_audit,724308
G,G_00284,spray_bottle_use,oracle_sfc,0,0,0,0,1,0,0.0,9,4,-1,medium,high,0.75,medium,2,,,,,,counterexample_audit,724308
G,G_00284,spray_bottle_use,semantic_only,1,0,1,0,1,0,0.0,9,4,-1,medium,high,0.75,medium,2,,,,,,counterexample_audit,724308
G,G_00284,spray_bottle_use,posthoc_single,0,0,0,0,1,0,0.0423861,9,4,-1,medium,high,0.75,medium,2,,,,,,counterexample_audit,724308
G,G_00284,spray_bottle_use,soft_penalty_fc,1,0,1,0,1,0,0.0423861,9,4,-1,medium,high,0.75,medium,2,,,,,,counterexample_audit,724308
G,G_00284,spray_bottle_use,observed_sfc,0,0,0,0,1,0,0.0,9,4,3,medium,high,0.75,medium,2,0.2,overconfident,0.7,,,counterexample_audit,724308
G,G_00284,spray_bottle_use,risk_aware_sfc,0,0,0,0,1,0,0.0,9,4,3,medium,high,0.75,medium,2,0.2,overconfident,0.7,,,counterexample_audit,724308
G,G_00284,spray_bottle_use,abstaining_sfc,0,0,0,0,1,0,0.0,9,4,3,medium,high,0.75,medium,2,0.2,overconfident,0.7,,,counterexample_audit,724308
G,G_00285,spray_bottle_use,geometric_fc,1,0,1,1,1,1,0.04132164,9,4,-1,medium,high,0.75,medium,2,,,,,,counterexample_audit,724309
G,G_00285,spray_bottle_use,oracle_sfc,1,1,0,0,1,1,0.01777662,9,4,-1,medium,high,0.75,medium,2,,,,,,counterexample_audit,724309
G,G_00285,spray_bottle_use,semantic_only,1,1,0,0,1,1,0.0,9,4,-1,medium,high,0.75,medium,2,,,,,,counterexample_audit,724309
G,G_00285,spray_bottle_use,posthoc_single,0,0,0,1,1,1,0.04132164,9,4,-1,medium,high,0.75,medium,2,,,,,,counterexample_audit,724309
G,G_00285,spray_bottle_use,soft_penalty_fc,1,0,1,1,1,1,0.04132164,9,4,-1,medium,high,0.75,medium,2,,,,,,counterexample_audit,724309
G,G_00285,spray_bottle_use,observed_sfc,1,0,1,1,1,1,0.07194346,9,4,5,medium,high,0.75,medium,2,0.2,overconfident,0.7,,,counterexample_audit,724309
G,G_00285,spray_bottle_use,risk_aware_sfc,1,0,1,1,1,1,0.07194346,9,4,5,medium,high,0.75,medium,2,0.2,overconfident,0.7,,,counterexample_audit,724309
G,G_00285,spray_bottle_use,abstaining_sfc,1,0,1,1,1,1,0.07194346,9,4,5,medium,high,0.75,medium,2,0.2,overconfident,0.7,,,counterexample_audit,724309
G,G_00286,spray_bottle_use,geometric_fc,1,0,1,1,1,1,0.04278978,9,4,-1,medium,high,0.75,medium,2,,,,,,counterexample_audit,724310
G,G_00286,spray_bottle_use,oracle_sfc,1,1,0,0,1,1,0.02398024,9,4,-1,medium,high,0.75,medium,2,,,,,,counterexample_audit,724310
G,G_00286,spray_bottle_use,semantic_only,1,1,0,0,1,1,0.0,9,4,-1,medium,high,0.75,medium,2,,,,,,counterexample_audit,724310
G,G_00286,spray_bottle_use,posthoc_single,0,0,0,1,1,1,0.04278978,9,4,-1,medium,high,0.75,medium,2,,,,,,counterexample_audit,724310
G,G_00286,spray_bottle_use,soft_penalty_fc,1,0,1,1,1,1,0.04278978,9,4,-1,medium,high,0.75,medium,2,,,,,,counterexample_audit,724310
G,G_00286,spray_bottle_use,observed_sfc,1,0,1,1,1,1,0.06302499,9,4,5,medium,high,0.75,medium,2,0.2,overconfident,0.7,,,counterexample_audit,724310
G,G_00286,spray_bottle_use,risk_aware_sfc,1,0,1,1,1,1,0.06302499,9,4,5,medium,high,0.75,medium,2,0.2,overconfident,0.7,,,counterexample_audit,724310
G,G_00286,spray_bottle_use,abstaining_sfc,1,0,1,1,1,1,0.06302499,9,4,5,medium,high,0.75,medium,2,0.2,overconfident,0.7,,,counterexample_audit,724310
G,G_00287,spray_bottle_use,geometric_fc,1,0,1,1,1,1,0.04160332,9,4,-1,medium,high,0.75,medium,2,,,,,,counterexample_audit,724311
G,G_00287,spray_bottle_use,oracle_sfc,1,1,0,0,1,1,0.01129719,9,4,-1,medium,high,0.75,medium,2,,,,,,counterexample_audit,724311
G,G_00287,spray_bottle_use,semantic_only,1,1,0,0,1,1,0.0,9,4,-1,medium,high,0.75,medium,2,,,,,,counterexample_audit,724311
G,G_00287,spray_bottle_use,posthoc_single,0,0,0,1,1,1,0.04160332,9,4,-1,medium,high,0.75,medium,2,,,,,,counterexample_audit,724311
G,G_00287,spray_bottle_use,soft_penalty_fc,1,0,1,1,1,1,0.04160332,9,4,-1,medium,high,0.75,medium,2,,,,,,counterexample_audit,724311
G,G_00287,spray_bottle_use,observed_sfc,1,1,0,0,1,1,0.00022474,9,4,3,medium,high,0.75,medium,2,0.2,overconfident,0.7,,,counterexample_audit,724311
G,G_00287,spray_bottle_use,risk_aware_sfc,1,1,0,0,1,1,0.00022474,9,4,3,medium,high,0.75,medium,2,0.2,overconfident,0.7,,,counterexample_audit,724311
G,G_00287,spray_bottle_use,abstaining_sfc,1,1,0,0,1,1,0.00022474,9,4,3,medium,high,0.75,medium,2,0.2,overconfident,0.7,,,counterexample_audit,724311
G,G_00288,spray_bottle_use,geometric_fc,1,0,1,0,1,0,0.04581926,9,4,-1,medium,high,0.75,medium,2,,,,,,counterexample_audit,724312
G,G_00288,spray_bottle_use,oracle_sfc,0,0,0,0,1,0,0.0,9,4,-1,medium,high,0.75,medium,2,,,,,,counterexample_audit,724312
G,G_00288,spray_bottle_use,semantic_only,1,0,1,0,1,0,0.0,9,4,-1,medium,high,0.75,medium,2,,,,,,counterexample_audit,724312
G,G_00288,spray_bottle_use,posthoc_single,0,0,0,0,1,0,0.04581926,9,4,-1,medium,high,0.75,medium,2,,,,,,counterexample_audit,724312
G,G_00288,spray_bottle_use,soft_penalty_fc,1,0,1,0,1,0,0.04581926,9,4,-1,medium,high,0.75,medium,2,,,,,,counterexample_audit,724312
G,G_00288,spray_bottle_use,observed_sfc,1,0,1,0,1,0,0.06293074,9,4,6,medium,high,0.75,medium,2,0.2,overconfident,0.7,,,counterexample_audit,724312
G,G_00288,spray_bottle_use,risk_aware_sfc,1,0,1,0,1,0,0.06293074,9,4,6,medium,high,0.75,medium,2,0.2,overconfident,0.7,,,counterexample_audit,724312
G,G_00288,spray_bottle_use,abstaining_sfc,1,0,1,0,1,0,0.06293074,9,4,6,medium,high,0.75,medium,2,0.2,overconfident,0.7,,,counterexample_audit,724312
G,G_00289,spray_bottle_use,geometric_fc,1,0,1,1,1,1,0.03978487,9,4,-1,medium,high,0.75,medium,2,,,,,,counterexample_audit,724313
G,G_00289,spray_bottle_use,oracle_sfc,1,1,0,0,1,1,0.03420898,9,4,-1,medium,high,0.75,medium,2,,,,,,counterexample_audit,724313
G,G_00289,spray_bottle_use,semantic_only,1,1,0,0,1,1,0.0,9,4,-1,medium,high,0.75,medium,2,,,,,,counterexample_audit,724313
G,G_00289,spray_bottle_use,posthoc_single,0,0,0,1,1,1,0.03978487,9,4,-1,medium,high,0.75,medium,2,,,,,,counterexample_audit,724313
G,G_00289,spray_bottle_use,soft_penalty_fc,1,0,1,1,1,1,0.03978487,9,4,-1,medium,high,0.75,medium,2,,,,,,counterexample_audit,724313
G,G_00289,spray_bottle_use,observed_sfc,1,0,1,1,1,1,0.06130142,9,4,5,medium,high,0.75,medium,2,0.2,overconfident,0.7,,,counterexample_audit,724313
G,G_00289,spray_bottle_use,risk_aware_sfc,1,0,1,1,1,1,0.06130142,9,4,5,medium,high,0.75,medium,2,0.2,overconfident,0.7,,,counterexample_audit,724313
G,G_00289,spray_bottle_use,abstaining_sfc,1,0,1,1,1,1,0.06130142,9,4,5,medium,high,0.75,medium,2,0.2,overconfident,0.7,,,counterexample_audit,724313
G,G_00290,spray_bottle_use,geometric_fc,1,0,1,1,1,1,0.03955976,9,4,-1,medium,high,0.75,medium,2,,,,,,counterexample_audit,724314
G,G_00290,spray_bottle_use,oracle_sfc,1,1,0,0,1,1,0.01538682,9,4,-1,medium,high,0.75,medium,2,,,,,,counterexample_audit,724314
G,G_00290,spray_bottle_use,semantic_only,1,1,0,0,1,1,0.0,9,4,-1,medium,high,0.75,medium,2,,,,,,counterexample_audit,724314
G,G_00290,spray_bottle_use,posthoc_single,0,0,0,1,1,1,0.03955976,9,4,-1,medium,high,0.75,medium,2,,,,,,counterexample_audit,724314
G,G_00290,spray_bottle_use,soft_penalty_fc,1,0,1,1,1,1,0.03955976,9,4,-1,medium,high,0.75,medium,2,,,,,,counterexample_audit,724314
G,G_00290,spray_bottle_use,observed_sfc,1,1,0,0,1,1,0.01538682,9,4,4,medium,high,0.75,medium,2,0.2,overconfident,0.7,,,counterexample_audit,724314
G,G_00290,spray_bottle_use,risk_aware_sfc,1,1,0,0,1,1,0.01538682,9,4,4,medium,high,0.75,medium,2,0.2,overconfident,0.7,,,counterexample_audit,724314
G,G_00290,spray_bottle_use,abstaining_sfc,1,1,0,0,1,1,0.01538682,9,4,4,medium,high,0.75,medium,2,0.2,overconfident,0.7,,,counterexample_audit,724314
G,G_00291,spray_bottle_use,geometric_fc,1,0,1,0,1,0,0.04342324,9,4,-1,medium,high,0.75,medium,2,,,,,,counterexample_audit,724315
G,G_00291,spray_bottle_use,oracle_sfc,0,0,0,0,1,0,0.0,9,4,-1,medium,high,0.75,medium,2,,,,,,counterexample_audit,724315
G,G_00291,spray_bottle_use,semantic_only,1,0,1,0,1,0,0.0,9,4,-1,medium,high,0.75,medium,2,,,,,,counterexample_audit,724315
G,G_00291,spray_bottle_use,posthoc_single,0,0,0,0,1,0,0.04342324,9,4,-1,medium,high,0.75,medium,2,,,,,,counterexample_audit,724315
G,G_00291,spray_bottle_use,soft_penalty_fc,1,0,1,0,1,0,0.04342324,9,4,-1,medium,high,0.75,medium,2,,,,,,counterexample_audit,724315
G,G_00291,spray_bottle_use,observed_sfc,1,0,1,0,1,0,0.05837472,9,4,5,medium,high,0.75,medium,2,0.2,overconfident,0.7,,,counterexample_audit,724315
G,G_00291,spray_bottle_use,risk_aware_sfc,1,0,1,0,1,0,0.05837472,9,4,5,medium,high,0.75,medium,2,0.2,overconfident,0.7,,,counterexample_audit,724315
G,G_00291,spray_bottle_use,abstaining_sfc,1,0,1,0,1,0,0.05837472,9,4,5,medium,high,0.75,medium,2,0.2,overconfident,0.7,,,counterexample_audit,724315
G,G_00292,spray_bottle_use,geometric_fc,1,0,1,1,1,1,0.03956773,9,4,-1,medium,high,0.75,medium,2,,,,,,counterexample_audit,724316
G,G_00292,spray_bottle_use,oracle_sfc,1,1,0,0,1,1,0.03854412,9,4,-1,medium,high,0.75,medium,2,,,,,,counterexample_audit,724316
G,G_00292,spray_bottle_use,semantic_only,1,1,0,0,1,1,0.0,9,4,-1,medium,high,0.75,medium,2,,,,,,counterexample_audit,724316
G,G_00292,spray_bottle_use,posthoc_single,0,0,0,1,1,1,0.03956773,9,4,-1,medium,high,0.75,medium,2,,,,,,counterexample_audit,724316
G,G_00292,spray_bottle_use,soft_penalty_fc,1,0,1,1,1,1,0.03956773,9,4,-1,medium,high,0.75,medium,2,,,,,,counterexample_audit,724316
G,G_00292,spray_bottle_use,observed_sfc,1,1,0,0,1,1,0.06086912,9,4,3,medium,high,0.75,medium,2,0.2,overconfident,0.7,,,counterexample_audit,724316
G,G_00292,spray_bottle_use,risk_aware_sfc,1,1,0,0,1,1,0.06086912,9,4,3,medium,high,0.75,medium,2,0.2,overconfident,0.7,,,counterexample_audit,724316
G,G_00292,spray_bottle_use,abstaining_sfc,1,1,0,0,1,1,0.06086912,9,4,3,medium,high,0.75,medium,2,0.2,overconfident,0.7,,,counterexample_audit,724316
G,G_00293,spray_bottle_use,geometric_fc,1,0,1,0,1,0,0.04234942,9,4,-1,medium,high,0.75,medium,2,,,,,,counterexample_audit,724317
G,G_00293,spray_bottle_use,oracle_sfc,0,0,0,0,1,0,0.0,9,4,-1,medium,high,0.75,medium,2,,,,,,counterexample_audit,724317
G,G_00293,spray_bottle_use,semantic_only,1,0,1,0,1,0,0.0,9,4,-1,medium,high,0.75,medium,2,,,,,,counterexample_audit,724317
G,G_00293,spray_bottle_use,posthoc_single,0,0,0,0,1,0,0.04234942,9,4,-1,medium,high,0.75,medium,2,,,,,,counterexample_audit,724317
G,G_00293,spray_bottle_use,soft_penalty_fc,1,0,1,0,1,0,0.04234942,9,4,-1,medium,high,0.75,medium,2,,,,,,counterexample_audit,724317
G,G_00293,spray_bottle_use,observed_sfc,0,0,0,0,1,0,0.0,9,4,4,medium,high,0.75,medium,2,0.2,overconfident,0.7,,,counterexample_audit,724317
G,G_00293,spray_bottle_use,risk_aware_sfc,0,0,0,0,1,0,0.0,9,4,4,medium,high,0.75,medium,2,0.2,overconfident,0.7,,,counterexample_audit,724317
G,G_00293,spray_bottle_use,abstaining_sfc,0,0,0,0,1,0,0.0,9,4,4,medium,high,0.75,medium,2,0.2,overconfident,0.7,,,counterexample_audit,724317
G,G_00294,spray_bottle_use,geometric_fc,1,0,1,0,1,0,0.04470779,9,4,-1,medium,high,0.75,medium,2,,,,,,counterexample_audit,724318
G,G_00294,spray_bottle_use,oracle_sfc,0,0,0,0,1,0,0.0,9,4,-1,medium,high,0.75,medium,2,,,,,,counterexample_audit,724318
G,G_00294,spray_bottle_use,semantic_only,1,0,1,0,1,0,0.0,9,4,-1,medium,high,0.75,medium,2,,,,,,counterexample_audit,724318
G,G_00294,spray_bottle_use,posthoc_single,0,0,0,0,1,0,0.04470779,9,4,-1,medium,high,0.75,medium,2,,,,,,counterexample_audit,724318
G,G_00294,spray_bottle_use,soft_penalty_fc,1,0,1,0,1,0,0.04470779,9,4,-1,medium,high,0.75,medium,2,,,,,,counterexample_audit,724318
G,G_00294,spray_bottle_use,observed_sfc,1,0,1,0,1,0,0.08193056,9,4,4,medium,high,0.75,medium,2,0.2,overconfident,0.7,,,counterexample_audit,724318
G,G_00294,spray_bottle_use,risk_aware_sfc,1,0,1,0,1,0,0.08193056,9,4,4,medium,high,0.75,medium,2,0.2,overconfident,0.7,,,counterexample_audit,724318
G,G_00294,spray_bottle_use,abstaining_sfc,1,0,1,0,1,0,0.08193056,9,4,4,medium,high,0.75,medium,2,0.2,overconfident,0.7,,,counterexample_audit,724318
G,G_00295,spray_bottle_use,geometric_fc,1,0,1,1,1,1,0.04166831,9,4,-1,medium,high,0.75,medium,2,,,,,,counterexample_audit,724319
G,G_00295,spray_bottle_use,oracle_sfc,1,1,0,0,1,1,0.02091376,9,4,-1,medium,high,0.75,medium,2,,,,,,counterexample_audit,724319
G,G_00295,spray_bottle_use,semantic_only,1,1,0,0,1,1,0.0,9,4,-1,medium,high,0.75,medium,2,,,,,,counterexample_audit,724319
G,G_00295,spray_bottle_use,posthoc_single,0,0,0,1,1,1,0.04166831,9,4,-1,medium,high,0.75,medium,2,,,,,,counterexample_audit,724319
G,G_00295,spray_bottle_use,soft_penalty_fc,1,0,1,1,1,1,0.04166831,9,4,-1,medium,high,0.75,medium,2,,,,,,counterexample_audit,724319
G,G_00295,spray_bottle_use,observed_sfc,1,0,1,1,1,1,0.02365541,9,4,5,medium,high,0.75,medium,2,0.2,overconfident,0.7,,,counterexample_audit,724319
G,G_00295,spray_bottle_use,risk_aware_sfc,1,0,1,1,1,1,0.02365541,9,4,5,medium,high,0.75,medium,2,0.2,overconfident,0.7,,,counterexample_audit,724319
G,G_00295,spray_bottle_use,abstaining_sfc,1,0,1,1,1,1,0.02365541,9,4,5,medium,high,0.75,medium,2,0.2,overconfident,0.7,,,counterexample_audit,724319
G,G_00296,spray_bottle_use,geometric_fc,1,0,1,1,1,1,0.04144725,9,4,-1,medium,high,0.75,medium,2,,,,,,counterexample_audit,724320
G,G_00296,spray_bottle_use,oracle_sfc,1,1,0,0,1,1,0.01595716,9,4,-1,medium,high,0.75,medium,2,,,,,,counterexample_audit,724320
G,G_00296,spray_bottle_use,semantic_only,1,1,0,0,1,1,0.0,9,4,-1,medium,high,0.75,medium,2,,,,,,counterexample_audit,724320
G,G_00296,spray_bottle_use,posthoc_single,0,0,0,1,1,1,0.04144725,9,4,-1,medium,high,0.75,medium,2,,,,,,counterexample_audit,724320
G,G_00296,spray_bottle_use,soft_penalty_fc,1,0,1,1,1,1,0.04144725,9,4,-1,medium,high,0.75,medium,2,,,,,,counterexample_audit,724320
G,G_00296,spray_bottle_use,observed_sfc,1,0,1,1,1,1,0.04124108,9,4,5,medium,high,0.75,medium,2,0.2,overconfident,0.7,,,counterexample_audit,724320
G,G_00296,spray_bottle_use,risk_aware_sfc,1,0,1,1,1,1,0.04124108,9,4,5,medium,high,0.75,medium,2,0.2,overconfident,0.7,,,counterexample_audit,724320
G,G_00296,spray_bottle_use,abstaining_sfc,1,0,1,1,1,1,0.04124108,9,4,5,medium,high,0.75,medium,2,0.2,overconfident,0.7,,,counterexample_audit,724320
G,G_00297,spray_bottle_use,geometric_fc,1,0,1,1,1,1,0.04097033,9,4,-1,medium,high,0.75,medium,2,,,,,,counterexample_audit,724321
G,G_00297,spray_bottle_use,oracle_sfc,1,1,0,0,1,1,0.01831188,9,4,-1,medium,high,0.75,medium,2,,,,,,counterexample_audit,724321
G,G_00297,spray_bottle_use,semantic_only,1,1,0,0,1,1,0.0,9,4,-1,medium,high,0.75,medium,2,,,,,,counterexample_audit,724321
G,G_00297,spray_bottle_use,posthoc_single,0,0,0,1,1,1,0.04097033,9,4,-1,medium,high,0.75,medium,2,,,,,,counterexample_audit,724321
G,G_00297,spray_bottle_use,soft_penalty_fc,1,0,1,1,1,1,0.04097033,9,4,-1,medium,high,0.75,medium,2,,,,,,counterexample_audit,724321
G,G_00297,spray_bottle_use,observed_sfc,1,1,0,0,1,1,0.01831188,9,4,4,medium,high,0.75,medium,2,0.2,overconfident,0.7,,,counterexample_audit,724321
G,G_00297,spray_bottle_use,risk_aware_sfc,1,1,0,0,1,1,0.01831188,9,4,4,medium,high,0.75,medium,2,0.2,overconfident,0.7,,,counterexample_audit,724321
G,G_00297,spray_bottle_use,abstaining_sfc,1,1,0,0,1,1,0.01831188,9,4,4,medium,high,0.75,medium,2,0.2,overconfident,0.7,,,counterexample_audit,724321
G,G_00298,spray_bottle_use,geometric_fc,1,0,1,1,1,1,0.04054206,9,4,-1,medium,high,0.75,medium,2,,,,,,counterexample_audit,724322
G,G_00298,spray_bottle_use,oracle_sfc,1,1,0,0,1,1,0.02610622,9,4,-1,medium,high,0.75,medium,2,,,,,,counterexample_audit,724322
G,G_00298,spray_bottle_use,semantic_only,1,1,0,0,1,1,0.0,9,4,-1,medium,high,0.75,medium,2,,,,,,counterexample_audit,724322
G,G_00298,spray_bottle_use,posthoc_single,0,0,0,1,1,1,0.04054206,9,4,-1,medium,high,0.75,medium,2,,,,,,counterexample_audit,724322
G,G_00298,spray_bottle_use,soft_penalty_fc,1,0,1,1,1,1,0.04054206,9,4,-1,medium,high,0.75,medium,2,,,,,,counterexample_audit,724322
G,G_00298,spray_bottle_use,observed_sfc,1,1,0,0,1,1,0.01986485,9,4,3,medium,high,0.75,medium,2,0.2,overconfident,0.7,,,counterexample_audit,724322
G,G_00298,spray_bottle_use,risk_aware_sfc,1,1,0,0,1,1,0.01986485,9,4,3,medium,high,0.75,medium,2,0.2,overconfident,0.7,,,counterexample_audit,724322
G,G_00298,spray_bottle_use,abstaining_sfc,1,1,0,0,1,1,0.01986485,9,4,3,medium,high,0.75,medium,2,0.2,overconfident,0.7,,,counterexample_audit,724322
G,G_00299,spray_bottle_use,geometric_fc,1,0,1,1,1,1,0.04361156,9,4,-1,medium,high,0.75,medium,2,,,,,,counterexample_audit,724323
G,G_00299,spray_bottle_use,oracle_sfc,1,1,0,0,1,1,0.01086915,9,4,-1,medium,high,0.75,medium,2,,,,,,counterexample_audit,724323
G,G_00299,spray_bottle_use,semantic_only,1,1,0,0,1,1,0.0,9,4,-1,medium,high,0.75,medium,2,,,,,,counterexample_audit,724323
G,G_00299,spray_bottle_use,posthoc_single,0,0,0,1,1,1,0.04361156,9,4,-1,medium,high,0.75,medium,2,,,,,,counterexample_audit,724323
G,G_00299,spray_bottle_use,soft_penalty_fc,1,0,1,1,1,1,0.04361156,9,4,-1,medium,high,0.75,medium,2,,,,,,counterexample_audit,724323
G,G_00299,spray_bottle_use,observed_sfc,1,1,0,0,1,1,0.01086915,9,4,4,medium,high,0.75,medium,2,0.2,overconfident,0.7,,,counterexample_audit,724323
G,G_00299,spray_bottle_use,risk_aware_sfc,1,1,0,0,1,1,0.01086915,9,4,4,medium,high,0.75,medium,2,0.2,overconfident,0.7,,,counterexample_audit,724323
G,G_00299,spray_bottle_use,abstaining_sfc,1,1,0,0,1,1,0.01086915,9,4,4,medium,high,0.75,medium,2,0.2,overconfident,0.7,,,counterexample_audit,724323
G,G_00300,spray_bottle_use,geometric_fc,1,0,1,1,1,1,0.03806353,9,4,-1,medium,high,0.75,medium,2,,,,,,counterexample_audit,724324
G,G_00300,spray_bottle_use,oracle_sfc,1,1,0,0,1,1,0.03606586,9,4,-1,medium,high,0.75,medium,2,,,,,,counterexample_audit,724324
G,G_00300,spray_bottle_use,semantic_only,1,1,0,0,1,1,0.0,9,4,-1,medium,high,0.75,medium,2,,,,,,counterexample_audit,724324
G,G_00300,spray_bottle_use,posthoc_single,0,0,0,1,1,1,0.03806353,9,4,-1,medium,high,0.75,medium,2,,,,,,counterexample_audit,724324
G,G_00300,spray_bottle_use,soft_penalty_fc,1,0,1,1,1,1,0.03806353,9,4,-1,medium,high,0.75,medium,2,,,,,,counterexample_audit,724324
G,G_00300,spray_bottle_use,observed_sfc,1,0,1,1,1,1,0.10456626,9,4,4,medium,high,0.75,medium,2,0.2,overconfident,0.7,,,counterexample_audit,724324
G,G_00300,spray_bottle_use,risk_aware_sfc,1,0,1,1,1,1,0.10456626,9,4,4,medium,high,0.75,medium,2,0.2,overconfident,0.7,,,counterexample_audit,724324
G,G_00300,spray_bottle_use,abstaining_sfc,1,0,1,1,1,1,0.10456626,9,4,4,medium,high,0.75,medium,2,0.2,overconfident,0.7,,,counterexample_audit,724324
G,G_00301,spray_bottle_use,geometric_fc,1,0,1,0,1,0,0.04459678,9,4,-1,medium,high,0.75,medium,2,,,,,,counterexample_audit,724325
G,G_00301,spray_bottle_use,oracle_sfc,0,0,0,0,1,0,0.0,9,4,-1,medium,high,0.75,medium,2,,,,,,counterexample_audit,724325
G,G_00301,spray_bottle_use,semantic_only,1,0,1,0,1,0,0.0,9,4,-1,medium,high,0.75,medium,2,,,,,,counterexample_audit,724325
G,G_00301,spray_bottle_use,posthoc_single,0,0,0,0,1,0,0.04459678,9,4,-1,medium,high,0.75,medium,2,,,,,,counterexample_audit,724325
G,G_00301,spray_bottle_use,soft_penalty_fc,1,0,1,0,1,0,0.04459678,9,4,-1,medium,high,0.75,medium,2,,,,,,counterexample_audit,724325
G,G_00301,spray_bottle_use,observed_sfc,1,0,1,0,1,0,0.07972532,9,4,4,medium,high,0.75,medium,2,0.2,overconfident,0.7,,,counterexample_audit,724325
G,G_00301,spray_bottle_use,risk_aware_sfc,1,0,1,0,1,0,0.07972532,9,4,4,medium,high,0.75,medium,2,0.2,overconfident,0.7,,,counterexample_audit,724325
G,G_00301,spray_bottle_use,abstaining_sfc,1,0,1,0,1,0,0.07972532,9,4,4,medium,high,0.75,medium,2,0.2,overconfident,0.7,,,counterexample_audit,724325
G,G_00302,spray_bottle_use,geometric_fc,1,0,1,1,1,1,0.04297264,9,4,-1,medium,high,0.75,medium,2,,,,,,counterexample_audit,724326
G,G_00302,spray_bottle_use,oracle_sfc,1,1,0,0,1,1,0.01108527,9,4,-1,medium,high,0.75,medium,2,,,,,,counterexample_audit,724326
G,G_00302,spray_bottle_use,semantic_only,1,1,0,0,1,1,0.0,9,4,-1,medium,high,0.75,medium,2,,,,,,counterexample_audit,724326
G,G_00302,spray_bottle_use,posthoc_single,0,0,0,1,1,1,0.04297264,9,4,-1,medium,high,0.75,medium,2,,,,,,counterexample_audit,724326
G,G_00302,spray_bottle_use,soft_penalty_fc,1,0,1,1,1,1,0.04297264,9,4,-1,medium,high,0.75,medium,2,,,,,,counterexample_audit,724326
G,G_00302,spray_bottle_use,observed_sfc,0,0,0,1,1,1,0.0,9,4,3,medium,high,0.75,medium,2,0.2,overconfident,0.7,,,counterexample_audit,724326
G,G_00302,spray_bottle_use,risk_aware_sfc,0,0,0,1,1,1,0.0,9,4,3,medium,high,0.75,medium,2,0.2,overconfident,0.7,,,counterexample_audit,724326
G,G_00302,spray_bottle_use,abstaining_sfc,0,0,0,1,1,1,0.0,9,4,3,medium,high,0.75,medium,2,0.2,overconfident,0.7,,,counterexample_audit,724326
G,G_00303,spray_bottle_use,geometric_fc,1,0,1,1,1,1,0.03944597,9,4,-1,medium,high,0.75,medium,2,,,,,,counterexample_audit,724327
G,G_00303,spray_bottle_use,oracle_sfc,1,1,0,0,1,1,0.02899852,9,4,-1,medium,high,0.75,medium,2,,,,,,counterexample_audit,724327
G,G_00303,spray_bottle_use,semantic_only,1,1,0,0,1,1,0.0,9,4,-1,medium,high,0.75,medium,2,,,,,,counterexample_audit,724327
G,G_00303,spray_bottle_use,posthoc_single,0,0,0,1,1,1,0.03944597,9,4,-1,medium,high,0.75,medium,2,,,,,,counterexample_audit,724327
G,G_00303,spray_bottle_use,soft_penalty_fc,1,0,1,1,1,1,0.03944597,9,4,-1,medium,high,0.75,medium,2,,,,,,counterexample_audit,724327
G,G_00303,spray_bottle_use,observed_sfc,1,0,1,1,1,1,0.06402478,9,4,6,medium,high,0.75,medium,2,0.2,overconfident,0.7,,,counterexample_audit,724327
G,G_00303,spray_bottle_use,risk_aware_sfc,1,0,1,1,1,1,0.06402478,9,4,6,medium,high,0.75,medium,2,0.2,overconfident,0.7,,,counterexample_audit,724327
G,G_00303,spray_bottle_use,abstaining_sfc,1,0,1,1,1,1,0.06402478,9,4,6,medium,high,0.75,medium,2,0.2,overconfident,0.7,,,counterexample_audit,724327
G,G_00304,spray_bottle_use,geometric_fc,1,0,1,0,1,0,0.0416349,9,4,-1,medium,high,0.75,medium,2,,,,,,counterexample_audit,724328
G,G_00304,spray_bottle_use,oracle_sfc,0,0,0,0,1,0,0.0,9,4,-1,medium,high,0.75,medium,2,,,,,,counterexample_audit,724328
G,G_00304,spray_bottle_use,semantic_only,1,0,1,0,1,0,0.0,9,4,-1,medium,high,0.75,medium,2,,,,,,counterexample_audit,724328
G,G_00304,spray_bottle_use,posthoc_single,0,0,0,0,1,0,0.0416349,9,4,-1,medium,high,0.75,medium,2,,,,,,counterexample_audit,724328
G,G_00304,spray_bottle_use,soft_penalty_fc,1,0,1,0,1,0,0.0416349,9,4,-1,medium,high,0.75,medium,2,,,,,,counterexample_audit,724328
G,G_00304,spray_bottle_use,observed_sfc,1,0,1,0,1,0,0.09693214,9,4,4,medium,high,0.75,medium,2,0.2,overconfident,0.7,,,counterexample_audit,724328
G,G_00304,spray_bottle_use,risk_aware_sfc,1,0,1,0,1,0,0.09693214,9,4,4,medium,high,0.75,medium,2,0.2,overconfident,0.7,,,counterexample_audit,724328
G,G_00304,spray_bottle_use,abstaining_sfc,1,0,1,0,1,0,0.09693214,9,4,4,medium,high,0.75,medium,2,0.2,overconfident,0.7,,,counterexample_audit,724328
G,G_00305,spray_bottle_use,geometric_fc,1,0,1,1,1,1,0.04200814,9,4,-1,medium,high,0.75,medium,2,,,,,,counterexample_audit,724329
G,G_00305,spray_bottle_use,oracle_sfc,1,1,0,0,1,1,0.03525696,9,4,-1,medium,high,0.75,medium,2,,,,,,counterexample_audit,724329
G,G_00305,spray_bottle_use,semantic_only,1,1,0,0,1,1,0.0,9,4,-1,medium,high,0.75,medium,2,,,,,,counterexample_audit,724329
G,G_00305,spray_bottle_use,posthoc_single,0,0,0,1,1,1,0.04200814,9,4,-1,medium,high,0.75,medium,2,,,,,,counterexample_audit,724329
G,G_00305,spray_bottle_use,soft_penalty_fc,1,0,1,1,1,1,0.04200814,9,4,-1,medium,high,0.75,medium,2,,,,,,counterexample_audit,724329
G,G_00305,spray_bottle_use,observed_sfc,0,0,0,1,1,1,0.0,9,4,3,medium,high,0.75,medium,2,0.2,overconfident,0.7,,,counterexample_audit,724329
G,G_00305,spray_bottle_use,risk_aware_sfc,0,0,0,1,1,1,0.0,9,4,3,medium,high,0.75,medium,2,0.2,overconfident,0.7,,,counterexample_audit,724329
G,G_00305,spray_bottle_use,abstaining_sfc,0,0,0,1,1,1,0.0,9,4,3,medium,high,0.75,medium,2,0.2,overconfident,0.7,,,counterexample_audit,724329
G,G_00306,spray_bottle_use,geometric_fc,1,0,1,1,1,1,0.04017037,9,4,-1,medium,high,0.75,medium,2,,,,,,counterexample_audit,724330
G,G_00306,spray_bottle_use,oracle_sfc,1,1,0,0,1,1,0.0280273,9,4,-1,medium,high,0.75,medium,2,,,,,,counterexample_audit,724330
G,G_00306,spray_bottle_use,semantic_only,1,1,0,0,1,1,0.0,9,4,-1,medium,high,0.75,medium,2,,,,,,counterexample_audit,724330
G,G_00306,spray_bottle_use,posthoc_single,0,0,0,1,1,1,0.04017037,9,4,-1,medium,high,0.75,medium,2,,,,,,counterexample_audit,724330
G,G_00306,spray_bottle_use,soft_penalty_fc,1,0,1,1,1,1,0.04017037,9,4,-1,medium,high,0.75,medium,2,,,,,,counterexample_audit,724330
G,G_00306,spray_bottle_use,observed_sfc,1,0,1,1,1,1,0.06904678,9,4,5,medium,high,0.75,medium,2,0.2,overconfident,0.7,,,counterexample_audit,724330
G,G_00306,spray_bottle_use,risk_aware_sfc,1,0,1,1,1,1,0.06904678,9,4,5,medium,high,0.75,medium,2,0.2,overconfident,0.7,,,counterexample_audit,724330
G,G_00306,spray_bottle_use,abstaining_sfc,1,0,1,1,1,1,0.06904678,9,4,5,medium,high,0.75,medium,2,0.2,overconfident,0.7,,,counterexample_audit,724330
G,G_00307,spray_bottle_use,geometric_fc,1,0,1,1,1,1,0.04238517,9,4,-1,medium,high,0.75,medium,2,,,,,,counterexample_audit,724331
G,G_00307,spray_bottle_use,oracle_sfc,1,1,0,0,1,1,0.01194993,9,4,-1,medium,high,0.75,medium,2,,,,,,counterexample_audit,724331
G,G_00307,spray_bottle_use,semantic_only,1,1,0,0,1,1,0.0,9,4,-1,medium,high,0.75,medium,2,,,,,,counterexample_audit,724331
G,G_00307,spray_bottle_use,posthoc_single,0,0,0,1,1,1,0.04238517,9,4,-1,medium,high,0.75,medium,2,,,,,,counterexample_audit,724331
G,G_00307,spray_bottle_use,soft_penalty_fc,1,0,1,1,1,1,0.04238517,9,4,-1,medium,high,0.75,medium,2,,,,,,counterexample_audit,724331
G,G_00307,spray_bottle_use,observed_sfc,1,0,1,1,1,1,0.07585603,9,4,5,medium,high,0.75,medium,2,0.2,overconfident,0.7,,,counterexample_audit,724331
G,G_00307,spray_bottle_use,risk_aware_sfc,1,0,1,1,1,1,0.07585603,9,4,5,medium,high,0.75,medium,2,0.2,overconfident,0.7,,,counterexample_audit,724331
G,G_00307,spray_bottle_use,abstaining_sfc,1,0,1,1,1,1,0.07585603,9,4,5,medium,high,0.75,medium,2,0.2,overconfident,0.7,,,counterexample_audit,724331
G,G_00308,spray_bottle_use,geometric_fc,1,0,1,0,1,0,0.04090618,9,4,-1,medium,high,0.75,medium,2,,,,,,counterexample_audit,724332
G,G_00308,spray_bottle_use,oracle_sfc,0,0,0,0,1,0,0.0,9,4,-1,medium,high,0.75,medium,2,,,,,,counterexample_audit,724332
G,G_00308,spray_bottle_use,semantic_only,1,0,1,0,1,0,0.0,9,4,-1,medium,high,0.75,medium,2,,,,,,counterexample_audit,724332
G,G_00308,spray_bottle_use,posthoc_single,0,0,0,0,1,0,0.04090618,9,4,-1,medium,high,0.75,medium,2,,,,,,counterexample_audit,724332
G,G_00308,spray_bottle_use,soft_penalty_fc,1,0,1,0,1,0,0.04090618,9,4,-1,medium,high,0.75,medium,2,,,,,,counterexample_audit,724332
G,G_00308,spray_bottle_use,observed_sfc,1,0,1,0,1,0,0.06277435,9,4,5,medium,high,0.75,medium,2,0.2,overconfident,0.7,,,counterexample_audit,724332
G,G_00308,spray_bottle_use,risk_aware_sfc,1,0,1,0,1,0,0.06277435,9,4,5,medium,high,0.75,medium,2,0.2,overconfident,0.7,,,counterexample_audit,724332
G,G_00308,spray_bottle_use,abstaining_sfc,1,0,1,0,1,0,0.06277435,9,4,5,medium,high,0.75,medium,2,0.2,overconfident,0.7,,,counterexample_audit,724332
G,G_00309,spray_bottle_use,geometric_fc,1,0,1,1,1,1,0.04187921,9,4,-1,medium,high,0.75,medium,2,,,,,,counterexample_audit,724333
G,G_00309,spray_bottle_use,oracle_sfc,1,1,0,0,1,1,0.04577527,9,4,-1,medium,high,0.75,medium,2,,,,,,counterexample_audit,724333
G,G_00309,spray_bottle_use,semantic_only,1,1,0,0,1,1,0.0,9,4,-1,medium,high,0.75,medium,2,,,,,,counterexample_audit,724333
G,G_00309,spray_bottle_use,posthoc_single,0,0,0,1,1,1,0.04187921,9,4,-1,medium,high,0.75,medium,2,,,,,,counterexample_audit,724333
G,G_00309,spray_bottle_use,soft_penalty_fc,1,0,1,1,1,1,0.04187921,9,4,-1,medium,high,0.75,medium,2,,,,,,counterexample_audit,724333
G,G_00309,spray_bottle_use,observed_sfc,1,1,0,0,1,1,0.04577527,9,4,4,medium,high,0.75,medium,2,0.2,overconfident,0.7,,,counterexample_audit,724333
G,G_00309,spray_bottle_use,risk_aware_sfc,1,1,0,0,1,1,0.04577527,9,4,4,medium,high,0.75,medium,2,0.2,overconfident,0.7,,,counterexample_audit,724333
G,G_00309,spray_bottle_use,abstaining_sfc,1,1,0,0,1,1,0.04577527,9,4,4,medium,high,0.75,medium,2,0.2,overconfident,0.7,,,counterexample_audit,724333
G,G_00310,spray_bottle_use,geometric_fc,1,0,1,1,1,1,0.0371665,9,4,-1,medium,high,0.75,medium,2,,,,,,counterexample_audit,724334
G,G_00310,spray_bottle_use,oracle_sfc,1,1,0,0,1,1,0.03868627,9,4,-1,medium,high,0.75,medium,2,,,,,,counterexample_audit,724334
G,G_00310,spray_bottle_use,semantic_only,1,1,0,0,1,1,0.0,9,4,-1,medium,high,0.75,medium,2,,,,,,counterexample_audit,724334
G,G_00310,spray_bottle_use,posthoc_single,0,0,0,1,1,1,0.0371665,9,4,-1,medium,high,0.75,medium,2,,,,,,counterexample_audit,724334
G,G_00310,spray_bottle_use,soft_penalty_fc,1,0,1,1,1,1,0.0371665,9,4,-1,medium,high,0.75,medium,2,,,,,,counterexample_audit,724334
G,G_00310,spray_bottle_use,observed_sfc,1,1,0,0,1,1,0.03868627,9,4,4,medium,high,0.75,medium,2,0.2,overconfident,0.7,,,counterexample_audit,724334
G,G_00310,spray_bottle_use,risk_aware_sfc,1,1,0,0,1,1,0.03868627,9,4,4,medium,high,0.75,medium,2,0.2,overconfident,0.7,,,counterexample_audit,724334
G,G_00310,spray_bottle_use,abstaining_sfc,1,1,0,0,1,1,0.03868627,9,4,4,medium,high,0.75,medium,2,0.2,overconfident,0.7,,,counterexample_audit,724334
G,G_00311,spray_bottle_use,geometric_fc,1,0,1,0,1,0,0.04160386,9,4,-1,medium,high,0.75,medium,2,,,,,,counterexample_audit,724335
G,G_00311,spray_bottle_use,oracle_sfc,0,0,0,0,1,0,0.0,9,4,-1,medium,high,0.75,medium,2,,,,,,counterexample_audit,724335
G,G_00311,spray_bottle_use,semantic_only,1,0,1,0,1,0,0.0,9,4,-1,medium,high,0.75,medium,2,,,,,,counterexample_audit,724335
G,G_00311,spray_bottle_use,posthoc_single,0,0,0,0,1,0,0.04160386,9,4,-1,medium,high,0.75,medium,2,,,,,,counterexample_audit,724335
G,G_00311,spray_bottle_use,soft_penalty_fc,1,0,1,0,1,0,0.04160386,9,4,-1,medium,high,0.75,medium,2,,,,,,counterexample_audit,724335
G,G_00311,spray_bottle_use,observed_sfc,1,0,1,0,1,0,0.09502611,9,4,4,medium,high,0.75,medium,2,0.2,overconfident,0.7,,,counterexample_audit,724335
G,G_00311,spray_bottle_use,risk_aware_sfc,1,0,1,0,1,0,0.09502611,9,4,4,medium,high,0.75,medium,2,0.2,overconfident,0.7,,,counterexample_audit,724335
G,G_00311,spray_bottle_use,abstaining_sfc,1,0,1,0,1,0,0.09502611,9,4,4,medium,high,0.75,medium,2,0.2,overconfident,0.7,,,counterexample_audit,724335
G,G_00312,spray_bottle_use,geometric_fc,1,0,1,1,1,1,0.03662565,9,4,-1,medium,high,0.75,medium,2,,,,,,counterexample_audit,724336
G,G_00312,spray_bottle_use,oracle_sfc,1,1,0,0,1,1,0.04176418,9,4,-1,medium,high,0.75,medium,2,,,,,,counterexample_audit,724336
G,G_00312,spray_bottle_use,semantic_only,1,1,0,0,1,1,0.0,9,4,-1,medium,high,0.75,medium,2,,,,,,counterexample_audit,724336
G,G_00312,spray_bottle_use,posthoc_single,0,0,0,1,1,1,0.03662565,9,4,-1,medium,high,0.75,medium,2,,,,,,counterexample_audit,724336
G,G_00312,spray_bottle_use,soft_penalty_fc,1,0,1,1,1,1,0.03662565,9,4,-1,medium,high,0.75,medium,2,,,,,,counterexample_audit,724336
G,G_00312,spray_bottle_use,observed_sfc,1,0,1,1,1,1,0.11253379,9,4,4,medium,high,0.75,medium,2,0.2,overconfident,0.7,,,counterexample_audit,724336
G,G_00312,spray_bottle_use,risk_aware_sfc,1,0,1,1,1,1,0.11253379,9,4,4,medium,high,0.75,medium,2,0.2,overconfident,0.7,,,counterexample_audit,724336
G,G_00312,spray_bottle_use,abstaining_sfc,1,0,1,1,1,1,0.11253379,9,4,4,medium,high,0.75,medium,2,0.2,overconfident,0.7,,,counterexample_audit,724336
G,G_00313,spray_bottle_use,geometric_fc,1,0,1,1,1,1,0.0433882,9,4,-1,medium,high,0.75,medium,2,,,,,,counterexample_audit,724337
G,G_00313,spray_bottle_use,oracle_sfc,1,1,0,0,1,1,0.00980603,9,4,-1,medium,high,0.75,medium,2,,,,,,counterexample_audit,724337
G,G_00313,spray_bottle_use,semantic_only,1,1,0,0,1,1,0.0,9,4,-1,medium,high,0.75,medium,2,,,,,,counterexample_audit,724337
G,G_00313,spray_bottle_use,posthoc_single,0,0,0,1,1,1,0.0433882,9,4,-1,medium,high,0.75,medium,2,,,,,,counterexample_audit,724337
G,G_00313,spray_bottle_use,soft_penalty_fc,1,0,1,1,1,1,0.0433882,9,4,-1,medium,high,0.75,medium,2,,,,,,counterexample_audit,724337
G,G_00313,spray_bottle_use,observed_sfc,1,0,1,1,1,1,0.11377259,9,4,3,medium,high,0.75,medium,2,0.2,overconfident,0.7,,,counterexample_audit,724337
G,G_00313,spray_bottle_use,risk_aware_sfc,1,0,1,1,1,1,0.11377259,9,4,3,medium,high,0.75,medium,2,0.2,overconfident,0.7,,,counterexample_audit,724337
G,G_00313,spray_bottle_use,abstaining_sfc,1,0,1,1,1,1,0.11377259,9,4,3,medium,high,0.75,medium,2,0.2,overconfident,0.7,,,counterexample_audit,724337
G,G_00314,spray_bottle_use,geometric_fc,1,0,1,1,1,1,0.03955664,9,4,-1,medium,high,0.75,medium,2,,,,,,counterexample_audit,724338
G,G_00314,spray_bottle_use,oracle_sfc,1,1,0,0,1,1,0.03431272,9,4,-1,medium,high,0.75,medium,2,,,,,,counterexample_audit,724338
G,G_00314,spray_bottle_use,semantic_only,1,1,0,0,1,1,0.0,9,4,-1,medium,high,0.75,medium,2,,,,,,counterexample_audit,724338
G,G_00314,spray_bottle_use,posthoc_single,0,0,0,1,1,1,0.03955664,9,4,-1,medium,high,0.75,medium,2,,,,,,counterexample_audit,724338
G,G_00314,spray_bottle_use,soft_penalty_fc,1,0,1,1,1,1,0.03955664,9,4,-1,medium,high,0.75,medium,2,,,,,,counterexample_audit,724338
G,G_00314,spray_bottle_use,observed_sfc,1,0,1,1,1,1,0.06943908,9,4,5,medium,high,0.75,medium,2,0.2,overconfident,0.7,,,counterexample_audit,724338
G,G_00314,spray_bottle_use,risk_aware_sfc,1,0,1,1,1,1,0.06943908,9,4,5,medium,high,0.75,medium,2,0.2,overconfident,0.7,,,counterexample_audit,724338
G,G_00314,spray_bottle_use,abstaining_sfc,1,0,1,1,1,1,0.06943908,9,4,5,medium,high,0.75,medium,2,0.2,overconfident,0.7,,,counterexample_audit,724338
G,G_00315,spray_bottle_use,geometric_fc,1,0,1,1,1,1,0.04212195,9,4,-1,medium,high,0.75,medium,2,,,,,,counterexample_audit,724339
G,G_00315,spray_bottle_use,oracle_sfc,1,1,0,0,1,1,0.0282842,9,4,-1,medium,high,0.75,medium,2,,,,,,counterexample_audit,724339
G,G_00315,spray_bottle_use,semantic_only,1,1,0,0,1,1,0.0,9,4,-1,medium,high,0.75,medium,2,,,,,,counterexample_audit,724339
G,G_00315,spray_bottle_use,posthoc_single,0,0,0,1,1,1,0.04212195,9,4,-1,medium,high,0.75,medium,2,,,,,,counterexample_audit,724339
G,G_00315,spray_bottle_use,soft_penalty_fc,1,0,1,1,1,1,0.04212195,9,4,-1,medium,high,0.75,medium,2,,,,,,counterexample_audit,724339
G,G_00315,spray_bottle_use,observed_sfc,1,1,0,0,1,1,0.0282842,9,4,4,medium,high,0.75,medium,2,0.2,overconfident,0.7,,,counterexample_audit,724339
G,G_00315,spray_bottle_use,risk_aware_sfc,1,1,0,0,1,1,0.0282842,9,4,4,medium,high,0.75,medium,2,0.2,overconfident,0.7,,,counterexample_audit,724339
G,G_00315,spray_bottle_use,abstaining_sfc,1,1,0,0,1,1,0.0282842,9,4,4,medium,high,0.75,medium,2,0.2,overconfident,0.7,,,counterexample_audit,724339
G,G_00316,spray_bottle_use,geometric_fc,1,0,1,0,1,0,0.04449841,9,4,-1,medium,high,0.75,medium,2,,,,,,counterexample_audit,724340
G,G_00316,spray_bottle_use,oracle_sfc,0,0,0,0,1,0,0.0,9,4,-1,medium,high,0.75,medium,2,,,,,,counterexample_audit,724340
G,G_00316,spray_bottle_use,semantic_only,1,0,1,0,1,0,0.0,9,4,-1,medium,high,0.75,medium,2,,,,,,counterexample_audit,724340
G,G_00316,spray_bottle_use,posthoc_single,0,0,0,0,1,0,0.04449841,9,4,-1,medium,high,0.75,medium,2,,,,,,counterexample_audit,724340
G,G_00316,spray_bottle_use,soft_penalty_fc,1,0,1,0,1,0,0.04449841,9,4,-1,medium,high,0.75,medium,2,,,,,,counterexample_audit,724340
G,G_00316,spray_bottle_use,observed_sfc,0,0,0,0,1,0,0.0,9,4,4,medium,high,0.75,medium,2,0.2,overconfident,0.7,,,counterexample_audit,724340
G,G_00316,spray_bottle_use,risk_aware_sfc,0,0,0,0,1,0,0.0,9,4,4,medium,high,0.75,medium,2,0.2,overconfident,0.7,,,counterexample_audit,724340
G,G_00316,spray_bottle_use,abstaining_sfc,0,0,0,0,1,0,0.0,9,4,4,medium,high,0.75,medium,2,0.2,overconfident,0.7,,,counterexample_audit,724340
G,G_00317,spray_bottle_use,geometric_fc,1,0,1,1,1,1,0.0419197,9,4,-1,medium,high,0.75,medium,2,,,,,,counterexample_audit,724341
G,G_00317,spray_bottle_use,oracle_sfc,1,1,0,0,1,1,0.02066297,9,4,-1,medium,high,0.75,medium,2,,,,,,counterexample_audit,724341
G,G_00317,spray_bottle_use,semantic_only,1,1,0,0,1,1,0.0,9,4,-1,medium,high,0.75,medium,2,,,,,,counterexample_audit,724341
G,G_00317,spray_bottle_use,posthoc_single,0,0,0,1,1,1,0.0419197,9,4,-1,medium,high,0.75,medium,2,,,,,,counterexample_audit,724341
G,G_00317,spray_bottle_use,soft_penalty_fc,1,0,1,1,1,1,0.0419197,9,4,-1,medium,high,0.75,medium,2,,,,,,counterexample_audit,724341
G,G_00317,spray_bottle_use,observed_sfc,1,0,1,1,1,1,0.06805768,9,4,5,medium,high,0.75,medium,2,0.2,overconfident,0.7,,,counterexample_audit,724341
G,G_00317,spray_bottle_use,risk_aware_sfc,1,0,1,1,1,1,0.06805768,9,4,5,medium,high,0.75,medium,2,0.2,overconfident,0.7,,,counterexample_audit,724341
G,G_00317,spray_bottle_use,abstaining_sfc,1,0,1,1,1,1,0.06805768,9,4,5,medium,high,0.75,medium,2,0.2,overconfident,0.7,,,counterexample_audit,724341
G,G_00318,spray_bottle_use,geometric_fc,1,0,1,1,1,1,0.03506699,9,4,-1,medium,high,0.75,medium,2,,,,,,counterexample_audit,724342
G,G_00318,spray_bottle_use,oracle_sfc,1,1,0,0,1,1,0.04278324,9,4,-1,medium,high,0.75,medium,2,,,,,,counterexample_audit,724342
G,G_00318,spray_bottle_use,semantic_only,1,1,0,0,1,1,0.0,9,4,-1,medium,high,0.75,medium,2,,,,,,counterexample_audit,724342
G,G_00318,spray_bottle_use,posthoc_single,0,0,0,1,1,1,0.03506699,9,4,-1,medium,high,0.75,medium,2,,,,,,counterexample_audit,724342
G,G_00318,spray_bottle_use,soft_penalty_fc,1,0,1,1,1,1,0.03506699,9,4,-1,medium,high,0.75,medium,2,,,,,,counterexample_audit,724342
G,G_00318,spray_bottle_use,observed_sfc,1,0,1,1,1,1,0.05963779,9,4,6,medium,high,0.75,medium,2,0.2,overconfident,0.7,,,counterexample_audit,724342
G,G_00318,spray_bottle_use,risk_aware_sfc,1,0,1,1,1,1,0.05963779,9,4,6,medium,high,0.75,medium,2,0.2,overconfident,0.7,,,counterexample_audit,724342
G,G_00318,spray_bottle_use,abstaining_sfc,1,0,1,1,1,1,0.05963779,9,4,6,medium,high,0.75,medium,2,0.2,overconfident,0.7,,,counterexample_audit,724342
G,G_00319,spray_bottle_use,geometric_fc,1,0,1,1,1,1,0.03983316,9,4,-1,medium,high,0.75,medium,2,,,,,,counterexample_audit,724343
G,G_00319,spray_bottle_use,oracle_sfc,1,1,0,0,1,1,0.01315423,9,4,-1,medium,high,0.75,medium,2,,,,,,counterexample_audit,724343
G,G_00319,spray_bottle_use,semantic_only,1,1,0,0,1,1,0.0,9,4,-1,medium,high,0.75,medium,2,,,,,,counterexample_audit,724343
G,G_00319,spray_bottle_use,posthoc_single,0,0,0,1,1,1,0.03983316,9,4,-1,medium,high,0.75,medium,2,,,,,,counterexample_audit,724343
G,G_00319,spray_bottle_use,soft_penalty_fc,1,0,1,1,1,1,0.03983316,9,4,-1,medium,high,0.75,medium,2,,,,,,counterexample_audit,724343
G,G_00319,spray_bottle_use,observed_sfc,1,0,1,1,1,1,0.0849519,9,4,5,medium,high,0.75,medium,2,0.2,overconfident,0.7,,,counterexample_audit,724343
G,G_00319,spray_bottle_use,risk_aware_sfc,1,0,1,1,1,1,0.0849519,9,4,5,medium,high,0.75,medium,2,0.2,overconfident,0.7,,,counterexample_audit,724343
G,G_00319,spray_bottle_use,abstaining_sfc,1,0,1,1,1,1,0.0849519,9,4,5,medium,high,0.75,medium,2,0.2,overconfident,0.7,,,counterexample_audit,724343
G,G_00320,spray_bottle_use,geometric_fc,1,0,1,1,1,1,0.03983462,9,4,-1,medium,high,0.75,medium,2,,,,,,counterexample_audit,724344
G,G_00320,spray_bottle_use,oracle_sfc,1,1,0,0,1,1,0.01082598,9,4,-1,medium,high,0.75,medium,2,,,,,,counterexample_audit,724344
G,G_00320,spray_bottle_use,semantic_only,1,1,0,0,1,1,0.0,9,4,-1,medium,high,0.75,medium,2,,,,,,counterexample_audit,724344
G,G_00320,spray_bottle_use,posthoc_single,0,0,0,1,1,1,0.03983462,9,4,-1,medium,high,0.75,medium,2,,,,,,counterexample_audit,724344
G,G_00320,spray_bottle_use,soft_penalty_fc,1,0,1,1,1,1,0.03983462,9,4,-1,medium,high,0.75,medium,2,,,,,,counterexample_audit,724344
G,G_00320,spray_bottle_use,observed_sfc,1,1,0,0,1,1,0.01572174,9,4,3,medium,high,0.75,medium,2,0.2,overconfident,0.7,,,counterexample_audit,724344
G,G_00320,spray_bottle_use,risk_aware_sfc,1,1,0,0,1,1,0.01572174,9,4,3,medium,high,0.75,medium,2,0.2,overconfident,0.7,,,counterexample_audit,724344
G,G_00320,spray_bottle_use,abstaining_sfc,1,1,0,0,1,1,0.01572174,9,4,3,medium,high,0.75,medium,2,0.2,overconfident,0.7,,,counterexample_audit,724344
G,G_00321,apple_pick,geometric_fc,1,0,1,1,1,1,0.05549504,7,3,-1,medium,high,0.75,medium,2,,,,,,counterexample_audit,724345
G,G_00321,apple_pick,oracle_sfc,1,1,0,0,1,1,0.04586005,7,3,-1,medium,high,0.75,medium,2,,,,,,counterexample_audit,724345
G,G_00321,apple_pick,semantic_only,1,1,0,0,1,1,0.0,7,3,-1,medium,high,0.75,medium,2,,,,,,counterexample_audit,724345
G,G_00321,apple_pick,posthoc_single,0,0,0,1,1,1,0.05549504,7,3,-1,medium,high,0.75,medium,2,,,,,,counterexample_audit,724345
G,G_00321,apple_pick,soft_penalty_fc,1,0,1,1,1,1,0.05549504,7,3,-1,medium,high,0.75,medium,2,,,,,,counterexample_audit,724345
G,G_00321,apple_pick,observed_sfc,1,1,0,0,1,1,0.04586005,7,3,3,medium,high,0.75,medium,2,0.2,overconfident,0.7,,,counterexample_audit,724345
G,G_00321,apple_pick,risk_aware_sfc,1,1,0,0,1,1,0.04586005,7,3,3,medium,high,0.75,medium,2,0.2,overconfident,0.7,,,counterexample_audit,724345
G,G_00321,apple_pick,abstaining_sfc,1,1,0,0,1,1,0.04586005,7,3,3,medium,high,0.75,medium,2,0.2,overconfident,0.7,,,counterexample_audit,724345
G,G_00322,apple_pick,geometric_fc,1,0,1,1,1,1,0.05426762,7,3,-1,medium,high,0.75,medium,2,,,,,,counterexample_audit,724346
G,G_00322,apple_pick,oracle_sfc,1,1,0,0,1,1,0.03983573,7,3,-1,medium,high,0.75,medium,2,,,,,,counterexample_audit,724346
G,G_00322,apple_pick,semantic_only,1,1,0,0,1,1,0.0,7,3,-1,medium,high,0.75,medium,2,,,,,,counterexample_audit,724346
G,G_00322,apple_pick,posthoc_single,0,0,0,1,1,1,0.05426762,7,3,-1,medium,high,0.75,medium,2,,,,,,counterexample_audit,724346
G,G_00322,apple_pick,soft_penalty_fc,1,0,1,1,1,1,0.05426762,7,3,-1,medium,high,0.75,medium,2,,,,,,counterexample_audit,724346
G,G_00322,apple_pick,observed_sfc,1,1,0,0,1,1,0.08497359,7,3,2,medium,high,0.75,medium,2,0.2,overconfident,0.7,,,counterexample_audit,724346
G,G_00322,apple_pick,risk_aware_sfc,1,1,0,0,1,1,0.08497359,7,3,2,medium,high,0.75,medium,2,0.2,overconfident,0.7,,,counterexample_audit,724346
G,G_00322,apple_pick,abstaining_sfc,1,1,0,0,1,1,0.08497359,7,3,2,medium,high,0.75,medium,2,0.2,overconfident,0.7,,,counterexample_audit,724346
G,G_00323,apple_pick,geometric_fc,1,0,1,1,1,1,0.05634193,7,3,-1,medium,high,0.75,medium,2,,,,,,counterexample_audit,724347
G,G_00323,apple_pick,oracle_sfc,1,1,0,0,1,1,0.00056033,7,3,-1,medium,high,0.75,medium,2,,,,,,counterexample_audit,724347
G,G_00323,apple_pick,semantic_only,1,1,0,0,1,1,0.0,7,3,-1,medium,high,0.75,medium,2,,,,,,counterexample_audit,724347
G,G_00323,apple_pick,posthoc_single,0,0,0,1,1,1,0.05634193,7,3,-1,medium,high,0.75,medium,2,,,,,,counterexample_audit,724347
G,G_00323,apple_pick,soft_penalty_fc,1,0,1,1,1,1,0.05634193,7,3,-1,medium,high,0.75,medium,2,,,,,,counterexample_audit,724347
G,G_00323,apple_pick,observed_sfc,1,0,1,1,1,1,0.08261415,7,3,5,medium,high,0.75,medium,2,0.2,overconfident,0.7,,,counterexample_audit,724347
G,G_00323,apple_pick,risk_aware_sfc,1,0,1,1,1,1,0.08261415,7,3,5,medium,high,0.75,medium,2,0.2,overconfident,0.7,,,counterexample_audit,724347
G,G_00323,apple_pick,abstaining_sfc,1,0,1,1,1,1,0.08261415,7,3,5,medium,high,0.75,medium,2,0.2,overconfident,0.7,,,counterexample_audit,724347
G,G_00324,apple_pick,geometric_fc,1,0,1,0,1,0,0.05508241,7,3,-1,medium,high,0.75,medium,2,,,,,,counterexample_audit,724348
G,G_00324,apple_pick,oracle_sfc,0,0,0,0,1,0,0.0,7,3,-1,medium,high,0.75,medium,2,,,,,,counterexample_audit,724348
G,G_00324,apple_pick,semantic_only,1,0,1,0,1,0,0.0,7,3,-1,medium,high,0.75,medium,2,,,,,,counterexample_audit,724348
G,G_00324,apple_pick,posthoc_single,0,0,0,0,1,0,0.05508241,7,3,-1,medium,high,0.75,medium,2,,,,,,counterexample_audit,724348
G,G_00324,apple_pick,soft_penalty_fc,1,0,1,0,1,0,0.05508241,7,3,-1,medium,high,0.75,medium,2,,,,,,counterexample_audit,724348
G,G_00324,apple_pick,observed_sfc,0,0,0,0,1,0,0.0,7,3,3,medium,high,0.75,medium,2,0.2,overconfident,0.7,,,counterexample_audit,724348
G,G_00324,apple_pick,risk_aware_sfc,0,0,0,0,1,0,0.0,7,3,3,medium,high,0.75,medium,2,0.2,overconfident,0.7,,,counterexample_audit,724348
G,G_00324,apple_pick,abstaining_sfc,0,0,0,0,1,0,0.0,7,3,3,medium,high,0.75,medium,2,0.2,overconfident,0.7,,,counterexample_audit,724348
G,G_00325,apple_pick,geometric_fc,1,0,1,1,1,1,0.05870373,7,3,-1,medium,high,0.75,medium,2,,,,,,counterexample_audit,724349
G,G_00325,apple_pick,oracle_sfc,1,1,0,0,1,1,0.03935529,7,3,-1,medium,high,0.75,medium,2,,,,,,counterexample_audit,724349
G,G_00325,apple_pick,semantic_only,1,1,0,0,1,1,0.0,7,3,-1,medium,high,0.75,medium,2,,,,,,counterexample_audit,724349
G,G_00325,apple_pick,posthoc_single,0,0,0,1,1,1,0.05870373,7,3,-1,medium,high,0.75,medium,2,,,,,,counterexample_audit,724349
G,G_00325,apple_pick,soft_penalty_fc,1,0,1,1,1,1,0.05870373,7,3,-1,medium,high,0.75,medium,2,,,,,,counterexample_audit,724349
G,G_00325,apple_pick,observed_sfc,1,0,1,1,1,1,0.11296847,7,3,3,medium,high,0.75,medium,2,0.2,overconfident,0.7,,,counterexample_audit,724349
G,G_00325,apple_pick,risk_aware_sfc,1,0,1,1,1,1,0.11296847,7,3,3,medium,high,0.75,medium,2,0.2,overconfident,0.7,,,counterexample_audit,724349
G,G_00325,apple_pick,abstaining_sfc,1,0,1,1,1,1,0.11296847,7,3,3,medium,high,0.75,medium,2,0.2,overconfident,0.7,,,counterexample_audit,724349
G,G_00326,apple_pick,geometric_fc,1,0,1,1,1,1,0.0590807,7,3,-1,medium,high,0.75,medium,2,,,,,,counterexample_audit,724350
G,G_00326,apple_pick,oracle_sfc,1,1,0,0,1,1,0.00371936,7,3,-1,medium,high,0.75,medium,2,,,,,,counterexample_audit,724350
G,G_00326,apple_pick,semantic_only,1,1,0,0,1,1,0.0,7,3,-1,medium,high,0.75,medium,2,,,,,,counterexample_audit,724350
G,G_00326,apple_pick,posthoc_single,0,0,0,1,1,1,0.0590807,7,3,-1,medium,high,0.75,medium,2,,,,,,counterexample_audit,724350
G,G_00326,apple_pick,soft_penalty_fc,1,0,1,1,1,1,0.0590807,7,3,-1,medium,high,0.75,medium,2,,,,,,counterexample_audit,724350
G,G_00326,apple_pick,observed_sfc,1,1,0,0,1,1,0.00758827,7,3,2,medium,high,0.75,medium,2,0.2,overconfident,0.7,,,counterexample_audit,724350
G,G_00326,apple_pick,risk_aware_sfc,1,1,0,0,1,1,0.00758827,7,3,2,medium,high,0.75,medium,2,0.2,overconfident,0.7,,,counterexample_audit,724350
G,G_00326,apple_pick,abstaining_sfc,1,1,0,0,1,1,0.00758827,7,3,2,medium,high,0.75,medium,2,0.2,overconfident,0.7,,,counterexample_audit,724350
G,G_00327,apple_pick,geometric_fc,1,0,1,0,1,0,0.05641031,7,3,-1,medium,high,0.75,medium,2,,,,,,counterexample_audit,724351
G,G_00327,apple_pick,oracle_sfc,0,0,0,0,1,0,0.0,7,3,-1,medium,high,0.75,medium,2,,,,,,counterexample_audit,724351
G,G_00327,apple_pick,semantic_only,1,0,1,0,1,0,0.0,7,3,-1,medium,high,0.75,medium,2,,,,,,counterexample_audit,724351
G,G_00327,apple_pick,posthoc_single,0,0,0,0,1,0,0.05641031,7,3,-1,medium,high,0.75,medium,2,,,,,,counterexample_audit,724351
G,G_00327,apple_pick,soft_penalty_fc,1,0,1,0,1,0,0.05641031,7,3,-1,medium,high,0.75,medium,2,,,,,,counterexample_audit,724351
G,G_00327,apple_pick,observed_sfc,0,0,0,0,1,0,0.0,7,3,3,medium,high,0.75,medium,2,0.2,overconfident,0.7,,,counterexample_audit,724351
G,G_00327,apple_pick,risk_aware_sfc,0,0,0,0,1,0,0.0,7,3,3,medium,high,0.75,medium,2,0.2,overconfident,0.7,,,counterexample_audit,724351
G,G_00327,apple_pick,abstaining_sfc,0,0,0,0,1,0,0.0,7,3,3,medium,high,0.75,medium,2,0.2,overconfident,0.7,,,counterexample_audit,724351
G,G_00328,apple_pick,geometric_fc,1,0,1,1,1,1,0.05658691,7,3,-1,medium,high,0.75,medium,2,,,,,,counterexample_audit,724352
G,G_00328,apple_pick,oracle_sfc,1,1,0,0,1,1,0.00796468,7,3,-1,medium,high,0.75,medium,2,,,,,,counterexample_audit,724352
G,G_00328,apple_pick,semantic_only,1,1,0,0,1,1,0.0,7,3,-1,medium,high,0.75,medium,2,,,,,,counterexample_audit,724352
G,G_00328,apple_pick,posthoc_single,0,0,0,1,1,1,0.05658691,7,3,-1,medium,high,0.75,medium,2,,,,,,counterexample_audit,724352
G,G_00328,apple_pick,soft_penalty_fc,1,0,1,1,1,1,0.05658691,7,3,-1,medium,high,0.75,medium,2,,,,,,counterexample_audit,724352
G,G_00328,apple_pick,observed_sfc,1,0,1,1,1,1,0.09037756,7,3,4,medium,high,0.75,medium,2,0.2,overconfident,0.7,,,counterexample_audit,724352
G,G_00328,apple_pick,risk_aware_sfc,1,0,1,1,1,1,0.09037756,7,3,4,medium,high,0.75,medium,2,0.2,overconfident,0.7,,,counterexample_audit,724352
G,G_00328,apple_pick,abstaining_sfc,1,0,1,1,1,1,0.09037756,7,3,4,medium,high,0.75,medium,2,0.2,overconfident,0.7,,,counterexample_audit,724352
G,G_00329,apple_pick,geometric_fc,1,0,1,1,1,1,0.05743041,7,3,-1,medium,high,0.75,medium,2,,,,,,counterexample_audit,724353
G,G_00329,apple_pick,oracle_sfc,1,1,0,0,1,1,0.00669049,7,3,-1,medium,high,0.75,medium,2,,,,,,counterexample_audit,724353
G,G_00329,apple_pick,semantic_only,1,1,0,0,1,1,0.0,7,3,-1,medium,high,0.75,medium,2,,,,,,counterexample_audit,724353
G,G_00329,apple_pick,posthoc_single,0,0,0,1,1,1,0.05743041,7,3,-1,medium,high,0.75,medium,2,,,,,,counterexample_audit,724353
G,G_00329,apple_pick,soft_penalty_fc,1,0,1,1,1,1,0.05743041,7,3,-1,medium,high,0.75,medium,2,,,,,,counterexample_audit,724353
G,G_00329,apple_pick,observed_sfc,1,0,1,1,1,1,0.09094093,7,3,4,medium,high,0.75,medium,2,0.2,overconfident,0.7,,,counterexample_audit,724353
G,G_00329,apple_pick,risk_aware_sfc,1,0,1,1,1,1,0.09094093,7,3,4,medium,high,0.75,medium,2,0.2,overconfident,0.7,,,counterexample_audit,724353
G,G_00329,apple_pick,abstaining_sfc,1,0,1,1,1,1,0.09094093,7,3,4,medium,high,0.75,medium,2,0.2,overconfident,0.7,,,counterexample_audit,724353
G,G_00330,apple_pick,geometric_fc,1,0,1,0,1,0,0.05981055,7,3,-1,medium,high,0.75,medium,2,,,,,,counterexample_audit,724354
G,G_00330,apple_pick,oracle_sfc,0,0,0,0,1,0,0.0,7,3,-1,medium,high,0.75,medium,2,,,,,,counterexample_audit,724354
G,G_00330,apple_pick,semantic_only,1,0,1,0,1,0,0.0,7,3,-1,medium,high,0.75,medium,2,,,,,,counterexample_audit,724354
G,G_00330,apple_pick,posthoc_single,0,0,0,0,1,0,0.05981055,7,3,-1,medium,high,0.75,medium,2,,,,,,counterexample_audit,724354
G,G_00330,apple_pick,soft_penalty_fc,1,0,1,0,1,0,0.05981055,7,3,-1,medium,high,0.75,medium,2,,,,,,counterexample_audit,724354
G,G_00330,apple_pick,observed_sfc,0,0,0,0,1,0,0.0,7,3,3,medium,high,0.75,medium,2,0.2,overconfident,0.7,,,counterexample_audit,724354
G,G_00330,apple_pick,risk_aware_sfc,0,0,0,0,1,0,0.0,7,3,3,medium,high,0.75,medium,2,0.2,overconfident,0.7,,,counterexample_audit,724354
G,G_00330,apple_pick,abstaining_sfc,0,0,0,0,1,0,0.0,7,3,3,medium,high,0.75,medium,2,0.2,overconfident,0.7,,,counterexample_audit,724354
G,G_00331,apple_pick,geometric_fc,1,0,1,0,1,0,0.05373297,7,3,-1,medium,high,0.75,medium,2,,,,,,counterexample_audit,724355
G,G_00331,apple_pick,oracle_sfc,0,0,0,0,1,0,0.0,7,3,-1,medium,high,0.75,medium,2,,,,,,counterexample_audit,724355
G,G_00331,apple_pick,semantic_only,1,0,1,0,1,0,0.0,7,3,-1,medium,high,0.75,medium,2,,,,,,counterexample_audit,724355
G,G_00331,apple_pick,posthoc_single,0,0,0,0,1,0,0.05373297,7,3,-1,medium,high,0.75,medium,2,,,,,,counterexample_audit,724355
G,G_00331,apple_pick,soft_penalty_fc,1,0,1,0,1,0,0.05373297,7,3,-1,medium,high,0.75,medium,2,,,,,,counterexample_audit,724355
G,G_00331,apple_pick,observed_sfc,0,0,0,0,1,0,0.0,7,3,3,medium,high,0.75,medium,2,0.2,overconfident,0.7,,,counterexample_audit,724355
G,G_00331,apple_pick,risk_aware_sfc,0,0,0,0,1,0,0.0,7,3,3,medium,high,0.75,medium,2,0.2,overconfident,0.7,,,counterexample_audit,724355
G,G_00331,apple_pick,abstaining_sfc,0,0,0,0,1,0,0.0,7,3,3,medium,high,0.75,medium,2,0.2,overconfident,0.7,,,counterexample_audit,724355
G,G_00332,apple_pick,geometric_fc,1,0,1,0,1,0,0.05907233,7,3,-1,medium,high,0.75,medium,2,,,,,,counterexample_audit,724356
G,G_00332,apple_pick,oracle_sfc,0,0,0,0,1,0,0.0,7,3,-1,medium,high,0.75,medium,2,,,,,,counterexample_audit,724356
G,G_00332,apple_pick,semantic_only,1,0,1,0,1,0,0.0,7,3,-1,medium,high,0.75,medium,2,,,,,,counterexample_audit,724356
G,G_00332,apple_pick,posthoc_single,0,0,0,0,1,0,0.05907233,7,3,-1,medium,high,0.75,medium,2,,,,,,counterexample_audit,724356
G,G_00332,apple_pick,soft_penalty_fc,1,0,1,0,1,0,0.05907233,7,3,-1,medium,high,0.75,medium,2,,,,,,counterexample_audit,724356
G,G_00332,apple_pick,observed_sfc,1,0,1,0,1,0,0.07811461,7,3,4,medium,high,0.75,medium,2,0.2,overconfident,0.7,,,counterexample_audit,724356
G,G_00332,apple_pick,risk_aware_sfc,1,0,1,0,1,0,0.07811461,7,3,4,medium,high,0.75,medium,2,0.2,overconfident,0.7,,,counterexample_audit,724356
G,G_00332,apple_pick,abstaining_sfc,1,0,1,0,1,0,0.07811461,7,3,4,medium,high,0.75,medium,2,0.2,overconfident,0.7,,,counterexample_audit,724356
G,G_00333,apple_pick,geometric_fc,1,0,1,0,1,0,0.05906178,7,3,-1,medium,high,0.75,medium,2,,,,,,counterexample_audit,724357
G,G_00333,apple_pick,oracle_sfc,0,0,0,0,1,0,0.0,7,3,-1,medium,high,0.75,medium,2,,,,,,counterexample_audit,724357
G,G_00333,apple_pick,semantic_only,1,0,1,0,1,0,0.0,7,3,-1,medium,high,0.75,medium,2,,,,,,counterexample_audit,724357
G,G_00333,apple_pick,posthoc_single,0,0,0,0,1,0,0.05906178,7,3,-1,medium,high,0.75,medium,2,,,,,,counterexample_audit,724357
G,G_00333,apple_pick,soft_penalty_fc,1,0,1,0,1,0,0.05906178,7,3,-1,medium,high,0.75,medium,2,,,,,,counterexample_audit,724357
G,G_00333,apple_pick,observed_sfc,1,0,1,0,1,0,0.09258926,7,3,5,medium,high,0.75,medium,2,0.2,overconfident,0.7,,,counterexample_audit,724357
G,G_00333,apple_pick,risk_aware_sfc,1,0,1,0,1,0,0.09258926,7,3,5,medium,high,0.75,medium,2,0.2,overconfident,0.7,,,counterexample_audit,724357
G,G_00333,apple_pick,abstaining_sfc,1,0,1,0,1,0,0.09258926,7,3,5,medium,high,0.75,medium,2,0.2,overconfident,0.7,,,counterexample_audit,724357
G,G_00334,apple_pick,geometric_fc,1,0,1,0,1,0,0.05245558,7,3,-1,medium,high,0.75,medium,2,,,,,,counterexample_audit,724358
G,G_00334,apple_pick,oracle_sfc,0,0,0,0,1,0,0.0,7,3,-1,medium,high,0.75,medium,2,,,,,,counterexample_audit,724358
G,G_00334,apple_pick,semantic_only,1,0,1,0,1,0,0.0,7,3,-1,medium,high,0.75,medium,2,,,,,,counterexample_audit,724358
G,G_00334,apple_pick,posthoc_single,0,0,0,0,1,0,0.05245558,7,3,-1,medium,high,0.75,medium,2,,,,,,counterexample_audit,724358
G,G_00334,apple_pick,soft_penalty_fc,1,0,1,0,1,0,0.05245558,7,3,-1,medium,high,0.75,medium,2,,,,,,counterexample_audit,724358
G,G_00334,apple_pick,observed_sfc,0,0,0,0,1,0,0.0,7,3,3,medium,high,0.75,medium,2,0.2,overconfident,0.7,,,counterexample_audit,724358
G,G_00334,apple_pick,risk_aware_sfc,0,0,0,0,1,0,0.0,7,3,3,medium,high,0.75,medium,2,0.2,overconfident,0.7,,,counterexample_audit,724358
G,G_00334,apple_pick,abstaining_sfc,0,0,0,0,1,0,0.0,7,3,3,medium,high,0.75,medium,2,0.2,overconfident,0.7,,,counterexample_audit,724358
G,G_00335,apple_pick,geometric_fc,1,0,1,0,1,0,0.05580934,7,3,-1,medium,high,0.75,medium,2,,,,,,counterexample_audit,724359
G,G_00335,apple_pick,oracle_sfc,0,0,0,0,1,0,0.0,7,3,-1,medium,high,0.75,medium,2,,,,,,counterexample_audit,724359
G,G_00335,apple_pick,semantic_only,1,0,1,0,1,0,0.0,7,3,-1,medium,high,0.75,medium,2,,,,,,counterexample_audit,724359
G,G_00335,apple_pick,posthoc_single,0,0,0,0,1,0,0.05580934,7,3,-1,medium,high,0.75,medium,2,,,,,,counterexample_audit,724359
G,G_00335,apple_pick,soft_penalty_fc,1,0,1,0,1,0,0.05580934,7,3,-1,medium,high,0.75,medium,2,,,,,,counterexample_audit,724359
G,G_00335,apple_pick,observed_sfc,0,0,0,0,1,0,0.0,7,3,3,medium,high,0.75,medium,2,0.2,overconfident,0.7,,,counterexample_audit,724359
G,G_00335,apple_pick,risk_aware_sfc,0,0,0,0,1,0,0.0,7,3,3,medium,high,0.75,medium,2,0.2,overconfident,0.7,,,counterexample_audit,724359
G,G_00335,apple_pick,abstaining_sfc,0,0,0,0,1,0,0.0,7,3,3,medium,high,0.75,medium,2,0.2,overconfident,0.7,,,counterexample_audit,724359
G,G_00336,apple_pick,geometric_fc,1,0,1,0,1,0,0.05670527,7,3,-1,medium,high,0.75,medium,2,,,,,,counterexample_audit,724360
G,G_00336,apple_pick,oracle_sfc,0,0,0,0,1,0,0.0,7,3,-1,medium,high,0.75,medium,2,,,,,,counterexample_audit,724360
G,G_00336,apple_pick,semantic_only,1,0,1,0,1,0,0.0,7,3,-1,medium,high,0.75,medium,2,,,,,,counterexample_audit,724360
G,G_00336,apple_pick,posthoc_single,0,0,0,0,1,0,0.05670527,7,3,-1,medium,high,0.75,medium,2,,,,,,counterexample_audit,724360
G,G_00336,apple_pick,soft_penalty_fc,1,0,1,0,1,0,0.05670527,7,3,-1,medium,high,0.75,medium,2,,,,,,counterexample_audit,724360
G,G_00336,apple_pick,observed_sfc,1,0,1,0,1,0,0.06363031,7,3,4,medium,high,0.75,medium,2,0.2,overconfident,0.7,,,counterexample_audit,724360
G,G_00336,apple_pick,risk_aware_sfc,1,0,1,0,1,0,0.06363031,7,3,4,medium,high,0.75,medium,2,0.2,overconfident,0.7,,,counterexample_audit,724360
G,G_00336,apple_pick,abstaining_sfc,1,0,1,0,1,0,0.06363031,7,3,4,medium,high,0.75,medium,2,0.2,overconfident,0.7,,,counterexample_audit,724360
G,G_00337,apple_pick,geometric_fc,1,0,1,1,1,1,0.05513148,7,3,-1,medium,high,0.75,medium,2,,,,,,counterexample_audit,724361
G,G_00337,apple_pick,oracle_sfc,1,1,0,0,1,1,0.02391124,7,3,-1,medium,high,0.75,medium,2,,,,,,counterexample_audit,724361
G,G_00337,apple_pick,semantic_only,1,1,0,0,1,1,0.0,7,3,-1,medium,high,0.75,medium,2,,,,,,counterexample_audit,724361
G,G_00337,apple_pick,posthoc_single,0,0,0,1,1,1,0.05513148,7,3,-1,medium,high,0.75,medium,2,,,,,,counterexample_audit,724361
G,G_00337,apple_pick,soft_penalty_fc,1,0,1,1,1,1,0.05513148,7,3,-1,medium,high,0.75,medium,2,,,,,,counterexample_audit,724361
G,G_00337,apple_pick,observed_sfc,1,1,0,0,1,1,0.02391124,7,3,3,medium,high,0.75,medium,2,0.2,overconfident,0.7,,,counterexample_audit,724361
G,G_00337,apple_pick,risk_aware_sfc,1,1,0,0,1,1,0.02391124,7,3,3,medium,high,0.75,medium,2,0.2,overconfident,0.7,,,counterexample_audit,724361
G,G_00337,apple_pick,abstaining_sfc,1,1,0,0,1,1,0.02391124,7,3,3,medium,high,0.75,medium,2,0.2,overconfident,0.7,,,counterexample_audit,724361
G,G_00338,apple_pick,geometric_fc,1,0,1,0,1,0,0.05828264,7,3,-1,medium,high,0.75,medium,2,,,,,,counterexample_audit,724362
G,G_00338,apple_pick,oracle_sfc,0,0,0,0,1,0,0.0,7,3,-1,medium,high,0.75,medium,2,,,,,,counterexample_audit,724362
G,G_00338,apple_pick,semantic_only,1,0,1,0,1,0,0.0,7,3,-1,medium,high,0.75,medium,2,,,,,,counterexample_audit,724362
G,G_00338,apple_pick,posthoc_single,0,0,0,0,1,0,0.05828264,7,3,-1,medium,high,0.75,medium,2,,,,,,counterexample_audit,724362
G,G_00338,apple_pick,soft_penalty_fc,1,0,1,0,1,0,0.05828264,7,3,-1,medium,high,0.75,medium,2,,,,,,counterexample_audit,724362
G,G_00338,apple_pick,observed_sfc,1,0,1,0,1,0,0.09540171,7,3,5,medium,high,0.75,medium,2,0.2,overconfident,0.7,,,counterexample_audit,724362
G,G_00338,apple_pick,risk_aware_sfc,1,0,1,0,1,0,0.09540171,7,3,5,medium,high,0.75,medium,2,0.2,overconfident,0.7,,,counterexample_audit,724362
G,G_00338,apple_pick,abstaining_sfc,1,0,1,0,1,0,0.09540171,7,3,5,medium,high,0.75,medium,2,0.2,overconfident,0.7,,,counterexample_audit,724362
G,G_00339,apple_pick,geometric_fc,1,0,1,0,1,0,0.05761935,7,3,-1,medium,high,0.75,medium,2,,,,,,counterexample_audit,724363
G,G_00339,apple_pick,oracle_sfc,0,0,0,0,1,0,0.0,7,3,-1,medium,high,0.75,medium,2,,,,,,counterexample_audit,724363
G,G_00339,apple_pick,semantic_only,1,0,1,0,1,0,0.0,7,3,-1,medium,high,0.75,medium,2,,,,,,counterexample_audit,724363
G,G_00339,apple_pick,posthoc_single,0,0,0,0,1,0,0.05761935,7,3,-1,medium,high,0.75,medium,2,,,,,,counterexample_audit,724363
G,G_00339,apple_pick,soft_penalty_fc,1,0,1,0,1,0,0.05761935,7,3,-1,medium,high,0.75,medium,2,,,,,,counterexample_audit,724363
G,G_00339,apple_pick,observed_sfc,0,0,0,0,1,0,0.0,7,3,3,medium,high,0.75,medium,2,0.2,overconfident,0.7,,,counterexample_audit,724363
G,G_00339,apple_pick,risk_aware_sfc,0,0,0,0,1,0,0.0,7,3,3,medium,high,0.75,medium,2,0.2,overconfident,0.7,,,counterexample_audit,724363
G,G_00339,apple_pick,abstaining_sfc,0,0,0,0,1,0,0.0,7,3,3,medium,high,0.75,medium,2,0.2,overconfident,0.7,,,counterexample_audit,724363
G,G_00340,apple_pick,geometric_fc,1,0,1,0,1,0,0.05626683,7,3,-1,medium,high,0.75,medium,2,,,,,,counterexample_audit,724364
G,G_00340,apple_pick,oracle_sfc,0,0,0,0,1,0,0.0,7,3,-1,medium,high,0.75,medium,2,,,,,,counterexample_audit,724364
G,G_00340,apple_pick,semantic_only,1,0,1,0,1,0,0.0,7,3,-1,medium,high,0.75,medium,2,,,,,,counterexample_audit,724364
G,G_00340,apple_pick,posthoc_single,0,0,0,0,1,0,0.05626683,7,3,-1,medium,high,0.75,medium,2,,,,,,counterexample_audit,724364
G,G_00340,apple_pick,soft_penalty_fc,1,0,1,0,1,0,0.05626683,7,3,-1,medium,high,0.75,medium,2,,,,,,counterexample_audit,724364
G,G_00340,apple_pick,observed_sfc,0,0,0,0,1,0,0.0,7,3,2,medium,high,0.75,medium,2,0.2,overconfident,0.7,,,counterexample_audit,724364
G,G_00340,apple_pick,risk_aware_sfc,0,0,0,0,1,0,0.0,7,3,2,medium,high,0.75,medium,2,0.2,overconfident,0.7,,,counterexample_audit,724364
G,G_00340,apple_pick,abstaining_sfc,0,0,0,0,1,0,0.0,7,3,2,medium,high,0.75,medium,2,0.2,overconfident,0.7,,,counterexample_audit,724364
G,G_00341,apple_pick,geometric_fc,1,0,1,0,1,0,0.05733925,7,3,-1,medium,high,0.75,medium,2,,,,,,counterexample_audit,724365
G,G_00341,apple_pick,oracle_sfc,0,0,0,0,1,0,0.0,7,3,-1,medium,high,0.75,medium,2,,,,,,counterexample_audit,724365
G,G_00341,apple_pick,semantic_only,1,0,1,0,1,0,0.0,7,3,-1,medium,high,0.75,medium,2,,,,,,counterexample_audit,724365
G,G_00341,apple_pick,posthoc_single,0,0,0,0,1,0,0.05733925,7,3,-1,medium,high,0.75,medium,2,,,,,,counterexample_audit,724365
G,G_00341,apple_pick,soft_penalty_fc,1,0,1,0,1,0,0.05733925,7,3,-1,medium,high,0.75,medium,2,,,,,,counterexample_audit,724365
G,G_00341,apple_pick,observed_sfc,0,0,0,0,1,0,0.0,7,3,2,medium,high,0.75,medium,2,0.2,overconfident,0.7,,,counterexample_audit,724365
G,G_00341,apple_pick,risk_aware_sfc,0,0,0,0,1,0,0.0,7,3,2,medium,high,0.75,medium,2,0.2,overconfident,0.7,,,counterexample_audit,724365
G,G_00341,apple_pick,abstaining_sfc,0,0,0,0,1,0,0.0,7,3,2,medium,high,0.75,medium,2,0.2,overconfident,0.7,,,counterexample_audit,724365
G,G_00342,apple_pick,geometric_fc,1,0,1,1,1,1,0.05511523,7,3,-1,medium,high,0.75,medium,2,,,,,,counterexample_audit,724366
G,G_00342,apple_pick,oracle_sfc,1,1,0,0,1,1,0.03475468,7,3,-1,medium,high,0.75,medium,2,,,,,,counterexample_audit,724366
G,G_00342,apple_pick,semantic_only,1,1,0,0,1,1,0.0,7,3,-1,medium,high,0.75,medium,2,,,,,,counterexample_audit,724366
G,G_00342,apple_pick,posthoc_single,0,0,0,1,1,1,0.05511523,7,3,-1,medium,high,0.75,medium,2,,,,,,counterexample_audit,724366
G,G_00342,apple_pick,soft_penalty_fc,1,0,1,1,1,1,0.05511523,7,3,-1,medium,high,0.75,medium,2,,,,,,counterexample_audit,724366
G,G_00342,apple_pick,observed_sfc,0,0,0,1,1,1,0.0,7,3,2,medium,high,0.75,medium,2,0.2,overconfident,0.7,,,counterexample_audit,724366
G,G_00342,apple_pick,risk_aware_sfc,0,0,0,1,1,1,0.0,7,3,2,medium,high,0.75,medium,2,0.2,overconfident,0.7,,,counterexample_audit,724366
G,G_00342,apple_pick,abstaining_sfc,0,0,0,1,1,1,0.0,7,3,2,medium,high,0.75,medium,2,0.2,overconfident,0.7,,,counterexample_audit,724366
G,G_00343,apple_pick,geometric_fc,1,0,1,1,1,1,0.0562476,7,3,-1,medium,high,0.75,medium,2,,,,,,counterexample_audit,724367
G,G_00343,apple_pick,oracle_sfc,1,1,0,0,1,1,0.02386219,7,3,-1,medium,high,0.75,medium,2,,,,,,counterexample_audit,724367
G,G_00343,apple_pick,semantic_only,1,1,0,0,1,1,0.0,7,3,-1,medium,high,0.75,medium,2,,,,,,counterexample_audit,724367
G,G_00343,apple_pick,posthoc_single,0,0,0,1,1,1,0.0562476,7,3,-1,medium,high,0.75,medium,2,,,,,,counterexample_audit,724367
G,G_00343,apple_pick,soft_penalty_fc,1,0,1,1,1,1,0.0562476,7,3,-1,medium,high,0.75,medium,2,,,,,,counterexample_audit,724367
G,G_00343,apple_pick,observed_sfc,1,0,1,1,1,1,0.07846446,7,3,4,medium,high,0.75,medium,2,0.2,overconfident,0.7,,,counterexample_audit,724367
G,G_00343,apple_pick,risk_aware_sfc,1,0,1,1,1,1,0.07846446,7,3,4,medium,high,0.75,medium,2,0.2,overconfident,0.7,,,counterexample_audit,724367
G,G_00343,apple_pick,abstaining_sfc,1,0,1,1,1,1,0.07846446,7,3,4,medium,high,0.75,medium,2,0.2,overconfident,0.7,,,counterexample_audit,724367
G,G_00344,apple_pick,geometric_fc,1,0,1,1,1,1,0.05911932,7,3,-1,medium,high,0.75,medium,2,,,,,,counterexample_audit,724368
G,G_00344,apple_pick,oracle_sfc,1,1,0,0,1,1,0.04532989,7,3,-1,medium,high,0.75,medium,2,,,,,,counterexample_audit,724368
G,G_00344,apple_pick,semantic_only,1,1,0,0,1,1,0.0,7,3,-1,medium,high,0.75,medium,2,,,,,,counterexample_audit,724368
G,G_00344,apple_pick,posthoc_single,0,0,0,1,1,1,0.05911932,7,3,-1,medium,high,0.75,medium,2,,,,,,counterexample_audit,724368
G,G_00344,apple_pick,soft_penalty_fc,1,0,1,1,1,1,0.05911932,7,3,-1,medium,high,0.75,medium,2,,,,,,counterexample_audit,724368
G,G_00344,apple_pick,observed_sfc,0,0,0,1,1,1,0.0,7,3,2,medium,high,0.75,medium,2,0.2,overconfident,0.7,,,counterexample_audit,724368
G,G_00344,apple_pick,risk_aware_sfc,0,0,0,1,1,1,0.0,7,3,2,medium,high,0.75,medium,2,0.2,overconfident,0.7,,,counterexample_audit,724368
G,G_00344,apple_pick,abstaining_sfc,0,0,0,1,1,1,0.0,7,3,2,medium,high,0.75,medium,2,0.2,overconfident,0.7,,,counterexample_audit,724368
G,G_00345,apple_pick,geometric_fc,1,0,1,0,1,0,0.05579462,7,3,-1,medium,high,0.75,medium,2,,,,,,counterexample_audit,724369
G,G_00345,apple_pick,oracle_sfc,0,0,0,0,1,0,0.0,7,3,-1,medium,high,0.75,medium,2,,,,,,counterexample_audit,724369
G,G_00345,apple_pick,semantic_only,1,0,1,0,1,0,0.0,7,3,-1,medium,high,0.75,medium,2,,,,,,counterexample_audit,724369
G,G_00345,apple_pick,posthoc_single,0,0,0,0,1,0,0.05579462,7,3,-1,medium,high,0.75,medium,2,,,,,,counterexample_audit,724369
G,G_00345,apple_pick,soft_penalty_fc,1,0,1,0,1,0,0.05579462,7,3,-1,medium,high,0.75,medium,2,,,,,,counterexample_audit,724369
G,G_00345,apple_pick,observed_sfc,1,0,1,0,1,0,0.04858791,7,3,4,medium,high,0.75,medium,2,0.2,overconfident,0.7,,,counterexample_audit,724369
G,G_00345,apple_pick,risk_aware_sfc,1,0,1,0,1,0,0.04858791,7,3,4,medium,high,0.75,medium,2,0.2,overconfident,0.7,,,counterexample_audit,724369
G,G_00345,apple_pick,abstaining_sfc,1,0,1,0,1,0,0.04858791,7,3,4,medium,high,0.75,medium,2,0.2,overconfident,0.7,,,counterexample_audit,724369
G,G_00346,apple_pick,geometric_fc,1,0,1,1,1,1,0.05658541,7,3,-1,medium,high,0.75,medium,2,,,,,,counterexample_audit,724370
G,G_00346,apple_pick,oracle_sfc,1,1,0,0,1,1,0.02353418,7,3,-1,medium,high,0.75,medium,2,,,,,,counterexample_audit,724370
G,G_00346,apple_pick,semantic_only,1,1,0,0,1,1,0.0,7,3,-1,medium,high,0.75,medium,2,,,,,,counterexample_audit,724370
G,G_00346,apple_pick,posthoc_single,0,0,0,1,1,1,0.05658541,7,3,-1,medium,high,0.75,medium,2,,,,,,counterexample_audit,724370
G,G_00346,apple_pick,soft_penalty_fc,1,0,1,1,1,1,0.05658541,7,3,-1,medium,high,0.75,medium,2,,,,,,counterexample_audit,724370
G,G_00346,apple_pick,observed_sfc,1,1,0,0,1,1,0.02353418,7,3,3,medium,high,0.75,medium,2,0.2,overconfident,0.7,,,counterexample_audit,724370
G,G_00346,apple_pick,risk_aware_sfc,1,1,0,0,1,1,0.02353418,7,3,3,medium,high,0.75,medium,2,0.2,overconfident,0.7,,,counterexample_audit,724370
G,G_00346,apple_pick,abstaining_sfc,1,1,0,0,1,1,0.02353418,7,3,3,medium,high,0.75,medium,2,0.2,overconfident,0.7,,,counterexample_audit,724370
G,G_00347,apple_pick,geometric_fc,1,0,1,0,1,0,0.05743445,7,3,-1,medium,high,0.75,medium,2,,,,,,counterexample_audit,724371
G,G_00347,apple_pick,oracle_sfc,0,0,0,0,1,0,0.0,7,3,-1,medium,high,0.75,medium,2,,,,,,counterexample_audit,724371
G,G_00347,apple_pick,semantic_only,1,0,1,0,1,0,0.0,7,3,-1,medium,high,0.75,medium,2,,,,,,counterexample_audit,724371
G,G_00347,apple_pick,posthoc_single,0,0,0,0,1,0,0.05743445,7,3,-1,medium,high,0.75,medium,2,,,,,,counterexample_audit,724371
G,G_00347,apple_pick,soft_penalty_fc,1,0,1,0,1,0,0.05743445,7,3,-1,medium,high,0.75,medium,2,,,,,,counterexample_audit,724371
G,G_00347,apple_pick,observed_sfc,1,0,1,0,1,0,0.08922856,7,3,4,medium,high,0.75,medium,2,0.2,overconfident,0.7,,,counterexample_audit,724371
G,G_00347,apple_pick,risk_aware_sfc,1,0,1,0,1,0,0.08922856,7,3,4,medium,high,0.75,medium,2,0.2,overconfident,0.7,,,counterexample_audit,724371
G,G_00347,apple_pick,abstaining_sfc,1,0,1,0,1,0,0.08922856,7,3,4,medium,high,0.75,medium,2,0.2,overconfident,0.7,,,counterexample_audit,724371
G,G_00348,apple_pick,geometric_fc,1,0,1,0,1,0,0.05639659,7,3,-1,medium,high,0.75,medium,2,,,,,,counterexample_audit,724372
G,G_00348,apple_pick,oracle_sfc,0,0,0,0,1,0,0.0,7,3,-1,medium,high,0.75,medium,2,,,,,,counterexample_audit,724372
G,G_00348,apple_pick,semantic_only,1,0,1,0,1,0,0.0,7,3,-1,medium,high,0.75,medium,2,,,,,,counterexample_audit,724372
G,G_00348,apple_pick,posthoc_single,0,0,0,0,1,0,0.05639659,7,3,-1,medium,high,0.75,medium,2,,,,,,counterexample_audit,724372
G,G_00348,apple_pick,soft_penalty_fc,1,0,1,0,1,0,0.05639659,7,3,-1,medium,high,0.75,medium,2,,,,,,counterexample_audit,724372
G,G_00348,apple_pick,observed_sfc,1,0,1,0,1,0,0.07341037,7,3,6,medium,high,0.75,medium,2,0.2,overconfident,0.7,,,counterexample_audit,724372
G,G_00348,apple_pick,risk_aware_sfc,1,0,1,0,1,0,0.07341037,7,3,6,medium,high,0.75,medium,2,0.2,overconfident,0.7,,,counterexample_audit,724372
G,G_00348,apple_pick,abstaining_sfc,1,0,1,0,1,0,0.07341037,7,3,6,medium,high,0.75,medium,2,0.2,overconfident,0.7,,,counterexample_audit,724372
G,G_00349,apple_pick,geometric_fc,1,0,1,0,1,0,0.06078674,7,3,-1,medium,high,0.75,medium,2,,,,,,counterexample_audit,724373
G,G_00349,apple_pick,oracle_sfc,0,0,0,0,1,0,0.0,7,3,-1,medium,high,0.75,medium,2,,,,,,counterexample_audit,724373
G,G_00349,apple_pick,semantic_only,1,0,1,0,1,0,0.0,7,3,-1,medium,high,0.75,medium,2,,,,,,counterexample_audit,724373
G,G_00349,apple_pick,posthoc_single,0,0,0,0,1,0,0.06078674,7,3,-1,medium,high,0.75,medium,2,,,,,,counterexample_audit,724373
G,G_00349,apple_pick,soft_penalty_fc,1,0,1,0,1,0,0.06078674,7,3,-1,medium,high,0.75,medium,2,,,,,,counterexample_audit,724373
G,G_00349,apple_pick,observed_sfc,0,0,0,0,1,0,0.0,7,3,3,medium,high,0.75,medium,2,0.2,overconfident,0.7,,,counterexample_audit,724373
G,G_00349,apple_pick,risk_aware_sfc,0,0,0,0,1,0,0.0,7,3,3,medium,high,0.75,medium,2,0.2,overconfident,0.7,,,counterexample_audit,724373
G,G_00349,apple_pick,abstaining_sfc,0,0,0,0,1,0,0.0,7,3,3,medium,high,0.75,medium,2,0.2,overconfident,0.7,,,counterexample_audit,724373
G,G_00350,apple_pick,geometric_fc,1,0,1,1,1,1,0.05502484,7,3,-1,medium,high,0.75,medium,2,,,,,,counterexample_audit,724374
G,G_00350,apple_pick,oracle_sfc,1,1,0,0,1,1,0.01836039,7,3,-1,medium,high,0.75,medium,2,,,,,,counterexample_audit,724374
G,G_00350,apple_pick,semantic_only,1,1,0,0,1,1,0.0,7,3,-1,medium,high,0.75,medium,2,,,,,,counterexample_audit,724374
G,G_00350,apple_pick,posthoc_single,0,0,0,1,1,1,0.05502484,7,3,-1,medium,high,0.75,medium,2,,,,,,counterexample_audit,724374
G,G_00350,apple_pick,soft_penalty_fc,1,0,1,1,1,1,0.05502484,7,3,-1,medium,high,0.75,medium,2,,,,,,counterexample_audit,724374
G,G_00350,apple_pick,observed_sfc,1,1,0,0,1,1,0.01836039,7,3,3,medium,high,0.75,medium,2,0.2,overconfident,0.7,,,counterexample_audit,724374
G,G_00350,apple_pick,risk_aware_sfc,1,1,0,0,1,1,0.01836039,7,3,3,medium,high,0.75,medium,2,0.2,overconfident,0.7,,,counterexample_audit,724374
G,G_00350,apple_pick,abstaining_sfc,1,1,0,0,1,1,0.01836039,7,3,3,medium,high,0.75,medium,2,0.2,overconfident,0.7,,,counterexample_audit,724374
G,G_00351,apple_pick,geometric_fc,1,0,1,0,1,0,0.05859535,7,3,-1,medium,high,0.75,medium,2,,,,,,counterexample_audit,724375
G,G_00351,apple_pick,oracle_sfc,0,0,0,0,1,0,0.0,7,3,-1,medium,high,0.75,medium,2,,,,,,counterexample_audit,724375
G,G_00351,apple_pick,semantic_only,1,0,1,0,1,0,0.0,7,3,-1,medium,high,0.75,medium,2,,,,,,counterexample_audit,724375
G,G_00351,apple_pick,posthoc_single,0,0,0,0,1,0,0.05859535,7,3,-1,medium,high,0.75,medium,2,,,,,,counterexample_audit,724375
G,G_00351,apple_pick,soft_penalty_fc,1,0,1,0,1,0,0.05859535,7,3,-1,medium,high,0.75,medium,2,,,,,,counterexample_audit,724375
G,G_00351,apple_pick,observed_sfc,1,0,1,0,1,0,0.12862898,7,3,3,medium,high,0.75,medium,2,0.2,overconfident,0.7,,,counterexample_audit,724375
G,G_00351,apple_pick,risk_aware_sfc,1,0,1,0,1,0,0.12862898,7,3,3,medium,high,0.75,medium,2,0.2,overconfident,0.7,,,counterexample_audit,724375
G,G_00351,apple_pick,abstaining_sfc,1,0,1,0,1,0,0.12862898,7,3,3,medium,high,0.75,medium,2,0.2,overconfident,0.7,,,counterexample_audit,724375
G,G_00352,apple_pick,geometric_fc,1,0,1,0,1,0,0.05515171,7,3,-1,medium,high,0.75,medium,2,,,,,,counterexample_audit,724376
G,G_00352,apple_pick,oracle_sfc,0,0,0,0,1,0,0.0,7,3,-1,medium,high,0.75,medium,2,,,,,,counterexample_audit,724376
G,G_00352,apple_pick,semantic_only,1,0,1,0,1,0,0.0,7,3,-1,medium,high,0.75,medium,2,,,,,,counterexample_audit,724376
G,G_00352,apple_pick,posthoc_single,0,0,0,0,1,0,0.05515171,7,3,-1,medium,high,0.75,medium,2,,,,,,counterexample_audit,724376
G,G_00352,apple_pick,soft_penalty_fc,1,0,1,0,1,0,0.05515171,7,3,-1,medium,high,0.75,medium,2,,,,,,counterexample_audit,724376
G,G_00352,apple_pick,observed_sfc,1,0,1,0,1,0,0.11937689,7,3,3,medium,high,0.75,medium,2,0.2,overconfident,0.7,,,counterexample_audit,724376
G,G_00352,apple_pick,risk_aware_sfc,1,0,1,0,1,0,0.11937689,7,3,3,medium,high,0.75,medium,2,0.2,overconfident,0.7,,,counterexample_audit,724376
G,G_00352,apple_pick,abstaining_sfc,1,0,1,0,1,0,0.11937689,7,3,3,medium,high,0.75,medium,2,0.2,overconfident,0.7,,,counterexample_audit,724376
G,G_00353,apple_pick,geometric_fc,1,0,1,1,1,1,0.05764399,7,3,-1,medium,high,0.75,medium,2,,,,,,counterexample_audit,724377
G,G_00353,apple_pick,oracle_sfc,1,1,0,0,1,1,0.00743123,7,3,-1,medium,high,0.75,medium,2,,,,,,counterexample_audit,724377
G,G_00353,apple_pick,semantic_only,1,1,0,0,1,1,0.0,7,3,-1,medium,high,0.75,medium,2,,,,,,counterexample_audit,724377
G,G_00353,apple_pick,posthoc_single,0,0,0,1,1,1,0.05764399,7,3,-1,medium,high,0.75,medium,2,,,,,,counterexample_audit,724377
G,G_00353,apple_pick,soft_penalty_fc,1,0,1,1,1,1,0.05764399,7,3,-1,medium,high,0.75,medium,2,,,,,,counterexample_audit,724377
G,G_00353,apple_pick,observed_sfc,0,0,0,1,1,1,0.0,7,3,2,medium,high,0.75,medium,2,0.2,overconfident,0.7,,,counterexample_audit,724377
G,G_00353,apple_pick,risk_aware_sfc,0,0,0,1,1,1,0.0,7,3,2,medium,high,0.75,medium,2,0.2,overconfident,0.7,,,counterexample_audit,724377
G,G_00353,apple_pick,abstaining_sfc,0,0,0,1,1,1,0.0,7,3,2,medium,high,0.75,medium,2,0.2,overconfident,0.7,,,counterexample_audit,724377
G,G_00354,apple_pick,geometric_fc,1,0,1,0,1,0,0.05827079,7,3,-1,medium,high,0.75,medium,2,,,,,,counterexample_audit,724378
G,G_00354,apple_pick,oracle_sfc,0,0,0,0,1,0,0.0,7,3,-1,medium,high,0.75,medium,2,,,,,,counterexample_audit,724378
G,G_00354,apple_pick,semantic_only,1,0,1,0,1,0,0.0,7,3,-1,medium,high,0.75,medium,2,,,,,,counterexample_audit,724378
G,G_00354,apple_pick,posthoc_single,0,0,0,0,1,0,0.05827079,7,3,-1,medium,high,0.75,medium,2,,,,,,counterexample_audit,724378
G,G_00354,apple_pick,soft_penalty_fc,1,0,1,0,1,0,0.05827079,7,3,-1,medium,high,0.75,medium,2,,,,,,counterexample_audit,724378
G,G_00354,apple_pick,observed_sfc,0,0,0,0,1,0,0.0,7,3,2,medium,high,0.75,medium,2,0.2,overconfident,0.7,,,counterexample_audit,724378
G,G_00354,apple_pick,risk_aware_sfc,0,0,0,0,1,0,0.0,7,3,2,medium,high,0.75,medium,2,0.2,overconfident,0.7,,,counterexample_audit,724378
G,G_00354,apple_pick,abstaining_sfc,0,0,0,0,1,0,0.0,7,3,2,medium,high,0.75,medium,2,0.2,overconfident,0.7,,,counterexample_audit,724378
G,G_00355,apple_pick,geometric_fc,1,0,1,0,1,0,0.0537082,7,3,-1,medium,high,0.75,medium,2,,,,,,counterexample_audit,724379
G,G_00355,apple_pick,oracle_sfc,0,0,0,0,1,0,0.0,7,3,-1,medium,high,0.75,medium,2,,,,,,counterexample_audit,724379
G,G_00355,apple_pick,semantic_only,1,0,1,0,1,0,0.0,7,3,-1,medium,high,0.75,medium,2,,,,,,counterexample_audit,724379
G,G_00355,apple_pick,posthoc_single,0,0,0,0,1,0,0.0537082,7,3,-1,medium,high,0.75,medium,2,,,,,,counterexample_audit,724379
G,G_00355,apple_pick,soft_penalty_fc,1,0,1,0,1,0,0.0537082,7,3,-1,medium,high,0.75,medium,2,,,,,,counterexample_audit,724379
G,G_00355,apple_pick,observed_sfc,1,0,1,0,1,0,0.07319431,7,3,3,medium,high,0.75,medium,2,0.2,overconfident,0.7,,,counterexample_audit,724379
G,G_00355,apple_pick,risk_aware_sfc,1,0,1,0,1,0,0.07319431,7,3,3,medium,high,0.75,medium,2,0.2,overconfident,0.7,,,counterexample_audit,724379
G,G_00355,apple_pick,abstaining_sfc,1,0,1,0,1,0,0.07319431,7,3,3,medium,high,0.75,medium,2,0.2,overconfident,0.7,,,counterexample_audit,724379
G,G_00356,apple_pick,geometric_fc,1,0,1,0,1,0,0.05701961,7,3,-1,medium,high,0.75,medium,2,,,,,,counterexample_audit,724380
G,G_00356,apple_pick,oracle_sfc,0,0,0,0,1,0,0.0,7,3,-1,medium,high,0.75,medium,2,,,,,,counterexample_audit,724380
G,G_00356,apple_pick,semantic_only,1,0,1,0,1,0,0.0,7,3,-1,medium,high,0.75,medium,2,,,,,,counterexample_audit,724380
G,G_00356,apple_pick,posthoc_single,0,0,0,0,1,0,0.05701961,7,3,-1,medium,high,0.75,medium,2,,,,,,counterexample_audit,724380
G,G_00356,apple_pick,soft_penalty_fc,1,0,1,0,1,0,0.05701961,7,3,-1,medium,high,0.75,medium,2,,,,,,counterexample_audit,724380
G,G_00356,apple_pick,observed_sfc,1,0,1,0,1,0,0.08307594,7,3,5,medium,high,0.75,medium,2,0.2,overconfident,0.7,,,counterexample_audit,724380
G,G_00356,apple_pick,risk_aware_sfc,1,0,1,0,1,0,0.08307594,7,3,5,medium,high,0.75,medium,2,0.2,overconfident,0.7,,,counterexample_audit,724380
G,G_00356,apple_pick,abstaining_sfc,1,0,1,0,1,0,0.08307594,7,3,5,medium,high,0.75,medium,2,0.2,overconfident,0.7,,,counterexample_audit,724380
G,G_00357,apple_pick,geometric_fc,1,0,1,1,1,1,0.05761071,7,3,-1,medium,high,0.75,medium,2,,,,,,counterexample_audit,724381
G,G_00357,apple_pick,oracle_sfc,1,1,0,0,1,1,0.03502788,7,3,-1,medium,high,0.75,medium,2,,,,,,counterexample_audit,724381
G,G_00357,apple_pick,semantic_only,1,1,0,0,1,1,0.0,7,3,-1,medium,high,0.75,medium,2,,,,,,counterexample_audit,724381
G,G_00357,apple_pick,posthoc_single,0,0,0,1,1,1,0.05761071,7,3,-1,medium,high,0.75,medium,2,,,,,,counterexample_audit,724381
G,G_00357,apple_pick,soft_penalty_fc,1,0,1,1,1,1,0.05761071,7,3,-1,medium,high,0.75,medium,2,,,,,,counterexample_audit,724381
G,G_00357,apple_pick,observed_sfc,1,0,1,1,1,1,0.12924752,7,3,3,medium,high,0.75,medium,2,0.2,overconfident,0.7,,,counterexample_audit,724381
G,G_00357,apple_pick,risk_aware_sfc,1,0,1,1,1,1,0.12924752,7,3,3,medium,high,0.75,medium,2,0.2,overconfident,0.7,,,counterexample_audit,724381
G,G_00357,apple_pick,abstaining_sfc,1,0,1,1,1,1,0.12924752,7,3,3,medium,high,0.75,medium,2,0.2,overconfident,0.7,,,counterexample_audit,724381
G,G_00358,apple_pick,geometric_fc,1,0,1,0,1,0,0.06089062,7,3,-1,medium,high,0.75,medium,2,,,,,,counterexample_audit,724382
G,G_00358,apple_pick,oracle_sfc,0,0,0,0,1,0,0.0,7,3,-1,medium,high,0.75,medium,2,,,,,,counterexample_audit,724382
G,G_00358,apple_pick,semantic_only,1,0,1,0,1,0,0.0,7,3,-1,medium,high,0.75,medium,2,,,,,,counterexample_audit,724382
G,G_00358,apple_pick,posthoc_single,0,0,0,0,1,0,0.06089062,7,3,-1,medium,high,0.75,medium,2,,,,,,counterexample_audit,724382
G,G_00358,apple_pick,soft_penalty_fc,1,0,1,0,1,0,0.06089062,7,3,-1,medium,high,0.75,medium,2,,,,,,counterexample_audit,724382
G,G_00358,apple_pick,observed_sfc,0,0,0,0,1,0,0.0,7,3,3,medium,high,0.75,medium,2,0.2,overconfident,0.7,,,counterexample_audit,724382
G,G_00358,apple_pick,risk_aware_sfc,0,0,0,0,1,0,0.0,7,3,3,medium,high,0.75,medium,2,0.2,overconfident,0.7,,,counterexample_audit,724382
G,G_00358,apple_pick,abstaining_sfc,0,0,0,0,1,0,0.0,7,3,3,medium,high,0.75,medium,2,0.2,overconfident,0.7,,,counterexample_audit,724382
G,G_00359,apple_pick,geometric_fc,1,0,1,0,1,0,0.05668287,7,3,-1,medium,high,0.75,medium,2,,,,,,counterexample_audit,724383
G,G_00359,apple_pick,oracle_sfc,0,0,0,0,1,0,0.0,7,3,-1,medium,high,0.75,medium,2,,,,,,counterexample_audit,724383
G,G_00359,apple_pick,semantic_only,1,0,1,0,1,0,0.0,7,3,-1,medium,high,0.75,medium,2,,,,,,counterexample_audit,724383
G,G_00359,apple_pick,posthoc_single,0,0,0,0,1,0,0.05668287,7,3,-1,medium,high,0.75,medium,2,,,,,,counterexample_audit,724383
G,G_00359,apple_pick,soft_penalty_fc,1,0,1,0,1,0,0.05668287,7,3,-1,medium,high,0.75,medium,2,,,,,,counterexample_audit,724383
G,G_00359,apple_pick,observed_sfc,0,0,0,0,1,0,0.0,7,3,3,medium,high,0.75,medium,2,0.2,overconfident,0.7,,,counterexample_audit,724383
G,G_00359,apple_pick,risk_aware_sfc,0,0,0,0,1,0,0.0,7,3,3,medium,high,0.75,medium,2,0.2,overconfident,0.7,,,counterexample_audit,724383
G,G_00359,apple_pick,abstaining_sfc,0,0,0,0,1,0,0.0,7,3,3,medium,high,0.75,medium,2,0.2,overconfident,0.7,,,counterexample_audit,724383
G,G_00360,apple_pick,geometric_fc,1,0,1,0,1,0,0.05278446,7,3,-1,medium,high,0.75,medium,2,,,,,,counterexample_audit,724384
G,G_00360,apple_pick,oracle_sfc,0,0,0,0,1,0,0.0,7,3,-1,medium,high,0.75,medium,2,,,,,,counterexample_audit,724384
G,G_00360,apple_pick,semantic_only,1,0,1,0,1,0,0.0,7,3,-1,medium,high,0.75,medium,2,,,,,,counterexample_audit,724384
G,G_00360,apple_pick,posthoc_single,0,0,0,0,1,0,0.05278446,7,3,-1,medium,high,0.75,medium,2,,,,,,counterexample_audit,724384
G,G_00360,apple_pick,soft_penalty_fc,1,0,1,0,1,0,0.05278446,7,3,-1,medium,high,0.75,medium,2,,,,,,counterexample_audit,724384
G,G_00360,apple_pick,observed_sfc,1,0,1,0,1,0,0.07005772,7,3,5,medium,high,0.75,medium,2,0.2,overconfident,0.7,,,counterexample_audit,724384
G,G_00360,apple_pick,risk_aware_sfc,1,0,1,0,1,0,0.07005772,7,3,5,medium,high,0.75,medium,2,0.2,overconfident,0.7,,,counterexample_audit,724384
G,G_00360,apple_pick,abstaining_sfc,1,0,1,0,1,0,0.07005772,7,3,5,medium,high,0.75,medium,2,0.2,overconfident,0.7,,,counterexample_audit,724384
G,G_00361,apple_pick,geometric_fc,1,0,1,0,1,0,0.05473227,7,3,-1,medium,high,0.75,medium,2,,,,,,counterexample_audit,724385
G,G_00361,apple_pick,oracle_sfc,0,0,0,0,1,0,0.0,7,3,-1,medium,high,0.75,medium,2,,,,,,counterexample_audit,724385
G,G_00361,apple_pick,semantic_only,1,0,1,0,1,0,0.0,7,3,-1,medium,high,0.75,medium,2,,,,,,counterexample_audit,724385
G,G_00361,apple_pick,posthoc_single,0,0,0,0,1,0,0.05473227,7,3,-1,medium,high,0.75,medium,2,,,,,,counterexample_audit,724385
G,G_00361,apple_pick,soft_penalty_fc,1,0,1,0,1,0,0.05473227,7,3,-1,medium,high,0.75,medium,2,,,,,,counterexample_audit,724385
G,G_00361,apple_pick,observed_sfc,1,0,1,0,1,0,0.09067218,7,3,4,medium,high,0.75,medium,2,0.2,overconfident,0.7,,,counterexample_audit,724385
G,G_00361,apple_pick,risk_aware_sfc,1,0,1,0,1,0,0.09067218,7,3,4,medium,high,0.75,medium,2,0.2,overconfident,0.7,,,counterexample_audit,724385
G,G_00361,apple_pick,abstaining_sfc,1,0,1,0,1,0,0.09067218,7,3,4,medium,high,0.75,medium,2,0.2,overconfident,0.7,,,counterexample_audit,724385
G,G_00362,apple_pick,geometric_fc,1,0,1,1,1,1,0.05566958,7,3,-1,medium,high,0.75,medium,2,,,,,,counterexample_audit,724386
G,G_00362,apple_pick,oracle_sfc,1,1,0,0,1,1,0.00533726,7,3,-1,medium,high,0.75,medium,2,,,,,,counterexample_audit,724386
G,G_00362,apple_pick,semantic_only,1,1,0,0,1,1,0.0,7,3,-1,medium,high,0.75,medium,2,,,,,,counterexample_audit,724386
G,G_00362,apple_pick,posthoc_single,0,0,0,1,1,1,0.05566958,7,3,-1,medium,high,0.75,medium,2,,,,,,counterexample_audit,724386
G,G_00362,apple_pick,soft_penalty_fc,1,0,1,1,1,1,0.05566958,7,3,-1,medium,high,0.75,medium,2,,,,,,counterexample_audit,724386
G,G_00362,apple_pick,observed_sfc,0,0,0,1,1,1,0.0,7,3,2,medium,high,0.75,medium,2,0.2,overconfident,0.7,,,counterexample_audit,724386
G,G_00362,apple_pick,risk_aware_sfc,0,0,0,1,1,1,0.0,7,3,2,medium,high,0.75,medium,2,0.2,overconfident,0.7,,,counterexample_audit,724386
G,G_00362,apple_pick,abstaining_sfc,0,0,0,1,1,1,0.0,7,3,2,medium,high,0.75,medium,2,0.2,overconfident,0.7,,,counterexample_audit,724386
G,G_00363,apple_pick,geometric_fc,1,0,1,0,1,0,0.05727329,7,3,-1,medium,high,0.75,medium,2,,,,,,counterexample_audit,724387
G,G_00363,apple_pick,oracle_sfc,0,0,0,0,1,0,0.0,7,3,-1,medium,high,0.75,medium,2,,,,,,counterexample_audit,724387
G,G_00363,apple_pick,semantic_only,1,0,1,0,1,0,0.0,7,3,-1,medium,high,0.75,medium,2,,,,,,counterexample_audit,724387
G,G_00363,apple_pick,posthoc_single,0,0,0,0,1,0,0.05727329,7,3,-1,medium,high,0.75,medium,2,,,,,,counterexample_audit,724387
G,G_00363,apple_pick,soft_penalty_fc,1,0,1,0,1,0,0.05727329,7,3,-1,medium,high,0.75,medium,2,,,,,,counterexample_audit,724387
G,G_00363,apple_pick,observed_sfc,1,0,1,0,1,0,0.04544023,7,3,2,medium,high,0.75,medium,2,0.2,overconfident,0.7,,,counterexample_audit,724387
G,G_00363,apple_pick,risk_aware_sfc,1,0,1,0,1,0,0.04544023,7,3,2,medium,high,0.75,medium,2,0.2,overconfident,0.7,,,counterexample_audit,724387
G,G_00363,apple_pick,abstaining_sfc,1,0,1,0,1,0,0.04544023,7,3,2,medium,high,0.75,medium,2,0.2,overconfident,0.7,,,counterexample_audit,724387
G,G_00364,apple_pick,geometric_fc,1,0,1,0,1,0,0.05925141,7,3,-1,medium,high,0.75,medium,2,,,,,,counterexample_audit,724388
G,G_00364,apple_pick,oracle_sfc,0,0,0,0,1,0,0.0,7,3,-1,medium,high,0.75,medium,2,,,,,,counterexample_audit,724388
G,G_00364,apple_pick,semantic_only,1,0,1,0,1,0,0.0,7,3,-1,medium,high,0.75,medium,2,,,,,,counterexample_audit,724388
G,G_00364,apple_pick,posthoc_single,0,0,0,0,1,0,0.05925141,7,3,-1,medium,high,0.75,medium,2,,,,,,counterexample_audit,724388
G,G_00364,apple_pick,soft_penalty_fc,1,0,1,0,1,0,0.05925141,7,3,-1,medium,high,0.75,medium,2,,,,,,counterexample_audit,724388
G,G_00364,apple_pick,observed_sfc,1,0,1,0,1,0,0.12126531,7,3,3,medium,high,0.75,medium,2,0.2,overconfident,0.7,,,counterexample_audit,724388
G,G_00364,apple_pick,risk_aware_sfc,1,0,1,0,1,0,0.12126531,7,3,3,medium,high,0.75,medium,2,0.2,overconfident,0.7,,,counterexample_audit,724388
G,G_00364,apple_pick,abstaining_sfc,1,0,1,0,1,0,0.12126531,7,3,3,medium,high,0.75,medium,2,0.2,overconfident,0.7,,,counterexample_audit,724388
G,G_00365,apple_pick,geometric_fc,1,0,1,1,1,1,0.05842159,7,3,-1,medium,high,0.75,medium,2,,,,,,counterexample_audit,724389
G,G_00365,apple_pick,oracle_sfc,1,1,0,0,1,1,0.02984346,7,3,-1,medium,high,0.75,medium,2,,,,,,counterexample_audit,724389
G,G_00365,apple_pick,semantic_only,1,1,0,0,1,1,0.0,7,3,-1,medium,high,0.75,medium,2,,,,,,counterexample_audit,724389
G,G_00365,apple_pick,posthoc_single,0,0,0,1,1,1,0.05842159,7,3,-1,medium,high,0.75,medium,2,,,,,,counterexample_audit,724389
G,G_00365,apple_pick,soft_penalty_fc,1,0,1,1,1,1,0.05842159,7,3,-1,medium,high,0.75,medium,2,,,,,,counterexample_audit,724389
G,G_00365,apple_pick,observed_sfc,1,1,0,0,1,1,0.02984346,7,3,3,medium,high,0.75,medium,2,0.2,overconfident,0.7,,,counterexample_audit,724389
G,G_00365,apple_pick,risk_aware_sfc,1,1,0,0,1,1,0.02984346,7,3,3,medium,high,0.75,medium,2,0.2,overconfident,0.7,,,counterexample_audit,724389
G,G_00365,apple_pick,abstaining_sfc,1,1,0,0,1,1,0.02984346,7,3,3,medium,high,0.75,medium,2,0.2,overconfident,0.7,,,counterexample_audit,724389
G,G_00366,apple_pick,geometric_fc,1,0,1,0,1,0,0.05447568,7,3,-1,medium,high,0.75,medium,2,,,,,,counterexample_audit,724390
G,G_00366,apple_pick,oracle_sfc,0,0,0,0,1,0,0.0,7,3,-1,medium,high,0.75,medium,2,,,,,,counterexample_audit,724390
G,G_00366,apple_pick,semantic_only,1,0,1,0,1,0,0.0,7,3,-1,medium,high,0.75,medium,2,,,,,,counterexample_audit,724390
G,G_00366,apple_pick,posthoc_single,0,0,0,0,1,0,0.05447568,7,3,-1,medium,high,0.75,medium,2,,,,,,counterexample_audit,724390
G,G_00366,apple_pick,soft_penalty_fc,1,0,1,0,1,0,0.05447568,7,3,-1,medium,high,0.75,medium,2,,,,,,counterexample_audit,724390
G,G_00366,apple_pick,observed_sfc,0,0,0,0,1,0,0.0,7,3,3,medium,high,0.75,medium,2,0.2,overconfident,0.7,,,counterexample_audit,724390
G,G_00366,apple_pick,risk_aware_sfc,0,0,0,0,1,0,0.0,7,3,3,medium,high,0.75,medium,2,0.2,overconfident,0.7,,,counterexample_audit,724390
G,G_00366,apple_pick,abstaining_sfc,0,0,0,0,1,0,0.0,7,3,3,medium,high,0.75,medium,2,0.2,overconfident,0.7,,,counterexample_audit,724390
G,G_00367,apple_pick,geometric_fc,1,0,1,0,1,0,0.05391042,7,3,-1,medium,high,0.75,medium,2,,,,,,counterexample_audit,724391
G,G_00367,apple_pick,oracle_sfc,0,0,0,0,1,0,0.0,7,3,-1,medium,high,0.75,medium,2,,,,,,counterexample_audit,724391
G,G_00367,apple_pick,semantic_only,1,0,1,0,1,0,0.0,7,3,-1,medium,high,0.75,medium,2,,,,,,counterexample_audit,724391
G,G_00367,apple_pick,posthoc_single,0,0,0,0,1,0,0.05391042,7,3,-1,medium,high,0.75,medium,2,,,,,,counterexample_audit,724391
G,G_00367,apple_pick,soft_penalty_fc,1,0,1,0,1,0,0.05391042,7,3,-1,medium,high,0.75,medium,2,,,,,,counterexample_audit,724391
G,G_00367,apple_pick,observed_sfc,0,0,0,0,1,0,0.0,7,3,3,medium,high,0.75,medium,2,0.2,overconfident,0.7,,,counterexample_audit,724391
G,G_00367,apple_pick,risk_aware_sfc,0,0,0,0,1,0,0.0,7,3,3,medium,high,0.75,medium,2,0.2,overconfident,0.7,,,counterexample_audit,724391
G,G_00367,apple_pick,abstaining_sfc,0,0,0,0,1,0,0.0,7,3,3,medium,high,0.75,medium,2,0.2,overconfident,0.7,,,counterexample_audit,724391
G,G_00368,apple_pick,geometric_fc,1,0,1,1,1,1,0.05714773,7,3,-1,medium,high,0.75,medium,2,,,,,,counterexample_audit,724392
G,G_00368,apple_pick,oracle_sfc,1,1,0,0,1,1,0.04155779,7,3,-1,medium,high,0.75,medium,2,,,,,,counterexample_audit,724392
G,G_00368,apple_pick,semantic_only,1,1,0,0,1,1,0.0,7,3,-1,medium,high,0.75,medium,2,,,,,,counterexample_audit,724392
G,G_00368,apple_pick,posthoc_single,0,0,0,1,1,1,0.05714773,7,3,-1,medium,high,0.75,medium,2,,,,,,counterexample_audit,724392
G,G_00368,apple_pick,soft_penalty_fc,1,0,1,1,1,1,0.05714773,7,3,-1,medium,high,0.75,medium,2,,,,,,counterexample_audit,724392
G,G_00368,apple_pick,observed_sfc,1,0,1,1,1,1,0.03581011,7,3,2,medium,high,0.75,medium,2,0.2,overconfident,0.7,,,counterexample_audit,724392
G,G_00368,apple_pick,risk_aware_sfc,1,0,1,1,1,1,0.03581011,7,3,2,medium,high,0.75,medium,2,0.2,overconfident,0.7,,,counterexample_audit,724392
G,G_00368,apple_pick,abstaining_sfc,1,0,1,1,1,1,0.03581011,7,3,2,medium,high,0.75,medium,2,0.2,overconfident,0.7,,,counterexample_audit,724392
G,G_00369,apple_pick,geometric_fc,1,0,1,0,1,0,0.06003494,7,3,-1,medium,high,0.75,medium,2,,,,,,counterexample_audit,724393
G,G_00369,apple_pick,oracle_sfc,0,0,0,0,1,0,0.0,7,3,-1,medium,high,0.75,medium,2,,,,,,counterexample_audit,724393
G,G_00369,apple_pick,semantic_only,1,0,1,0,1,0,0.0,7,3,-1,medium,high,0.75,medium,2,,,,,,counterexample_audit,724393
G,G_00369,apple_pick,posthoc_single,0,0,0,0,1,0,0.06003494,7,3,-1,medium,high,0.75,medium,2,,,,,,counterexample_audit,724393
G,G_00369,apple_pick,soft_penalty_fc,1,0,1,0,1,0,0.06003494,7,3,-1,medium,high,0.75,medium,2,,,,,,counterexample_audit,724393
G,G_00369,apple_pick,observed_sfc,0,0,0,0,1,0,0.0,7,3,3,medium,high,0.75,medium,2,0.2,overconfident,0.7,,,counterexample_audit,724393
G,G_00369,apple_pick,risk_aware_sfc,0,0,0,0,1,0,0.0,7,3,3,medium,high,0.75,medium,2,0.2,overconfident,0.7,,,counterexample_audit,724393
G,G_00369,apple_pick,abstaining_sfc,0,0,0,0,1,0,0.0,7,3,3,medium,high,0.75,medium,2,0.2,overconfident,0.7,,,counterexample_audit,724393
G,G_00370,apple_pick,geometric_fc,1,0,1,0,1,0,0.05764198,7,3,-1,medium,high,0.75,medium,2,,,,,,counterexample_audit,724394
G,G_00370,apple_pick,oracle_sfc,0,0,0,0,1,0,0.0,7,3,-1,medium,high,0.75,medium,2,,,,,,counterexample_audit,724394
G,G_00370,apple_pick,semantic_only,1,0,1,0,1,0,0.0,7,3,-1,medium,high,0.75,medium,2,,,,,,counterexample_audit,724394
G,G_00370,apple_pick,posthoc_single,0,0,0,0,1,0,0.05764198,7,3,-1,medium,high,0.75,medium,2,,,,,,counterexample_audit,724394
G,G_00370,apple_pick,soft_penalty_fc,1,0,1,0,1,0,0.05764198,7,3,-1,medium,high,0.75,medium,2,,,,,,counterexample_audit,724394
G,G_00370,apple_pick,observed_sfc,1,0,1,0,1,0,0.09903894,7,3,4,medium,high,0.75,medium,2,0.2,overconfident,0.7,,,counterexample_audit,724394
G,G_00370,apple_pick,risk_aware_sfc,1,0,1,0,1,0,0.09903894,7,3,4,medium,high,0.75,medium,2,0.2,overconfident,0.7,,,counterexample_audit,724394
G,G_00370,apple_pick,abstaining_sfc,1,0,1,0,1,0,0.09903894,7,3,4,medium,high,0.75,medium,2,0.2,overconfident,0.7,,,counterexample_audit,724394
G,G_00371,apple_pick,geometric_fc,1,0,1,0,1,0,0.05198046,7,3,-1,medium,high,0.75,medium,2,,,,,,counterexample_audit,724395
G,G_00371,apple_pick,oracle_sfc,0,0,0,0,1,0,0.0,7,3,-1,medium,high,0.75,medium,2,,,,,,counterexample_audit,724395
G,G_00371,apple_pick,semantic_only,1,0,1,0,1,0,0.0,7,3,-1,medium,high,0.75,medium,2,,,,,,counterexample_audit,724395
G,G_00371,apple_pick,posthoc_single,0,0,0,0,1,0,0.05198046,7,3,-1,medium,high,0.75,medium,2,,,,,,counterexample_audit,724395
G,G_00371,apple_pick,soft_penalty_fc,1,0,1,0,1,0,0.05198046,7,3,-1,medium,high,0.75,medium,2,,,,,,counterexample_audit,724395
G,G_00371,apple_pick,observed_sfc,1,0,1,0,1,0,0.10086417,7,3,4,medium,high,0.75,medium,2,0.2,overconfident,0.7,,,counterexample_audit,724395
G,G_00371,apple_pick,risk_aware_sfc,1,0,1,0,1,0,0.10086417,7,3,4,medium,high,0.75,medium,2,0.2,overconfident,0.7,,,counterexample_audit,724395
G,G_00371,apple_pick,abstaining_sfc,1,0,1,0,1,0,0.10086417,7,3,4,medium,high,0.75,medium,2,0.2,overconfident,0.7,,,counterexample_audit,724395
G,G_00372,apple_pick,geometric_fc,1,0,1,0,1,0,0.05755642,7,3,-1,medium,high,0.75,medium,2,,,,,,counterexample_audit,724396
G,G_00372,apple_pick,oracle_sfc,0,0,0,0,1,0,0.0,7,3,-1,medium,high,0.75,medium,2,,,,,,counterexample_audit,724396
G,G_00372,apple_pick,semantic_only,1,0,1,0,1,0,0.0,7,3,-1,medium,high,0.75,medium,2,,,,,,counterexample_audit,724396
G,G_00372,apple_pick,posthoc_single,0,0,0,0,1,0,0.05755642,7,3,-1,medium,high,0.75,medium,2,,,,,,counterexample_audit,724396
G,G_00372,apple_pick,soft_penalty_fc,1,0,1,0,1,0,0.05755642,7,3,-1,medium,high,0.75,medium,2,,,,,,counterexample_audit,724396
G,G_00372,apple_pick,observed_sfc,1,0,1,0,1,0,0.0817309,7,3,5,medium,high,0.75,medium,2,0.2,overconfident,0.7,,,counterexample_audit,724396
G,G_00372,apple_pick,risk_aware_sfc,1,0,1,0,1,0,0.0817309,7,3,5,medium,high,0.75,medium,2,0.2,overconfident,0.7,,,counterexample_audit,724396
G,G_00372,apple_pick,abstaining_sfc,1,0,1,0,1,0,0.0817309,7,3,5,medium,high,0.75,medium,2,0.2,overconfident,0.7,,,counterexample_audit,724396
G,G_00373,apple_pick,geometric_fc,1,0,1,1,1,1,0.05697887,7,3,-1,medium,high,0.75,medium,2,,,,,,counterexample_audit,724397
G,G_00373,apple_pick,oracle_sfc,1,1,0,0,1,1,0.01736597,7,3,-1,medium,high,0.75,medium,2,,,,,,counterexample_audit,724397
G,G_00373,apple_pick,semantic_only,1,1,0,0,1,1,0.0,7,3,-1,medium,high,0.75,medium,2,,,,,,counterexample_audit,724397
G,G_00373,apple_pick,posthoc_single,0,0,0,1,1,1,0.05697887,7,3,-1,medium,high,0.75,medium,2,,,,,,counterexample_audit,724397
G,G_00373,apple_pick,soft_penalty_fc,1,0,1,1,1,1,0.05697887,7,3,-1,medium,high,0.75,medium,2,,,,,,counterexample_audit,724397
G,G_00373,apple_pick,observed_sfc,0,0,0,1,1,1,0.0,7,3,1,medium,high,0.75,medium,2,0.2,overconfident,0.7,,,counterexample_audit,724397
G,G_00373,apple_pick,risk_aware_sfc,0,0,0,1,1,1,0.0,7,3,1,medium,high,0.75,medium,2,0.2,overconfident,0.7,,,counterexample_audit,724397
G,G_00373,apple_pick,abstaining_sfc,0,0,0,1,1,1,0.0,7,3,1,medium,high,0.75,medium,2,0.2,overconfident,0.7,,,counterexample_audit,724397
G,G_00374,apple_pick,geometric_fc,1,0,1,0,1,0,0.05877072,7,3,-1,medium,high,0.75,medium,2,,,,,,counterexample_audit,724398
G,G_00374,apple_pick,oracle_sfc,0,0,0,0,1,0,0.0,7,3,-1,medium,high,0.75,medium,2,,,,,,counterexample_audit,724398
G,G_00374,apple_pick,semantic_only,1,0,1,0,1,0,0.0,7,3,-1,medium,high,0.75,medium,2,,,,,,counterexample_audit,724398
G,G_00374,apple_pick,posthoc_single,0,0,0,0,1,0,0.05877072,7,3,-1,medium,high,0.75,medium,2,,,,,,counterexample_audit,724398
G,G_00374,apple_pick,soft_penalty_fc,1,0,1,0,1,0,0.05877072,7,3,-1,medium,high,0.75,medium,2,,,,,,counterexample_audit,724398
G,G_00374,apple_pick,observed_sfc,0,0,0,0,1,0,0.0,7,3,2,medium,high,0.75,medium,2,0.2,overconfident,0.7,,,counterexample_audit,724398
G,G_00374,apple_pick,risk_aware_sfc,0,0,0,0,1,0,0.0,7,3,2,medium,high,0.75,medium,2,0.2,overconfident,0.7,,,counterexample_audit,724398
G,G_00374,apple_pick,abstaining_sfc,0,0,0,0,1,0,0.0,7,3,2,medium,high,0.75,medium,2,0.2,overconfident,0.7,,,counterexample_audit,724398
G,G_00375,apple_pick,geometric_fc,1,0,1,0,1,0,0.05899177,7,3,-1,medium,high,0.75,medium,2,,,,,,counterexample_audit,724399
G,G_00375,apple_pick,oracle_sfc,0,0,0,0,1,0,0.0,7,3,-1,medium,high,0.75,medium,2,,,,,,counterexample_audit,724399
G,G_00375,apple_pick,semantic_only,1,0,1,0,1,0,0.0,7,3,-1,medium,high,0.75,medium,2,,,,,,counterexample_audit,724399
G,G_00375,apple_pick,posthoc_single,0,0,0,0,1,0,0.05899177,7,3,-1,medium,high,0.75,medium,2,,,,,,counterexample_audit,724399
G,G_00375,apple_pick,soft_penalty_fc,1,0,1,0,1,0,0.05899177,7,3,-1,medium,high,0.75,medium,2,,,,,,counterexample_audit,724399
G,G_00375,apple_pick,observed_sfc,0,0,0,0,1,0,0.0,7,3,3,medium,high,0.75,medium,2,0.2,overconfident,0.7,,,counterexample_audit,724399
G,G_00375,apple_pick,risk_aware_sfc,0,0,0,0,1,0,0.0,7,3,3,medium,high,0.75,medium,2,0.2,overconfident,0.7,,,counterexample_audit,724399
G,G_00375,apple_pick,abstaining_sfc,0,0,0,0,1,0,0.0,7,3,3,medium,high,0.75,medium,2,0.2,overconfident,0.7,,,counterexample_audit,724399
G,G_00376,apple_pick,geometric_fc,1,0,1,0,1,0,0.05367852,7,3,-1,medium,high,0.75,medium,2,,,,,,counterexample_audit,724400
G,G_00376,apple_pick,oracle_sfc,0,0,0,0,1,0,0.0,7,3,-1,medium,high,0.75,medium,2,,,,,,counterexample_audit,724400
G,G_00376,apple_pick,semantic_only,1,0,1,0,1,0,0.0,7,3,-1,medium,high,0.75,medium,2,,,,,,counterexample_audit,724400
G,G_00376,apple_pick,posthoc_single,0,0,0,0,1,0,0.05367852,7,3,-1,medium,high,0.75,medium,2,,,,,,counterexample_audit,724400
G,G_00376,apple_pick,soft_penalty_fc,1,0,1,0,1,0,0.05367852,7,3,-1,medium,high,0.75,medium,2,,,,,,counterexample_audit,724400
G,G_00376,apple_pick,observed_sfc,0,0,0,0,1,0,0.0,7,3,3,medium,high,0.75,medium,2,0.2,overconfident,0.7,,,counterexample_audit,724400
G,G_00376,apple_pick,risk_aware_sfc,0,0,0,0,1,0,0.0,7,3,3,medium,high,0.75,medium,2,0.2,overconfident,0.7,,,counterexample_audit,724400
G,G_00376,apple_pick,abstaining_sfc,0,0,0,0,1,0,0.0,7,3,3,medium,high,0.75,medium,2,0.2,overconfident,0.7,,,counterexample_audit,724400
G,G_00377,apple_pick,geometric_fc,1,0,1,0,1,0,0.05543595,7,3,-1,medium,high,0.75,medium,2,,,,,,counterexample_audit,724401
G,G_00377,apple_pick,oracle_sfc,0,0,0,0,1,0,0.0,7,3,-1,medium,high,0.75,medium,2,,,,,,counterexample_audit,724401
G,G_00377,apple_pick,semantic_only,1,0,1,0,1,0,0.0,7,3,-1,medium,high,0.75,medium,2,,,,,,counterexample_audit,724401
G,G_00377,apple_pick,posthoc_single,0,0,0,0,1,0,0.05543595,7,3,-1,medium,high,0.75,medium,2,,,,,,counterexample_audit,724401
G,G_00377,apple_pick,soft_penalty_fc,1,0,1,0,1,0,0.05543595,7,3,-1,medium,high,0.75,medium,2,,,,,,counterexample_audit,724401
G,G_00377,apple_pick,observed_sfc,1,0,1,0,1,0,0.05675295,7,3,4,medium,high,0.75,medium,2,0.2,overconfident,0.7,,,counterexample_audit,724401
G,G_00377,apple_pick,risk_aware_sfc,1,0,1,0,1,0,0.05675295,7,3,4,medium,high,0.75,medium,2,0.2,overconfident,0.7,,,counterexample_audit,724401
G,G_00377,apple_pick,abstaining_sfc,1,0,1,0,1,0,0.05675295,7,3,4,medium,high,0.75,medium,2,0.2,overconfident,0.7,,,counterexample_audit,724401
G,G_00378,apple_pick,geometric_fc,1,0,1,0,1,0,0.0522068,7,3,-1,medium,high,0.75,medium,2,,,,,,counterexample_audit,724402
G,G_00378,apple_pick,oracle_sfc,0,0,0,0,1,0,0.0,7,3,-1,medium,high,0.75,medium,2,,,,,,counterexample_audit,724402
G,G_00378,apple_pick,semantic_only,1,0,1,0,1,0,0.0,7,3,-1,medium,high,0.75,medium,2,,,,,,counterexample_audit,724402
G,G_00378,apple_pick,posthoc_single,0,0,0,0,1,0,0.0522068,7,3,-1,medium,high,0.75,medium,2,,,,,,counterexample_audit,724402
G,G_00378,apple_pick,soft_penalty_fc,1,0,1,0,1,0,0.0522068,7,3,-1,medium,high,0.75,medium,2,,,,,,counterexample_audit,724402
G,G_00378,apple_pick,observed_sfc,1,0,1,0,1,0,0.11499615,7,3,3,medium,high,0.75,medium,2,0.2,overconfident,0.7,,,counterexample_audit,724402
G,G_00378,apple_pick,risk_aware_sfc,1,0,1,0,1,0,0.11499615,7,3,3,medium,high,0.75,medium,2,0.2,overconfident,0.7,,,counterexample_audit,724402
G,G_00378,apple_pick,abstaining_sfc,1,0,1,0,1,0,0.11499615,7,3,3,medium,high,0.75,medium,2,0.2,overconfident,0.7,,,counterexample_audit,724402
G,G_00379,apple_pick,geometric_fc,1,0,1,1,1,1,0.05815353,7,3,-1,medium,high,0.75,medium,2,,,,,,counterexample_audit,724403
G,G_00379,apple_pick,oracle_sfc,1,1,0,0,1,1,0.00494964,7,3,-1,medium,high,0.75,medium,2,,,,,,counterexample_audit,724403
G,G_00379,apple_pick,semantic_only,1,1,0,0,1,1,0.0,7,3,-1,medium,high,0.75,medium,2,,,,,,counterexample_audit,724403
G,G_00379,apple_pick,posthoc_single,0,0,0,1,1,1,0.05815353,7,3,-1,medium,high,0.75,medium,2,,,,,,counterexample_audit,724403
G,G_00379,apple_pick,soft_penalty_fc,1,0,1,1,1,1,0.05815353,7,3,-1,medium,high,0.75,medium,2,,,,,,counterexample_audit,724403
G,G_00379,apple_pick,observed_sfc,1,0,1,1,1,1,0.10464706,7,3,3,medium,high,0.75,medium,2,0.2,overconfident,0.7,,,counterexample_audit,724403
G,G_00379,apple_pick,risk_aware_sfc,1,0,1,1,1,1,0.10464706,7,3,3,medium,high,0.75,medium,2,0.2,overconfident,0.7,,,counterexample_audit,724403
G,G_00379,apple_pick,abstaining_sfc,1,0,1,1,1,1,0.10464706,7,3,3,medium,high,0.75,medium,2,0.2,overconfident,0.7,,,counterexample_audit,724403
G,G_00380,apple_pick,geometric_fc,1,0,1,1,1,1,0.05650518,7,3,-1,medium,high,0.75,medium,2,,,,,,counterexample_audit,724404
G,G_00380,apple_pick,oracle_sfc,1,1,0,0,1,1,0.04246365,7,3,-1,medium,high,0.75,medium,2,,,,,,counterexample_audit,724404
G,G_00380,apple_pick,semantic_only,1,1,0,0,1,1,0.0,7,3,-1,medium,high,0.75,medium,2,,,,,,counterexample_audit,724404
G,G_00380,apple_pick,posthoc_single,0,0,0,1,1,1,0.05650518,7,3,-1,medium,high,0.75,medium,2,,,,,,counterexample_audit,724404
G,G_00380,apple_pick,soft_penalty_fc,1,0,1,1,1,1,0.05650518,7,3,-1,medium,high,0.75,medium,2,,,,,,counterexample_audit,724404
G,G_00380,apple_pick,observed_sfc,1,0,1,1,1,1,0.09292089,7,3,5,medium,high,0.75,medium,2,0.2,overconfident,0.7,,,counterexample_audit,724404
G,G_00380,apple_pick,risk_aware_sfc,1,0,1,1,1,1,0.09292089,7,3,5,medium,high,0.75,medium,2,0.2,overconfident,0.7,,,counterexample_audit,724404
G,G_00380,apple_pick,abstaining_sfc,1,0,1,1,1,1,0.09292089,7,3,5,medium,high,0.75,medium,2,0.2,overconfident,0.7,,,counterexample_audit,724404
G,G_00381,apple_pick,geometric_fc,1,0,1,0,1,0,0.05687476,7,3,-1,medium,high,0.75,medium,2,,,,,,counterexample_audit,724405
G,G_00381,apple_pick,oracle_sfc,0,0,0,0,1,0,0.0,7,3,-1,medium,high,0.75,medium,2,,,,,,counterexample_audit,724405
G,G_00381,apple_pick,semantic_only,1,0,1,0,1,0,0.0,7,3,-1,medium,high,0.75,medium,2,,,,,,counterexample_audit,724405
G,G_00381,apple_pick,posthoc_single,0,0,0,0,1,0,0.05687476,7,3,-1,medium,high,0.75,medium,2,,,,,,counterexample_audit,724405
G,G_00381,apple_pick,soft_penalty_fc,1,0,1,0,1,0,0.05687476,7,3,-1,medium,high,0.75,medium,2,,,,,,counterexample_audit,724405
G,G_00381,apple_pick,observed_sfc,0,0,0,0,1,0,0.0,7,3,3,medium,high,0.75,medium,2,0.2,overconfident,0.7,,,counterexample_audit,724405
G,G_00381,apple_pick,risk_aware_sfc,0,0,0,0,1,0,0.0,7,3,3,medium,high,0.75,medium,2,0.2,overconfident,0.7,,,counterexample_audit,724405
G,G_00381,apple_pick,abstaining_sfc,0,0,0,0,1,0,0.0,7,3,3,medium,high,0.75,medium,2,0.2,overconfident,0.7,,,counterexample_audit,724405
G,G_00382,apple_pick,geometric_fc,1,0,1,0,1,0,0.05673547,7,3,-1,medium,high,0.75,medium,2,,,,,,counterexample_audit,724406
G,G_00382,apple_pick,oracle_sfc,0,0,0,0,1,0,0.0,7,3,-1,medium,high,0.75,medium,2,,,,,,counterexample_audit,724406
G,G_00382,apple_pick,semantic_only,1,0,1,0,1,0,0.0,7,3,-1,medium,high,0.75,medium,2,,,,,,counterexample_audit,724406
G,G_00382,apple_pick,posthoc_single,0,0,0,0,1,0,0.05673547,7,3,-1,medium,high,0.75,medium,2,,,,,,counterexample_audit,724406
G,G_00382,apple_pick,soft_penalty_fc,1,0,1,0,1,0,0.05673547,7,3,-1,medium,high,0.75,medium,2,,,,,,counterexample_audit,724406
G,G_00382,apple_pick,observed_sfc,0,0,0,0,1,0,0.0,7,3,1,medium,high,0.75,medium,2,0.2,overconfident,0.7,,,counterexample_audit,724406
G,G_00382,apple_pick,risk_aware_sfc,0,0,0,0,1,0,0.0,7,3,1,medium,high,0.75,medium,2,0.2,overconfident,0.7,,,counterexample_audit,724406
G,G_00382,apple_pick,abstaining_sfc,0,0,0,0,1,0,0.0,7,3,1,medium,high,0.75,medium,2,0.2,overconfident,0.7,,,counterexample_audit,724406
G,G_00383,apple_pick,geometric_fc,1,0,1,1,1,1,0.05453834,7,3,-1,medium,high,0.75,medium,2,,,,,,counterexample_audit,724407
G,G_00383,apple_pick,oracle_sfc,1,1,0,0,1,1,0.06066148,7,3,-1,medium,high,0.75,medium,2,,,,,,counterexample_audit,724407
G,G_00383,apple_pick,semantic_only,1,1,0,0,1,1,0.0,7,3,-1,medium,high,0.75,medium,2,,,,,,counterexample_audit,724407
G,G_00383,apple_pick,posthoc_single,0,0,0,1,1,1,0.05453834,7,3,-1,medium,high,0.75,medium,2,,,,,,counterexample_audit,724407
G,G_00383,apple_pick,soft_penalty_fc,1,0,1,1,1,1,0.05453834,7,3,-1,medium,high,0.75,medium,2,,,,,,counterexample_audit,724407
G,G_00383,apple_pick,observed_sfc,1,0,1,1,1,1,0.09874627,7,3,4,medium,high,0.75,medium,2,0.2,overconfident,0.7,,,counterexample_audit,724407
G,G_00383,apple_pick,risk_aware_sfc,1,0,1,1,1,1,0.09874627,7,3,4,medium,high,0.75,medium,2,0.2,overconfident,0.7,,,counterexample_audit,724407
G,G_00383,apple_pick,abstaining_sfc,1,0,1,1,1,1,0.09874627,7,3,4,medium,high,0.75,medium,2,0.2,overconfident,0.7,,,counterexample_audit,724407
G,G_00384,apple_pick,geometric_fc,1,0,1,0,1,0,0.04937835,7,3,-1,medium,high,0.75,medium,2,,,,,,counterexample_audit,724408
G,G_00384,apple_pick,oracle_sfc,0,0,0,0,1,0,0.0,7,3,-1,medium,high,0.75,medium,2,,,,,,counterexample_audit,724408
G,G_00384,apple_pick,semantic_only,1,0,1,0,1,0,0.0,7,3,-1,medium,high,0.75,medium,2,,,,,,counterexample_audit,724408
G,G_00384,apple_pick,posthoc_single,0,0,0,0,1,0,0.04937835,7,3,-1,medium,high,0.75,medium,2,,,,,,counterexample_audit,724408
G,G_00384,apple_pick,soft_penalty_fc,1,0,1,0,1,0,0.04937835,7,3,-1,medium,high,0.75,medium,2,,,,,,counterexample_audit,724408
G,G_00384,apple_pick,observed_sfc,1,0,1,0,1,0,0.06032958,7,3,4,medium,high,0.75,medium,2,0.2,overconfident,0.7,,,counterexample_audit,724408
G,G_00384,apple_pick,risk_aware_sfc,1,0,1,0,1,0,0.06032958,7,3,4,medium,high,0.75,medium,2,0.2,overconfident,0.7,,,counterexample_audit,724408
G,G_00384,apple_pick,abstaining_sfc,1,0,1,0,1,0,0.06032958,7,3,4,medium,high,0.75,medium,2,0.2,overconfident,0.7,,,counterexample_audit,724408
G,G_00385,apple_pick,geometric_fc,1,0,1,0,1,0,0.05566088,7,3,-1,medium,high,0.75,medium,2,,,,,,counterexample_audit,724409
G,G_00385,apple_pick,oracle_sfc,0,0,0,0,1,0,0.0,7,3,-1,medium,high,0.75,medium,2,,,,,,counterexample_audit,724409
G,G_00385,apple_pick,semantic_only,1,0,1,0,1,0,0.0,7,3,-1,medium,high,0.75,medium,2,,,,,,counterexample_audit,724409
G,G_00385,apple_pick,posthoc_single,0,0,0,0,1,0,0.05566088,7,3,-1,medium,high,0.75,medium,2,,,,,,counterexample_audit,724409
G,G_00385,apple_pick,soft_penalty_fc,1,0,1,0,1,0,0.05566088,7,3,-1,medium,high,0.75,medium,2,,,,,,counterexample_audit,724409
G,G_00385,apple_pick,observed_sfc,0,0,0,0,1,0,0.0,7,3,1,medium,high,0.75,medium,2,0.2,overconfident,0.7,,,counterexample_audit,724409
G,G_00385,apple_pick,risk_aware_sfc,0,0,0,0,1,0,0.0,7,3,1,medium,high,0.75,medium,2,0.2,overconfident,0.7,,,counterexample_audit,724409
G,G_00385,apple_pick,abstaining_sfc,0,0,0,0,1,0,0.0,7,3,1,medium,high,0.75,medium,2,0.2,overconfident,0.7,,,counterexample_audit,724409
G,G_00386,apple_pick,geometric_fc,1,0,1,0,1,0,0.05644842,7,3,-1,medium,high,0.75,medium,2,,,,,,counterexample_audit,724410
G,G_00386,apple_pick,oracle_sfc,0,0,0,0,1,0,0.0,7,3,-1,medium,high,0.75,medium,2,,,,,,counterexample_audit,724410
G,G_00386,apple_pick,semantic_only,1,0,1,0,1,0,0.0,7,3,-1,medium,high,0.75,medium,2,,,,,,counterexample_audit,724410
G,G_00386,apple_pick,posthoc_single,0,0,0,0,1,0,0.05644842,7,3,-1,medium,high,0.75,medium,2,,,,,,counterexample_audit,724410
G,G_00386,apple_pick,soft_penalty_fc,1,0,1,0,1,0,0.05644842,7,3,-1,medium,high,0.75,medium,2,,,,,,counterexample_audit,724410
G,G_00386,apple_pick,observed_sfc,0,0,0,0,1,0,0.0,7,3,3,medium,high,0.75,medium,2,0.2,overconfident,0.7,,,counterexample_audit,724410
G,G_00386,apple_pick,risk_aware_sfc,0,0,0,0,1,0,0.0,7,3,3,medium,high,0.75,medium,2,0.2,overconfident,0.7,,,counterexample_audit,724410
G,G_00386,apple_pick,abstaining_sfc,0,0,0,0,1,0,0.0,7,3,3,medium,high,0.75,medium,2,0.2,overconfident,0.7,,,counterexample_audit,724410
G,G_00387,apple_pick,geometric_fc,1,0,1,1,1,1,0.0564428,7,3,-1,medium,high,0.75,medium,2,,,,,,counterexample_audit,724411
G,G_00387,apple_pick,oracle_sfc,1,1,0,0,1,1,0.00394542,7,3,-1,medium,high,0.75,medium,2,,,,,,counterexample_audit,724411
G,G_00387,apple_pick,semantic_only,1,1,0,0,1,1,0.0,7,3,-1,medium,high,0.75,medium,2,,,,,,counterexample_audit,724411
G,G_00387,apple_pick,posthoc_single,0,0,0,1,1,1,0.0564428,7,3,-1,medium,high,0.75,medium,2,,,,,,counterexample_audit,724411
G,G_00387,apple_pick,soft_penalty_fc,1,0,1,1,1,1,0.0564428,7,3,-1,medium,high,0.75,medium,2,,,,,,counterexample_audit,724411
G,G_00387,apple_pick,observed_sfc,1,0,1,1,1,1,0.0964654,7,3,4,medium,high,0.75,medium,2,0.2,overconfident,0.7,,,counterexample_audit,724411
G,G_00387,apple_pick,risk_aware_sfc,1,0,1,1,1,1,0.0964654,7,3,4,medium,high,0.75,medium,2,0.2,overconfident,0.7,,,counterexample_audit,724411
G,G_00387,apple_pick,abstaining_sfc,1,0,1,1,1,1,0.0964654,7,3,4,medium,high,0.75,medium,2,0.2,overconfident,0.7,,,counterexample_audit,724411
G,G_00388,apple_pick,geometric_fc,1,0,1,0,1,0,0.05757301,7,3,-1,medium,high,0.75,medium,2,,,,,,counterexample_audit,724412
G,G_00388,apple_pick,oracle_sfc,0,0,0,0,1,0,0.0,7,3,-1,medium,high,0.75,medium,2,,,,,,counterexample_audit,724412
G,G_00388,apple_pick,semantic_only,1,0,1,0,1,0,0.0,7,3,-1,medium,high,0.75,medium,2,,,,,,counterexample_audit,724412
G,G_00388,apple_pick,posthoc_single,0,0,0,0,1,0,0.05757301,7,3,-1,medium,high,0.75,medium,2,,,,,,counterexample_audit,724412
G,G_00388,apple_pick,soft_penalty_fc,1,0,1,0,1,0,0.05757301,7,3,-1,medium,high,0.75,medium,2,,,,,,counterexample_audit,724412
G,G_00388,apple_pick,observed_sfc,0,0,0,0,1,0,0.0,7,3,3,medium,high,0.75,medium,2,0.2,overconfident,0.7,,,counterexample_audit,724412
G,G_00388,apple_pick,risk_aware_sfc,0,0,0,0,1,0,0.0,7,3,3,medium,high,0.75,medium,2,0.2,overconfident,0.7,,,counterexample_audit,724412
G,G_00388,apple_pick,abstaining_sfc,0,0,0,0,1,0,0.0,7,3,3,medium,high,0.75,medium,2,0.2,overconfident,0.7,,,counterexample_audit,724412
G,G_00389,apple_pick,geometric_fc,1,0,1,0,1,0,0.06190394,7,3,-1,medium,high,0.75,medium,2,,,,,,counterexample_audit,724413
G,G_00389,apple_pick,oracle_sfc,0,0,0,0,1,0,0.0,7,3,-1,medium,high,0.75,medium,2,,,,,,counterexample_audit,724413
G,G_00389,apple_pick,semantic_only,1,0,1,0,1,0,0.0,7,3,-1,medium,high,0.75,medium,2,,,,,,counterexample_audit,724413
G,G_00389,apple_pick,posthoc_single,0,0,0,0,1,0,0.06190394,7,3,-1,medium,high,0.75,medium,2,,,,,,counterexample_audit,724413
G,G_00389,apple_pick,soft_penalty_fc,1,0,1,0,1,0,0.06190394,7,3,-1,medium,high,0.75,medium,2,,,,,,counterexample_audit,724413
G,G_00389,apple_pick,observed_sfc,0,0,0,0,1,0,0.0,7,3,3,medium,high,0.75,medium,2,0.2,overconfident,0.7,,,counterexample_audit,724413
G,G_00389,apple_pick,risk_aware_sfc,0,0,0,0,1,0,0.0,7,3,3,medium,high,0.75,medium,2,0.2,overconfident,0.7,,,counterexample_audit,724413
G,G_00389,apple_pick,abstaining_sfc,0,0,0,0,1,0,0.0,7,3,3,medium,high,0.75,medium,2,0.2,overconfident,0.7,,,counterexample_audit,724413
G,G_00390,apple_pick,geometric_fc,1,0,1,0,1,0,0.05616076,7,3,-1,medium,high,0.75,medium,2,,,,,,counterexample_audit,724414
G,G_00390,apple_pick,oracle_sfc,0,0,0,0,1,0,0.0,7,3,-1,medium,high,0.75,medium,2,,,,,,counterexample_audit,724414
G,G_00390,apple_pick,semantic_only,1,0,1,0,1,0,0.0,7,3,-1,medium,high,0.75,medium,2,,,,,,counterexample_audit,724414
G,G_00390,apple_pick,posthoc_single,0,0,0,0,1,0,0.05616076,7,3,-1,medium,high,0.75,medium,2,,,,,,counterexample_audit,724414
G,G_00390,apple_pick,soft_penalty_fc,1,0,1,0,1,0,0.05616076,7,3,-1,medium,high,0.75,medium,2,,,,,,counterexample_audit,724414
G,G_00390,apple_pick,observed_sfc,0,0,0,0,1,0,0.0,7,3,3,medium,high,0.75,medium,2,0.2,overconfident,0.7,,,counterexample_audit,724414
G,G_00390,apple_pick,risk_aware_sfc,0,0,0,0,1,0,0.0,7,3,3,medium,high,0.75,medium,2,0.2,overconfident,0.7,,,counterexample_audit,724414
G,G_00390,apple_pick,abstaining_sfc,0,0,0,0,1,0,0.0,7,3,3,medium,high,0.75,medium,2,0.2,overconfident,0.7,,,counterexample_audit,724414
G,G_00391,apple_pick,geometric_fc,1,0,1,1,1,1,0.05747782,7,3,-1,medium,high,0.75,medium,2,,,,,,counterexample_audit,724415
G,G_00391,apple_pick,oracle_sfc,1,1,0,0,1,1,0.00306967,7,3,-1,medium,high,0.75,medium,2,,,,,,counterexample_audit,724415
G,G_00391,apple_pick,semantic_only,1,1,0,0,1,1,0.0,7,3,-1,medium,high,0.75,medium,2,,,,,,counterexample_audit,724415
G,G_00391,apple_pick,posthoc_single,0,0,0,1,1,1,0.05747782,7,3,-1,medium,high,0.75,medium,2,,,,,,counterexample_audit,724415
G,G_00391,apple_pick,soft_penalty_fc,1,0,1,1,1,1,0.05747782,7,3,-1,medium,high,0.75,medium,2,,,,,,counterexample_audit,724415
G,G_00391,apple_pick,observed_sfc,1,1,0,0,1,1,0.00306967,7,3,3,medium,high,0.75,medium,2,0.2,overconfident,0.7,,,counterexample_audit,724415
G,G_00391,apple_pick,risk_aware_sfc,1,1,0,0,1,1,0.00306967,7,3,3,medium,high,0.75,medium,2,0.2,overconfident,0.7,,,counterexample_audit,724415
G,G_00391,apple_pick,abstaining_sfc,1,1,0,0,1,1,0.00306967,7,3,3,medium,high,0.75,medium,2,0.2,overconfident,0.7,,,counterexample_audit,724415
G,G_00392,apple_pick,geometric_fc,1,0,1,0,1,0,0.05498196,7,3,-1,medium,high,0.75,medium,2,,,,,,counterexample_audit,724416
G,G_00392,apple_pick,oracle_sfc,0,0,0,0,1,0,0.0,7,3,-1,medium,high,0.75,medium,2,,,,,,counterexample_audit,724416
G,G_00392,apple_pick,semantic_only,1,0,1,0,1,0,0.0,7,3,-1,medium,high,0.75,medium,2,,,,,,counterexample_audit,724416
G,G_00392,apple_pick,posthoc_single,0,0,0,0,1,0,0.05498196,7,3,-1,medium,high,0.75,medium,2,,,,,,counterexample_audit,724416
G,G_00392,apple_pick,soft_penalty_fc,1,0,1,0,1,0,0.05498196,7,3,-1,medium,high,0.75,medium,2,,,,,,counterexample_audit,724416
G,G_00392,apple_pick,observed_sfc,1,0,1,0,1,0,0.09106081,7,3,4,medium,high,0.75,medium,2,0.2,overconfident,0.7,,,counterexample_audit,724416
G,G_00392,apple_pick,risk_aware_sfc,1,0,1,0,1,0,0.09106081,7,3,4,medium,high,0.75,medium,2,0.2,overconfident,0.7,,,counterexample_audit,724416
G,G_00392,apple_pick,abstaining_sfc,1,0,1,0,1,0,0.09106081,7,3,4,medium,high,0.75,medium,2,0.2,overconfident,0.7,,,counterexample_audit,724416
G,G_00393,apple_pick,geometric_fc,1,0,1,0,1,0,0.05092732,7,3,-1,medium,high,0.75,medium,2,,,,,,counterexample_audit,724417
G,G_00393,apple_pick,oracle_sfc,0,0,0,0,1,0,0.0,7,3,-1,medium,high,0.75,medium,2,,,,,,counterexample_audit,724417
G,G_00393,apple_pick,semantic_only,1,0,1,0,1,0,0.0,7,3,-1,medium,high,0.75,medium,2,,,,,,counterexample_audit,724417
G,G_00393,apple_pick,posthoc_single,0,0,0,0,1,0,0.05092732,7,3,-1,medium,high,0.75,medium,2,,,,,,counterexample_audit,724417
G,G_00393,apple_pick,soft_penalty_fc,1,0,1,0,1,0,0.05092732,7,3,-1,medium,high,0.75,medium,2,,,,,,counterexample_audit,724417
G,G_00393,apple_pick,observed_sfc,0,0,0,0,1,0,0.0,7,3,3,medium,high,0.75,medium,2,0.2,overconfident,0.7,,,counterexample_audit,724417
G,G_00393,apple_pick,risk_aware_sfc,0,0,0,0,1,0,0.0,7,3,3,medium,high,0.75,medium,2,0.2,overconfident,0.7,,,counterexample_audit,724417
G,G_00393,apple_pick,abstaining_sfc,0,0,0,0,1,0,0.0,7,3,3,medium,high,0.75,medium,2,0.2,overconfident,0.7,,,counterexample_audit,724417
G,G_00394,apple_pick,geometric_fc,1,0,1,1,1,1,0.05726527,7,3,-1,medium,high,0.75,medium,2,,,,,,counterexample_audit,724418
G,G_00394,apple_pick,oracle_sfc,1,1,0,0,1,1,0.01666491,7,3,-1,medium,high,0.75,medium,2,,,,,,counterexample_audit,724418
G,G_00394,apple_pick,semantic_only,1,1,0,0,1,1,0.0,7,3,-1,medium,high,0.75,medium,2,,,,,,counterexample_audit,724418
G,G_00394,apple_pick,posthoc_single,0,0,0,1,1,1,0.05726527,7,3,-1,medium,high,0.75,medium,2,,,,,,counterexample_audit,724418
G,G_00394,apple_pick,soft_penalty_fc,1,0,1,1,1,1,0.05726527,7,3,-1,medium,high,0.75,medium,2,,,,,,counterexample_audit,724418
G,G_00394,apple_pick,observed_sfc,1,0,1,1,1,1,0.096635,7,3,5,medium,high,0.75,medium,2,0.2,overconfident,0.7,,,counterexample_audit,724418
G,G_00394,apple_pick,risk_aware_sfc,1,0,1,1,1,1,0.096635,7,3,5,medium,high,0.75,medium,2,0.2,overconfident,0.7,,,counterexample_audit,724418
G,G_00394,apple_pick,abstaining_sfc,1,0,1,1,1,1,0.096635,7,3,5,medium,high,0.75,medium,2,0.2,overconfident,0.7,,,counterexample_audit,724418
G,G_00395,apple_pick,geometric_fc,1,0,1,0,1,0,0.05882812,7,3,-1,medium,high,0.75,medium,2,,,,,,counterexample_audit,724419
G,G_00395,apple_pick,oracle_sfc,0,0,0,0,1,0,0.0,7,3,-1,medium,high,0.75,medium,2,,,,,,counterexample_audit,724419
G,G_00395,apple_pick,semantic_only,1,0,1,0,1,0,0.0,7,3,-1,medium,high,0.75,medium,2,,,,,,counterexample_audit,724419
G,G_00395,apple_pick,posthoc_single,0,0,0,0,1,0,0.05882812,7,3,-1,medium,high,0.75,medium,2,,,,,,counterexample_audit,724419
G,G_00395,apple_pick,soft_penalty_fc,1,0,1,0,1,0,0.05882812,7,3,-1,medium,high,0.75,medium,2,,,,,,counterexample_audit,724419
G,G_00395,apple_pick,observed_sfc,1,0,1,0,1,0,0.11177529,7,3,3,medium,high,0.75,medium,2,0.2,overconfident,0.7,,,counterexample_audit,724419
G,G_00395,apple_pick,risk_aware_sfc,1,0,1,0,1,0,0.11177529,7,3,3,medium,high,0.75,medium,2,0.2,overconfident,0.7,,,counterexample_audit,724419
G,G_00395,apple_pick,abstaining_sfc,1,0,1,0,1,0,0.11177529,7,3,3,medium,high,0.75,medium,2,0.2,overconfident,0.7,,,counterexample_audit,724419
G,G_00396,apple_pick,geometric_fc,1,0,1,1,1,1,0.05583432,7,3,-1,medium,high,0.75,medium,2,,,,,,counterexample_audit,724420
G,G_00396,apple_pick,oracle_sfc,1,1,0,0,1,1,0.01501054,7,3,-1,medium,high,0.75,medium,2,,,,,,counterexample_audit,724420
G,G_00396,apple_pick,semantic_only,1,1,0,0,1,1,0.0,7,3,-1,medium,high,0.75,medium,2,,,,,,counterexample_audit,724420
G,G_00396,apple_pick,posthoc_single,0,0,0,1,1,1,0.05583432,7,3,-1,medium,high,0.75,medium,2,,,,,,counterexample_audit,724420
G,G_00396,apple_pick,soft_penalty_fc,1,0,1,1,1,1,0.05583432,7,3,-1,medium,high,0.75,medium,2,,,,,,counterexample_audit,724420
G,G_00396,apple_pick,observed_sfc,0,0,0,1,1,1,0.0,7,3,2,medium,high,0.75,medium,2,0.2,overconfident,0.7,,,counterexample_audit,724420
G,G_00396,apple_pick,risk_aware_sfc,0,0,0,1,1,1,0.0,7,3,2,medium,high,0.75,medium,2,0.2,overconfident,0.7,,,counterexample_audit,724420
G,G_00396,apple_pick,abstaining_sfc,0,0,0,1,1,1,0.0,7,3,2,medium,high,0.75,medium,2,0.2,overconfident,0.7,,,counterexample_audit,724420
G,G_00397,apple_pick,geometric_fc,1,0,1,1,1,1,0.05940285,7,3,-1,medium,high,0.75,medium,2,,,,,,counterexample_audit,724421
G,G_00397,apple_pick,oracle_sfc,1,1,0,0,1,1,0.05431467,7,3,-1,medium,high,0.75,medium,2,,,,,,counterexample_audit,724421
G,G_00397,apple_pick,semantic_only,1,1,0,0,1,1,0.0,7,3,-1,medium,high,0.75,medium,2,,,,,,counterexample_audit,724421
G,G_00397,apple_pick,posthoc_single,0,0,0,1,1,1,0.05940285,7,3,-1,medium,high,0.75,medium,2,,,,,,counterexample_audit,724421
G,G_00397,apple_pick,soft_penalty_fc,1,0,1,1,1,1,0.05940285,7,3,-1,medium,high,0.75,medium,2,,,,,,counterexample_audit,724421
G,G_00397,apple_pick,observed_sfc,1,0,1,1,1,1,0.09137728,7,3,4,medium,high,0.75,medium,2,0.2,overconfident,0.7,,,counterexample_audit,724421
G,G_00397,apple_pick,risk_aware_sfc,1,0,1,1,1,1,0.09137728,7,3,4,medium,high,0.75,medium,2,0.2,overconfident,0.7,,,counterexample_audit,724421
G,G_00397,apple_pick,abstaining_sfc,1,0,1,1,1,1,0.09137728,7,3,4,medium,high,0.75,medium,2,0.2,overconfident,0.7,,,counterexample_audit,724421
G,G_00398,apple_pick,geometric_fc,1,0,1,0,1,0,0.05672209,7,3,-1,medium,high,0.75,medium,2,,,,,,counterexample_audit,724422
G,G_00398,apple_pick,oracle_sfc,0,0,0,0,1,0,0.0,7,3,-1,medium,high,0.75,medium,2,,,,,,counterexample_audit,724422
G,G_00398,apple_pick,semantic_only,1,0,1,0,1,0,0.0,7,3,-1,medium,high,0.75,medium,2,,,,,,counterexample_audit,724422
G,G_00398,apple_pick,posthoc_single,0,0,0,0,1,0,0.05672209,7,3,-1,medium,high,0.75,medium,2,,,,,,counterexample_audit,724422
G,G_00398,apple_pick,soft_penalty_fc,1,0,1,0,1,0,0.05672209,7,3,-1,medium,high,0.75,medium,2,,,,,,counterexample_audit,724422
G,G_00398,apple_pick,observed_sfc,0,0,0,0,1,0,0.0,7,3,3,medium,high,0.75,medium,2,0.2,overconfident,0.7,,,counterexample_audit,724422
G,G_00398,apple_pick,risk_aware_sfc,0,0,0,0,1,0,0.0,7,3,3,medium,high,0.75,medium,2,0.2,overconfident,0.7,,,counterexample_audit,724422
G,G_00398,apple_pick,abstaining_sfc,0,0,0,0,1,0,0.0,7,3,3,medium,high,0.75,medium,2,0.2,overconfident,0.7,,,counterexample_audit,724422
G,G_00399,apple_pick,geometric_fc,1,0,1,1,1,1,0.05841397,7,3,-1,medium,high,0.75,medium,2,,,,,,counterexample_audit,724423
G,G_00399,apple_pick,oracle_sfc,1,1,0,0,1,1,0.02658419,7,3,-1,medium,high,0.75,medium,2,,,,,,counterexample_audit,724423
G,G_00399,apple_pick,semantic_only,1,1,0,0,1,1,0.0,7,3,-1,medium,high,0.75,medium,2,,,,,,counterexample_audit,724423
G,G_00399,apple_pick,posthoc_single,0,0,0,1,1,1,0.05841397,7,3,-1,medium,high,0.75,medium,2,,,,,,counterexample_audit,724423
G,G_00399,apple_pick,soft_penalty_fc,1,0,1,1,1,1,0.05841397,7,3,-1,medium,high,0.75,medium,2,,,,,,counterexample_audit,724423
G,G_00399,apple_pick,observed_sfc,0,0,0,1,1,1,0.0,7,3,2,medium,high,0.75,medium,2,0.2,overconfident,0.7,,,counterexample_audit,724423
G,G_00399,apple_pick,risk_aware_sfc,0,0,0,1,1,1,0.0,7,3,2,medium,high,0.75,medium,2,0.2,overconfident,0.7,,,counterexample_audit,724423
G,G_00399,apple_pick,abstaining_sfc,0,0,0,1,1,1,0.0,7,3,2,medium,high,0.75,medium,2,0.2,overconfident,0.7,,,counterexample_audit,724423
G,G_00400,apple_pick,geometric_fc,1,0,1,1,1,1,0.05642309,7,3,-1,medium,high,0.75,medium,2,,,,,,counterexample_audit,724424
G,G_00400,apple_pick,oracle_sfc,1,1,0,0,1,1,0.02839058,7,3,-1,medium,high,0.75,medium,2,,,,,,counterexample_audit,724424
G,G_00400,apple_pick,semantic_only,1,1,0,0,1,1,0.0,7,3,-1,medium,high,0.75,medium,2,,,,,,counterexample_audit,724424
G,G_00400,apple_pick,posthoc_single,0,0,0,1,1,1,0.05642309,7,3,-1,medium,high,0.75,medium,2,,,,,,counterexample_audit,724424
G,G_00400,apple_pick,soft_penalty_fc,1,0,1,1,1,1,0.05642309,7,3,-1,medium,high,0.75,medium,2,,,,,,counterexample_audit,724424
G,G_00400,apple_pick,observed_sfc,1,0,1,1,1,1,0.11404859,7,3,2,medium,high,0.75,medium,2,0.2,overconfident,0.7,,,counterexample_audit,724424
G,G_00400,apple_pick,risk_aware_sfc,1,0,1,1,1,1,0.11404859,7,3,2,medium,high,0.75,medium,2,0.2,overconfident,0.7,,,counterexample_audit,724424
G,G_00400,apple_pick,abstaining_sfc,1,0,1,1,1,1,0.11404859,7,3,2,medium,high,0.75,medium,2,0.2,overconfident,0.7,,,counterexample_audit,724424
G,G_00401,scissors_pass,geometric_fc,1,0,1,0,1,0,0.03899591,8,3,-1,medium,high,0.75,medium,2,,,,,,counterexample_audit,724425
G,G_00401,scissors_pass,oracle_sfc,0,0,0,0,1,0,0.0,8,3,-1,medium,high,0.75,medium,2,,,,,,counterexample_audit,724425
G,G_00401,scissors_pass,semantic_only,1,0,1,0,1,0,0.0,8,3,-1,medium,high,0.75,medium,2,,,,,,counterexample_audit,724425
G,G_00401,scissors_pass,posthoc_single,0,0,0,0,1,0,0.03899591,8,3,-1,medium,high,0.75,medium,2,,,,,,counterexample_audit,724425
G,G_00401,scissors_pass,soft_penalty_fc,1,0,1,0,1,0,0.03899591,8,3,-1,medium,high,0.75,medium,2,,,,,,counterexample_audit,724425
G,G_00401,scissors_pass,observed_sfc,1,0,1,0,1,0,0.05828552,8,3,5,medium,high,0.75,medium,2,0.2,overconfident,0.7,,,counterexample_audit,724425
G,G_00401,scissors_pass,risk_aware_sfc,1,0,1,0,1,0,0.05828552,8,3,5,medium,high,0.75,medium,2,0.2,overconfident,0.7,,,counterexample_audit,724425
G,G_00401,scissors_pass,abstaining_sfc,1,0,1,0,1,0,0.05828552,8,3,5,medium,high,0.75,medium,2,0.2,overconfident,0.7,,,counterexample_audit,724425
G,G_00402,scissors_pass,geometric_fc,1,0,1,0,1,0,0.04727211,8,3,-1,medium,high,0.75,medium,2,,,,,,counterexample_audit,724426
G,G_00402,scissors_pass,oracle_sfc,0,0,0,0,1,0,0.0,8,3,-1,medium,high,0.75,medium,2,,,,,,counterexample_audit,724426
G,G_00402,scissors_pass,semantic_only,1,0,1,0,1,0,0.0,8,3,-1,medium,high,0.75,medium,2,,,,,,counterexample_audit,724426
G,G_00402,scissors_pass,posthoc_single,0,0,0,0,1,0,0.04727211,8,3,-1,medium,high,0.75,medium,2,,,,,,counterexample_audit,724426
G,G_00402,scissors_pass,soft_penalty_fc,1,0,1,0,1,0,0.04727211,8,3,-1,medium,high,0.75,medium,2,,,,,,counterexample_audit,724426
G,G_00402,scissors_pass,observed_sfc,1,0,1,0,1,0,0.08269988,8,3,4,medium,high,0.75,medium,2,0.2,overconfident,0.7,,,counterexample_audit,724426
G,G_00402,scissors_pass,risk_aware_sfc,1,0,1,0,1,0,0.08269988,8,3,4,medium,high,0.75,medium,2,0.2,overconfident,0.7,,,counterexample_audit,724426
G,G_00402,scissors_pass,abstaining_sfc,1,0,1,0,1,0,0.08269988,8,3,4,medium,high,0.75,medium,2,0.2,overconfident,0.7,,,counterexample_audit,724426
G,G_00403,scissors_pass,geometric_fc,1,0,1,0,1,0,0.04100941,8,3,-1,medium,high,0.75,medium,2,,,,,,counterexample_audit,724427
G,G_00403,scissors_pass,oracle_sfc,0,0,0,0,1,0,0.0,8,3,-1,medium,high,0.75,medium,2,,,,,,counterexample_audit,724427
G,G_00403,scissors_pass,semantic_only,1,0,1,0,1,0,0.0,8,3,-1,medium,high,0.75,medium,2,,,,,,counterexample_audit,724427
G,G_00403,scissors_pass,posthoc_single,0,0,0,0,1,0,0.04100941,8,3,-1,medium,high,0.75,medium,2,,,,,,counterexample_audit,724427
G,G_00403,scissors_pass,soft_penalty_fc,1,0,1,0,1,0,0.04100941,8,3,-1,medium,high,0.75,medium,2,,,,,,counterexample_audit,724427
G,G_00403,scissors_pass,observed_sfc,0,0,0,0,1,0,0.0,8,3,3,medium,high,0.75,medium,2,0.2,overconfident,0.7,,,counterexample_audit,724427
G,G_00403,scissors_pass,risk_aware_sfc,0,0,0,0,1,0,0.0,8,3,3,medium,high,0.75,medium,2,0.2,overconfident,0.7,,,counterexample_audit,724427
G,G_00403,scissors_pass,abstaining_sfc,0,0,0,0,1,0,0.0,8,3,3,medium,high,0.75,medium,2,0.2,overconfident,0.7,,,counterexample_audit,724427
G,G_00404,scissors_pass,geometric_fc,1,0,1,0,1,0,0.04357173,8,3,-1,medium,high,0.75,medium,2,,,,,,counterexample_audit,724428
G,G_00404,scissors_pass,oracle_sfc,0,0,0,0,1,0,0.0,8,3,-1,medium,high,0.75,medium,2,,,,,,counterexample_audit,724428
G,G_00404,scissors_pass,semantic_only,1,0,1,0,1,0,0.0,8,3,-1,medium,high,0.75,medium,2,,,,,,counterexample_audit,724428
G,G_00404,scissors_pass,posthoc_single,0,0,0,0,1,0,0.04357173,8,3,-1,medium,high,0.75,medium,2,,,,,,counterexample_audit,724428
G,G_00404,scissors_pass,soft_penalty_fc,1,0,1,0,1,0,0.04357173,8,3,-1,medium,high,0.75,medium,2,,,,,,counterexample_audit,724428
G,G_00404,scissors_pass,observed_sfc,1,0,1,0,1,0,0.07462409,8,3,5,medium,high,0.75,medium,2,0.2,overconfident,0.7,,,counterexample_audit,724428
G,G_00404,scissors_pass,risk_aware_sfc,1,0,1,0,1,0,0.07462409,8,3,5,medium,high,0.75,medium,2,0.2,overconfident,0.7,,,counterexample_audit,724428
G,G_00404,scissors_pass,abstaining_sfc,1,0,1,0,1,0,0.07462409,8,3,5,medium,high,0.75,medium,2,0.2,overconfident,0.7,,,counterexample_audit,724428
G,G_00405,scissors_pass,geometric_fc,1,0,1,0,1,0,0.04285663,8,3,-1,medium,high,0.75,medium,2,,,,,,counterexample_audit,724429
G,G_00405,scissors_pass,oracle_sfc,0,0,0,0,1,0,0.0,8,3,-1,medium,high,0.75,medium,2,,,,,,counterexample_audit,724429
G,G_00405,scissors_pass,semantic_only,1,0,1,0,1,0,0.0,8,3,-1,medium,high,0.75,medium,2,,,,,,counterexample_audit,724429
G,G_00405,scissors_pass,posthoc_single,0,0,0,0,1,0,0.04285663,8,3,-1,medium,high,0.75,medium,2,,,,,,counterexample_audit,724429
G,G_00405,scissors_pass,soft_penalty_fc,1,0,1,0,1,0,0.04285663,8,3,-1,medium,high,0.75,medium,2,,,,,,counterexample_audit,724429
G,G_00405,scissors_pass,observed_sfc,0,0,0,0,1,0,0.0,8,3,3,medium,high,0.75,medium,2,0.2,overconfident,0.7,,,counterexample_audit,724429
G,G_00405,scissors_pass,risk_aware_sfc,0,0,0,0,1,0,0.0,8,3,3,medium,high,0.75,medium,2,0.2,overconfident,0.7,,,counterexample_audit,724429
G,G_00405,scissors_pass,abstaining_sfc,0,0,0,0,1,0,0.0,8,3,3,medium,high,0.75,medium,2,0.2,overconfident,0.7,,,counterexample_audit,724429
G,G_00406,scissors_pass,geometric_fc,1,0,1,0,1,0,0.04296646,8,3,-1,medium,high,0.75,medium,2,,,,,,counterexample_audit,724430
G,G_00406,scissors_pass,oracle_sfc,0,0,0,0,1,0,0.0,8,3,-1,medium,high,0.75,medium,2,,,,,,counterexample_audit,724430
G,G_00406,scissors_pass,semantic_only,1,0,1,0,1,0,0.0,8,3,-1,medium,high,0.75,medium,2,,,,,,counterexample_audit,724430
G,G_00406,scissors_pass,posthoc_single,0,0,0,0,1,0,0.04296646,8,3,-1,medium,high,0.75,medium,2,,,,,,counterexample_audit,724430
G,G_00406,scissors_pass,soft_penalty_fc,1,0,1,0,1,0,0.04296646,8,3,-1,medium,high,0.75,medium,2,,,,,,counterexample_audit,724430
G,G_00406,scissors_pass,observed_sfc,1,0,1,0,1,0,0.04850148,8,3,5,medium,high,0.75,medium,2,0.2,overconfident,0.7,,,counterexample_audit,724430
G,G_00406,scissors_pass,risk_aware_sfc,1,0,1,0,1,0,0.04850148,8,3,5,medium,high,0.75,medium,2,0.2,overconfident,0.7,,,counterexample_audit,724430
G,G_00406,scissors_pass,abstaining_sfc,1,0,1,0,1,0,0.04850148,8,3,5,medium,high,0.75,medium,2,0.2,overconfident,0.7,,,counterexample_audit,724430
G,G_00407,scissors_pass,geometric_fc,1,0,1,0,1,0,0.04227661,8,3,-1,medium,high,0.75,medium,2,,,,,,counterexample_audit,724431
G,G_00407,scissors_pass,oracle_sfc,0,0,0,0,1,0,0.0,8,3,-1,medium,high,0.75,medium,2,,,,,,counterexample_audit,724431
G,G_00407,scissors_pass,semantic_only,1,0,1,0,1,0,0.0,8,3,-1,medium,high,0.75,medium,2,,,,,,counterexample_audit,724431
G,G_00407,scissors_pass,posthoc_single,0,0,0,0,1,0,0.04227661,8,3,-1,medium,high,0.75,medium,2,,,,,,counterexample_audit,724431
G,G_00407,scissors_pass,soft_penalty_fc,1,0,1,0,1,0,0.04227661,8,3,-1,medium,high,0.75,medium,2,,,,,,counterexample_audit,724431
G,G_00407,scissors_pass,observed_sfc,0,0,0,0,1,0,0.0,8,3,3,medium,high,0.75,medium,2,0.2,overconfident,0.7,,,counterexample_audit,724431
G,G_00407,scissors_pass,risk_aware_sfc,0,0,0,0,1,0,0.0,8,3,3,medium,high,0.75,medium,2,0.2,overconfident,0.7,,,counterexample_audit,724431
G,G_00407,scissors_pass,abstaining_sfc,0,0,0,0,1,0,0.0,8,3,3,medium,high,0.75,medium,2,0.2,overconfident,0.7,,,counterexample_audit,724431
G,G_00408,scissors_pass,geometric_fc,1,0,1,0,1,0,0.04773846,8,3,-1,medium,high,0.75,medium,2,,,,,,counterexample_audit,724432
G,G_00408,scissors_pass,oracle_sfc,0,0,0,0,1,0,0.0,8,3,-1,medium,high,0.75,medium,2,,,,,,counterexample_audit,724432
G,G_00408,scissors_pass,semantic_only,1,0,1,0,1,0,0.0,8,3,-1,medium,high,0.75,medium,2,,,,,,counterexample_audit,724432
G,G_00408,scissors_pass,posthoc_single,0,0,0,0,1,0,0.04773846,8,3,-1,medium,high,0.75,medium,2,,,,,,counterexample_audit,724432
G,G_00408,scissors_pass,soft_penalty_fc,1,0,1,0,1,0,0.04773846,8,3,-1,medium,high,0.75,medium,2,,,,,,counterexample_audit,724432
G,G_00408,scissors_pass,observed_sfc,0,0,0,0,1,0,0.0,8,3,1,medium,high,0.75,medium,2,0.2,overconfident,0.7,,,counterexample_audit,724432
G,G_00408,scissors_pass,risk_aware_sfc,0,0,0,0,1,0,0.0,8,3,1,medium,high,0.75,medium,2,0.2,overconfident,0.7,,,counterexample_audit,724432
G,G_00408,scissors_pass,abstaining_sfc,0,0,0,0,1,0,0.0,8,3,1,medium,high,0.75,medium,2,0.2,overconfident,0.7,,,counterexample_audit,724432
G,G_00409,scissors_pass,geometric_fc,1,0,1,0,1,0,0.0425825,8,3,-1,medium,high,0.75,medium,2,,,,,,counterexample_audit,724433
G,G_00409,scissors_pass,oracle_sfc,0,0,0,0,1,0,0.0,8,3,-1,medium,high,0.75,medium,2,,,,,,counterexample_audit,724433
G,G_00409,scissors_pass,semantic_only,1,0,1,0,1,0,0.0,8,3,-1,medium,high,0.75,medium,2,,,,,,counterexample_audit,724433
G,G_00409,scissors_pass,posthoc_single,0,0,0,0,1,0,0.0425825,8,3,-1,medium,high,0.75,medium,2,,,,,,counterexample_audit,724433
G,G_00409,scissors_pass,soft_penalty_fc,1,0,1,0,1,0,0.0425825,8,3,-1,medium,high,0.75,medium,2,,,,,,counterexample_audit,724433
G,G_00409,scissors_pass,observed_sfc,0,0,0,0,1,0,0.0,8,3,3,medium,high,0.75,medium,2,0.2,overconfident,0.7,,,counterexample_audit,724433
G,G_00409,scissors_pass,risk_aware_sfc,0,0,0,0,1,0,0.0,8,3,3,medium,high,0.75,medium,2,0.2,overconfident,0.7,,,counterexample_audit,724433
G,G_00409,scissors_pass,abstaining_sfc,0,0,0,0,1,0,0.0,8,3,3,medium,high,0.75,medium,2,0.2,overconfident,0.7,,,counterexample_audit,724433
G,G_00410,scissors_pass,geometric_fc,1,0,1,0,1,0,0.0445516,8,3,-1,medium,high,0.75,medium,2,,,,,,counterexample_audit,724434
G,G_00410,scissors_pass,oracle_sfc,0,0,0,0,1,0,0.0,8,3,-1,medium,high,0.75,medium,2,,,,,,counterexample_audit,724434
G,G_00410,scissors_pass,semantic_only,1,0,1,0,1,0,0.0,8,3,-1,medium,high,0.75,medium,2,,,,,,counterexample_audit,724434
G,G_00410,scissors_pass,posthoc_single,0,0,0,0,1,0,0.0445516,8,3,-1,medium,high,0.75,medium,2,,,,,,counterexample_audit,724434
G,G_00410,scissors_pass,soft_penalty_fc,1,0,1,0,1,0,0.0445516,8,3,-1,medium,high,0.75,medium,2,,,,,,counterexample_audit,724434
G,G_00410,scissors_pass,observed_sfc,0,0,0,0,1,0,0.0,8,3,2,medium,high,0.75,medium,2,0.2,overconfident,0.7,,,counterexample_audit,724434
G,G_00410,scissors_pass,risk_aware_sfc,0,0,0,0,1,0,0.0,8,3,2,medium,high,0.75,medium,2,0.2,overconfident,0.7,,,counterexample_audit,724434
G,G_00410,scissors_pass,abstaining_sfc,0,0,0,0,1,0,0.0,8,3,2,medium,high,0.75,medium,2,0.2,overconfident,0.7,,,counterexample_audit,724434
G,G_00411,scissors_pass,geometric_fc,1,0,1,0,1,0,0.04386144,8,3,-1,medium,high,0.75,medium,2,,,,,,counterexample_audit,724435
G,G_00411,scissors_pass,oracle_sfc,0,0,0,0,1,0,0.0,8,3,-1,medium,high,0.75,medium,2,,,,,,counterexample_audit,724435
G,G_00411,scissors_pass,semantic_only,1,0,1,0,1,0,0.0,8,3,-1,medium,high,0.75,medium,2,,,,,,counterexample_audit,724435
G,G_00411,scissors_pass,posthoc_single,0,0,0,0,1,0,0.04386144,8,3,-1,medium,high,0.75,medium,2,,,,,,counterexample_audit,724435
G,G_00411,scissors_pass,soft_penalty_fc,1,0,1,0,1,0,0.04386144,8,3,-1,medium,high,0.75,medium,2,,,,,,counterexample_audit,724435
G,G_00411,scissors_pass,observed_sfc,0,0,0,0,1,0,0.0,8,3,3,medium,high,0.75,medium,2,0.2,overconfident,0.7,,,counterexample_audit,724435
G,G_00411,scissors_pass,risk_aware_sfc,0,0,0,0,1,0,0.0,8,3,3,medium,high,0.75,medium,2,0.2,overconfident,0.7,,,counterexample_audit,724435
G,G_00411,scissors_pass,abstaining_sfc,0,0,0,0,1,0,0.0,8,3,3,medium,high,0.75,medium,2,0.2,overconfident,0.7,,,counterexample_audit,724435
G,G_00412,scissors_pass,geometric_fc,1,0,1,0,1,0,0.04570104,8,3,-1,medium,high,0.75,medium,2,,,,,,counterexample_audit,724436
G,G_00412,scissors_pass,oracle_sfc,0,0,0,0,1,0,0.0,8,3,-1,medium,high,0.75,medium,2,,,,,,counterexample_audit,724436
G,G_00412,scissors_pass,semantic_only,1,0,1,0,1,0,0.0,8,3,-1,medium,high,0.75,medium,2,,,,,,counterexample_audit,724436
G,G_00412,scissors_pass,posthoc_single,0,0,0,0,1,0,0.04570104,8,3,-1,medium,high,0.75,medium,2,,,,,,counterexample_audit,724436
G,G_00412,scissors_pass,soft_penalty_fc,1,0,1,0,1,0,0.04570104,8,3,-1,medium,high,0.75,medium,2,,,,,,counterexample_audit,724436
G,G_00412,scissors_pass,observed_sfc,1,0,1,0,1,0,0.11809112,8,3,3,medium,high,0.75,medium,2,0.2,overconfident,0.7,,,counterexample_audit,724436
G,G_00412,scissors_pass,risk_aware_sfc,1,0,1,0,1,0,0.11809112,8,3,3,medium,high,0.75,medium,2,0.2,overconfident,0.7,,,counterexample_audit,724436
G,G_00412,scissors_pass,abstaining_sfc,1,0,1,0,1,0,0.11809112,8,3,3,medium,high,0.75,medium,2,0.2,overconfident,0.7,,,counterexample_audit,724436
G,G_00413,scissors_pass,geometric_fc,1,0,1,0,1,0,0.05293577,8,3,-1,medium,high,0.75,medium,2,,,,,,counterexample_audit,724437
G,G_00413,scissors_pass,oracle_sfc,0,0,0,0,1,0,0.0,8,3,-1,medium,high,0.75,medium,2,,,,,,counterexample_audit,724437
G,G_00413,scissors_pass,semantic_only,1,0,1,0,1,0,0.0,8,3,-1,medium,high,0.75,medium,2,,,,,,counterexample_audit,724437
G,G_00413,scissors_pass,posthoc_single,0,0,0,0,1,0,0.05293577,8,3,-1,medium,high,0.75,medium,2,,,,,,counterexample_audit,724437
G,G_00413,scissors_pass,soft_penalty_fc,1,0,1,0,1,0,0.05293577,8,3,-1,medium,high,0.75,medium,2,,,,,,counterexample_audit,724437
G,G_00413,scissors_pass,observed_sfc,0,0,0,0,1,0,0.0,8,3,3,medium,high,0.75,medium,2,0.2,overconfident,0.7,,,counterexample_audit,724437
G,G_00413,scissors_pass,risk_aware_sfc,0,0,0,0,1,0,0.0,8,3,3,medium,high,0.75,medium,2,0.2,overconfident,0.7,,,counterexample_audit,724437
G,G_00413,scissors_pass,abstaining_sfc,0,0,0,0,1,0,0.0,8,3,3,medium,high,0.75,medium,2,0.2,overconfident,0.7,,,counterexample_audit,724437
G,G_00414,scissors_pass,geometric_fc,1,0,1,0,1,0,0.04456044,8,3,-1,medium,high,0.75,medium,2,,,,,,counterexample_audit,724438
G,G_00414,scissors_pass,oracle_sfc,0,0,0,0,1,0,0.0,8,3,-1,medium,high,0.75,medium,2,,,,,,counterexample_audit,724438
G,G_00414,scissors_pass,semantic_only,1,0,1,0,1,0,0.0,8,3,-1,medium,high,0.75,medium,2,,,,,,counterexample_audit,724438
G,G_00414,scissors_pass,posthoc_single,0,0,0,0,1,0,0.04456044,8,3,-1,medium,high,0.75,medium,2,,,,,,counterexample_audit,724438
G,G_00414,scissors_pass,soft_penalty_fc,1,0,1,0,1,0,0.04456044,8,3,-1,medium,high,0.75,medium,2,,,,,,counterexample_audit,724438
G,G_00414,scissors_pass,observed_sfc,0,0,0,0,1,0,0.0,8,3,3,medium,high,0.75,medium,2,0.2,overconfident,0.7,,,counterexample_audit,724438
G,G_00414,scissors_pass,risk_aware_sfc,0,0,0,0,1,0,0.0,8,3,3,medium,high,0.75,medium,2,0.2,overconfident,0.7,,,counterexample_audit,724438
G,G_00414,scissors_pass,abstaining_sfc,0,0,0,0,1,0,0.0,8,3,3,medium,high,0.75,medium,2,0.2,overconfident,0.7,,,counterexample_audit,724438
G,G_00415,scissors_pass,geometric_fc,1,0,1,0,1,0,0.04553403,8,3,-1,medium,high,0.75,medium,2,,,,,,counterexample_audit,724439
G,G_00415,scissors_pass,oracle_sfc,0,0,0,0,1,0,0.0,8,3,-1,medium,high,0.75,medium,2,,,,,,counterexample_audit,724439
G,G_00415,scissors_pass,semantic_only,1,0,1,0,1,0,0.0,8,3,-1,medium,high,0.75,medium,2,,,,,,counterexample_audit,724439
G,G_00415,scissors_pass,posthoc_single,0,0,0,0,1,0,0.04553403,8,3,-1,medium,high,0.75,medium,2,,,,,,counterexample_audit,724439
G,G_00415,scissors_pass,soft_penalty_fc,1,0,1,0,1,0,0.04553403,8,3,-1,medium,high,0.75,medium,2,,,,,,counterexample_audit,724439
G,G_00415,scissors_pass,observed_sfc,1,0,1,0,1,0,0.11861727,8,3,3,medium,high,0.75,medium,2,0.2,overconfident,0.7,,,counterexample_audit,724439
G,G_00415,scissors_pass,risk_aware_sfc,1,0,1,0,1,0,0.11861727,8,3,3,medium,high,0.75,medium,2,0.2,overconfident,0.7,,,counterexample_audit,724439
G,G_00415,scissors_pass,abstaining_sfc,1,0,1,0,1,0,0.11861727,8,3,3,medium,high,0.75,medium,2,0.2,overconfident,0.7,,,counterexample_audit,724439
G,G_00416,scissors_pass,geometric_fc,1,0,1,0,1,0,0.0432719,8,3,-1,medium,high,0.75,medium,2,,,,,,counterexample_audit,724440
G,G_00416,scissors_pass,oracle_sfc,0,0,0,0,1,0,0.0,8,3,-1,medium,high,0.75,medium,2,,,,,,counterexample_audit,724440
G,G_00416,scissors_pass,semantic_only,1,0,1,0,1,0,0.0,8,3,-1,medium,high,0.75,medium,2,,,,,,counterexample_audit,724440
G,G_00416,scissors_pass,posthoc_single,0,0,0,0,1,0,0.0432719,8,3,-1,medium,high,0.75,medium,2,,,,,,counterexample_audit,724440
G,G_00416,scissors_pass,soft_penalty_fc,1,0,1,0,1,0,0.0432719,8,3,-1,medium,high,0.75,medium,2,,,,,,counterexample_audit,724440
G,G_00416,scissors_pass,observed_sfc,1,0,1,0,1,0,0.20427539,8,3,2,medium,high,0.75,medium,2,0.2,overconfident,0.7,,,counterexample_audit,724440
G,G_00416,scissors_pass,risk_aware_sfc,1,0,1,0,1,0,0.20427539,8,3,2,medium,high,0.75,medium,2,0.2,overconfident,0.7,,,counterexample_audit,724440
G,G_00416,scissors_pass,abstaining_sfc,1,0,1,0,1,0,0.20427539,8,3,2,medium,high,0.75,medium,2,0.2,overconfident,0.7,,,counterexample_audit,724440
G,G_00417,scissors_pass,geometric_fc,1,0,1,0,1,0,0.04235736,8,3,-1,medium,high,0.75,medium,2,,,,,,counterexample_audit,724441
G,G_00417,scissors_pass,oracle_sfc,0,0,0,0,1,0,0.0,8,3,-1,medium,high,0.75,medium,2,,,,,,counterexample_audit,724441
G,G_00417,scissors_pass,semantic_only,1,0,1,0,1,0,0.0,8,3,-1,medium,high,0.75,medium,2,,,,,,counterexample_audit,724441
G,G_00417,scissors_pass,posthoc_single,0,0,0,0,1,0,0.04235736,8,3,-1,medium,high,0.75,medium,2,,,,,,counterexample_audit,724441
G,G_00417,scissors_pass,soft_penalty_fc,1,0,1,0,1,0,0.04235736,8,3,-1,medium,high,0.75,medium,2,,,,,,counterexample_audit,724441
G,G_00417,scissors_pass,observed_sfc,1,0,1,0,1,0,0.08259784,8,3,4,medium,high,0.75,medium,2,0.2,overconfident,0.7,,,counterexample_audit,724441
G,G_00417,scissors_pass,risk_aware_sfc,1,0,1,0,1,0,0.08259784,8,3,4,medium,high,0.75,medium,2,0.2,overconfident,0.7,,,counterexample_audit,724441
G,G_00417,scissors_pass,abstaining_sfc,1,0,1,0,1,0,0.08259784,8,3,4,medium,high,0.75,medium,2,0.2,overconfident,0.7,,,counterexample_audit,724441
G,G_00418,scissors_pass,geometric_fc,1,0,1,0,1,0,0.03772014,8,3,-1,medium,high,0.75,medium,2,,,,,,counterexample_audit,724442
G,G_00418,scissors_pass,oracle_sfc,0,0,0,0,1,0,0.0,8,3,-1,medium,high,0.75,medium,2,,,,,,counterexample_audit,724442
G,G_00418,scissors_pass,semantic_only,1,0,1,0,1,0,0.0,8,3,-1,medium,high,0.75,medium,2,,,,,,counterexample_audit,724442
G,G_00418,scissors_pass,posthoc_single,0,0,0,0,1,0,0.03772014,8,3,-1,medium,high,0.75,medium,2,,,,,,counterexample_audit,724442
G,G_00418,scissors_pass,soft_penalty_fc,1,0,1,0,1,0,0.03772014,8,3,-1,medium,high,0.75,medium,2,,,,,,counterexample_audit,724442
G,G_00418,scissors_pass,observed_sfc,0,0,0,0,1,0,0.0,8,3,3,medium,high,0.75,medium,2,0.2,overconfident,0.7,,,counterexample_audit,724442
G,G_00418,scissors_pass,risk_aware_sfc,0,0,0,0,1,0,0.0,8,3,3,medium,high,0.75,medium,2,0.2,overconfident,0.7,,,counterexample_audit,724442
G,G_00418,scissors_pass,abstaining_sfc,0,0,0,0,1,0,0.0,8,3,3,medium,high,0.75,medium,2,0.2,overconfident,0.7,,,counterexample_audit,724442
G,G_00419,scissors_pass,geometric_fc,1,0,1,0,1,0,0.03741908,8,3,-1,medium,high,0.75,medium,2,,,,,,counterexample_audit,724443
G,G_00419,scissors_pass,oracle_sfc,0,0,0,0,1,0,0.0,8,3,-1,medium,high,0.75,medium,2,,,,,,counterexample_audit,724443
G,G_00419,scissors_pass,semantic_only,1,0,1,0,1,0,0.0,8,3,-1,medium,high,0.75,medium,2,,,,,,counterexample_audit,724443
G,G_00419,scissors_pass,posthoc_single,0,0,0,0,1,0,0.03741908,8,3,-1,medium,high,0.75,medium,2,,,,,,counterexample_audit,724443
G,G_00419,scissors_pass,soft_penalty_fc,1,0,1,0,1,0,0.03741908,8,3,-1,medium,high,0.75,medium,2,,,,,,counterexample_audit,724443
G,G_00419,scissors_pass,observed_sfc,0,0,0,0,1,0,0.0,8,3,1,medium,high,0.75,medium,2,0.2,overconfident,0.7,,,counterexample_audit,724443
G,G_00419,scissors_pass,risk_aware_sfc,0,0,0,0,1,0,0.0,8,3,1,medium,high,0.75,medium,2,0.2,overconfident,0.7,,,counterexample_audit,724443
G,G_00419,scissors_pass,abstaining_sfc,0,0,0,0,1,0,0.0,8,3,1,medium,high,0.75,medium,2,0.2,overconfident,0.7,,,counterexample_audit,724443
G,G_00420,scissors_pass,geometric_fc,1,0,1,0,1,0,0.03790109,8,3,-1,medium,high,0.75,medium,2,,,,,,counterexample_audit,724444
G,G_00420,scissors_pass,oracle_sfc,0,0,0,0,1,0,0.0,8,3,-1,medium,high,0.75,medium,2,,,,,,counterexample_audit,724444
G,G_00420,scissors_pass,semantic_only,1,0,1,0,1,0,0.0,8,3,-1,medium,high,0.75,medium,2,,,,,,counterexample_audit,724444
G,G_00420,scissors_pass,posthoc_single,0,0,0,0,1,0,0.03790109,8,3,-1,medium,high,0.75,medium,2,,,,,,counterexample_audit,724444
G,G_00420,scissors_pass,soft_penalty_fc,1,0,1,0,1,0,0.03790109,8,3,-1,medium,high,0.75,medium,2,,,,,,counterexample_audit,724444
G,G_00420,scissors_pass,observed_sfc,0,0,0,0,1,0,0.0,8,3,3,medium,high,0.75,medium,2,0.2,overconfident,0.7,,,counterexample_audit,724444
G,G_00420,scissors_pass,risk_aware_sfc,0,0,0,0,1,0,0.0,8,3,3,medium,high,0.75,medium,2,0.2,overconfident,0.7,,,counterexample_audit,724444
G,G_00420,scissors_pass,abstaining_sfc,0,0,0,0,1,0,0.0,8,3,3,medium,high,0.75,medium,2,0.2,overconfident,0.7,,,counterexample_audit,724444
G,G_00421,scissors_pass,geometric_fc,1,0,1,0,1,0,0.04415977,8,3,-1,medium,high,0.75,medium,2,,,,,,counterexample_audit,724445
G,G_00421,scissors_pass,oracle_sfc,0,0,0,0,1,0,0.0,8,3,-1,medium,high,0.75,medium,2,,,,,,counterexample_audit,724445
G,G_00421,scissors_pass,semantic_only,1,0,1,0,1,0,0.0,8,3,-1,medium,high,0.75,medium,2,,,,,,counterexample_audit,724445
G,G_00421,scissors_pass,posthoc_single,0,0,0,0,1,0,0.04415977,8,3,-1,medium,high,0.75,medium,2,,,,,,counterexample_audit,724445
G,G_00421,scissors_pass,soft_penalty_fc,1,0,1,0,1,0,0.04415977,8,3,-1,medium,high,0.75,medium,2,,,,,,counterexample_audit,724445
G,G_00421,scissors_pass,observed_sfc,1,0,1,0,1,0,0.00612162,8,3,2,medium,high,0.75,medium,2,0.2,overconfident,0.7,,,counterexample_audit,724445
G,G_00421,scissors_pass,risk_aware_sfc,1,0,1,0,1,0,0.00612162,8,3,2,medium,high,0.75,medium,2,0.2,overconfident,0.7,,,counterexample_audit,724445
G,G_00421,scissors_pass,abstaining_sfc,1,0,1,0,1,0,0.00612162,8,3,2,medium,high,0.75,medium,2,0.2,overconfident,0.7,,,counterexample_audit,724445
G,G_00422,scissors_pass,geometric_fc,1,0,1,0,1,0,0.04236613,8,3,-1,medium,high,0.75,medium,2,,,,,,counterexample_audit,724446
G,G_00422,scissors_pass,oracle_sfc,0,0,0,0,1,0,0.0,8,3,-1,medium,high,0.75,medium,2,,,,,,counterexample_audit,724446
G,G_00422,scissors_pass,semantic_only,1,0,1,0,1,0,0.0,8,3,-1,medium,high,0.75,medium,2,,,,,,counterexample_audit,724446
G,G_00422,scissors_pass,posthoc_single,0,0,0,0,1,0,0.04236613,8,3,-1,medium,high,0.75,medium,2,,,,,,counterexample_audit,724446
G,G_00422,scissors_pass,soft_penalty_fc,1,0,1,0,1,0,0.04236613,8,3,-1,medium,high,0.75,medium,2,,,,,,counterexample_audit,724446
G,G_00422,scissors_pass,observed_sfc,0,0,0,0,1,0,0.0,8,3,3,medium,high,0.75,medium,2,0.2,overconfident,0.7,,,counterexample_audit,724446
G,G_00422,scissors_pass,risk_aware_sfc,0,0,0,0,1,0,0.0,8,3,3,medium,high,0.75,medium,2,0.2,overconfident,0.7,,,counterexample_audit,724446
G,G_00422,scissors_pass,abstaining_sfc,0,0,0,0,1,0,0.0,8,3,3,medium,high,0.75,medium,2,0.2,overconfident,0.7,,,counterexample_audit,724446
G,G_00423,scissors_pass,geometric_fc,1,0,1,0,1,0,0.03968724,8,3,-1,medium,high,0.75,medium,2,,,,,,counterexample_audit,724447
G,G_00423,scissors_pass,oracle_sfc,0,0,0,0,1,0,0.0,8,3,-1,medium,high,0.75,medium,2,,,,,,counterexample_audit,724447
G,G_00423,scissors_pass,semantic_only,1,0,1,0,1,0,0.0,8,3,-1,medium,high,0.75,medium,2,,,,,,counterexample_audit,724447
G,G_00423,scissors_pass,posthoc_single,0,0,0,0,1,0,0.03968724,8,3,-1,medium,high,0.75,medium,2,,,,,,counterexample_audit,724447
G,G_00423,scissors_pass,soft_penalty_fc,1,0,1,0,1,0,0.03968724,8,3,-1,medium,high,0.75,medium,2,,,,,,counterexample_audit,724447
G,G_00423,scissors_pass,observed_sfc,1,0,1,0,1,0,0.10941403,8,3,4,medium,high,0.75,medium,2,0.2,overconfident,0.7,,,counterexample_audit,724447
G,G_00423,scissors_pass,risk_aware_sfc,1,0,1,0,1,0,0.10941403,8,3,4,medium,high,0.75,medium,2,0.2,overconfident,0.7,,,counterexample_audit,724447
G,G_00423,scissors_pass,abstaining_sfc,1,0,1,0,1,0,0.10941403,8,3,4,medium,high,0.75,medium,2,0.2,overconfident,0.7,,,counterexample_audit,724447
G,G_00424,scissors_pass,geometric_fc,1,0,1,0,1,0,0.04200977,8,3,-1,medium,high,0.75,medium,2,,,,,,counterexample_audit,724448
G,G_00424,scissors_pass,oracle_sfc,0,0,0,0,1,0,0.0,8,3,-1,medium,high,0.75,medium,2,,,,,,counterexample_audit,724448
G,G_00424,scissors_pass,semantic_only,1,0,1,0,1,0,0.0,8,3,-1,medium,high,0.75,medium,2,,,,,,counterexample_audit,724448
G,G_00424,scissors_pass,posthoc_single,0,0,0,0,1,0,0.04200977,8,3,-1,medium,high,0.75,medium,2,,,,,,counterexample_audit,724448
G,G_00424,scissors_pass,soft_penalty_fc,1,0,1,0,1,0,0.04200977,8,3,-1,medium,high,0.75,medium,2,,,,,,counterexample_audit,724448
G,G_00424,scissors_pass,observed_sfc,1,0,1,0,1,0,0.10582689,8,3,3,medium,high,0.75,medium,2,0.2,overconfident,0.7,,,counterexample_audit,724448
G,G_00424,scissors_pass,risk_aware_sfc,1,0,1,0,1,0,0.10582689,8,3,3,medium,high,0.75,medium,2,0.2,overconfident,0.7,,,counterexample_audit,724448
G,G_00424,scissors_pass,abstaining_sfc,1,0,1,0,1,0,0.10582689,8,3,3,medium,high,0.75,medium,2,0.2,overconfident,0.7,,,counterexample_audit,724448
G,G_00425,scissors_pass,geometric_fc,1,0,1,0,1,0,0.04927571,8,3,-1,medium,high,0.75,medium,2,,,,,,counterexample_audit,724449
G,G_00425,scissors_pass,oracle_sfc,0,0,0,0,1,0,0.0,8,3,-1,medium,high,0.75,medium,2,,,,,,counterexample_audit,724449
G,G_00425,scissors_pass,semantic_only,1,0,1,0,1,0,0.0,8,3,-1,medium,high,0.75,medium,2,,,,,,counterexample_audit,724449
G,G_00425,scissors_pass,posthoc_single,0,0,0,0,1,0,0.04927571,8,3,-1,medium,high,0.75,medium,2,,,,,,counterexample_audit,724449
G,G_00425,scissors_pass,soft_penalty_fc,1,0,1,0,1,0,0.04927571,8,3,-1,medium,high,0.75,medium,2,,,,,,counterexample_audit,724449
G,G_00425,scissors_pass,observed_sfc,1,0,1,0,1,0,0.09533338,8,3,3,medium,high,0.75,medium,2,0.2,overconfident,0.7,,,counterexample_audit,724449
G,G_00425,scissors_pass,risk_aware_sfc,1,0,1,0,1,0,0.09533338,8,3,3,medium,high,0.75,medium,2,0.2,overconfident,0.7,,,counterexample_audit,724449
G,G_00425,scissors_pass,abstaining_sfc,1,0,1,0,1,0,0.09533338,8,3,3,medium,high,0.75,medium,2,0.2,overconfident,0.7,,,counterexample_audit,724449
G,G_00426,scissors_pass,geometric_fc,1,0,1,0,1,0,0.04576693,8,3,-1,medium,high,0.75,medium,2,,,,,,counterexample_audit,724450
G,G_00426,scissors_pass,oracle_sfc,0,0,0,0,1,0,0.0,8,3,-1,medium,high,0.75,medium,2,,,,,,counterexample_audit,724450
G,G_00426,scissors_pass,semantic_only,1,0,1,0,1,0,0.0,8,3,-1,medium,high,0.75,medium,2,,,,,,counterexample_audit,724450
G,G_00426,scissors_pass,posthoc_single,0,0,0,0,1,0,0.04576693,8,3,-1,medium,high,0.75,medium,2,,,,,,counterexample_audit,724450
G,G_00426,scissors_pass,soft_penalty_fc,1,0,1,0,1,0,0.04576693,8,3,-1,medium,high,0.75,medium,2,,,,,,counterexample_audit,724450
G,G_00426,scissors_pass,observed_sfc,1,0,1,0,1,0,0.05343993,8,3,5,medium,high,0.75,medium,2,0.2,overconfident,0.7,,,counterexample_audit,724450
G,G_00426,scissors_pass,risk_aware_sfc,1,0,1,0,1,0,0.05343993,8,3,5,medium,high,0.75,medium,2,0.2,overconfident,0.7,,,counterexample_audit,724450
G,G_00426,scissors_pass,abstaining_sfc,1,0,1,0,1,0,0.05343993,8,3,5,medium,high,0.75,medium,2,0.2,overconfident,0.7,,,counterexample_audit,724450
G,G_00427,scissors_pass,geometric_fc,1,0,1,0,1,0,0.04451139,8,3,-1,medium,high,0.75,medium,2,,,,,,counterexample_audit,724451
G,G_00427,scissors_pass,oracle_sfc,0,0,0,0,1,0,0.0,8,3,-1,medium,high,0.75,medium,2,,,,,,counterexample_audit,724451
G,G_00427,scissors_pass,semantic_only,1,0,1,0,1,0,0.0,8,3,-1,medium,high,0.75,medium,2,,,,,,counterexample_audit,724451
G,G_00427,scissors_pass,posthoc_single,0,0,0,0,1,0,0.04451139,8,3,-1,medium,high,0.75,medium,2,,,,,,counterexample_audit,724451
G,G_00427,scissors_pass,soft_penalty_fc,1,0,1,0,1,0,0.04451139,8,3,-1,medium,high,0.75,medium,2,,,,,,counterexample_audit,724451
G,G_00427,scissors_pass,observed_sfc,1,0,1,0,1,0,0.1961565,8,3,2,medium,high,0.75,medium,2,0.2,overconfident,0.7,,,counterexample_audit,724451
G,G_00427,scissors_pass,risk_aware_sfc,1,0,1,0,1,0,0.1961565,8,3,2,medium,high,0.75,medium,2,0.2,overconfident,0.7,,,counterexample_audit,724451
G,G_00427,scissors_pass,abstaining_sfc,1,0,1,0,1,0,0.1961565,8,3,2,medium,high,0.75,medium,2,0.2,overconfident,0.7,,,counterexample_audit,724451
G,G_00428,scissors_pass,geometric_fc,1,0,1,0,1,0,0.04490903,8,3,-1,medium,high,0.75,medium,2,,,,,,counterexample_audit,724452
G,G_00428,scissors_pass,oracle_sfc,0,0,0,0,1,0,0.0,8,3,-1,medium,high,0.75,medium,2,,,,,,counterexample_audit,724452
G,G_00428,scissors_pass,semantic_only,1,0,1,0,1,0,0.0,8,3,-1,medium,high,0.75,medium,2,,,,,,counterexample_audit,724452
G,G_00428,scissors_pass,posthoc_single,0,0,0,0,1,0,0.04490903,8,3,-1,medium,high,0.75,medium,2,,,,,,counterexample_audit,724452
G,G_00428,scissors_pass,soft_penalty_fc,1,0,1,0,1,0,0.04490903,8,3,-1,medium,high,0.75,medium,2,,,,,,counterexample_audit,724452
G,G_00428,scissors_pass,observed_sfc,0,0,0,0,1,0,0.0,8,3,3,medium,high,0.75,medium,2,0.2,overconfident,0.7,,,counterexample_audit,724452
G,G_00428,scissors_pass,risk_aware_sfc,0,0,0,0,1,0,0.0,8,3,3,medium,high,0.75,medium,2,0.2,overconfident,0.7,,,counterexample_audit,724452
G,G_00428,scissors_pass,abstaining_sfc,0,0,0,0,1,0,0.0,8,3,3,medium,high,0.75,medium,2,0.2,overconfident,0.7,,,counterexample_audit,724452
G,G_00429,scissors_pass,geometric_fc,1,0,1,0,1,0,0.04925975,8,3,-1,medium,high,0.75,medium,2,,,,,,counterexample_audit,724453
G,G_00429,scissors_pass,oracle_sfc,0,0,0,0,1,0,0.0,8,3,-1,medium,high,0.75,medium,2,,,,,,counterexample_audit,724453
G,G_00429,scissors_pass,semantic_only,1,0,1,0,1,0,0.0,8,3,-1,medium,high,0.75,medium,2,,,,,,counterexample_audit,724453
G,G_00429,scissors_pass,posthoc_single,0,0,0,0,1,0,0.04925975,8,3,-1,medium,high,0.75,medium,2,,,,,,counterexample_audit,724453
G,G_00429,scissors_pass,soft_penalty_fc,1,0,1,0,1,0,0.04925975,8,3,-1,medium,high,0.75,medium,2,,,,,,counterexample_audit,724453
G,G_00429,scissors_pass,observed_sfc,1,0,1,0,1,0,0.10071561,8,3,4,medium,high,0.75,medium,2,0.2,overconfident,0.7,,,counterexample_audit,724453
G,G_00429,scissors_pass,risk_aware_sfc,1,0,1,0,1,0,0.10071561,8,3,4,medium,high,0.75,medium,2,0.2,overconfident,0.7,,,counterexample_audit,724453
G,G_00429,scissors_pass,abstaining_sfc,1,0,1,0,1,0,0.10071561,8,3,4,medium,high,0.75,medium,2,0.2,overconfident,0.7,,,counterexample_audit,724453
G,G_00430,scissors_pass,geometric_fc,1,0,1,0,1,0,0.04667738,8,3,-1,medium,high,0.75,medium,2,,,,,,counterexample_audit,724454
G,G_00430,scissors_pass,oracle_sfc,0,0,0,0,1,0,0.0,8,3,-1,medium,high,0.75,medium,2,,,,,,counterexample_audit,724454
G,G_00430,scissors_pass,semantic_only,1,0,1,0,1,0,0.0,8,3,-1,medium,high,0.75,medium,2,,,,,,counterexample_audit,724454
G,G_00430,scissors_pass,posthoc_single,0,0,0,0,1,0,0.04667738,8,3,-1,medium,high,0.75,medium,2,,,,,,counterexample_audit,724454
G,G_00430,scissors_pass,soft_penalty_fc,1,0,1,0,1,0,0.04667738,8,3,-1,medium,high,0.75,medium,2,,,,,,counterexample_audit,724454
G,G_00430,scissors_pass,observed_sfc,1,0,1,0,1,0,0.06947325,8,3,4,medium,high,0.75,medium,2,0.2,overconfident,0.7,,,counterexample_audit,724454
G,G_00430,scissors_pass,risk_aware_sfc,1,0,1,0,1,0,0.06947325,8,3,4,medium,high,0.75,medium,2,0.2,overconfident,0.7,,,counterexample_audit,724454
G,G_00430,scissors_pass,abstaining_sfc,1,0,1,0,1,0,0.06947325,8,3,4,medium,high,0.75,medium,2,0.2,overconfident,0.7,,,counterexample_audit,724454
G,G_00431,scissors_pass,geometric_fc,1,0,1,0,1,0,0.04260098,8,3,-1,medium,high,0.75,medium,2,,,,,,counterexample_audit,724455
G,G_00431,scissors_pass,oracle_sfc,0,0,0,0,1,0,0.0,8,3,-1,medium,high,0.75,medium,2,,,,,,counterexample_audit,724455
G,G_00431,scissors_pass,semantic_only,1,0,1,0,1,0,0.0,8,3,-1,medium,high,0.75,medium,2,,,,,,counterexample_audit,724455
G,G_00431,scissors_pass,posthoc_single,0,0,0,0,1,0,0.04260098,8,3,-1,medium,high,0.75,medium,2,,,,,,counterexample_audit,724455
G,G_00431,scissors_pass,soft_penalty_fc,1,0,1,0,1,0,0.04260098,8,3,-1,medium,high,0.75,medium,2,,,,,,counterexample_audit,724455
G,G_00431,scissors_pass,observed_sfc,0,0,0,0,1,0,0.0,8,3,2,medium,high,0.75,medium,2,0.2,overconfident,0.7,,,counterexample_audit,724455
G,G_00431,scissors_pass,risk_aware_sfc,0,0,0,0,1,0,0.0,8,3,2,medium,high,0.75,medium,2,0.2,overconfident,0.7,,,counterexample_audit,724455
G,G_00431,scissors_pass,abstaining_sfc,0,0,0,0,1,0,0.0,8,3,2,medium,high,0.75,medium,2,0.2,overconfident,0.7,,,counterexample_audit,724455
G,G_00432,scissors_pass,geometric_fc,1,0,1,0,1,0,0.05179921,8,3,-1,medium,high,0.75,medium,2,,,,,,counterexample_audit,724456
G,G_00432,scissors_pass,oracle_sfc,0,0,0,0,1,0,0.0,8,3,-1,medium,high,0.75,medium,2,,,,,,counterexample_audit,724456
G,G_00432,scissors_pass,semantic_only,1,0,1,0,1,0,0.0,8,3,-1,medium,high,0.75,medium,2,,,,,,counterexample_audit,724456
G,G_00432,scissors_pass,posthoc_single,0,0,0,0,1,0,0.05179921,8,3,-1,medium,high,0.75,medium,2,,,,,,counterexample_audit,724456
G,G_00432,scissors_pass,soft_penalty_fc,1,0,1,0,1,0,0.05179921,8,3,-1,medium,high,0.75,medium,2,,,,,,counterexample_audit,724456
G,G_00432,scissors_pass,observed_sfc,0,0,0,0,1,0,0.0,8,3,3,medium,high,0.75,medium,2,0.2,overconfident,0.7,,,counterexample_audit,724456
G,G_00432,scissors_pass,risk_aware_sfc,0,0,0,0,1,0,0.0,8,3,3,medium,high,0.75,medium,2,0.2,overconfident,0.7,,,counterexample_audit,724456
G,G_00432,scissors_pass,abstaining_sfc,0,0,0,0,1,0,0.0,8,3,3,medium,high,0.75,medium,2,0.2,overconfident,0.7,,,counterexample_audit,724456
G,G_00433,scissors_pass,geometric_fc,1,0,1,0,1,0,0.04944349,8,3,-1,medium,high,0.75,medium,2,,,,,,counterexample_audit,724457
G,G_00433,scissors_pass,oracle_sfc,0,0,0,0,1,0,0.0,8,3,-1,medium,high,0.75,medium,2,,,,,,counterexample_audit,724457
G,G_00433,scissors_pass,semantic_only,1,0,1,0,1,0,0.0,8,3,-1,medium,high,0.75,medium,2,,,,,,counterexample_audit,724457
G,G_00433,scissors_pass,posthoc_single,0,0,0,0,1,0,0.04944349,8,3,-1,medium,high,0.75,medium,2,,,,,,counterexample_audit,724457
G,G_00433,scissors_pass,soft_penalty_fc,1,0,1,0,1,0,0.04944349,8,3,-1,medium,high,0.75,medium,2,,,,,,counterexample_audit,724457
G,G_00433,scissors_pass,observed_sfc,1,0,1,0,1,0,0.02527083,8,3,4,medium,high,0.75,medium,2,0.2,overconfident,0.7,,,counterexample_audit,724457
G,G_00433,scissors_pass,risk_aware_sfc,1,0,1,0,1,0,0.02527083,8,3,4,medium,high,0.75,medium,2,0.2,overconfident,0.7,,,counterexample_audit,724457
G,G_00433,scissors_pass,abstaining_sfc,1,0,1,0,1,0,0.02527083,8,3,4,medium,high,0.75,medium,2,0.2,overconfident,0.7,,,counterexample_audit,724457
G,G_00434,scissors_pass,geometric_fc,1,0,1,0,1,0,0.04660308,8,3,-1,medium,high,0.75,medium,2,,,,,,counterexample_audit,724458
G,G_00434,scissors_pass,oracle_sfc,0,0,0,0,1,0,0.0,8,3,-1,medium,high,0.75,medium,2,,,,,,counterexample_audit,724458
G,G_00434,scissors_pass,semantic_only,1,0,1,0,1,0,0.0,8,3,-1,medium,high,0.75,medium,2,,,,,,counterexample_audit,724458
G,G_00434,scissors_pass,posthoc_single,0,0,0,0,1,0,0.04660308,8,3,-1,medium,high,0.75,medium,2,,,,,,counterexample_audit,724458
G,G_00434,scissors_pass,soft_penalty_fc,1,0,1,0,1,0,0.04660308,8,3,-1,medium,high,0.75,medium,2,,,,,,counterexample_audit,724458
G,G_00434,scissors_pass,observed_sfc,0,0,0,0,1,0,0.0,8,3,2,medium,high,0.75,medium,2,0.2,overconfident,0.7,,,counterexample_audit,724458
G,G_00434,scissors_pass,risk_aware_sfc,0,0,0,0,1,0,0.0,8,3,2,medium,high,0.75,medium,2,0.2,overconfident,0.7,,,counterexample_audit,724458
G,G_00434,scissors_pass,abstaining_sfc,0,0,0,0,1,0,0.0,8,3,2,medium,high,0.75,medium,2,0.2,overconfident,0.7,,,counterexample_audit,724458
G,G_00435,scissors_pass,geometric_fc,1,0,1,0,1,0,0.04725032,8,3,-1,medium,high,0.75,medium,2,,,,,,counterexample_audit,724459
G,G_00435,scissors_pass,oracle_sfc,0,0,0,0,1,0,0.0,8,3,-1,medium,high,0.75,medium,2,,,,,,counterexample_audit,724459
G,G_00435,scissors_pass,semantic_only,1,0,1,0,1,0,0.0,8,3,-1,medium,high,0.75,medium,2,,,,,,counterexample_audit,724459
G,G_00435,scissors_pass,posthoc_single,0,0,0,0,1,0,0.04725032,8,3,-1,medium,high,0.75,medium,2,,,,,,counterexample_audit,724459
G,G_00435,scissors_pass,soft_penalty_fc,1,0,1,0,1,0,0.04725032,8,3,-1,medium,high,0.75,medium,2,,,,,,counterexample_audit,724459
G,G_00435,scissors_pass,observed_sfc,0,0,0,0,1,0,0.0,8,3,4,medium,high,0.75,medium,2,0.2,overconfident,0.7,,,counterexample_audit,724459
G,G_00435,scissors_pass,risk_aware_sfc,0,0,0,0,1,0,0.0,8,3,4,medium,high,0.75,medium,2,0.2,overconfident,0.7,,,counterexample_audit,724459
G,G_00435,scissors_pass,abstaining_sfc,0,0,0,0,1,0,0.0,8,3,4,medium,high,0.75,medium,2,0.2,overconfident,0.7,,,counterexample_audit,724459
G,G_00436,scissors_pass,geometric_fc,1,0,1,0,1,0,0.04435932,8,3,-1,medium,high,0.75,medium,2,,,,,,counterexample_audit,724460
G,G_00436,scissors_pass,oracle_sfc,0,0,0,0,1,0,0.0,8,3,-1,medium,high,0.75,medium,2,,,,,,counterexample_audit,724460
G,G_00436,scissors_pass,semantic_only,1,0,1,0,1,0,0.0,8,3,-1,medium,high,0.75,medium,2,,,,,,counterexample_audit,724460
G,G_00436,scissors_pass,posthoc_single,0,0,0,0,1,0,0.04435932,8,3,-1,medium,high,0.75,medium,2,,,,,,counterexample_audit,724460
G,G_00436,scissors_pass,soft_penalty_fc,1,0,1,0,1,0,0.04435932,8,3,-1,medium,high,0.75,medium,2,,,,,,counterexample_audit,724460
G,G_00436,scissors_pass,observed_sfc,0,0,0,0,1,0,0.0,8,3,3,medium,high,0.75,medium,2,0.2,overconfident,0.7,,,counterexample_audit,724460
G,G_00436,scissors_pass,risk_aware_sfc,0,0,0,0,1,0,0.0,8,3,3,medium,high,0.75,medium,2,0.2,overconfident,0.7,,,counterexample_audit,724460
G,G_00436,scissors_pass,abstaining_sfc,0,0,0,0,1,0,0.0,8,3,3,medium,high,0.75,medium,2,0.2,overconfident,0.7,,,counterexample_audit,724460
G,G_00437,scissors_pass,geometric_fc,1,0,1,0,1,0,0.04293902,8,3,-1,medium,high,0.75,medium,2,,,,,,counterexample_audit,724461
G,G_00437,scissors_pass,oracle_sfc,0,0,0,0,1,0,0.0,8,3,-1,medium,high,0.75,medium,2,,,,,,counterexample_audit,724461
G,G_00437,scissors_pass,semantic_only,1,0,1,0,1,0,0.0,8,3,-1,medium,high,0.75,medium,2,,,,,,counterexample_audit,724461
G,G_00437,scissors_pass,posthoc_single,0,0,0,0,1,0,0.04293902,8,3,-1,medium,high,0.75,medium,2,,,,,,counterexample_audit,724461
G,G_00437,scissors_pass,soft_penalty_fc,1,0,1,0,1,0,0.04293902,8,3,-1,medium,high,0.75,medium,2,,,,,,counterexample_audit,724461
G,G_00437,scissors_pass,observed_sfc,1,0,1,0,1,0,0.06576333,8,3,5,medium,high,0.75,medium,2,0.2,overconfident,0.7,,,counterexample_audit,724461
G,G_00437,scissors_pass,risk_aware_sfc,1,0,1,0,1,0,0.06576333,8,3,5,medium,high,0.75,medium,2,0.2,overconfident,0.7,,,counterexample_audit,724461
G,G_00437,scissors_pass,abstaining_sfc,1,0,1,0,1,0,0.06576333,8,3,5,medium,high,0.75,medium,2,0.2,overconfident,0.7,,,counterexample_audit,724461
G,G_00438,scissors_pass,geometric_fc,1,0,1,0,1,0,0.04141669,8,3,-1,medium,high,0.75,medium,2,,,,,,counterexample_audit,724462
G,G_00438,scissors_pass,oracle_sfc,0,0,0,0,1,0,0.0,8,3,-1,medium,high,0.75,medium,2,,,,,,counterexample_audit,724462
G,G_00438,scissors_pass,semantic_only,1,0,1,0,1,0,0.0,8,3,-1,medium,high,0.75,medium,2,,,,,,counterexample_audit,724462
G,G_00438,scissors_pass,posthoc_single,0,0,0,0,1,0,0.04141669,8,3,-1,medium,high,0.75,medium,2,,,,,,counterexample_audit,724462
G,G_00438,scissors_pass,soft_penalty_fc,1,0,1,0,1,0,0.04141669,8,3,-1,medium,high,0.75,medium,2,,,,,,counterexample_audit,724462
G,G_00438,scissors_pass,observed_sfc,1,0,1,0,1,0,0.06929569,8,3,4,medium,high,0.75,medium,2,0.2,overconfident,0.7,,,counterexample_audit,724462
G,G_00438,scissors_pass,risk_aware_sfc,1,0,1,0,1,0,0.06929569,8,3,4,medium,high,0.75,medium,2,0.2,overconfident,0.7,,,counterexample_audit,724462
G,G_00438,scissors_pass,abstaining_sfc,1,0,1,0,1,0,0.06929569,8,3,4,medium,high,0.75,medium,2,0.2,overconfident,0.7,,,counterexample_audit,724462
G,G_00439,scissors_pass,geometric_fc,1,0,1,0,1,0,0.04954024,8,3,-1,medium,high,0.75,medium,2,,,,,,counterexample_audit,724463
G,G_00439,scissors_pass,oracle_sfc,0,0,0,0,1,0,0.0,8,3,-1,medium,high,0.75,medium,2,,,,,,counterexample_audit,724463
G,G_00439,scissors_pass,semantic_only,1,0,1,0,1,0,0.0,8,3,-1,medium,high,0.75,medium,2,,,,,,counterexample_audit,724463
G,G_00439,scissors_pass,posthoc_single,0,0,0,0,1,0,0.04954024,8,3,-1,medium,high,0.75,medium,2,,,,,,counterexample_audit,724463
G,G_00439,scissors_pass,soft_penalty_fc,1,0,1,0,1,0,0.04954024,8,3,-1,medium,high,0.75,medium,2,,,,,,counterexample_audit,724463
G,G_00439,scissors_pass,observed_sfc,0,0,0,0,1,0,0.0,8,3,3,medium,high,0.75,medium,2,0.2,overconfident,0.7,,,counterexample_audit,724463
G,G_00439,scissors_pass,risk_aware_sfc,0,0,0,0,1,0,0.0,8,3,3,medium,high,0.75,medium,2,0.2,overconfident,0.7,,,counterexample_audit,724463
G,G_00439,scissors_pass,abstaining_sfc,0,0,0,0,1,0,0.0,8,3,3,medium,high,0.75,medium,2,0.2,overconfident,0.7,,,counterexample_audit,724463
G,G_00440,scissors_pass,geometric_fc,1,0,1,0,1,0,0.04454661,8,3,-1,medium,high,0.75,medium,2,,,,,,counterexample_audit,724464
G,G_00440,scissors_pass,oracle_sfc,0,0,0,0,1,0,0.0,8,3,-1,medium,high,0.75,medium,2,,,,,,counterexample_audit,724464
G,G_00440,scissors_pass,semantic_only,1,0,1,0,1,0,0.0,8,3,-1,medium,high,0.75,medium,2,,,,,,counterexample_audit,724464
G,G_00440,scissors_pass,posthoc_single,0,0,0,0,1,0,0.04454661,8,3,-1,medium,high,0.75,medium,2,,,,,,counterexample_audit,724464
G,G_00440,scissors_pass,soft_penalty_fc,1,0,1,0,1,0,0.04454661,8,3,-1,medium,high,0.75,medium,2,,,,,,counterexample_audit,724464
G,G_00440,scissors_pass,observed_sfc,1,0,1,0,1,0,0.06424366,8,3,4,medium,high,0.75,medium,2,0.2,overconfident,0.7,,,counterexample_audit,724464
G,G_00440,scissors_pass,risk_aware_sfc,1,0,1,0,1,0,0.06424366,8,3,4,medium,high,0.75,medium,2,0.2,overconfident,0.7,,,counterexample_audit,724464
G,G_00440,scissors_pass,abstaining_sfc,1,0,1,0,1,0,0.06424366,8,3,4,medium,high,0.75,medium,2,0.2,overconfident,0.7,,,counterexample_audit,724464
G,G_00441,scissors_pass,geometric_fc,1,0,1,0,1,0,0.04378855,8,3,-1,medium,high,0.75,medium,2,,,,,,counterexample_audit,724465
G,G_00441,scissors_pass,oracle_sfc,0,0,0,0,1,0,0.0,8,3,-1,medium,high,0.75,medium,2,,,,,,counterexample_audit,724465
G,G_00441,scissors_pass,semantic_only,1,0,1,0,1,0,0.0,8,3,-1,medium,high,0.75,medium,2,,,,,,counterexample_audit,724465
G,G_00441,scissors_pass,posthoc_single,0,0,0,0,1,0,0.04378855,8,3,-1,medium,high,0.75,medium,2,,,,,,counterexample_audit,724465
G,G_00441,scissors_pass,soft_penalty_fc,1,0,1,0,1,0,0.04378855,8,3,-1,medium,high,0.75,medium,2,,,,,,counterexample_audit,724465
G,G_00441,scissors_pass,observed_sfc,0,0,0,0,1,0,0.0,8,3,2,medium,high,0.75,medium,2,0.2,overconfident,0.7,,,counterexample_audit,724465
G,G_00441,scissors_pass,risk_aware_sfc,0,0,0,0,1,0,0.0,8,3,2,medium,high,0.75,medium,2,0.2,overconfident,0.7,,,counterexample_audit,724465
G,G_00441,scissors_pass,abstaining_sfc,0,0,0,0,1,0,0.0,8,3,2,medium,high,0.75,medium,2,0.2,overconfident,0.7,,,counterexample_audit,724465
G,G_00442,scissors_pass,geometric_fc,1,0,1,0,1,0,0.04973792,8,3,-1,medium,high,0.75,medium,2,,,,,,counterexample_audit,724466
G,G_00442,scissors_pass,oracle_sfc,0,0,0,0,1,0,0.0,8,3,-1,medium,high,0.75,medium,2,,,,,,counterexample_audit,724466
G,G_00442,scissors_pass,semantic_only,1,0,1,0,1,0,0.0,8,3,-1,medium,high,0.75,medium,2,,,,,,counterexample_audit,724466
G,G_00442,scissors_pass,posthoc_single,0,0,0,0,1,0,0.04973792,8,3,-1,medium,high,0.75,medium,2,,,,,,counterexample_audit,724466
G,G_00442,scissors_pass,soft_penalty_fc,1,0,1,0,1,0,0.04973792,8,3,-1,medium,high,0.75,medium,2,,,,,,counterexample_audit,724466
G,G_00442,scissors_pass,observed_sfc,1,0,1,0,1,0,0.09339307,8,3,4,medium,high,0.75,medium,2,0.2,overconfident,0.7,,,counterexample_audit,724466
G,G_00442,scissors_pass,risk_aware_sfc,1,0,1,0,1,0,0.09339307,8,3,4,medium,high,0.75,medium,2,0.2,overconfident,0.7,,,counterexample_audit,724466
G,G_00442,scissors_pass,abstaining_sfc,1,0,1,0,1,0,0.09339307,8,3,4,medium,high,0.75,medium,2,0.2,overconfident,0.7,,,counterexample_audit,724466
G,G_00443,scissors_pass,geometric_fc,1,0,1,0,1,0,0.04658992,8,3,-1,medium,high,0.75,medium,2,,,,,,counterexample_audit,724467
G,G_00443,scissors_pass,oracle_sfc,0,0,0,0,1,0,0.0,8,3,-1,medium,high,0.75,medium,2,,,,,,counterexample_audit,724467
G,G_00443,scissors_pass,semantic_only,1,0,1,0,1,0,0.0,8,3,-1,medium,high,0.75,medium,2,,,,,,counterexample_audit,724467
G,G_00443,scissors_pass,posthoc_single,0,0,0,0,1,0,0.04658992,8,3,-1,medium,high,0.75,medium,2,,,,,,counterexample_audit,724467
G,G_00443,scissors_pass,soft_penalty_fc,1,0,1,0,1,0,0.04658992,8,3,-1,medium,high,0.75,medium,2,,,,,,counterexample_audit,724467
G,G_00443,scissors_pass,observed_sfc,0,0,0,0,1,0,0.0,8,3,3,medium,high,0.75,medium,2,0.2,overconfident,0.7,,,counterexample_audit,724467
G,G_00443,scissors_pass,risk_aware_sfc,0,0,0,0,1,0,0.0,8,3,3,medium,high,0.75,medium,2,0.2,overconfident,0.7,,,counterexample_audit,724467
G,G_00443,scissors_pass,abstaining_sfc,0,0,0,0,1,0,0.0,8,3,3,medium,high,0.75,medium,2,0.2,overconfident,0.7,,,counterexample_audit,724467
G,G_00444,scissors_pass,geometric_fc,1,0,1,0,1,0,0.04294271,8,3,-1,medium,high,0.75,medium,2,,,,,,counterexample_audit,724468
G,G_00444,scissors_pass,oracle_sfc,0,0,0,0,1,0,0.0,8,3,-1,medium,high,0.75,medium,2,,,,,,counterexample_audit,724468
G,G_00444,scissors_pass,semantic_only,1,0,1,0,1,0,0.0,8,3,-1,medium,high,0.75,medium,2,,,,,,counterexample_audit,724468
G,G_00444,scissors_pass,posthoc_single,0,0,0,0,1,0,0.04294271,8,3,-1,medium,high,0.75,medium,2,,,,,,counterexample_audit,724468
G,G_00444,scissors_pass,soft_penalty_fc,1,0,1,0,1,0,0.04294271,8,3,-1,medium,high,0.75,medium,2,,,,,,counterexample_audit,724468
G,G_00444,scissors_pass,observed_sfc,0,0,0,0,1,0,0.0,8,3,2,medium,high,0.75,medium,2,0.2,overconfident,0.7,,,counterexample_audit,724468
G,G_00444,scissors_pass,risk_aware_sfc,0,0,0,0,1,0,0.0,8,3,2,medium,high,0.75,medium,2,0.2,overconfident,0.7,,,counterexample_audit,724468
G,G_00444,scissors_pass,abstaining_sfc,0,0,0,0,1,0,0.0,8,3,2,medium,high,0.75,medium,2,0.2,overconfident,0.7,,,counterexample_audit,724468
G,G_00445,scissors_pass,geometric_fc,1,0,1,0,1,0,0.04323972,8,3,-1,medium,high,0.75,medium,2,,,,,,counterexample_audit,724469
G,G_00445,scissors_pass,oracle_sfc,0,0,0,0,1,0,0.0,8,3,-1,medium,high,0.75,medium,2,,,,,,counterexample_audit,724469
G,G_00445,scissors_pass,semantic_only,1,0,1,0,1,0,0.0,8,3,-1,medium,high,0.75,medium,2,,,,,,counterexample_audit,724469
G,G_00445,scissors_pass,posthoc_single,0,0,0,0,1,0,0.04323972,8,3,-1,medium,high,0.75,medium,2,,,,,,counterexample_audit,724469
G,G_00445,scissors_pass,soft_penalty_fc,1,0,1,0,1,0,0.04323972,8,3,-1,medium,high,0.75,medium,2,,,,,,counterexample_audit,724469
G,G_00445,scissors_pass,observed_sfc,0,0,0,0,1,0,0.0,8,3,3,medium,high,0.75,medium,2,0.2,overconfident,0.7,,,counterexample_audit,724469
G,G_00445,scissors_pass,risk_aware_sfc,0,0,0,0,1,0,0.0,8,3,3,medium,high,0.75,medium,2,0.2,overconfident,0.7,,,counterexample_audit,724469
G,G_00445,scissors_pass,abstaining_sfc,0,0,0,0,1,0,0.0,8,3,3,medium,high,0.75,medium,2,0.2,overconfident,0.7,,,counterexample_audit,724469
G,G_00446,scissors_pass,geometric_fc,1,0,1,0,1,0,0.04316232,8,3,-1,medium,high,0.75,medium,2,,,,,,counterexample_audit,724470
G,G_00446,scissors_pass,oracle_sfc,0,0,0,0,1,0,0.0,8,3,-1,medium,high,0.75,medium,2,,,,,,counterexample_audit,724470
G,G_00446,scissors_pass,semantic_only,1,0,1,0,1,0,0.0,8,3,-1,medium,high,0.75,medium,2,,,,,,counterexample_audit,724470
G,G_00446,scissors_pass,posthoc_single,0,0,0,0,1,0,0.04316232,8,3,-1,medium,high,0.75,medium,2,,,,,,counterexample_audit,724470
G,G_00446,scissors_pass,soft_penalty_fc,1,0,1,0,1,0,0.04316232,8,3,-1,medium,high,0.75,medium,2,,,,,,counterexample_audit,724470
G,G_00446,scissors_pass,observed_sfc,1,0,1,0,1,0,0.07020614,8,3,4,medium,high,0.75,medium,2,0.2,overconfident,0.7,,,counterexample_audit,724470
G,G_00446,scissors_pass,risk_aware_sfc,1,0,1,0,1,0,0.07020614,8,3,4,medium,high,0.75,medium,2,0.2,overconfident,0.7,,,counterexample_audit,724470
G,G_00446,scissors_pass,abstaining_sfc,1,0,1,0,1,0,0.07020614,8,3,4,medium,high,0.75,medium,2,0.2,overconfident,0.7,,,counterexample_audit,724470
G,G_00447,scissors_pass,geometric_fc,1,0,1,0,1,0,0.03529548,8,3,-1,medium,high,0.75,medium,2,,,,,,counterexample_audit,724471
G,G_00447,scissors_pass,oracle_sfc,0,0,0,0,1,0,0.0,8,3,-1,medium,high,0.75,medium,2,,,,,,counterexample_audit,724471
G,G_00447,scissors_pass,semantic_only,1,0,1,0,1,0,0.0,8,3,-1,medium,high,0.75,medium,2,,,,,,counterexample_audit,724471
G,G_00447,scissors_pass,posthoc_single,0,0,0,0,1,0,0.03529548,8,3,-1,medium,high,0.75,medium,2,,,,,,counterexample_audit,724471
G,G_00447,scissors_pass,soft_penalty_fc,1,0,1,0,1,0,0.03529548,8,3,-1,medium,high,0.75,medium,2,,,,,,counterexample_audit,724471
G,G_00447,scissors_pass,observed_sfc,0,0,0,0,1,0,0.0,8,3,3,medium,high,0.75,medium,2,0.2,overconfident,0.7,,,counterexample_audit,724471
G,G_00447,scissors_pass,risk_aware_sfc,0,0,0,0,1,0,0.0,8,3,3,medium,high,0.75,medium,2,0.2,overconfident,0.7,,,counterexample_audit,724471
G,G_00447,scissors_pass,abstaining_sfc,0,0,0,0,1,0,0.0,8,3,3,medium,high,0.75,medium,2,0.2,overconfident,0.7,,,counterexample_audit,724471
G,G_00448,scissors_pass,geometric_fc,1,0,1,0,1,0,0.04593019,8,3,-1,medium,high,0.75,medium,2,,,,,,counterexample_audit,724472
G,G_00448,scissors_pass,oracle_sfc,0,0,0,0,1,0,0.0,8,3,-1,medium,high,0.75,medium,2,,,,,,counterexample_audit,724472
G,G_00448,scissors_pass,semantic_only,1,0,1,0,1,0,0.0,8,3,-1,medium,high,0.75,medium,2,,,,,,counterexample_audit,724472
G,G_00448,scissors_pass,posthoc_single,0,0,0,0,1,0,0.04593019,8,3,-1,medium,high,0.75,medium,2,,,,,,counterexample_audit,724472
G,G_00448,scissors_pass,soft_penalty_fc,1,0,1,0,1,0,0.04593019,8,3,-1,medium,high,0.75,medium,2,,,,,,counterexample_audit,724472
G,G_00448,scissors_pass,observed_sfc,0,0,0,0,1,0,0.0,8,3,3,medium,high,0.75,medium,2,0.2,overconfident,0.7,,,counterexample_audit,724472
G,G_00448,scissors_pass,risk_aware_sfc,0,0,0,0,1,0,0.0,8,3,3,medium,high,0.75,medium,2,0.2,overconfident,0.7,,,counterexample_audit,724472
G,G_00448,scissors_pass,abstaining_sfc,0,0,0,0,1,0,0.0,8,3,3,medium,high,0.75,medium,2,0.2,overconfident,0.7,,,counterexample_audit,724472
G,G_00449,scissors_pass,geometric_fc,1,0,1,0,1,0,0.04556968,8,3,-1,medium,high,0.75,medium,2,,,,,,counterexample_audit,724473
G,G_00449,scissors_pass,oracle_sfc,0,0,0,0,1,0,0.0,8,3,-1,medium,high,0.75,medium,2,,,,,,counterexample_audit,724473
G,G_00449,scissors_pass,semantic_only,1,0,1,0,1,0,0.0,8,3,-1,medium,high,0.75,medium,2,,,,,,counterexample_audit,724473
G,G_00449,scissors_pass,posthoc_single,0,0,0,0,1,0,0.04556968,8,3,-1,medium,high,0.75,medium,2,,,,,,counterexample_audit,724473
G,G_00449,scissors_pass,soft_penalty_fc,1,0,1,0,1,0,0.04556968,8,3,-1,medium,high,0.75,medium,2,,,,,,counterexample_audit,724473
G,G_00449,scissors_pass,observed_sfc,1,0,1,0,1,0,0.10777988,8,3,3,medium,high,0.75,medium,2,0.2,overconfident,0.7,,,counterexample_audit,724473
G,G_00449,scissors_pass,risk_aware_sfc,1,0,1,0,1,0,0.10777988,8,3,3,medium,high,0.75,medium,2,0.2,overconfident,0.7,,,counterexample_audit,724473
G,G_00449,scissors_pass,abstaining_sfc,1,0,1,0,1,0,0.10777988,8,3,3,medium,high,0.75,medium,2,0.2,overconfident,0.7,,,counterexample_audit,724473
G,G_00450,scissors_pass,geometric_fc,1,0,1,0,1,0,0.04385294,8,3,-1,medium,high,0.75,medium,2,,,,,,counterexample_audit,724474
G,G_00450,scissors_pass,oracle_sfc,0,0,0,0,1,0,0.0,8,3,-1,medium,high,0.75,medium,2,,,,,,counterexample_audit,724474
G,G_00450,scissors_pass,semantic_only,1,0,1,0,1,0,0.0,8,3,-1,medium,high,0.75,medium,2,,,,,,counterexample_audit,724474
G,G_00450,scissors_pass,posthoc_single,0,0,0,0,1,0,0.04385294,8,3,-1,medium,high,0.75,medium,2,,,,,,counterexample_audit,724474
G,G_00450,scissors_pass,soft_penalty_fc,1,0,1,0,1,0,0.04385294,8,3,-1,medium,high,0.75,medium,2,,,,,,counterexample_audit,724474
G,G_00450,scissors_pass,observed_sfc,0,0,0,0,1,0,0.0,8,3,3,medium,high,0.75,medium,2,0.2,overconfident,0.7,,,counterexample_audit,724474
G,G_00450,scissors_pass,risk_aware_sfc,0,0,0,0,1,0,0.0,8,3,3,medium,high,0.75,medium,2,0.2,overconfident,0.7,,,counterexample_audit,724474
G,G_00450,scissors_pass,abstaining_sfc,0,0,0,0,1,0,0.0,8,3,3,medium,high,0.75,medium,2,0.2,overconfident,0.7,,,counterexample_audit,724474
G,G_00451,scissors_pass,geometric_fc,1,0,1,0,1,0,0.04365211,8,3,-1,medium,high,0.75,medium,2,,,,,,counterexample_audit,724475
G,G_00451,scissors_pass,oracle_sfc,0,0,0,0,1,0,0.0,8,3,-1,medium,high,0.75,medium,2,,,,,,counterexample_audit,724475
G,G_00451,scissors_pass,semantic_only,1,0,1,0,1,0,0.0,8,3,-1,medium,high,0.75,medium,2,,,,,,counterexample_audit,724475
G,G_00451,scissors_pass,posthoc_single,0,0,0,0,1,0,0.04365211,8,3,-1,medium,high,0.75,medium,2,,,,,,counterexample_audit,724475
G,G_00451,scissors_pass,soft_penalty_fc,1,0,1,0,1,0,0.04365211,8,3,-1,medium,high,0.75,medium,2,,,,,,counterexample_audit,724475
G,G_00451,scissors_pass,observed_sfc,0,0,0,0,1,0,0.0,8,3,3,medium,high,0.75,medium,2,0.2,overconfident,0.7,,,counterexample_audit,724475
G,G_00451,scissors_pass,risk_aware_sfc,0,0,0,0,1,0,0.0,8,3,3,medium,high,0.75,medium,2,0.2,overconfident,0.7,,,counterexample_audit,724475
G,G_00451,scissors_pass,abstaining_sfc,0,0,0,0,1,0,0.0,8,3,3,medium,high,0.75,medium,2,0.2,overconfident,0.7,,,counterexample_audit,724475
G,G_00452,scissors_pass,geometric_fc,1,0,1,0,1,0,0.03841532,8,3,-1,medium,high,0.75,medium,2,,,,,,counterexample_audit,724476
G,G_00452,scissors_pass,oracle_sfc,0,0,0,0,1,0,0.0,8,3,-1,medium,high,0.75,medium,2,,,,,,counterexample_audit,724476
G,G_00452,scissors_pass,semantic_only,1,0,1,0,1,0,0.0,8,3,-1,medium,high,0.75,medium,2,,,,,,counterexample_audit,724476
G,G_00452,scissors_pass,posthoc_single,0,0,0,0,1,0,0.03841532,8,3,-1,medium,high,0.75,medium,2,,,,,,counterexample_audit,724476
G,G_00452,scissors_pass,soft_penalty_fc,1,0,1,0,1,0,0.03841532,8,3,-1,medium,high,0.75,medium,2,,,,,,counterexample_audit,724476
G,G_00452,scissors_pass,observed_sfc,1,0,1,0,1,0,0.07644349,8,3,4,medium,high,0.75,medium,2,0.2,overconfident,0.7,,,counterexample_audit,724476
G,G_00452,scissors_pass,risk_aware_sfc,1,0,1,0,1,0,0.07644349,8,3,4,medium,high,0.75,medium,2,0.2,overconfident,0.7,,,counterexample_audit,724476
G,G_00452,scissors_pass,abstaining_sfc,1,0,1,0,1,0,0.07644349,8,3,4,medium,high,0.75,medium,2,0.2,overconfident,0.7,,,counterexample_audit,724476
G,G_00453,scissors_pass,geometric_fc,1,0,1,0,1,0,0.05228117,8,3,-1,medium,high,0.75,medium,2,,,,,,counterexample_audit,724477
G,G_00453,scissors_pass,oracle_sfc,0,0,0,0,1,0,0.0,8,3,-1,medium,high,0.75,medium,2,,,,,,counterexample_audit,724477
G,G_00453,scissors_pass,semantic_only,1,0,1,0,1,0,0.0,8,3,-1,medium,high,0.75,medium,2,,,,,,counterexample_audit,724477
G,G_00453,scissors_pass,posthoc_single,0,0,0,0,1,0,0.05228117,8,3,-1,medium,high,0.75,medium,2,,,,,,counterexample_audit,724477
G,G_00453,scissors_pass,soft_penalty_fc,1,0,1,0,1,0,0.05228117,8,3,-1,medium,high,0.75,medium,2,,,,,,counterexample_audit,724477
G,G_00453,scissors_pass,observed_sfc,0,0,0,0,1,0,0.0,8,3,3,medium,high,0.75,medium,2,0.2,overconfident,0.7,,,counterexample_audit,724477
G,G_00453,scissors_pass,risk_aware_sfc,0,0,0,0,1,0,0.0,8,3,3,medium,high,0.75,medium,2,0.2,overconfident,0.7,,,counterexample_audit,724477
G,G_00453,scissors_pass,abstaining_sfc,0,0,0,0,1,0,0.0,8,3,3,medium,high,0.75,medium,2,0.2,overconfident,0.7,,,counterexample_audit,724477
G,G_00454,scissors_pass,geometric_fc,1,0,1,0,1,0,0.04526978,8,3,-1,medium,high,0.75,medium,2,,,,,,counterexample_audit,724478
G,G_00454,scissors_pass,oracle_sfc,0,0,0,0,1,0,0.0,8,3,-1,medium,high,0.75,medium,2,,,,,,counterexample_audit,724478
G,G_00454,scissors_pass,semantic_only,1,0,1,0,1,0,0.0,8,3,-1,medium,high,0.75,medium,2,,,,,,counterexample_audit,724478
G,G_00454,scissors_pass,posthoc_single,0,0,0,0,1,0,0.04526978,8,3,-1,medium,high,0.75,medium,2,,,,,,counterexample_audit,724478
G,G_00454,scissors_pass,soft_penalty_fc,1,0,1,0,1,0,0.04526978,8,3,-1,medium,high,0.75,medium,2,,,,,,counterexample_audit,724478
G,G_00454,scissors_pass,observed_sfc,1,0,1,0,1,0,0.11833984,8,3,3,medium,high,0.75,medium,2,0.2,overconfident,0.7,,,counterexample_audit,724478
G,G_00454,scissors_pass,risk_aware_sfc,1,0,1,0,1,0,0.11833984,8,3,3,medium,high,0.75,medium,2,0.2,overconfident,0.7,,,counterexample_audit,724478
G,G_00454,scissors_pass,abstaining_sfc,1,0,1,0,1,0,0.11833984,8,3,3,medium,high,0.75,medium,2,0.2,overconfident,0.7,,,counterexample_audit,724478
G,G_00455,scissors_pass,geometric_fc,1,0,1,0,1,0,0.04991035,8,3,-1,medium,high,0.75,medium,2,,,,,,counterexample_audit,724479
G,G_00455,scissors_pass,oracle_sfc,0,0,0,0,1,0,0.0,8,3,-1,medium,high,0.75,medium,2,,,,,,counterexample_audit,724479
G,G_00455,scissors_pass,semantic_only,1,0,1,0,1,0,0.0,8,3,-1,medium,high,0.75,medium,2,,,,,,counterexample_audit,724479
G,G_00455,scissors_pass,posthoc_single,0,0,0,0,1,0,0.04991035,8,3,-1,medium,high,0.75,medium,2,,,,,,counterexample_audit,724479
G,G_00455,scissors_pass,soft_penalty_fc,1,0,1,0,1,0,0.04991035,8,3,-1,medium,high,0.75,medium,2,,,,,,counterexample_audit,724479
G,G_00455,scissors_pass,observed_sfc,1,0,1,0,1,0,0.0696128,8,3,4,medium,high,0.75,medium,2,0.2,overconfident,0.7,,,counterexample_audit,724479
G,G_00455,scissors_pass,risk_aware_sfc,1,0,1,0,1,0,0.0696128,8,3,4,medium,high,0.75,medium,2,0.2,overconfident,0.7,,,counterexample_audit,724479
G,G_00455,scissors_pass,abstaining_sfc,1,0,1,0,1,0,0.0696128,8,3,4,medium,high,0.75,medium,2,0.2,overconfident,0.7,,,counterexample_audit,724479
G,G_00456,scissors_pass,geometric_fc,1,0,1,0,1,0,0.0349112,8,3,-1,medium,high,0.75,medium,2,,,,,,counterexample_audit,724480
G,G_00456,scissors_pass,oracle_sfc,0,0,0,0,1,0,0.0,8,3,-1,medium,high,0.75,medium,2,,,,,,counterexample_audit,724480
G,G_00456,scissors_pass,semantic_only,1,0,1,0,1,0,0.0,8,3,-1,medium,high,0.75,medium,2,,,,,,counterexample_audit,724480
G,G_00456,scissors_pass,posthoc_single,0,0,0,0,1,0,0.0349112,8,3,-1,medium,high,0.75,medium,2,,,,,,counterexample_audit,724480
G,G_00456,scissors_pass,soft_penalty_fc,1,0,1,0,1,0,0.0349112,8,3,-1,medium,high,0.75,medium,2,,,,,,counterexample_audit,724480
G,G_00456,scissors_pass,observed_sfc,1,0,1,0,1,0,0.05031996,8,3,2,medium,high,0.75,medium,2,0.2,overconfident,0.7,,,counterexample_audit,724480
G,G_00456,scissors_pass,risk_aware_sfc,1,0,1,0,1,0,0.05031996,8,3,2,medium,high,0.75,medium,2,0.2,overconfident,0.7,,,counterexample_audit,724480
G,G_00456,scissors_pass,abstaining_sfc,1,0,1,0,1,0,0.05031996,8,3,2,medium,high,0.75,medium,2,0.2,overconfident,0.7,,,counterexample_audit,724480
G,G_00457,scissors_pass,geometric_fc,1,0,1,0,1,0,0.04622742,8,3,-1,medium,high,0.75,medium,2,,,,,,counterexample_audit,724481
G,G_00457,scissors_pass,oracle_sfc,0,0,0,0,1,0,0.0,8,3,-1,medium,high,0.75,medium,2,,,,,,counterexample_audit,724481
G,G_00457,scissors_pass,semantic_only,1,0,1,0,1,0,0.0,8,3,-1,medium,high,0.75,medium,2,,,,,,counterexample_audit,724481
G,G_00457,scissors_pass,posthoc_single,0,0,0,0,1,0,0.04622742,8,3,-1,medium,high,0.75,medium,2,,,,,,counterexample_audit,724481
G,G_00457,scissors_pass,soft_penalty_fc,1,0,1,0,1,0,0.04622742,8,3,-1,medium,high,0.75,medium,2,,,,,,counterexample_audit,724481
G,G_00457,scissors_pass,observed_sfc,1,0,1,0,1,0,0.07273683,8,3,4,medium,high,0.75,medium,2,0.2,overconfident,0.7,,,counterexample_audit,724481
G,G_00457,scissors_pass,risk_aware_sfc,1,0,1,0,1,0,0.07273683,8,3,4,medium,high,0.75,medium,2,0.2,overconfident,0.7,,,counterexample_audit,724481
G,G_00457,scissors_pass,abstaining_sfc,1,0,1,0,1,0,0.07273683,8,3,4,medium,high,0.75,medium,2,0.2,overconfident,0.7,,,counterexample_audit,724481
G,G_00458,scissors_pass,geometric_fc,1,0,1,0,1,0,0.03870335,8,3,-1,medium,high,0.75,medium,2,,,,,,counterexample_audit,724482
G,G_00458,scissors_pass,oracle_sfc,0,0,0,0,1,0,0.0,8,3,-1,medium,high,0.75,medium,2,,,,,,counterexample_audit,724482
G,G_00458,scissors_pass,semantic_only,1,0,1,0,1,0,0.0,8,3,-1,medium,high,0.75,medium,2,,,,,,counterexample_audit,724482
G,G_00458,scissors_pass,posthoc_single,0,0,0,0,1,0,0.03870335,8,3,-1,medium,high,0.75,medium,2,,,,,,counterexample_audit,724482
G,G_00458,scissors_pass,soft_penalty_fc,1,0,1,0,1,0,0.03870335,8,3,-1,medium,high,0.75,medium,2,,,,,,counterexample_audit,724482
G,G_00458,scissors_pass,observed_sfc,0,0,0,0,1,0,0.0,8,3,2,medium,high,0.75,medium,2,0.2,overconfident,0.7,,,counterexample_audit,724482
G,G_00458,scissors_pass,risk_aware_sfc,0,0,0,0,1,0,0.0,8,3,2,medium,high,0.75,medium,2,0.2,overconfident,0.7,,,counterexample_audit,724482
G,G_00458,scissors_pass,abstaining_sfc,0,0,0,0,1,0,0.0,8,3,2,medium,high,0.75,medium,2,0.2,overconfident,0.7,,,counterexample_audit,724482
G,G_00459,scissors_pass,geometric_fc,1,0,1,0,1,0,0.05048531,8,3,-1,medium,high,0.75,medium,2,,,,,,counterexample_audit,724483
G,G_00459,scissors_pass,oracle_sfc,0,0,0,0,1,0,0.0,8,3,-1,medium,high,0.75,medium,2,,,,,,counterexample_audit,724483
G,G_00459,scissors_pass,semantic_only,1,0,1,0,1,0,0.0,8,3,-1,medium,high,0.75,medium,2,,,,,,counterexample_audit,724483
G,G_00459,scissors_pass,posthoc_single,0,0,0,0,1,0,0.05048531,8,3,-1,medium,high,0.75,medium,2,,,,,,counterexample_audit,724483
G,G_00459,scissors_pass,soft_penalty_fc,1,0,1,0,1,0,0.05048531,8,3,-1,medium,high,0.75,medium,2,,,,,,counterexample_audit,724483
G,G_00459,scissors_pass,observed_sfc,0,0,0,0,1,0,0.0,8,3,3,medium,high,0.75,medium,2,0.2,overconfident,0.7,,,counterexample_audit,724483
G,G_00459,scissors_pass,risk_aware_sfc,0,0,0,0,1,0,0.0,8,3,3,medium,high,0.75,medium,2,0.2,overconfident,0.7,,,counterexample_audit,724483
G,G_00459,scissors_pass,abstaining_sfc,0,0,0,0,1,0,0.0,8,3,3,medium,high,0.75,medium,2,0.2,overconfident,0.7,,,counterexample_audit,724483
G,G_00460,scissors_pass,geometric_fc,1,0,1,0,1,0,0.04447315,8,3,-1,medium,high,0.75,medium,2,,,,,,counterexample_audit,724484
G,G_00460,scissors_pass,oracle_sfc,0,0,0,0,1,0,0.0,8,3,-1,medium,high,0.75,medium,2,,,,,,counterexample_audit,724484
G,G_00460,scissors_pass,semantic_only,1,0,1,0,1,0,0.0,8,3,-1,medium,high,0.75,medium,2,,,,,,counterexample_audit,724484
G,G_00460,scissors_pass,posthoc_single,0,0,0,0,1,0,0.04447315,8,3,-1,medium,high,0.75,medium,2,,,,,,counterexample_audit,724484
G,G_00460,scissors_pass,soft_penalty_fc,1,0,1,0,1,0,0.04447315,8,3,-1,medium,high,0.75,medium,2,,,,,,counterexample_audit,724484
G,G_00460,scissors_pass,observed_sfc,1,0,1,0,1,0,0.0621145,8,3,6,medium,high,0.75,medium,2,0.2,overconfident,0.7,,,counterexample_audit,724484
G,G_00460,scissors_pass,risk_aware_sfc,1,0,1,0,1,0,0.0621145,8,3,6,medium,high,0.75,medium,2,0.2,overconfident,0.7,,,counterexample_audit,724484
G,G_00460,scissors_pass,abstaining_sfc,1,0,1,0,1,0,0.0621145,8,3,6,medium,high,0.75,medium,2,0.2,overconfident,0.7,,,counterexample_audit,724484
G,G_00461,scissors_pass,geometric_fc,1,0,1,0,1,0,0.04187755,8,3,-1,medium,high,0.75,medium,2,,,,,,counterexample_audit,724485
G,G_00461,scissors_pass,oracle_sfc,0,0,0,0,1,0,0.0,8,3,-1,medium,high,0.75,medium,2,,,,,,counterexample_audit,724485
G,G_00461,scissors_pass,semantic_only,1,0,1,0,1,0,0.0,8,3,-1,medium,high,0.75,medium,2,,,,,,counterexample_audit,724485
G,G_00461,scissors_pass,posthoc_single,0,0,0,0,1,0,0.04187755,8,3,-1,medium,high,0.75,medium,2,,,,,,counterexample_audit,724485
G,G_00461,scissors_pass,soft_penalty_fc,1,0,1,0,1,0,0.04187755,8,3,-1,medium,high,0.75,medium,2,,,,,,counterexample_audit,724485
G,G_00461,scissors_pass,observed_sfc,0,0,0,0,1,0,0.0,8,3,3,medium,high,0.75,medium,2,0.2,overconfident,0.7,,,counterexample_audit,724485
G,G_00461,scissors_pass,risk_aware_sfc,0,0,0,0,1,0,0.0,8,3,3,medium,high,0.75,medium,2,0.2,overconfident,0.7,,,counterexample_audit,724485
G,G_00461,scissors_pass,abstaining_sfc,0,0,0,0,1,0,0.0,8,3,3,medium,high,0.75,medium,2,0.2,overconfident,0.7,,,counterexample_audit,724485
G,G_00462,scissors_pass,geometric_fc,1,0,1,0,1,0,0.04437339,8,3,-1,medium,high,0.75,medium,2,,,,,,counterexample_audit,724486
G,G_00462,scissors_pass,oracle_sfc,0,0,0,0,1,0,0.0,8,3,-1,medium,high,0.75,medium,2,,,,,,counterexample_audit,724486
G,G_00462,scissors_pass,semantic_only,1,0,1,0,1,0,0.0,8,3,-1,medium,high,0.75,medium,2,,,,,,counterexample_audit,724486
G,G_00462,scissors_pass,posthoc_single,0,0,0,0,1,0,0.04437339,8,3,-1,medium,high,0.75,medium,2,,,,,,counterexample_audit,724486
G,G_00462,scissors_pass,soft_penalty_fc,1,0,1,0,1,0,0.04437339,8,3,-1,medium,high,0.75,medium,2,,,,,,counterexample_audit,724486
G,G_00462,scissors_pass,observed_sfc,1,0,1,0,1,0,0.11332249,8,3,4,medium,high,0.75,medium,2,0.2,overconfident,0.7,,,counterexample_audit,724486
G,G_00462,scissors_pass,risk_aware_sfc,1,0,1,0,1,0,0.11332249,8,3,4,medium,high,0.75,medium,2,0.2,overconfident,0.7,,,counterexample_audit,724486
G,G_00462,scissors_pass,abstaining_sfc,1,0,1,0,1,0,0.11332249,8,3,4,medium,high,0.75,medium,2,0.2,overconfident,0.7,,,counterexample_audit,724486
G,G_00463,scissors_pass,geometric_fc,1,0,1,0,1,0,0.04983082,8,3,-1,medium,high,0.75,medium,2,,,,,,counterexample_audit,724487
G,G_00463,scissors_pass,oracle_sfc,0,0,0,0,1,0,0.0,8,3,-1,medium,high,0.75,medium,2,,,,,,counterexample_audit,724487
G,G_00463,scissors_pass,semantic_only,1,0,1,0,1,0,0.0,8,3,-1,medium,high,0.75,medium,2,,,,,,counterexample_audit,724487
G,G_00463,scissors_pass,posthoc_single,0,0,0,0,1,0,0.04983082,8,3,-1,medium,high,0.75,medium,2,,,,,,counterexample_audit,724487
G,G_00463,scissors_pass,soft_penalty_fc,1,0,1,0,1,0,0.04983082,8,3,-1,medium,high,0.75,medium,2,,,,,,counterexample_audit,724487
G,G_00463,scissors_pass,observed_sfc,1,0,1,0,1,0,0.10695389,8,3,4,medium,high,0.75,medium,2,0.2,overconfident,0.7,,,counterexample_audit,724487
G,G_00463,scissors_pass,risk_aware_sfc,1,0,1,0,1,0,0.10695389,8,3,4,medium,high,0.75,medium,2,0.2,overconfident,0.7,,,counterexample_audit,724487
G,G_00463,scissors_pass,abstaining_sfc,1,0,1,0,1,0,0.10695389,8,3,4,medium,high,0.75,medium,2,0.2,overconfident,0.7,,,counterexample_audit,724487
G,G_00464,scissors_pass,geometric_fc,1,0,1,0,1,0,0.04311629,8,3,-1,medium,high,0.75,medium,2,,,,,,counterexample_audit,724488
G,G_00464,scissors_pass,oracle_sfc,0,0,0,0,1,0,0.0,8,3,-1,medium,high,0.75,medium,2,,,,,,counterexample_audit,724488
G,G_00464,scissors_pass,semantic_only,1,0,1,0,1,0,0.0,8,3,-1,medium,high,0.75,medium,2,,,,,,counterexample_audit,724488
G,G_00464,scissors_pass,posthoc_single,0,0,0,0,1,0,0.04311629,8,3,-1,medium,high,0.75,medium,2,,,,,,counterexample_audit,724488
G,G_00464,scissors_pass,soft_penalty_fc,1,0,1,0,1,0,0.04311629,8,3,-1,medium,high,0.75,medium,2,,,,,,counterexample_audit,724488
G,G_00464,scissors_pass,observed_sfc,1,0,1,0,1,0,0.08218636,8,3,5,medium,high,0.75,medium,2,0.2,overconfident,0.7,,,counterexample_audit,724488
G,G_00464,scissors_pass,risk_aware_sfc,1,0,1,0,1,0,0.08218636,8,3,5,medium,high,0.75,medium,2,0.2,overconfident,0.7,,,counterexample_audit,724488
G,G_00464,scissors_pass,abstaining_sfc,1,0,1,0,1,0,0.08218636,8,3,5,medium,high,0.75,medium,2,0.2,overconfident,0.7,,,counterexample_audit,724488
G,G_00465,scissors_pass,geometric_fc,1,0,1,0,1,0,0.04070586,8,3,-1,medium,high,0.75,medium,2,,,,,,counterexample_audit,724489
G,G_00465,scissors_pass,oracle_sfc,0,0,0,0,1,0,0.0,8,3,-1,medium,high,0.75,medium,2,,,,,,counterexample_audit,724489
G,G_00465,scissors_pass,semantic_only,1,0,1,0,1,0,0.0,8,3,-1,medium,high,0.75,medium,2,,,,,,counterexample_audit,724489
G,G_00465,scissors_pass,posthoc_single,0,0,0,0,1,0,0.04070586,8,3,-1,medium,high,0.75,medium,2,,,,,,counterexample_audit,724489
G,G_00465,scissors_pass,soft_penalty_fc,1,0,1,0,1,0,0.04070586,8,3,-1,medium,high,0.75,medium,2,,,,,,counterexample_audit,724489
G,G_00465,scissors_pass,observed_sfc,0,0,0,0,1,0,0.0,8,3,3,medium,high,0.75,medium,2,0.2,overconfident,0.7,,,counterexample_audit,724489
G,G_00465,scissors_pass,risk_aware_sfc,0,0,0,0,1,0,0.0,8,3,3,medium,high,0.75,medium,2,0.2,overconfident,0.7,,,counterexample_audit,724489
G,G_00465,scissors_pass,abstaining_sfc,0,0,0,0,1,0,0.0,8,3,3,medium,high,0.75,medium,2,0.2,overconfident,0.7,,,counterexample_audit,724489
G,G_00466,scissors_pass,geometric_fc,1,0,1,0,1,0,0.04695916,8,3,-1,medium,high,0.75,medium,2,,,,,,counterexample_audit,724490
G,G_00466,scissors_pass,oracle_sfc,0,0,0,0,1,0,0.0,8,3,-1,medium,high,0.75,medium,2,,,,,,counterexample_audit,724490
G,G_00466,scissors_pass,semantic_only,1,0,1,0,1,0,0.0,8,3,-1,medium,high,0.75,medium,2,,,,,,counterexample_audit,724490
G,G_00466,scissors_pass,posthoc_single,0,0,0,0,1,0,0.04695916,8,3,-1,medium,high,0.75,medium,2,,,,,,counterexample_audit,724490
G,G_00466,scissors_pass,soft_penalty_fc,1,0,1,0,1,0,0.04695916,8,3,-1,medium,high,0.75,medium,2,,,,,,counterexample_audit,724490
G,G_00466,scissors_pass,observed_sfc,1,0,1,0,1,0,0.05312411,8,3,4,medium,high,0.75,medium,2,0.2,overconfident,0.7,,,counterexample_audit,724490
G,G_00466,scissors_pass,risk_aware_sfc,1,0,1,0,1,0,0.05312411,8,3,4,medium,high,0.75,medium,2,0.2,overconfident,0.7,,,counterexample_audit,724490
G,G_00466,scissors_pass,abstaining_sfc,1,0,1,0,1,0,0.05312411,8,3,4,medium,high,0.75,medium,2,0.2,overconfident,0.7,,,counterexample_audit,724490
G,G_00467,scissors_pass,geometric_fc,1,0,1,0,1,0,0.04993928,8,3,-1,medium,high,0.75,medium,2,,,,,,counterexample_audit,724491
G,G_00467,scissors_pass,oracle_sfc,0,0,0,0,1,0,0.0,8,3,-1,medium,high,0.75,medium,2,,,,,,counterexample_audit,724491
G,G_00467,scissors_pass,semantic_only,1,0,1,0,1,0,0.0,8,3,-1,medium,high,0.75,medium,2,,,,,,counterexample_audit,724491
G,G_00467,scissors_pass,posthoc_single,0,0,0,0,1,0,0.04993928,8,3,-1,medium,high,0.75,medium,2,,,,,,counterexample_audit,724491
G,G_00467,scissors_pass,soft_penalty_fc,1,0,1,0,1,0,0.04993928,8,3,-1,medium,high,0.75,medium,2,,,,,,counterexample_audit,724491
G,G_00467,scissors_pass,observed_sfc,0,0,0,0,1,0,0.0,8,3,3,medium,high,0.75,medium,2,0.2,overconfident,0.7,,,counterexample_audit,724491
G,G_00467,scissors_pass,risk_aware_sfc,0,0,0,0,1,0,0.0,8,3,3,medium,high,0.75,medium,2,0.2,overconfident,0.7,,,counterexample_audit,724491
G,G_00467,scissors_pass,abstaining_sfc,0,0,0,0,1,0,0.0,8,3,3,medium,high,0.75,medium,2,0.2,overconfident,0.7,,,counterexample_audit,724491
G,G_00468,scissors_pass,geometric_fc,1,0,1,0,1,0,0.04455993,8,3,-1,medium,high,0.75,medium,2,,,,,,counterexample_audit,724492
G,G_00468,scissors_pass,oracle_sfc,0,0,0,0,1,0,0.0,8,3,-1,medium,high,0.75,medium,2,,,,,,counterexample_audit,724492
G,G_00468,scissors_pass,semantic_only,1,0,1,0,1,0,0.0,8,3,-1,medium,high,0.75,medium,2,,,,,,counterexample_audit,724492
G,G_00468,scissors_pass,posthoc_single,0,0,0,0,1,0,0.04455993,8,3,-1,medium,high,0.75,medium,2,,,,,,counterexample_audit,724492
G,G_00468,scissors_pass,soft_penalty_fc,1,0,1,0,1,0,0.04455993,8,3,-1,medium,high,0.75,medium,2,,,,,,counterexample_audit,724492
G,G_00468,scissors_pass,observed_sfc,1,0,1,0,1,0,0.07748692,8,3,5,medium,high,0.75,medium,2,0.2,overconfident,0.7,,,counterexample_audit,724492
G,G_00468,scissors_pass,risk_aware_sfc,1,0,1,0,1,0,0.07748692,8,3,5,medium,high,0.75,medium,2,0.2,overconfident,0.7,,,counterexample_audit,724492
G,G_00468,scissors_pass,abstaining_sfc,1,0,1,0,1,0,0.07748692,8,3,5,medium,high,0.75,medium,2,0.2,overconfident,0.7,,,counterexample_audit,724492
G,G_00469,scissors_pass,geometric_fc,1,0,1,0,1,0,0.04498092,8,3,-1,medium,high,0.75,medium,2,,,,,,counterexample_audit,724493
G,G_00469,scissors_pass,oracle_sfc,0,0,0,0,1,0,0.0,8,3,-1,medium,high,0.75,medium,2,,,,,,counterexample_audit,724493
G,G_00469,scissors_pass,semantic_only,1,0,1,0,1,0,0.0,8,3,-1,medium,high,0.75,medium,2,,,,,,counterexample_audit,724493
G,G_00469,scissors_pass,posthoc_single,0,0,0,0,1,0,0.04498092,8,3,-1,medium,high,0.75,medium,2,,,,,,counterexample_audit,724493
G,G_00469,scissors_pass,soft_penalty_fc,1,0,1,0,1,0,0.04498092,8,3,-1,medium,high,0.75,medium,2,,,,,,counterexample_audit,724493
G,G_00469,scissors_pass,observed_sfc,1,0,1,0,1,0,0.05611276,8,3,5,medium,high,0.75,medium,2,0.2,overconfident,0.7,,,counterexample_audit,724493
G,G_00469,scissors_pass,risk_aware_sfc,1,0,1,0,1,0,0.05611276,8,3,5,medium,high,0.75,medium,2,0.2,overconfident,0.7,,,counterexample_audit,724493
G,G_00469,scissors_pass,abstaining_sfc,1,0,1,0,1,0,0.05611276,8,3,5,medium,high,0.75,medium,2,0.2,overconfident,0.7,,,counterexample_audit,724493
G,G_00470,scissors_pass,geometric_fc,1,0,1,0,1,0,0.04291062,8,3,-1,medium,high,0.75,medium,2,,,,,,counterexample_audit,724494
G,G_00470,scissors_pass,oracle_sfc,0,0,0,0,1,0,0.0,8,3,-1,medium,high,0.75,medium,2,,,,,,counterexample_audit,724494
G,G_00470,scissors_pass,semantic_only,1,0,1,0,1,0,0.0,8,3,-1,medium,high,0.75,medium,2,,,,,,counterexample_audit,724494
G,G_00470,scissors_pass,posthoc_single,0,0,0,0,1,0,0.04291062,8,3,-1,medium,high,0.75,medium,2,,,,,,counterexample_audit,724494
G,G_00470,scissors_pass,soft_penalty_fc,1,0,1,0,1,0,0.04291062,8,3,-1,medium,high,0.75,medium,2,,,,,,counterexample_audit,724494
G,G_00470,scissors_pass,observed_sfc,1,0,1,0,1,0,0.07378304,8,3,3,medium,high,0.75,medium,2,0.2,overconfident,0.7,,,counterexample_audit,724494
G,G_00470,scissors_pass,risk_aware_sfc,1,0,1,0,1,0,0.07378304,8,3,3,medium,high,0.75,medium,2,0.2,overconfident,0.7,,,counterexample_audit,724494
G,G_00470,scissors_pass,abstaining_sfc,1,0,1,0,1,0,0.07378304,8,3,3,medium,high,0.75,medium,2,0.2,overconfident,0.7,,,counterexample_audit,724494
G,G_00471,scissors_pass,geometric_fc,1,0,1,0,1,0,0.04358132,8,3,-1,medium,high,0.75,medium,2,,,,,,counterexample_audit,724495
G,G_00471,scissors_pass,oracle_sfc,0,0,0,0,1,0,0.0,8,3,-1,medium,high,0.75,medium,2,,,,,,counterexample_audit,724495
G,G_00471,scissors_pass,semantic_only,1,0,1,0,1,0,0.0,8,3,-1,medium,high,0.75,medium,2,,,,,,counterexample_audit,724495
G,G_00471,scissors_pass,posthoc_single,0,0,0,0,1,0,0.04358132,8,3,-1,medium,high,0.75,medium,2,,,,,,counterexample_audit,724495
G,G_00471,scissors_pass,soft_penalty_fc,1,0,1,0,1,0,0.04358132,8,3,-1,medium,high,0.75,medium,2,,,,,,counterexample_audit,724495
G,G_00471,scissors_pass,observed_sfc,0,0,0,0,1,0,0.0,8,3,2,medium,high,0.75,medium,2,0.2,overconfident,0.7,,,counterexample_audit,724495
G,G_00471,scissors_pass,risk_aware_sfc,0,0,0,0,1,0,0.0,8,3,2,medium,high,0.75,medium,2,0.2,overconfident,0.7,,,counterexample_audit,724495
G,G_00471,scissors_pass,abstaining_sfc,0,0,0,0,1,0,0.0,8,3,2,medium,high,0.75,medium,2,0.2,overconfident,0.7,,,counterexample_audit,724495
G,G_00472,scissors_pass,geometric_fc,1,0,1,0,1,0,0.03708251,8,3,-1,medium,high,0.75,medium,2,,,,,,counterexample_audit,724496
G,G_00472,scissors_pass,oracle_sfc,0,0,0,0,1,0,0.0,8,3,-1,medium,high,0.75,medium,2,,,,,,counterexample_audit,724496
G,G_00472,scissors_pass,semantic_only,1,0,1,0,1,0,0.0,8,3,-1,medium,high,0.75,medium,2,,,,,,counterexample_audit,724496
G,G_00472,scissors_pass,posthoc_single,0,0,0,0,1,0,0.03708251,8,3,-1,medium,high,0.75,medium,2,,,,,,counterexample_audit,724496
G,G_00472,scissors_pass,soft_penalty_fc,1,0,1,0,1,0,0.03708251,8,3,-1,medium,high,0.75,medium,2,,,,,,counterexample_audit,724496
G,G_00472,scissors_pass,observed_sfc,0,0,0,0,1,0,0.0,8,3,2,medium,high,0.75,medium,2,0.2,overconfident,0.7,,,counterexample_audit,724496
G,G_00472,scissors_pass,risk_aware_sfc,0,0,0,0,1,0,0.0,8,3,2,medium,high,0.75,medium,2,0.2,overconfident,0.7,,,counterexample_audit,724496
G,G_00472,scissors_pass,abstaining_sfc,0,0,0,0,1,0,0.0,8,3,2,medium,high,0.75,medium,2,0.2,overconfident,0.7,,,counterexample_audit,724496
G,G_00473,scissors_pass,geometric_fc,1,0,1,0,1,0,0.04907648,8,3,-1,medium,high,0.75,medium,2,,,,,,counterexample_audit,724497
G,G_00473,scissors_pass,oracle_sfc,0,0,0,0,1,0,0.0,8,3,-1,medium,high,0.75,medium,2,,,,,,counterexample_audit,724497
G,G_00473,scissors_pass,semantic_only,1,0,1,0,1,0,0.0,8,3,-1,medium,high,0.75,medium,2,,,,,,counterexample_audit,724497
G,G_00473,scissors_pass,posthoc_single,0,0,0,0,1,0,0.04907648,8,3,-1,medium,high,0.75,medium,2,,,,,,counterexample_audit,724497
G,G_00473,scissors_pass,soft_penalty_fc,1,0,1,0,1,0,0.04907648,8,3,-1,medium,high,0.75,medium,2,,,,,,counterexample_audit,724497
G,G_00473,scissors_pass,observed_sfc,0,0,0,0,1,0,0.0,8,3,3,medium,high,0.75,medium,2,0.2,overconfident,0.7,,,counterexample_audit,724497
G,G_00473,scissors_pass,risk_aware_sfc,0,0,0,0,1,0,0.0,8,3,3,medium,high,0.75,medium,2,0.2,overconfident,0.7,,,counterexample_audit,724497
G,G_00473,scissors_pass,abstaining_sfc,0,0,0,0,1,0,0.0,8,3,3,medium,high,0.75,medium,2,0.2,overconfident,0.7,,,counterexample_audit,724497
G,G_00474,scissors_pass,geometric_fc,1,0,1,0,1,0,0.04315097,8,3,-1,medium,high,0.75,medium,2,,,,,,counterexample_audit,724498
G,G_00474,scissors_pass,oracle_sfc,0,0,0,0,1,0,0.0,8,3,-1,medium,high,0.75,medium,2,,,,,,counterexample_audit,724498
G,G_00474,scissors_pass,semantic_only,1,0,1,0,1,0,0.0,8,3,-1,medium,high,0.75,medium,2,,,,,,counterexample_audit,724498
G,G_00474,scissors_pass,posthoc_single,0,0,0,0,1,0,0.04315097,8,3,-1,medium,high,0.75,medium,2,,,,,,counterexample_audit,724498
G,G_00474,scissors_pass,soft_penalty_fc,1,0,1,0,1,0,0.04315097,8,3,-1,medium,high,0.75,medium,2,,,,,,counterexample_audit,724498
G,G_00474,scissors_pass,observed_sfc,0,0,0,0,1,0,0.0,8,3,3,medium,high,0.75,medium,2,0.2,overconfident,0.7,,,counterexample_audit,724498
G,G_00474,scissors_pass,risk_aware_sfc,0,0,0,0,1,0,0.0,8,3,3,medium,high,0.75,medium,2,0.2,overconfident,0.7,,,counterexample_audit,724498
G,G_00474,scissors_pass,abstaining_sfc,0,0,0,0,1,0,0.0,8,3,3,medium,high,0.75,medium,2,0.2,overconfident,0.7,,,counterexample_audit,724498
G,G_00475,scissors_pass,geometric_fc,1,0,1,0,1,0,0.03697667,8,3,-1,medium,high,0.75,medium,2,,,,,,counterexample_audit,724499
G,G_00475,scissors_pass,oracle_sfc,0,0,0,0,1,0,0.0,8,3,-1,medium,high,0.75,medium,2,,,,,,counterexample_audit,724499
G,G_00475,scissors_pass,semantic_only,1,0,1,0,1,0,0.0,8,3,-1,medium,high,0.75,medium,2,,,,,,counterexample_audit,724499
G,G_00475,scissors_pass,posthoc_single,0,0,0,0,1,0,0.03697667,8,3,-1,medium,high,0.75,medium,2,,,,,,counterexample_audit,724499
G,G_00475,scissors_pass,soft_penalty_fc,1,0,1,0,1,0,0.03697667,8,3,-1,medium,high,0.75,medium,2,,,,,,counterexample_audit,724499
G,G_00475,scissors_pass,observed_sfc,1,0,1,0,1,0,0.06671091,8,3,4,medium,high,0.75,medium,2,0.2,overconfident,0.7,,,counterexample_audit,724499
G,G_00475,scissors_pass,risk_aware_sfc,1,0,1,0,1,0,0.06671091,8,3,4,medium,high,0.75,medium,2,0.2,overconfident,0.7,,,counterexample_audit,724499
G,G_00475,scissors_pass,abstaining_sfc,1,0,1,0,1,0,0.06671091,8,3,4,medium,high,0.75,medium,2,0.2,overconfident,0.7,,,counterexample_audit,724499
G,G_00476,scissors_pass,geometric_fc,1,0,1,0,1,0,0.04371236,8,3,-1,medium,high,0.75,medium,2,,,,,,counterexample_audit,724500
G,G_00476,scissors_pass,oracle_sfc,0,0,0,0,1,0,0.0,8,3,-1,medium,high,0.75,medium,2,,,,,,counterexample_audit,724500
G,G_00476,scissors_pass,semantic_only,1,0,1,0,1,0,0.0,8,3,-1,medium,high,0.75,medium,2,,,,,,counterexample_audit,724500
G,G_00476,scissors_pass,posthoc_single,0,0,0,0,1,0,0.04371236,8,3,-1,medium,high,0.75,medium,2,,,,,,counterexample_audit,724500
G,G_00476,scissors_pass,soft_penalty_fc,1,0,1,0,1,0,0.04371236,8,3,-1,medium,high,0.75,medium,2,,,,,,counterexample_audit,724500
G,G_00476,scissors_pass,observed_sfc,0,0,0,0,1,0,0.0,8,3,1,medium,high,0.75,medium,2,0.2,overconfident,0.7,,,counterexample_audit,724500
G,G_00476,scissors_pass,risk_aware_sfc,0,0,0,0,1,0,0.0,8,3,1,medium,high,0.75,medium,2,0.2,overconfident,0.7,,,counterexample_audit,724500
G,G_00476,scissors_pass,abstaining_sfc,0,0,0,0,1,0,0.0,8,3,1,medium,high,0.75,medium,2,0.2,overconfident,0.7,,,counterexample_audit,724500
G,G_00477,scissors_pass,geometric_fc,1,0,1,0,1,0,0.04205688,8,3,-1,medium,high,0.75,medium,2,,,,,,counterexample_audit,724501
G,G_00477,scissors_pass,oracle_sfc,0,0,0,0,1,0,0.0,8,3,-1,medium,high,0.75,medium,2,,,,,,counterexample_audit,724501
G,G_00477,scissors_pass,semantic_only,1,0,1,0,1,0,0.0,8,3,-1,medium,high,0.75,medium,2,,,,,,counterexample_audit,724501
G,G_00477,scissors_pass,posthoc_single,0,0,0,0,1,0,0.04205688,8,3,-1,medium,high,0.75,medium,2,,,,,,counterexample_audit,724501
G,G_00477,scissors_pass,soft_penalty_fc,1,0,1,0,1,0,0.04205688,8,3,-1,medium,high,0.75,medium,2,,,,,,counterexample_audit,724501
G,G_00477,scissors_pass,observed_sfc,1,0,1,0,1,0,0.06380962,8,3,3,medium,high,0.75,medium,2,0.2,overconfident,0.7,,,counterexample_audit,724501
G,G_00477,scissors_pass,risk_aware_sfc,1,0,1,0,1,0,0.06380962,8,3,3,medium,high,0.75,medium,2,0.2,overconfident,0.7,,,counterexample_audit,724501
G,G_00477,scissors_pass,abstaining_sfc,1,0,1,0,1,0,0.06380962,8,3,3,medium,high,0.75,medium,2,0.2,overconfident,0.7,,,counterexample_audit,724501
G,G_00478,scissors_pass,geometric_fc,1,0,1,0,1,0,0.04372547,8,3,-1,medium,high,0.75,medium,2,,,,,,counterexample_audit,724502
G,G_00478,scissors_pass,oracle_sfc,0,0,0,0,1,0,0.0,8,3,-1,medium,high,0.75,medium,2,,,,,,counterexample_audit,724502
G,G_00478,scissors_pass,semantic_only,1,0,1,0,1,0,0.0,8,3,-1,medium,high,0.75,medium,2,,,,,,counterexample_audit,724502
G,G_00478,scissors_pass,posthoc_single,0,0,0,0,1,0,0.04372547,8,3,-1,medium,high,0.75,medium,2,,,,,,counterexample_audit,724502
G,G_00478,scissors_pass,soft_penalty_fc,1,0,1,0,1,0,0.04372547,8,3,-1,medium,high,0.75,medium,2,,,,,,counterexample_audit,724502
G,G_00478,scissors_pass,observed_sfc,0,0,0,0,1,0,0.0,8,3,2,medium,high,0.75,medium,2,0.2,overconfident,0.7,,,counterexample_audit,724502
G,G_00478,scissors_pass,risk_aware_sfc,0,0,0,0,1,0,0.0,8,3,2,medium,high,0.75,medium,2,0.2,overconfident,0.7,,,counterexample_audit,724502
G,G_00478,scissors_pass,abstaining_sfc,0,0,0,0,1,0,0.0,8,3,2,medium,high,0.75,medium,2,0.2,overconfident,0.7,,,counterexample_audit,724502
G,G_00479,scissors_pass,geometric_fc,1,0,1,0,1,0,0.0458999,8,3,-1,medium,high,0.75,medium,2,,,,,,counterexample_audit,724503
G,G_00479,scissors_pass,oracle_sfc,0,0,0,0,1,0,0.0,8,3,-1,medium,high,0.75,medium,2,,,,,,counterexample_audit,724503
G,G_00479,scissors_pass,semantic_only,1,0,1,0,1,0,0.0,8,3,-1,medium,high,0.75,medium,2,,,,,,counterexample_audit,724503
G,G_00479,scissors_pass,posthoc_single,0,0,0,0,1,0,0.0458999,8,3,-1,medium,high,0.75,medium,2,,,,,,counterexample_audit,724503
G,G_00479,scissors_pass,soft_penalty_fc,1,0,1,0,1,0,0.0458999,8,3,-1,medium,high,0.75,medium,2,,,,,,counterexample_audit,724503
G,G_00479,scissors_pass,observed_sfc,1,0,1,0,1,0,0.01991942,8,3,4,medium,high,0.75,medium,2,0.2,overconfident,0.7,,,counterexample_audit,724503
G,G_00479,scissors_pass,risk_aware_sfc,1,0,1,0,1,0,0.01991942,8,3,4,medium,high,0.75,medium,2,0.2,overconfident,0.7,,,counterexample_audit,724503
G,G_00479,scissors_pass,abstaining_sfc,1,0,1,0,1,0,0.01991942,8,3,4,medium,high,0.75,medium,2,0.2,overconfident,0.7,,,counterexample_audit,724503
G,G_00480,scissors_pass,geometric_fc,1,0,1,0,1,0,0.04363377,8,3,-1,medium,high,0.75,medium,2,,,,,,counterexample_audit,724504
G,G_00480,scissors_pass,oracle_sfc,0,0,0,0,1,0,0.0,8,3,-1,medium,high,0.75,medium,2,,,,,,counterexample_audit,724504
G,G_00480,scissors_pass,semantic_only,1,0,1,0,1,0,0.0,8,3,-1,medium,high,0.75,medium,2,,,,,,counterexample_audit,724504
G,G_00480,scissors_pass,posthoc_single,0,0,0,0,1,0,0.04363377,8,3,-1,medium,high,0.75,medium,2,,,,,,counterexample_audit,724504
G,G_00480,scissors_pass,soft_penalty_fc,1,0,1,0,1,0,0.04363377,8,3,-1,medium,high,0.75,medium,2,,,,,,counterexample_audit,724504
G,G_00480,scissors_pass,observed_sfc,0,0,0,0,1,0,0.0,8,3,2,medium,high,0.75,medium,2,0.2,overconfident,0.7,,,counterexample_audit,724504
G,G_00480,scissors_pass,risk_aware_sfc,0,0,0,0,1,0,0.0,8,3,2,medium,high,0.75,medium,2,0.2,overconfident,0.7,,,counterexample_audit,724504
G,G_00480,scissors_pass,abstaining_sfc,0,0,0,0,1,0,0.0,8,3,2,medium,high,0.75,medium,2,0.2,overconfident,0.7,,,counterexample_audit,724504
G,G_00481,syringe_handoff,geometric_fc,1,0,1,0,1,0,0.0564817,8,3,-1,medium,high,0.75,medium,2,,,,,,counterexample_audit,724505
G,G_00481,syringe_handoff,oracle_sfc,0,0,0,0,1,0,0.0,8,3,-1,medium,high,0.75,medium,2,,,,,,counterexample_audit,724505
G,G_00481,syringe_handoff,semantic_only,1,0,1,0,1,0,0.0,8,3,-1,medium,high,0.75,medium,2,,,,,,counterexample_audit,724505
G,G_00481,syringe_handoff,posthoc_single,0,0,0,0,1,0,0.0564817,8,3,-1,medium,high,0.75,medium,2,,,,,,counterexample_audit,724505
G,G_00481,syringe_handoff,soft_penalty_fc,1,0,1,0,1,0,0.0564817,8,3,-1,medium,high,0.75,medium,2,,,,,,counterexample_audit,724505
G,G_00481,syringe_handoff,observed_sfc,1,0,1,0,1,0,0.0585528,8,3,4,medium,high,0.75,medium,2,0.2,overconfident,0.7,,,counterexample_audit,724505
G,G_00481,syringe_handoff,risk_aware_sfc,1,0,1,0,1,0,0.0585528,8,3,4,medium,high,0.75,medium,2,0.2,overconfident,0.7,,,counterexample_audit,724505
G,G_00481,syringe_handoff,abstaining_sfc,1,0,1,0,1,0,0.0585528,8,3,4,medium,high,0.75,medium,2,0.2,overconfident,0.7,,,counterexample_audit,724505
G,G_00482,syringe_handoff,geometric_fc,1,0,1,0,1,0,0.05436673,8,3,-1,medium,high,0.75,medium,2,,,,,,counterexample_audit,724506
G,G_00482,syringe_handoff,oracle_sfc,0,0,0,0,1,0,0.0,8,3,-1,medium,high,0.75,medium,2,,,,,,counterexample_audit,724506
G,G_00482,syringe_handoff,semantic_only,1,0,1,0,1,0,0.0,8,3,-1,medium,high,0.75,medium,2,,,,,,counterexample_audit,724506
G,G_00482,syringe_handoff,posthoc_single,0,0,0,0,1,0,0.05436673,8,3,-1,medium,high,0.75,medium,2,,,,,,counterexample_audit,724506
G,G_00482,syringe_handoff,soft_penalty_fc,1,0,1,0,1,0,0.05436673,8,3,-1,medium,high,0.75,medium,2,,,,,,counterexample_audit,724506
G,G_00482,syringe_handoff,observed_sfc,1,0,1,0,1,0,0.09792995,8,3,4,medium,high,0.75,medium,2,0.2,overconfident,0.7,,,counterexample_audit,724506
G,G_00482,syringe_handoff,risk_aware_sfc,1,0,1,0,1,0,0.09792995,8,3,4,medium,high,0.75,medium,2,0.2,overconfident,0.7,,,counterexample_audit,724506
G,G_00482,syringe_handoff,abstaining_sfc,1,0,1,0,1,0,0.09792995,8,3,4,medium,high,0.75,medium,2,0.2,overconfident,0.7,,,counterexample_audit,724506
G,G_00483,syringe_handoff,geometric_fc,1,0,1,0,1,0,0.05450295,8,3,-1,medium,high,0.75,medium,2,,,,,,counterexample_audit,724507
G,G_00483,syringe_handoff,oracle_sfc,0,0,0,0,1,0,0.0,8,3,-1,medium,high,0.75,medium,2,,,,,,counterexample_audit,724507
G,G_00483,syringe_handoff,semantic_only,1,0,1,0,1,0,0.0,8,3,-1,medium,high,0.75,medium,2,,,,,,counterexample_audit,724507
G,G_00483,syringe_handoff,posthoc_single,0,0,0,0,1,0,0.05450295,8,3,-1,medium,high,0.75,medium,2,,,,,,counterexample_audit,724507
G,G_00483,syringe_handoff,soft_penalty_fc,1,0,1,0,1,0,0.05450295,8,3,-1,medium,high,0.75,medium,2,,,,,,counterexample_audit,724507
G,G_00483,syringe_handoff,observed_sfc,1,0,1,0,1,0,0.06444273,8,3,4,medium,high,0.75,medium,2,0.2,overconfident,0.7,,,counterexample_audit,724507
G,G_00483,syringe_handoff,risk_aware_sfc,1,0,1,0,1,0,0.06444273,8,3,4,medium,high,0.75,medium,2,0.2,overconfident,0.7,,,counterexample_audit,724507
G,G_00483,syringe_handoff,abstaining_sfc,1,0,1,0,1,0,0.06444273,8,3,4,medium,high,0.75,medium,2,0.2,overconfident,0.7,,,counterexample_audit,724507
G,G_00484,syringe_handoff,geometric_fc,1,0,1,0,1,0,0.05175372,8,3,-1,medium,high,0.75,medium,2,,,,,,counterexample_audit,724508
G,G_00484,syringe_handoff,oracle_sfc,0,0,0,0,1,0,0.0,8,3,-1,medium,high,0.75,medium,2,,,,,,counterexample_audit,724508
G,G_00484,syringe_handoff,semantic_only,1,0,1,0,1,0,0.0,8,3,-1,medium,high,0.75,medium,2,,,,,,counterexample_audit,724508
G,G_00484,syringe_handoff,posthoc_single,0,0,0,0,1,0,0.05175372,8,3,-1,medium,high,0.75,medium,2,,,,,,counterexample_audit,724508
G,G_00484,syringe_handoff,soft_penalty_fc,1,0,1,0,1,0,0.05175372,8,3,-1,medium,high,0.75,medium,2,,,,,,counterexample_audit,724508
G,G_00484,syringe_handoff,observed_sfc,1,0,1,0,1,0,0.10142275,8,3,3,medium,high,0.75,medium,2,0.2,overconfident,0.7,,,counterexample_audit,724508
G,G_00484,syringe_handoff,risk_aware_sfc,1,0,1,0,1,0,0.10142275,8,3,3,medium,high,0.75,medium,2,0.2,overconfident,0.7,,,counterexample_audit,724508
G,G_00484,syringe_handoff,abstaining_sfc,1,0,1,0,1,0,0.10142275,8,3,3,medium,high,0.75,medium,2,0.2,overconfident,0.7,,,counterexample_audit,724508
G,G_00485,syringe_handoff,geometric_fc,1,0,1,0,1,0,0.0563601,8,3,-1,medium,high,0.75,medium,2,,,,,,counterexample_audit,724509
G,G_00485,syringe_handoff,oracle_sfc,0,0,0,0,1,0,0.0,8,3,-1,medium,high,0.75,medium,2,,,,,,counterexample_audit,724509
G,G_00485,syringe_handoff,semantic_only,1,0,1,0,1,0,0.0,8,3,-1,medium,high,0.75,medium,2,,,,,,counterexample_audit,724509
G,G_00485,syringe_handoff,posthoc_single,0,0,0,0,1,0,0.0563601,8,3,-1,medium,high,0.75,medium,2,,,,,,counterexample_audit,724509
G,G_00485,syringe_handoff,soft_penalty_fc,1,0,1,0,1,0,0.0563601,8,3,-1,medium,high,0.75,medium,2,,,,,,counterexample_audit,724509
G,G_00485,syringe_handoff,observed_sfc,1,0,1,0,1,0,0.07580355,8,3,3,medium,high,0.75,medium,2,0.2,overconfident,0.7,,,counterexample_audit,724509
G,G_00485,syringe_handoff,risk_aware_sfc,1,0,1,0,1,0,0.07580355,8,3,3,medium,high,0.75,medium,2,0.2,overconfident,0.7,,,counterexample_audit,724509
G,G_00485,syringe_handoff,abstaining_sfc,1,0,1,0,1,0,0.07580355,8,3,3,medium,high,0.75,medium,2,0.2,overconfident,0.7,,,counterexample_audit,724509
G,G_00486,syringe_handoff,geometric_fc,1,0,1,0,1,0,0.05403671,8,3,-1,medium,high,0.75,medium,2,,,,,,counterexample_audit,724510
G,G_00486,syringe_handoff,oracle_sfc,0,0,0,0,1,0,0.0,8,3,-1,medium,high,0.75,medium,2,,,,,,counterexample_audit,724510
G,G_00486,syringe_handoff,semantic_only,1,0,1,0,1,0,0.0,8,3,-1,medium,high,0.75,medium,2,,,,,,counterexample_audit,724510
G,G_00486,syringe_handoff,posthoc_single,0,0,0,0,1,0,0.05403671,8,3,-1,medium,high,0.75,medium,2,,,,,,counterexample_audit,724510
G,G_00486,syringe_handoff,soft_penalty_fc,1,0,1,0,1,0,0.05403671,8,3,-1,medium,high,0.75,medium,2,,,,,,counterexample_audit,724510
G,G_00486,syringe_handoff,observed_sfc,0,0,0,0,1,0,0.0,8,3,2,medium,high,0.75,medium,2,0.2,overconfident,0.7,,,counterexample_audit,724510
G,G_00486,syringe_handoff,risk_aware_sfc,0,0,0,0,1,0,0.0,8,3,2,medium,high,0.75,medium,2,0.2,overconfident,0.7,,,counterexample_audit,724510
G,G_00486,syringe_handoff,abstaining_sfc,0,0,0,0,1,0,0.0,8,3,2,medium,high,0.75,medium,2,0.2,overconfident,0.7,,,counterexample_audit,724510
G,G_00487,syringe_handoff,geometric_fc,1,0,1,0,1,0,0.05276894,8,3,-1,medium,high,0.75,medium,2,,,,,,counterexample_audit,724511
G,G_00487,syringe_handoff,oracle_sfc,0,0,0,0,1,0,0.0,8,3,-1,medium,high,0.75,medium,2,,,,,,counterexample_audit,724511
G,G_00487,syringe_handoff,semantic_only,1,0,1,0,1,0,0.0,8,3,-1,medium,high,0.75,medium,2,,,,,,counterexample_audit,724511
G,G_00487,syringe_handoff,posthoc_single,0,0,0,0,1,0,0.05276894,8,3,-1,medium,high,0.75,medium,2,,,,,,counterexample_audit,724511
G,G_00487,syringe_handoff,soft_penalty_fc,1,0,1,0,1,0,0.05276894,8,3,-1,medium,high,0.75,medium,2,,,,,,counterexample_audit,724511
G,G_00487,syringe_handoff,observed_sfc,0,0,0,0,1,0,0.0,8,3,3,medium,high,0.75,medium,2,0.2,overconfident,0.7,,,counterexample_audit,724511
G,G_00487,syringe_handoff,risk_aware_sfc,0,0,0,0,1,0,0.0,8,3,3,medium,high,0.75,medium,2,0.2,overconfident,0.7,,,counterexample_audit,724511
G,G_00487,syringe_handoff,abstaining_sfc,0,0,0,0,1,0,0.0,8,3,3,medium,high,0.75,medium,2,0.2,overconfident,0.7,,,counterexample_audit,724511
G,G_00488,syringe_handoff,geometric_fc,1,0,1,0,1,0,0.05612042,8,3,-1,medium,high,0.75,medium,2,,,,,,counterexample_audit,724512
G,G_00488,syringe_handoff,oracle_sfc,0,0,0,0,1,0,0.0,8,3,-1,medium,high,0.75,medium,2,,,,,,counterexample_audit,724512
G,G_00488,syringe_handoff,semantic_only,1,0,1,0,1,0,0.0,8,3,-1,medium,high,0.75,medium,2,,,,,,counterexample_audit,724512
G,G_00488,syringe_handoff,posthoc_single,0,0,0,0,1,0,0.05612042,8,3,-1,medium,high,0.75,medium,2,,,,,,counterexample_audit,724512
G,G_00488,syringe_handoff,soft_penalty_fc,1,0,1,0,1,0,0.05612042,8,3,-1,medium,high,0.75,medium,2,,,,,,counterexample_audit,724512
G,G_00488,syringe_handoff,observed_sfc,0,0,0,0,1,0,0.0,8,3,3,medium,high,0.75,medium,2,0.2,overconfident,0.7,,,counterexample_audit,724512
G,G_00488,syringe_handoff,risk_aware_sfc,0,0,0,0,1,0,0.0,8,3,3,medium,high,0.75,medium,2,0.2,overconfident,0.7,,,counterexample_audit,724512
G,G_00488,syringe_handoff,abstaining_sfc,0,0,0,0,1,0,0.0,8,3,3,medium,high,0.75,medium,2,0.2,overconfident,0.7,,,counterexample_audit,724512
G,G_00489,syringe_handoff,geometric_fc,1,0,1,0,1,0,0.0555483,8,3,-1,medium,high,0.75,medium,2,,,,,,counterexample_audit,724513
G,G_00489,syringe_handoff,oracle_sfc,0,0,0,0,1,0,0.0,8,3,-1,medium,high,0.75,medium,2,,,,,,counterexample_audit,724513
G,G_00489,syringe_handoff,semantic_only,1,0,1,0,1,0,0.0,8,3,-1,medium,high,0.75,medium,2,,,,,,counterexample_audit,724513
G,G_00489,syringe_handoff,posthoc_single,0,0,0,0,1,0,0.0555483,8,3,-1,medium,high,0.75,medium,2,,,,,,counterexample_audit,724513
G,G_00489,syringe_handoff,soft_penalty_fc,1,0,1,0,1,0,0.0555483,8,3,-1,medium,high,0.75,medium,2,,,,,,counterexample_audit,724513
G,G_00489,syringe_handoff,observed_sfc,0,0,0,0,1,0,0.0,8,3,2,medium,high,0.75,medium,2,0.2,overconfident,0.7,,,counterexample_audit,724513
G,G_00489,syringe_handoff,risk_aware_sfc,0,0,0,0,1,0,0.0,8,3,2,medium,high,0.75,medium,2,0.2,overconfident,0.7,,,counterexample_audit,724513
G,G_00489,syringe_handoff,abstaining_sfc,0,0,0,0,1,0,0.0,8,3,2,medium,high,0.75,medium,2,0.2,overconfident,0.7,,,counterexample_audit,724513
G,G_00490,syringe_handoff,geometric_fc,1,0,1,0,1,0,0.05547632,8,3,-1,medium,high,0.75,medium,2,,,,,,counterexample_audit,724514
G,G_00490,syringe_handoff,oracle_sfc,0,0,0,0,1,0,0.0,8,3,-1,medium,high,0.75,medium,2,,,,,,counterexample_audit,724514
G,G_00490,syringe_handoff,semantic_only,1,0,1,0,1,0,0.0,8,3,-1,medium,high,0.75,medium,2,,,,,,counterexample_audit,724514
G,G_00490,syringe_handoff,posthoc_single,0,0,0,0,1,0,0.05547632,8,3,-1,medium,high,0.75,medium,2,,,,,,counterexample_audit,724514
G,G_00490,syringe_handoff,soft_penalty_fc,1,0,1,0,1,0,0.05547632,8,3,-1,medium,high,0.75,medium,2,,,,,,counterexample_audit,724514
G,G_00490,syringe_handoff,observed_sfc,1,0,1,0,1,0,0.05389221,8,3,3,medium,high,0.75,medium,2,0.2,overconfident,0.7,,,counterexample_audit,724514
G,G_00490,syringe_handoff,risk_aware_sfc,1,0,1,0,1,0,0.05389221,8,3,3,medium,high,0.75,medium,2,0.2,overconfident,0.7,,,counterexample_audit,724514
G,G_00490,syringe_handoff,abstaining_sfc,1,0,1,0,1,0,0.05389221,8,3,3,medium,high,0.75,medium,2,0.2,overconfident,0.7,,,counterexample_audit,724514
G,G_00491,syringe_handoff,geometric_fc,1,0,1,0,1,0,0.05469629,8,3,-1,medium,high,0.75,medium,2,,,,,,counterexample_audit,724515
G,G_00491,syringe_handoff,oracle_sfc,0,0,0,0,1,0,0.0,8,3,-1,medium,high,0.75,medium,2,,,,,,counterexample_audit,724515
G,G_00491,syringe_handoff,semantic_only,1,0,1,0,1,0,0.0,8,3,-1,medium,high,0.75,medium,2,,,,,,counterexample_audit,724515
G,G_00491,syringe_handoff,posthoc_single,0,0,0,0,1,0,0.05469629,8,3,-1,medium,high,0.75,medium,2,,,,,,counterexample_audit,724515
G,G_00491,syringe_handoff,soft_penalty_fc,1,0,1,0,1,0,0.05469629,8,3,-1,medium,high,0.75,medium,2,,,,,,counterexample_audit,724515
G,G_00491,syringe_handoff,observed_sfc,0,0,0,0,1,0,0.0,8,3,2,medium,high,0.75,medium,2,0.2,overconfident,0.7,,,counterexample_audit,724515
G,G_00491,syringe_handoff,risk_aware_sfc,0,0,0,0,1,0,0.0,8,3,2,medium,high,0.75,medium,2,0.2,overconfident,0.7,,,counterexample_audit,724515
G,G_00491,syringe_handoff,abstaining_sfc,0,0,0,0,1,0,0.0,8,3,2,medium,high,0.75,medium,2,0.2,overconfident,0.7,,,counterexample_audit,724515
G,G_00492,syringe_handoff,geometric_fc,1,0,1,0,1,0,0.05550106,8,3,-1,medium,high,0.75,medium,2,,,,,,counterexample_audit,724516
G,G_00492,syringe_handoff,oracle_sfc,0,0,0,0,1,0,0.0,8,3,-1,medium,high,0.75,medium,2,,,,,,counterexample_audit,724516
G,G_00492,syringe_handoff,semantic_only,1,0,1,0,1,0,0.0,8,3,-1,medium,high,0.75,medium,2,,,,,,counterexample_audit,724516
G,G_00492,syringe_handoff,posthoc_single,0,0,0,0,1,0,0.05550106,8,3,-1,medium,high,0.75,medium,2,,,,,,counterexample_audit,724516
G,G_00492,syringe_handoff,soft_penalty_fc,1,0,1,0,1,0,0.05550106,8,3,-1,medium,high,0.75,medium,2,,,,,,counterexample_audit,724516
G,G_00492,syringe_handoff,observed_sfc,0,0,0,0,1,0,0.0,8,3,3,medium,high,0.75,medium,2,0.2,overconfident,0.7,,,counterexample_audit,724516
G,G_00492,syringe_handoff,risk_aware_sfc,0,0,0,0,1,0,0.0,8,3,3,medium,high,0.75,medium,2,0.2,overconfident,0.7,,,counterexample_audit,724516
G,G_00492,syringe_handoff,abstaining_sfc,0,0,0,0,1,0,0.0,8,3,3,medium,high,0.75,medium,2,0.2,overconfident,0.7,,,counterexample_audit,724516
G,G_00493,syringe_handoff,geometric_fc,1,0,1,0,1,0,0.0556762,8,3,-1,medium,high,0.75,medium,2,,,,,,counterexample_audit,724517
G,G_00493,syringe_handoff,oracle_sfc,0,0,0,0,1,0,0.0,8,3,-1,medium,high,0.75,medium,2,,,,,,counterexample_audit,724517
G,G_00493,syringe_handoff,semantic_only,1,0,1,0,1,0,0.0,8,3,-1,medium,high,0.75,medium,2,,,,,,counterexample_audit,724517
G,G_00493,syringe_handoff,posthoc_single,0,0,0,0,1,0,0.0556762,8,3,-1,medium,high,0.75,medium,2,,,,,,counterexample_audit,724517
G,G_00493,syringe_handoff,soft_penalty_fc,1,0,1,0,1,0,0.0556762,8,3,-1,medium,high,0.75,medium,2,,,,,,counterexample_audit,724517
G,G_00493,syringe_handoff,observed_sfc,0,0,0,0,1,0,0.0,8,3,3,medium,high,0.75,medium,2,0.2,overconfident,0.7,,,counterexample_audit,724517
G,G_00493,syringe_handoff,risk_aware_sfc,0,0,0,0,1,0,0.0,8,3,3,medium,high,0.75,medium,2,0.2,overconfident,0.7,,,counterexample_audit,724517
G,G_00493,syringe_handoff,abstaining_sfc,0,0,0,0,1,0,0.0,8,3,3,medium,high,0.75,medium,2,0.2,overconfident,0.7,,,counterexample_audit,724517
G,G_00494,syringe_handoff,geometric_fc,1,0,1,0,1,0,0.05654688,8,3,-1,medium,high,0.75,medium,2,,,,,,counterexample_audit,724518
G,G_00494,syringe_handoff,oracle_sfc,0,0,0,0,1,0,0.0,8,3,-1,medium,high,0.75,medium,2,,,,,,counterexample_audit,724518
G,G_00494,syringe_handoff,semantic_only,1,0,1,0,1,0,0.0,8,3,-1,medium,high,0.75,medium,2,,,,,,counterexample_audit,724518
G,G_00494,syringe_handoff,posthoc_single,0,0,0,0,1,0,0.05654688,8,3,-1,medium,high,0.75,medium,2,,,,,,counterexample_audit,724518
G,G_00494,syringe_handoff,soft_penalty_fc,1,0,1,0,1,0,0.05654688,8,3,-1,medium,high,0.75,medium,2,,,,,,counterexample_audit,724518
G,G_00494,syringe_handoff,observed_sfc,1,0,1,0,1,0,0.0689582,8,3,4,medium,high,0.75,medium,2,0.2,overconfident,0.7,,,counterexample_audit,724518
G,G_00494,syringe_handoff,risk_aware_sfc,1,0,1,0,1,0,0.0689582,8,3,4,medium,high,0.75,medium,2,0.2,overconfident,0.7,,,counterexample_audit,724518
G,G_00494,syringe_handoff,abstaining_sfc,1,0,1,0,1,0,0.0689582,8,3,4,medium,high,0.75,medium,2,0.2,overconfident,0.7,,,counterexample_audit,724518
G,G_00495,syringe_handoff,geometric_fc,1,0,1,0,1,0,0.05348944,8,3,-1,medium,high,0.75,medium,2,,,,,,counterexample_audit,724519
G,G_00495,syringe_handoff,oracle_sfc,0,0,0,0,1,0,0.0,8,3,-1,medium,high,0.75,medium,2,,,,,,counterexample_audit,724519
G,G_00495,syringe_handoff,semantic_only,1,0,1,0,1,0,0.0,8,3,-1,medium,high,0.75,medium,2,,,,,,counterexample_audit,724519
G,G_00495,syringe_handoff,posthoc_single,0,0,0,0,1,0,0.05348944,8,3,-1,medium,high,0.75,medium,2,,,,,,counterexample_audit,724519
G,G_00495,syringe_handoff,soft_penalty_fc,1,0,1,0,1,0,0.05348944,8,3,-1,medium,high,0.75,medium,2,,,,,,counterexample_audit,724519
G,G_00495,syringe_handoff,observed_sfc,1,0,1,0,1,0,0.08638958,8,3,4,medium,high,0.75,medium,2,0.2,overconfident,0.7,,,counterexample_audit,724519
G,G_00495,syringe_handoff,risk_aware_sfc,1,0,1,0,1,0,0.08638958,8,3,4,medium,high,0.75,medium,2,0.2,overconfident,0.7,,,counterexample_audit,724519
G,G_00495,syringe_handoff,abstaining_sfc,1,0,1,0,1,0,0.08638958,8,3,4,medium,high,0.75,medium,2,0.2,overconfident,0.7,,,counterexample_audit,724519
G,G_00496,syringe_handoff,geometric_fc,1,0,1,0,1,0,0.05567979,8,3,-1,medium,high,0.75,medium,2,,,,,,counterexample_audit,724520
G,G_00496,syringe_handoff,oracle_sfc,0,0,0,0,1,0,0.0,8,3,-1,medium,high,0.75,medium,2,,,,,,counterexample_audit,724520
G,G_00496,syringe_handoff,semantic_only,1,0,1,0,1,0,0.0,8,3,-1,medium,high,0.75,medium,2,,,,,,counterexample_audit,724520
G,G_00496,syringe_handoff,posthoc_single,0,0,0,0,1,0,0.05567979,8,3,-1,medium,high,0.75,medium,2,,,,,,counterexample_audit,724520
G,G_00496,syringe_handoff,soft_penalty_fc,1,0,1,0,1,0,0.05567979,8,3,-1,medium,high,0.75,medium,2,,,,,,counterexample_audit,724520
G,G_00496,syringe_handoff,observed_sfc,1,0,1,0,1,0,0.04475647,8,3,4,medium,high,0.75,medium,2,0.2,overconfident,0.7,,,counterexample_audit,724520
G,G_00496,syringe_handoff,risk_aware_sfc,1,0,1,0,1,0,0.04475647,8,3,4,medium,high,0.75,medium,2,0.2,overconfident,0.7,,,counterexample_audit,724520
G,G_00496,syringe_handoff,abstaining_sfc,1,0,1,0,1,0,0.04475647,8,3,4,medium,high,0.75,medium,2,0.2,overconfident,0.7,,,counterexample_audit,724520
G,G_00497,syringe_handoff,geometric_fc,1,0,1,0,1,0,0.05514638,8,3,-1,medium,high,0.75,medium,2,,,,,,counterexample_audit,724521
G,G_00497,syringe_handoff,oracle_sfc,0,0,0,0,1,0,0.0,8,3,-1,medium,high,0.75,medium,2,,,,,,counterexample_audit,724521
G,G_00497,syringe_handoff,semantic_only,1,0,1,0,1,0,0.0,8,3,-1,medium,high,0.75,medium,2,,,,,,counterexample_audit,724521
G,G_00497,syringe_handoff,posthoc_single,0,0,0,0,1,0,0.05514638,8,3,-1,medium,high,0.75,medium,2,,,,,,counterexample_audit,724521
G,G_00497,syringe_handoff,soft_penalty_fc,1,0,1,0,1,0,0.05514638,8,3,-1,medium,high,0.75,medium,2,,,,,,counterexample_audit,724521
G,G_00497,syringe_handoff,observed_sfc,1,0,1,0,1,0,0.07460804,8,3,6,medium,high,0.75,medium,2,0.2,overconfident,0.7,,,counterexample_audit,724521
G,G_00497,syringe_handoff,risk_aware_sfc,1,0,1,0,1,0,0.07460804,8,3,6,medium,high,0.75,medium,2,0.2,overconfident,0.7,,,counterexample_audit,724521
G,G_00497,syringe_handoff,abstaining_sfc,1,0,1,0,1,0,0.07460804,8,3,6,medium,high,0.75,medium,2,0.2,overconfident,0.7,,,counterexample_audit,724521
G,G_00498,syringe_handoff,geometric_fc,1,0,1,0,1,0,0.05758313,8,3,-1,medium,high,0.75,medium,2,,,,,,counterexample_audit,724522
G,G_00498,syringe_handoff,oracle_sfc,0,0,0,0,1,0,0.0,8,3,-1,medium,high,0.75,medium,2,,,,,,counterexample_audit,724522
G,G_00498,syringe_handoff,semantic_only,1,0,1,0,1,0,0.0,8,3,-1,medium,high,0.75,medium,2,,,,,,counterexample_audit,724522
G,G_00498,syringe_handoff,posthoc_single,0,0,0,0,1,0,0.05758313,8,3,-1,medium,high,0.75,medium,2,,,,,,counterexample_audit,724522
G,G_00498,syringe_handoff,soft_penalty_fc,1,0,1,0,1,0,0.05758313,8,3,-1,medium,high,0.75,medium,2,,,,,,counterexample_audit,724522
G,G_00498,syringe_handoff,observed_sfc,0,0,0,0,1,0,0.0,8,3,3,medium,high,0.75,medium,2,0.2,overconfident,0.7,,,counterexample_audit,724522
G,G_00498,syringe_handoff,risk_aware_sfc,0,0,0,0,1,0,0.0,8,3,3,medium,high,0.75,medium,2,0.2,overconfident,0.7,,,counterexample_audit,724522
G,G_00498,syringe_handoff,abstaining_sfc,0,0,0,0,1,0,0.0,8,3,3,medium,high,0.75,medium,2,0.2,overconfident,0.7,,,counterexample_audit,724522
G,G_00499,syringe_handoff,geometric_fc,1,0,1,0,1,0,0.05015261,8,3,-1,medium,high,0.75,medium,2,,,,,,counterexample_audit,724523
G,G_00499,syringe_handoff,oracle_sfc,0,0,0,0,1,0,0.0,8,3,-1,medium,high,0.75,medium,2,,,,,,counterexample_audit,724523
G,G_00499,syringe_handoff,semantic_only,1,0,1,0,1,0,0.0,8,3,-1,medium,high,0.75,medium,2,,,,,,counterexample_audit,724523
G,G_00499,syringe_handoff,posthoc_single,0,0,0,0,1,0,0.05015261,8,3,-1,medium,high,0.75,medium,2,,,,,,counterexample_audit,724523
G,G_00499,syringe_handoff,soft_penalty_fc,1,0,1,0,1,0,0.05015261,8,3,-1,medium,high,0.75,medium,2,,,,,,counterexample_audit,724523
G,G_00499,syringe_handoff,observed_sfc,1,0,1,0,1,0,0.0500173,8,3,4,medium,high,0.75,medium,2,0.2,overconfident,0.7,,,counterexample_audit,724523
G,G_00499,syringe_handoff,risk_aware_sfc,1,0,1,0,1,0,0.0500173,8,3,4,medium,high,0.75,medium,2,0.2,overconfident,0.7,,,counterexample_audit,724523
G,G_00499,syringe_handoff,abstaining_sfc,1,0,1,0,1,0,0.0500173,8,3,4,medium,high,0.75,medium,2,0.2,overconfident,0.7,,,counterexample_audit,724523
G,G_00500,syringe_handoff,geometric_fc,1,0,1,0,1,0,0.05436202,8,3,-1,medium,high,0.75,medium,2,,,,,,counterexample_audit,724524
G,G_00500,syringe_handoff,oracle_sfc,0,0,0,0,1,0,0.0,8,3,-1,medium,high,0.75,medium,2,,,,,,counterexample_audit,724524
G,G_00500,syringe_handoff,semantic_only,1,0,1,0,1,0,0.0,8,3,-1,medium,high,0.75,medium,2,,,,,,counterexample_audit,724524
G,G_00500,syringe_handoff,posthoc_single,0,0,0,0,1,0,0.05436202,8,3,-1,medium,high,0.75,medium,2,,,,,,counterexample_audit,724524
G,G_00500,syringe_handoff,soft_penalty_fc,1,0,1,0,1,0,0.05436202,8,3,-1,medium,high,0.75,medium,2,,,,,,counterexample_audit,724524
G,G_00500,syringe_handoff,observed_sfc,0,0,0,0,1,0,0.0,8,3,3,medium,high,0.75,medium,2,0.2,overconfident,0.7,,,counterexample_audit,724524
G,G_00500,syringe_handoff,risk_aware_sfc,0,0,0,0,1,0,0.0,8,3,3,medium,high,0.75,medium,2,0.2,overconfident,0.7,,,counterexample_audit,724524
G,G_00500,syringe_handoff,abstaining_sfc,0,0,0,0,1,0,0.0,8,3,3,medium,high,0.75,medium,2,0.2,overconfident,0.7,,,counterexample_audit,724524
G,G_00501,syringe_handoff,geometric_fc,1,0,1,0,1,0,0.05580534,8,3,-1,medium,high,0.75,medium,2,,,,,,counterexample_audit,724525
G,G_00501,syringe_handoff,oracle_sfc,0,0,0,0,1,0,0.0,8,3,-1,medium,high,0.75,medium,2,,,,,,counterexample_audit,724525
G,G_00501,syringe_handoff,semantic_only,1,0,1,0,1,0,0.0,8,3,-1,medium,high,0.75,medium,2,,,,,,counterexample_audit,724525
G,G_00501,syringe_handoff,posthoc_single,0,0,0,0,1,0,0.05580534,8,3,-1,medium,high,0.75,medium,2,,,,,,counterexample_audit,724525
G,G_00501,syringe_handoff,soft_penalty_fc,1,0,1,0,1,0,0.05580534,8,3,-1,medium,high,0.75,medium,2,,,,,,counterexample_audit,724525
G,G_00501,syringe_handoff,observed_sfc,0,0,0,0,1,0,0.0,8,3,2,medium,high,0.75,medium,2,0.2,overconfident,0.7,,,counterexample_audit,724525
G,G_00501,syringe_handoff,risk_aware_sfc,0,0,0,0,1,0,0.0,8,3,2,medium,high,0.75,medium,2,0.2,overconfident,0.7,,,counterexample_audit,724525
G,G_00501,syringe_handoff,abstaining_sfc,0,0,0,0,1,0,0.0,8,3,2,medium,high,0.75,medium,2,0.2,overconfident,0.7,,,counterexample_audit,724525
G,G_00502,syringe_handoff,geometric_fc,1,0,1,0,1,0,0.05559752,8,3,-1,medium,high,0.75,medium,2,,,,,,counterexample_audit,724526
G,G_00502,syringe_handoff,oracle_sfc,0,0,0,0,1,0,0.0,8,3,-1,medium,high,0.75,medium,2,,,,,,counterexample_audit,724526
G,G_00502,syringe_handoff,semantic_only,1,0,1,0,1,0,0.0,8,3,-1,medium,high,0.75,medium,2,,,,,,counterexample_audit,724526
G,G_00502,syringe_handoff,posthoc_single,0,0,0,0,1,0,0.05559752,8,3,-1,medium,high,0.75,medium,2,,,,,,counterexample_audit,724526
G,G_00502,syringe_handoff,soft_penalty_fc,1,0,1,0,1,0,0.05559752,8,3,-1,medium,high,0.75,medium,2,,,,,,counterexample_audit,724526
G,G_00502,syringe_handoff,observed_sfc,0,0,0,0,1,0,0.0,8,3,2,medium,high,0.75,medium,2,0.2,overconfident,0.7,,,counterexample_audit,724526
G,G_00502,syringe_handoff,risk_aware_sfc,0,0,0,0,1,0,0.0,8,3,2,medium,high,0.75,medium,2,0.2,overconfident,0.7,,,counterexample_audit,724526
G,G_00502,syringe_handoff,abstaining_sfc,0,0,0,0,1,0,0.0,8,3,2,medium,high,0.75,medium,2,0.2,overconfident,0.7,,,counterexample_audit,724526
G,G_00503,syringe_handoff,geometric_fc,1,0,1,0,1,0,0.05573215,8,3,-1,medium,high,0.75,medium,2,,,,,,counterexample_audit,724527
G,G_00503,syringe_handoff,oracle_sfc,0,0,0,0,1,0,0.0,8,3,-1,medium,high,0.75,medium,2,,,,,,counterexample_audit,724527
G,G_00503,syringe_handoff,semantic_only,1,0,1,0,1,0,0.0,8,3,-1,medium,high,0.75,medium,2,,,,,,counterexample_audit,724527
G,G_00503,syringe_handoff,posthoc_single,0,0,0,0,1,0,0.05573215,8,3,-1,medium,high,0.75,medium,2,,,,,,counterexample_audit,724527
G,G_00503,syringe_handoff,soft_penalty_fc,1,0,1,0,1,0,0.05573215,8,3,-1,medium,high,0.75,medium,2,,,,,,counterexample_audit,724527
G,G_00503,syringe_handoff,observed_sfc,1,0,1,0,1,0,0.06526575,8,3,4,medium,high,0.75,medium,2,0.2,overconfident,0.7,,,counterexample_audit,724527
G,G_00503,syringe_handoff,risk_aware_sfc,1,0,1,0,1,0,0.06526575,8,3,4,medium,high,0.75,medium,2,0.2,overconfident,0.7,,,counterexample_audit,724527
G,G_00503,syringe_handoff,abstaining_sfc,1,0,1,0,1,0,0.06526575,8,3,4,medium,high,0.75,medium,2,0.2,overconfident,0.7,,,counterexample_audit,724527
G,G_00504,syringe_handoff,geometric_fc,1,0,1,0,1,0,0.05353076,8,3,-1,medium,high,0.75,medium,2,,,,,,counterexample_audit,724528
G,G_00504,syringe_handoff,oracle_sfc,0,0,0,0,1,0,0.0,8,3,-1,medium,high,0.75,medium,2,,,,,,counterexample_audit,724528
G,G_00504,syringe_handoff,semantic_only,1,0,1,0,1,0,0.0,8,3,-1,medium,high,0.75,medium,2,,,,,,counterexample_audit,724528
G,G_00504,syringe_handoff,posthoc_single,0,0,0,0,1,0,0.05353076,8,3,-1,medium,high,0.75,medium,2,,,,,,counterexample_audit,724528
G,G_00504,syringe_handoff,soft_penalty_fc,1,0,1,0,1,0,0.05353076,8,3,-1,medium,high,0.75,medium,2,,,,,,counterexample_audit,724528
G,G_00504,syringe_handoff,observed_sfc,1,0,1,0,1,0,0.07643121,8,3,5,medium,high,0.75,medium,2,0.2,overconfident,0.7,,,counterexample_audit,724528
G,G_00504,syringe_handoff,risk_aware_sfc,1,0,1,0,1,0,0.07643121,8,3,5,medium,high,0.75,medium,2,0.2,overconfident,0.7,,,counterexample_audit,724528
G,G_00504,syringe_handoff,abstaining_sfc,1,0,1,0,1,0,0.07643121,8,3,5,medium,high,0.75,medium,2,0.2,overconfident,0.7,,,counterexample_audit,724528
G,G_00505,syringe_handoff,geometric_fc,1,0,1,0,1,0,0.05405647,8,3,-1,medium,high,0.75,medium,2,,,,,,counterexample_audit,724529
G,G_00505,syringe_handoff,oracle_sfc,0,0,0,0,1,0,0.0,8,3,-1,medium,high,0.75,medium,2,,,,,,counterexample_audit,724529
G,G_00505,syringe_handoff,semantic_only,1,0,1,0,1,0,0.0,8,3,-1,medium,high,0.75,medium,2,,,,,,counterexample_audit,724529
G,G_00505,syringe_handoff,posthoc_single,0,0,0,0,1,0,0.05405647,8,3,-1,medium,high,0.75,medium,2,,,,,,counterexample_audit,724529
G,G_00505,syringe_handoff,soft_penalty_fc,1,0,1,0,1,0,0.05405647,8,3,-1,medium,high,0.75,medium,2,,,,,,counterexample_audit,724529
G,G_00505,syringe_handoff,observed_sfc,1,0,1,0,1,0,0.08655099,8,3,3,medium,high,0.75,medium,2,0.2,overconfident,0.7,,,counterexample_audit,724529
G,G_00505,syringe_handoff,risk_aware_sfc,1,0,1,0,1,0,0.08655099,8,3,3,medium,high,0.75,medium,2,0.2,overconfident,0.7,,,counterexample_audit,724529
G,G_00505,syringe_handoff,abstaining_sfc,1,0,1,0,1,0,0.08655099,8,3,3,medium,high,0.75,medium,2,0.2,overconfident,0.7,,,counterexample_audit,724529
G,G_00506,syringe_handoff,geometric_fc,1,0,1,0,1,0,0.05445763,8,3,-1,medium,high,0.75,medium,2,,,,,,counterexample_audit,724530
G,G_00506,syringe_handoff,oracle_sfc,0,0,0,0,1,0,0.0,8,3,-1,medium,high,0.75,medium,2,,,,,,counterexample_audit,724530
G,G_00506,syringe_handoff,semantic_only,1,0,1,0,1,0,0.0,8,3,-1,medium,high,0.75,medium,2,,,,,,counterexample_audit,724530
G,G_00506,syringe_handoff,posthoc_single,0,0,0,0,1,0,0.05445763,8,3,-1,medium,high,0.75,medium,2,,,,,,counterexample_audit,724530
G,G_00506,syringe_handoff,soft_penalty_fc,1,0,1,0,1,0,0.05445763,8,3,-1,medium,high,0.75,medium,2,,,,,,counterexample_audit,724530
G,G_00506,syringe_handoff,observed_sfc,1,0,1,0,1,0,0.0792398,8,3,4,medium,high,0.75,medium,2,0.2,overconfident,0.7,,,counterexample_audit,724530
G,G_00506,syringe_handoff,risk_aware_sfc,1,0,1,0,1,0,0.0792398,8,3,4,medium,high,0.75,medium,2,0.2,overconfident,0.7,,,counterexample_audit,724530
G,G_00506,syringe_handoff,abstaining_sfc,1,0,1,0,1,0,0.0792398,8,3,4,medium,high,0.75,medium,2,0.2,overconfident,0.7,,,counterexample_audit,724530
G,G_00507,syringe_handoff,geometric_fc,1,0,1,0,1,0,0.05731697,8,3,-1,medium,high,0.75,medium,2,,,,,,counterexample_audit,724531
G,G_00507,syringe_handoff,oracle_sfc,0,0,0,0,1,0,0.0,8,3,-1,medium,high,0.75,medium,2,,,,,,counterexample_audit,724531
G,G_00507,syringe_handoff,semantic_only,1,0,1,0,1,0,0.0,8,3,-1,medium,high,0.75,medium,2,,,,,,counterexample_audit,724531
G,G_00507,syringe_handoff,posthoc_single,0,0,0,0,1,0,0.05731697,8,3,-1,medium,high,0.75,medium,2,,,,,,counterexample_audit,724531
G,G_00507,syringe_handoff,soft_penalty_fc,1,0,1,0,1,0,0.05731697,8,3,-1,medium,high,0.75,medium,2,,,,,,counterexample_audit,724531
G,G_00507,syringe_handoff,observed_sfc,1,0,1,0,1,0,0.0626593,8,3,3,medium,high,0.75,medium,2,0.2,overconfident,0.7,,,counterexample_audit,724531
G,G_00507,syringe_handoff,risk_aware_sfc,1,0,1,0,1,0,0.0626593,8,3,3,medium,high,0.75,medium,2,0.2,overconfident,0.7,,,counterexample_audit,724531
G,G_00507,syringe_handoff,abstaining_sfc,1,0,1,0,1,0,0.0626593,8,3,3,medium,high,0.75,medium,2,0.2,overconfident,0.7,,,counterexample_audit,724531
G,G_00508,syringe_handoff,geometric_fc,1,0,1,0,1,0,0.0527626,8,3,-1,medium,high,0.75,medium,2,,,,,,counterexample_audit,724532
G,G_00508,syringe_handoff,oracle_sfc,0,0,0,0,1,0,0.0,8,3,-1,medium,high,0.75,medium,2,,,,,,counterexample_audit,724532
G,G_00508,syringe_handoff,semantic_only,1,0,1,0,1,0,0.0,8,3,-1,medium,high,0.75,medium,2,,,,,,counterexample_audit,724532
G,G_00508,syringe_handoff,posthoc_single,0,0,0,0,1,0,0.0527626,8,3,-1,medium,high,0.75,medium,2,,,,,,counterexample_audit,724532
G,G_00508,syringe_handoff,soft_penalty_fc,1,0,1,0,1,0,0.0527626,8,3,-1,medium,high,0.75,medium,2,,,,,,counterexample_audit,724532
G,G_00508,syringe_handoff,observed_sfc,0,0,0,0,1,0,0.0,8,3,3,medium,high,0.75,medium,2,0.2,overconfident,0.7,,,counterexample_audit,724532
G,G_00508,syringe_handoff,risk_aware_sfc,0,0,0,0,1,0,0.0,8,3,3,medium,high,0.75,medium,2,0.2,overconfident,0.7,,,counterexample_audit,724532
G,G_00508,syringe_handoff,abstaining_sfc,0,0,0,0,1,0,0.0,8,3,3,medium,high,0.75,medium,2,0.2,overconfident,0.7,,,counterexample_audit,724532
G,G_00509,syringe_handoff,geometric_fc,1,0,1,0,1,0,0.05442268,8,3,-1,medium,high,0.75,medium,2,,,,,,counterexample_audit,724533
G,G_00509,syringe_handoff,oracle_sfc,0,0,0,0,1,0,0.0,8,3,-1,medium,high,0.75,medium,2,,,,,,counterexample_audit,724533
G,G_00509,syringe_handoff,semantic_only,1,0,1,0,1,0,0.0,8,3,-1,medium,high,0.75,medium,2,,,,,,counterexample_audit,724533
G,G_00509,syringe_handoff,posthoc_single,0,0,0,0,1,0,0.05442268,8,3,-1,medium,high,0.75,medium,2,,,,,,counterexample_audit,724533
G,G_00509,syringe_handoff,soft_penalty_fc,1,0,1,0,1,0,0.05442268,8,3,-1,medium,high,0.75,medium,2,,,,,,counterexample_audit,724533
G,G_00509,syringe_handoff,observed_sfc,1,0,1,0,1,0,0.0684432,8,3,4,medium,high,0.75,medium,2,0.2,overconfident,0.7,,,counterexample_audit,724533
G,G_00509,syringe_handoff,risk_aware_sfc,1,0,1,0,1,0,0.0684432,8,3,4,medium,high,0.75,medium,2,0.2,overconfident,0.7,,,counterexample_audit,724533
G,G_00509,syringe_handoff,abstaining_sfc,1,0,1,0,1,0,0.0684432,8,3,4,medium,high,0.75,medium,2,0.2,overconfident,0.7,,,counterexample_audit,724533
G,G_00510,syringe_handoff,geometric_fc,1,0,1,0,1,0,0.05697033,8,3,-1,medium,high,0.75,medium,2,,,,,,counterexample_audit,724534
G,G_00510,syringe_handoff,oracle_sfc,0,0,0,0,1,0,0.0,8,3,-1,medium,high,0.75,medium,2,,,,,,counterexample_audit,724534
G,G_00510,syringe_handoff,semantic_only,1,0,1,0,1,0,0.0,8,3,-1,medium,high,0.75,medium,2,,,,,,counterexample_audit,724534
G,G_00510,syringe_handoff,posthoc_single,0,0,0,0,1,0,0.05697033,8,3,-1,medium,high,0.75,medium,2,,,,,,counterexample_audit,724534
G,G_00510,syringe_handoff,soft_penalty_fc,1,0,1,0,1,0,0.05697033,8,3,-1,medium,high,0.75,medium,2,,,,,,counterexample_audit,724534
G,G_00510,syringe_handoff,observed_sfc,1,0,1,0,1,0,0.04874665,8,3,4,medium,high,0.75,medium,2,0.2,overconfident,0.7,,,counterexample_audit,724534
G,G_00510,syringe_handoff,risk_aware_sfc,1,0,1,0,1,0,0.04874665,8,3,4,medium,high,0.75,medium,2,0.2,overconfident,0.7,,,counterexample_audit,724534
G,G_00510,syringe_handoff,abstaining_sfc,1,0,1,0,1,0,0.04874665,8,3,4,medium,high,0.75,medium,2,0.2,overconfident,0.7,,,counterexample_audit,724534
G,G_00511,syringe_handoff,geometric_fc,1,0,1,0,1,0,0.05671559,8,3,-1,medium,high,0.75,medium,2,,,,,,counterexample_audit,724535
G,G_00511,syringe_handoff,oracle_sfc,0,0,0,0,1,0,0.0,8,3,-1,medium,high,0.75,medium,2,,,,,,counterexample_audit,724535
G,G_00511,syringe_handoff,semantic_only,1,0,1,0,1,0,0.0,8,3,-1,medium,high,0.75,medium,2,,,,,,counterexample_audit,724535
G,G_00511,syringe_handoff,posthoc_single,0,0,0,0,1,0,0.05671559,8,3,-1,medium,high,0.75,medium,2,,,,,,counterexample_audit,724535
G,G_00511,syringe_handoff,soft_penalty_fc,1,0,1,0,1,0,0.05671559,8,3,-1,medium,high,0.75,medium,2,,,,,,counterexample_audit,724535
G,G_00511,syringe_handoff,observed_sfc,1,0,1,0,1,0,0.06963074,8,3,4,medium,high,0.75,medium,2,0.2,overconfident,0.7,,,counterexample_audit,724535
G,G_00511,syringe_handoff,risk_aware_sfc,1,0,1,0,1,0,0.06963074,8,3,4,medium,high,0.75,medium,2,0.2,overconfident,0.7,,,counterexample_audit,724535
G,G_00511,syringe_handoff,abstaining_sfc,1,0,1,0,1,0,0.06963074,8,3,4,medium,high,0.75,medium,2,0.2,overconfident,0.7,,,counterexample_audit,724535
G,G_00512,syringe_handoff,geometric_fc,1,0,1,0,1,0,0.05455165,8,3,-1,medium,high,0.75,medium,2,,,,,,counterexample_audit,724536
G,G_00512,syringe_handoff,oracle_sfc,0,0,0,0,1,0,0.0,8,3,-1,medium,high,0.75,medium,2,,,,,,counterexample_audit,724536
G,G_00512,syringe_handoff,semantic_only,1,0,1,0,1,0,0.0,8,3,-1,medium,high,0.75,medium,2,,,,,,counterexample_audit,724536
G,G_00512,syringe_handoff,posthoc_single,0,0,0,0,1,0,0.05455165,8,3,-1,medium,high,0.75,medium,2,,,,,,counterexample_audit,724536
G,G_00512,syringe_handoff,soft_penalty_fc,1,0,1,0,1,0,0.05455165,8,3,-1,medium,high,0.75,medium,2,,,,,,counterexample_audit,724536
G,G_00512,syringe_handoff,observed_sfc,1,0,1,0,1,0,0.06567097,8,3,4,medium,high,0.75,medium,2,0.2,overconfident,0.7,,,counterexample_audit,724536
G,G_00512,syringe_handoff,risk_aware_sfc,1,0,1,0,1,0,0.06567097,8,3,4,medium,high,0.75,medium,2,0.2,overconfident,0.7,,,counterexample_audit,724536
G,G_00512,syringe_handoff,abstaining_sfc,1,0,1,0,1,0,0.06567097,8,3,4,medium,high,0.75,medium,2,0.2,overconfident,0.7,,,counterexample_audit,724536
G,G_00513,syringe_handoff,geometric_fc,1,0,1,0,1,0,0.05633743,8,3,-1,medium,high,0.75,medium,2,,,,,,counterexample_audit,724537
G,G_00513,syringe_handoff,oracle_sfc,0,0,0,0,1,0,0.0,8,3,-1,medium,high,0.75,medium,2,,,,,,counterexample_audit,724537
G,G_00513,syringe_handoff,semantic_only,1,0,1,0,1,0,0.0,8,3,-1,medium,high,0.75,medium,2,,,,,,counterexample_audit,724537
G,G_00513,syringe_handoff,posthoc_single,0,0,0,0,1,0,0.05633743,8,3,-1,medium,high,0.75,medium,2,,,,,,counterexample_audit,724537
G,G_00513,syringe_handoff,soft_penalty_fc,1,0,1,0,1,0,0.05633743,8,3,-1,medium,high,0.75,medium,2,,,,,,counterexample_audit,724537
G,G_00513,syringe_handoff,observed_sfc,0,0,0,0,1,0,0.0,8,3,2,medium,high,0.75,medium,2,0.2,overconfident,0.7,,,counterexample_audit,724537
G,G_00513,syringe_handoff,risk_aware_sfc,0,0,0,0,1,0,0.0,8,3,2,medium,high,0.75,medium,2,0.2,overconfident,0.7,,,counterexample_audit,724537
G,G_00513,syringe_handoff,abstaining_sfc,0,0,0,0,1,0,0.0,8,3,2,medium,high,0.75,medium,2,0.2,overconfident,0.7,,,counterexample_audit,724537
G,G_00514,syringe_handoff,geometric_fc,1,0,1,0,1,0,0.05682184,8,3,-1,medium,high,0.75,medium,2,,,,,,counterexample_audit,724538
G,G_00514,syringe_handoff,oracle_sfc,0,0,0,0,1,0,0.0,8,3,-1,medium,high,0.75,medium,2,,,,,,counterexample_audit,724538
G,G_00514,syringe_handoff,semantic_only,1,0,1,0,1,0,0.0,8,3,-1,medium,high,0.75,medium,2,,,,,,counterexample_audit,724538
G,G_00514,syringe_handoff,posthoc_single,0,0,0,0,1,0,0.05682184,8,3,-1,medium,high,0.75,medium,2,,,,,,counterexample_audit,724538
G,G_00514,syringe_handoff,soft_penalty_fc,1,0,1,0,1,0,0.05682184,8,3,-1,medium,high,0.75,medium,2,,,,,,counterexample_audit,724538
G,G_00514,syringe_handoff,observed_sfc,1,0,1,0,1,0,0.05442589,8,3,5,medium,high,0.75,medium,2,0.2,overconfident,0.7,,,counterexample_audit,724538
G,G_00514,syringe_handoff,risk_aware_sfc,1,0,1,0,1,0,0.05442589,8,3,5,medium,high,0.75,medium,2,0.2,overconfident,0.7,,,counterexample_audit,724538
G,G_00514,syringe_handoff,abstaining_sfc,1,0,1,0,1,0,0.05442589,8,3,5,medium,high,0.75,medium,2,0.2,overconfident,0.7,,,counterexample_audit,724538
G,G_00515,syringe_handoff,geometric_fc,1,0,1,0,1,0,0.05483016,8,3,-1,medium,high,0.75,medium,2,,,,,,counterexample_audit,724539
G,G_00515,syringe_handoff,oracle_sfc,0,0,0,0,1,0,0.0,8,3,-1,medium,high,0.75,medium,2,,,,,,counterexample_audit,724539
G,G_00515,syringe_handoff,semantic_only,1,0,1,0,1,0,0.0,8,3,-1,medium,high,0.75,medium,2,,,,,,counterexample_audit,724539
G,G_00515,syringe_handoff,posthoc_single,0,0,0,0,1,0,0.05483016,8,3,-1,medium,high,0.75,medium,2,,,,,,counterexample_audit,724539
G,G_00515,syringe_handoff,soft_penalty_fc,1,0,1,0,1,0,0.05483016,8,3,-1,medium,high,0.75,medium,2,,,,,,counterexample_audit,724539
G,G_00515,syringe_handoff,observed_sfc,0,0,0,0,1,0,0.0,8,3,3,medium,high,0.75,medium,2,0.2,overconfident,0.7,,,counterexample_audit,724539
G,G_00515,syringe_handoff,risk_aware_sfc,0,0,0,0,1,0,0.0,8,3,3,medium,high,0.75,medium,2,0.2,overconfident,0.7,,,counterexample_audit,724539
G,G_00515,syringe_handoff,abstaining_sfc,0,0,0,0,1,0,0.0,8,3,3,medium,high,0.75,medium,2,0.2,overconfident,0.7,,,counterexample_audit,724539
G,G_00516,syringe_handoff,geometric_fc,1,0,1,0,1,0,0.05375157,8,3,-1,medium,high,0.75,medium,2,,,,,,counterexample_audit,724540
G,G_00516,syringe_handoff,oracle_sfc,0,0,0,0,1,0,0.0,8,3,-1,medium,high,0.75,medium,2,,,,,,counterexample_audit,724540
G,G_00516,syringe_handoff,semantic_only,1,0,1,0,1,0,0.0,8,3,-1,medium,high,0.75,medium,2,,,,,,counterexample_audit,724540
G,G_00516,syringe_handoff,posthoc_single,0,0,0,0,1,0,0.05375157,8,3,-1,medium,high,0.75,medium,2,,,,,,counterexample_audit,724540
G,G_00516,syringe_handoff,soft_penalty_fc,1,0,1,0,1,0,0.05375157,8,3,-1,medium,high,0.75,medium,2,,,,,,counterexample_audit,724540
G,G_00516,syringe_handoff,observed_sfc,1,0,1,0,1,0,0.10971537,8,3,3,medium,high,0.75,medium,2,0.2,overconfident,0.7,,,counterexample_audit,724540
G,G_00516,syringe_handoff,risk_aware_sfc,1,0,1,0,1,0,0.10971537,8,3,3,medium,high,0.75,medium,2,0.2,overconfident,0.7,,,counterexample_audit,724540
G,G_00516,syringe_handoff,abstaining_sfc,1,0,1,0,1,0,0.10971537,8,3,3,medium,high,0.75,medium,2,0.2,overconfident,0.7,,,counterexample_audit,724540
G,G_00517,syringe_handoff,geometric_fc,1,0,1,0,1,0,0.05343746,8,3,-1,medium,high,0.75,medium,2,,,,,,counterexample_audit,724541
G,G_00517,syringe_handoff,oracle_sfc,0,0,0,0,1,0,0.0,8,3,-1,medium,high,0.75,medium,2,,,,,,counterexample_audit,724541
G,G_00517,syringe_handoff,semantic_only,1,0,1,0,1,0,0.0,8,3,-1,medium,high,0.75,medium,2,,,,,,counterexample_audit,724541
G,G_00517,syringe_handoff,posthoc_single,0,0,0,0,1,0,0.05343746,8,3,-1,medium,high,0.75,medium,2,,,,,,counterexample_audit,724541
G,G_00517,syringe_handoff,soft_penalty_fc,1,0,1,0,1,0,0.05343746,8,3,-1,medium,high,0.75,medium,2,,,,,,counterexample_audit,724541
G,G_00517,syringe_handoff,observed_sfc,0,0,0,0,1,0,0.0,8,3,2,medium,high,0.75,medium,2,0.2,overconfident,0.7,,,counterexample_audit,724541
G,G_00517,syringe_handoff,risk_aware_sfc,0,0,0,0,1,0,0.0,8,3,2,medium,high,0.75,medium,2,0.2,overconfident,0.7,,,counterexample_audit,724541
G,G_00517,syringe_handoff,abstaining_sfc,0,0,0,0,1,0,0.0,8,3,2,medium,high,0.75,medium,2,0.2,overconfident,0.7,,,counterexample_audit,724541
G,G_00518,syringe_handoff,geometric_fc,1,0,1,0,1,0,0.05289365,8,3,-1,medium,high,0.75,medium,2,,,,,,counterexample_audit,724542
G,G_00518,syringe_handoff,oracle_sfc,0,0,0,0,1,0,0.0,8,3,-1,medium,high,0.75,medium,2,,,,,,counterexample_audit,724542
G,G_00518,syringe_handoff,semantic_only,1,0,1,0,1,0,0.0,8,3,-1,medium,high,0.75,medium,2,,,,,,counterexample_audit,724542
G,G_00518,syringe_handoff,posthoc_single,0,0,0,0,1,0,0.05289365,8,3,-1,medium,high,0.75,medium,2,,,,,,counterexample_audit,724542
G,G_00518,syringe_handoff,soft_penalty_fc,1,0,1,0,1,0,0.05289365,8,3,-1,medium,high,0.75,medium,2,,,,,,counterexample_audit,724542
G,G_00518,syringe_handoff,observed_sfc,1,0,1,0,1,0,0.08569306,8,3,4,medium,high,0.75,medium,2,0.2,overconfident,0.7,,,counterexample_audit,724542
G,G_00518,syringe_handoff,risk_aware_sfc,1,0,1,0,1,0,0.08569306,8,3,4,medium,high,0.75,medium,2,0.2,overconfident,0.7,,,counterexample_audit,724542
G,G_00518,syringe_handoff,abstaining_sfc,1,0,1,0,1,0,0.08569306,8,3,4,medium,high,0.75,medium,2,0.2,overconfident,0.7,,,counterexample_audit,724542
G,G_00519,syringe_handoff,geometric_fc,1,0,1,0,1,0,0.0549019,8,3,-1,medium,high,0.75,medium,2,,,,,,counterexample_audit,724543
G,G_00519,syringe_handoff,oracle_sfc,0,0,0,0,1,0,0.0,8,3,-1,medium,high,0.75,medium,2,,,,,,counterexample_audit,724543
G,G_00519,syringe_handoff,semantic_only,1,0,1,0,1,0,0.0,8,3,-1,medium,high,0.75,medium,2,,,,,,counterexample_audit,724543
G,G_00519,syringe_handoff,posthoc_single,0,0,0,0,1,0,0.0549019,8,3,-1,medium,high,0.75,medium,2,,,,,,counterexample_audit,724543
G,G_00519,syringe_handoff,soft_penalty_fc,1,0,1,0,1,0,0.0549019,8,3,-1,medium,high,0.75,medium,2,,,,,,counterexample_audit,724543
G,G_00519,syringe_handoff,observed_sfc,0,0,0,0,1,0,0.0,8,3,3,medium,high,0.75,medium,2,0.2,overconfident,0.7,,,counterexample_audit,724543
G,G_00519,syringe_handoff,risk_aware_sfc,0,0,0,0,1,0,0.0,8,3,3,medium,high,0.75,medium,2,0.2,overconfident,0.7,,,counterexample_audit,724543
G,G_00519,syringe_handoff,abstaining_sfc,0,0,0,0,1,0,0.0,8,3,3,medium,high,0.75,medium,2,0.2,overconfident,0.7,,,counterexample_audit,724543
G,G_00520,syringe_handoff,geometric_fc,1,0,1,0,1,0,0.05558111,8,3,-1,medium,high,0.75,medium,2,,,,,,counterexample_audit,724544
G,G_00520,syringe_handoff,oracle_sfc,0,0,0,0,1,0,0.0,8,3,-1,medium,high,0.75,medium,2,,,,,,counterexample_audit,724544
G,G_00520,syringe_handoff,semantic_only,1,0,1,0,1,0,0.0,8,3,-1,medium,high,0.75,medium,2,,,,,,counterexample_audit,724544
G,G_00520,syringe_handoff,posthoc_single,0,0,0,0,1,0,0.05558111,8,3,-1,medium,high,0.75,medium,2,,,,,,counterexample_audit,724544
G,G_00520,syringe_handoff,soft_penalty_fc,1,0,1,0,1,0,0.05558111,8,3,-1,medium,high,0.75,medium,2,,,,,,counterexample_audit,724544
G,G_00520,syringe_handoff,observed_sfc,1,0,1,0,1,0,0.07021362,8,3,4,medium,high,0.75,medium,2,0.2,overconfident,0.7,,,counterexample_audit,724544
G,G_00520,syringe_handoff,risk_aware_sfc,1,0,1,0,1,0,0.07021362,8,3,4,medium,high,0.75,medium,2,0.2,overconfident,0.7,,,counterexample_audit,724544
G,G_00520,syringe_handoff,abstaining_sfc,1,0,1,0,1,0,0.07021362,8,3,4,medium,high,0.75,medium,2,0.2,overconfident,0.7,,,counterexample_audit,724544
G,G_00521,syringe_handoff,geometric_fc,1,0,1,0,1,0,0.0548744,8,3,-1,medium,high,0.75,medium,2,,,,,,counterexample_audit,724545
G,G_00521,syringe_handoff,oracle_sfc,0,0,0,0,1,0,0.0,8,3,-1,medium,high,0.75,medium,2,,,,,,counterexample_audit,724545
G,G_00521,syringe_handoff,semantic_only,1,0,1,0,1,0,0.0,8,3,-1,medium,high,0.75,medium,2,,,,,,counterexample_audit,724545
G,G_00521,syringe_handoff,posthoc_single,0,0,0,0,1,0,0.0548744,8,3,-1,medium,high,0.75,medium,2,,,,,,counterexample_audit,724545
G,G_00521,syringe_handoff,soft_penalty_fc,1,0,1,0,1,0,0.0548744,8,3,-1,medium,high,0.75,medium,2,,,,,,counterexample_audit,724545
G,G_00521,syringe_handoff,observed_sfc,0,0,0,0,1,0,0.0,8,3,3,medium,high,0.75,medium,2,0.2,overconfident,0.7,,,counterexample_audit,724545
G,G_00521,syringe_handoff,risk_aware_sfc,0,0,0,0,1,0,0.0,8,3,3,medium,high,0.75,medium,2,0.2,overconfident,0.7,,,counterexample_audit,724545
G,G_00521,syringe_handoff,abstaining_sfc,0,0,0,0,1,0,0.0,8,3,3,medium,high,0.75,medium,2,0.2,overconfident,0.7,,,counterexample_audit,724545
G,G_00522,syringe_handoff,geometric_fc,1,0,1,0,1,0,0.05441657,8,3,-1,medium,high,0.75,medium,2,,,,,,counterexample_audit,724546
G,G_00522,syringe_handoff,oracle_sfc,0,0,0,0,1,0,0.0,8,3,-1,medium,high,0.75,medium,2,,,,,,counterexample_audit,724546
G,G_00522,syringe_handoff,semantic_only,1,0,1,0,1,0,0.0,8,3,-1,medium,high,0.75,medium,2,,,,,,counterexample_audit,724546
G,G_00522,syringe_handoff,posthoc_single,0,0,0,0,1,0,0.05441657,8,3,-1,medium,high,0.75,medium,2,,,,,,counterexample_audit,724546
G,G_00522,syringe_handoff,soft_penalty_fc,1,0,1,0,1,0,0.05441657,8,3,-1,medium,high,0.75,medium,2,,,,,,counterexample_audit,724546
G,G_00522,syringe_handoff,observed_sfc,1,0,1,0,1,0,0.05905088,8,3,4,medium,high,0.75,medium,2,0.2,overconfident,0.7,,,counterexample_audit,724546
G,G_00522,syringe_handoff,risk_aware_sfc,1,0,1,0,1,0,0.05905088,8,3,4,medium,high,0.75,medium,2,0.2,overconfident,0.7,,,counterexample_audit,724546
G,G_00522,syringe_handoff,abstaining_sfc,1,0,1,0,1,0,0.05905088,8,3,4,medium,high,0.75,medium,2,0.2,overconfident,0.7,,,counterexample_audit,724546
G,G_00523,syringe_handoff,geometric_fc,1,0,1,0,1,0,0.05266787,8,3,-1,medium,high,0.75,medium,2,,,,,,counterexample_audit,724547
G,G_00523,syringe_handoff,oracle_sfc,0,0,0,0,1,0,0.0,8,3,-1,medium,high,0.75,medium,2,,,,,,counterexample_audit,724547
G,G_00523,syringe_handoff,semantic_only,1,0,1,0,1,0,0.0,8,3,-1,medium,high,0.75,medium,2,,,,,,counterexample_audit,724547
G,G_00523,syringe_handoff,posthoc_single,0,0,0,0,1,0,0.05266787,8,3,-1,medium,high,0.75,medium,2,,,,,,counterexample_audit,724547
G,G_00523,syringe_handoff,soft_penalty_fc,1,0,1,0,1,0,0.05266787,8,3,-1,medium,high,0.75,medium,2,,,,,,counterexample_audit,724547
G,G_00523,syringe_handoff,observed_sfc,0,0,0,0,1,0,0.0,8,3,3,medium,high,0.75,medium,2,0.2,overconfident,0.7,,,counterexample_audit,724547
G,G_00523,syringe_handoff,risk_aware_sfc,0,0,0,0,1,0,0.0,8,3,3,medium,high,0.75,medium,2,0.2,overconfident,0.7,,,counterexample_audit,724547
G,G_00523,syringe_handoff,abstaining_sfc,0,0,0,0,1,0,0.0,8,3,3,medium,high,0.75,medium,2,0.2,overconfident,0.7,,,counterexample_audit,724547
G,G_00524,syringe_handoff,geometric_fc,1,0,1,0,1,0,0.05602678,8,3,-1,medium,high,0.75,medium,2,,,,,,counterexample_audit,724548
G,G_00524,syringe_handoff,oracle_sfc,0,0,0,0,1,0,0.0,8,3,-1,medium,high,0.75,medium,2,,,,,,counterexample_audit,724548
G,G_00524,syringe_handoff,semantic_only,1,0,1,0,1,0,0.0,8,3,-1,medium,high,0.75,medium,2,,,,,,counterexample_audit,724548
G,G_00524,syringe_handoff,posthoc_single,0,0,0,0,1,0,0.05602678,8,3,-1,medium,high,0.75,medium,2,,,,,,counterexample_audit,724548
G,G_00524,syringe_handoff,soft_penalty_fc,1,0,1,0,1,0,0.05602678,8,3,-1,medium,high,0.75,medium,2,,,,,,counterexample_audit,724548
G,G_00524,syringe_handoff,observed_sfc,0,0,0,0,1,0,0.0,8,3,3,medium,high,0.75,medium,2,0.2,overconfident,0.7,,,counterexample_audit,724548
G,G_00524,syringe_handoff,risk_aware_sfc,0,0,0,0,1,0,0.0,8,3,3,medium,high,0.75,medium,2,0.2,overconfident,0.7,,,counterexample_audit,724548
G,G_00524,syringe_handoff,abstaining_sfc,0,0,0,0,1,0,0.0,8,3,3,medium,high,0.75,medium,2,0.2,overconfident,0.7,,,counterexample_audit,724548
G,G_00525,syringe_handoff,geometric_fc,1,0,1,0,1,0,0.055616,8,3,-1,medium,high,0.75,medium,2,,,,,,counterexample_audit,724549
G,G_00525,syringe_handoff,oracle_sfc,0,0,0,0,1,0,0.0,8,3,-1,medium,high,0.75,medium,2,,,,,,counterexample_audit,724549
G,G_00525,syringe_handoff,semantic_only,1,0,1,0,1,0,0.0,8,3,-1,medium,high,0.75,medium,2,,,,,,counterexample_audit,724549
G,G_00525,syringe_handoff,posthoc_single,0,0,0,0,1,0,0.055616,8,3,-1,medium,high,0.75,medium,2,,,,,,counterexample_audit,724549
G,G_00525,syringe_handoff,soft_penalty_fc,1,0,1,0,1,0,0.055616,8,3,-1,medium,high,0.75,medium,2,,,,,,counterexample_audit,724549
G,G_00525,syringe_handoff,observed_sfc,1,0,1,0,1,0,0.11362017,8,3,4,medium,high,0.75,medium,2,0.2,overconfident,0.7,,,counterexample_audit,724549
G,G_00525,syringe_handoff,risk_aware_sfc,1,0,1,0,1,0,0.11362017,8,3,4,medium,high,0.75,medium,2,0.2,overconfident,0.7,,,counterexample_audit,724549
G,G_00525,syringe_handoff,abstaining_sfc,1,0,1,0,1,0,0.11362017,8,3,4,medium,high,0.75,medium,2,0.2,overconfident,0.7,,,counterexample_audit,724549
G,G_00526,syringe_handoff,geometric_fc,1,0,1,0,1,0,0.05366582,8,3,-1,medium,high,0.75,medium,2,,,,,,counterexample_audit,724550
G,G_00526,syringe_handoff,oracle_sfc,0,0,0,0,1,0,0.0,8,3,-1,medium,high,0.75,medium,2,,,,,,counterexample_audit,724550
G,G_00526,syringe_handoff,semantic_only,1,0,1,0,1,0,0.0,8,3,-1,medium,high,0.75,medium,2,,,,,,counterexample_audit,724550
G,G_00526,syringe_handoff,posthoc_single,0,0,0,0,1,0,0.05366582,8,3,-1,medium,high,0.75,medium,2,,,,,,counterexample_audit,724550
G,G_00526,syringe_handoff,soft_penalty_fc,1,0,1,0,1,0,0.05366582,8,3,-1,medium,high,0.75,medium,2,,,,,,counterexample_audit,724550
G,G_00526,syringe_handoff,observed_sfc,0,0,0,0,1,0,0.0,8,3,3,medium,high,0.75,medium,2,0.2,overconfident,0.7,,,counterexample_audit,724550
G,G_00526,syringe_handoff,risk_aware_sfc,0,0,0,0,1,0,0.0,8,3,3,medium,high,0.75,medium,2,0.2,overconfident,0.7,,,counterexample_audit,724550
G,G_00526,syringe_handoff,abstaining_sfc,0,0,0,0,1,0,0.0,8,3,3,medium,high,0.75,medium,2,0.2,overconfident,0.7,,,counterexample_audit,724550
G,G_00527,syringe_handoff,geometric_fc,1,0,1,0,1,0,0.05685275,8,3,-1,medium,high,0.75,medium,2,,,,,,counterexample_audit,724551
G,G_00527,syringe_handoff,oracle_sfc,0,0,0,0,1,0,0.0,8,3,-1,medium,high,0.75,medium,2,,,,,,counterexample_audit,724551
G,G_00527,syringe_handoff,semantic_only,1,0,1,0,1,0,0.0,8,3,-1,medium,high,0.75,medium,2,,,,,,counterexample_audit,724551
G,G_00527,syringe_handoff,posthoc_single,0,0,0,0,1,0,0.05685275,8,3,-1,medium,high,0.75,medium,2,,,,,,counterexample_audit,724551
G,G_00527,syringe_handoff,soft_penalty_fc,1,0,1,0,1,0,0.05685275,8,3,-1,medium,high,0.75,medium,2,,,,,,counterexample_audit,724551
G,G_00527,syringe_handoff,observed_sfc,1,0,1,0,1,0,0.05559256,8,3,4,medium,high,0.75,medium,2,0.2,overconfident,0.7,,,counterexample_audit,724551
G,G_00527,syringe_handoff,risk_aware_sfc,1,0,1,0,1,0,0.05559256,8,3,4,medium,high,0.75,medium,2,0.2,overconfident,0.7,,,counterexample_audit,724551
G,G_00527,syringe_handoff,abstaining_sfc,1,0,1,0,1,0,0.05559256,8,3,4,medium,high,0.75,medium,2,0.2,overconfident,0.7,,,counterexample_audit,724551
G,G_00528,syringe_handoff,geometric_fc,1,0,1,0,1,0,0.05406706,8,3,-1,medium,high,0.75,medium,2,,,,,,counterexample_audit,724552
G,G_00528,syringe_handoff,oracle_sfc,0,0,0,0,1,0,0.0,8,3,-1,medium,high,0.75,medium,2,,,,,,counterexample_audit,724552
G,G_00528,syringe_handoff,semantic_only,1,0,1,0,1,0,0.0,8,3,-1,medium,high,0.75,medium,2,,,,,,counterexample_audit,724552
G,G_00528,syringe_handoff,posthoc_single,0,0,0,0,1,0,0.05406706,8,3,-1,medium,high,0.75,medium,2,,,,,,counterexample_audit,724552
G,G_00528,syringe_handoff,soft_penalty_fc,1,0,1,0,1,0,0.05406706,8,3,-1,medium,high,0.75,medium,2,,,,,,counterexample_audit,724552
G,G_00528,syringe_handoff,observed_sfc,0,0,0,0,1,0,0.0,8,3,3,medium,high,0.75,medium,2,0.2,overconfident,0.7,,,counterexample_audit,724552
G,G_00528,syringe_handoff,risk_aware_sfc,0,0,0,0,1,0,0.0,8,3,3,medium,high,0.75,medium,2,0.2,overconfident,0.7,,,counterexample_audit,724552
G,G_00528,syringe_handoff,abstaining_sfc,0,0,0,0,1,0,0.0,8,3,3,medium,high,0.75,medium,2,0.2,overconfident,0.7,,,counterexample_audit,724552
G,G_00529,syringe_handoff,geometric_fc,1,0,1,0,1,0,0.05499268,8,3,-1,medium,high,0.75,medium,2,,,,,,counterexample_audit,724553
G,G_00529,syringe_handoff,oracle_sfc,0,0,0,0,1,0,0.0,8,3,-1,medium,high,0.75,medium,2,,,,,,counterexample_audit,724553
G,G_00529,syringe_handoff,semantic_only,1,0,1,0,1,0,0.0,8,3,-1,medium,high,0.75,medium,2,,,,,,counterexample_audit,724553
G,G_00529,syringe_handoff,posthoc_single,0,0,0,0,1,0,0.05499268,8,3,-1,medium,high,0.75,medium,2,,,,,,counterexample_audit,724553
G,G_00529,syringe_handoff,soft_penalty_fc,1,0,1,0,1,0,0.05499268,8,3,-1,medium,high,0.75,medium,2,,,,,,counterexample_audit,724553
G,G_00529,syringe_handoff,observed_sfc,1,0,1,0,1,0,0.06632208,8,3,4,medium,high,0.75,medium,2,0.2,overconfident,0.7,,,counterexample_audit,724553
G,G_00529,syringe_handoff,risk_aware_sfc,1,0,1,0,1,0,0.06632208,8,3,4,medium,high,0.75,medium,2,0.2,overconfident,0.7,,,counterexample_audit,724553
G,G_00529,syringe_handoff,abstaining_sfc,1,0,1,0,1,0,0.06632208,8,3,4,medium,high,0.75,medium,2,0.2,overconfident,0.7,,,counterexample_audit,724553
G,G_00530,syringe_handoff,geometric_fc,1,0,1,0,1,0,0.05754079,8,3,-1,medium,high,0.75,medium,2,,,,,,counterexample_audit,724554
G,G_00530,syringe_handoff,oracle_sfc,0,0,0,0,1,0,0.0,8,3,-1,medium,high,0.75,medium,2,,,,,,counterexample_audit,724554
G,G_00530,syringe_handoff,semantic_only,1,0,1,0,1,0,0.0,8,3,-1,medium,high,0.75,medium,2,,,,,,counterexample_audit,724554
G,G_00530,syringe_handoff,posthoc_single,0,0,0,0,1,0,0.05754079,8,3,-1,medium,high,0.75,medium,2,,,,,,counterexample_audit,724554
G,G_00530,syringe_handoff,soft_penalty_fc,1,0,1,0,1,0,0.05754079,8,3,-1,medium,high,0.75,medium,2,,,,,,counterexample_audit,724554
G,G_00530,syringe_handoff,observed_sfc,1,0,1,0,1,0,0.06134742,8,3,4,medium,high,0.75,medium,2,0.2,overconfident,0.7,,,counterexample_audit,724554
G,G_00530,syringe_handoff,risk_aware_sfc,1,0,1,0,1,0,0.06134742,8,3,4,medium,high,0.75,medium,2,0.2,overconfident,0.7,,,counterexample_audit,724554
G,G_00530,syringe_handoff,abstaining_sfc,1,0,1,0,1,0,0.06134742,8,3,4,medium,high,0.75,medium,2,0.2,overconfident,0.7,,,counterexample_audit,724554
G,G_00531,syringe_handoff,geometric_fc,1,0,1,0,1,0,0.05707672,8,3,-1,medium,high,0.75,medium,2,,,,,,counterexample_audit,724555
G,G_00531,syringe_handoff,oracle_sfc,0,0,0,0,1,0,0.0,8,3,-1,medium,high,0.75,medium,2,,,,,,counterexample_audit,724555
G,G_00531,syringe_handoff,semantic_only,1,0,1,0,1,0,0.0,8,3,-1,medium,high,0.75,medium,2,,,,,,counterexample_audit,724555
G,G_00531,syringe_handoff,posthoc_single,0,0,0,0,1,0,0.05707672,8,3,-1,medium,high,0.75,medium,2,,,,,,counterexample_audit,724555
G,G_00531,syringe_handoff,soft_penalty_fc,1,0,1,0,1,0,0.05707672,8,3,-1,medium,high,0.75,medium,2,,,,,,counterexample_audit,724555
G,G_00531,syringe_handoff,observed_sfc,1,0,1,0,1,0,0.05559644,8,3,4,medium,high,0.75,medium,2,0.2,overconfident,0.7,,,counterexample_audit,724555
G,G_00531,syringe_handoff,risk_aware_sfc,1,0,1,0,1,0,0.05559644,8,3,4,medium,high,0.75,medium,2,0.2,overconfident,0.7,,,counterexample_audit,724555
G,G_00531,syringe_handoff,abstaining_sfc,1,0,1,0,1,0,0.05559644,8,3,4,medium,high,0.75,medium,2,0.2,overconfident,0.7,,,counterexample_audit,724555
G,G_00532,syringe_handoff,geometric_fc,1,0,1,0,1,0,0.05804041,8,3,-1,medium,high,0.75,medium,2,,,,,,counterexample_audit,724556
G,G_00532,syringe_handoff,oracle_sfc,0,0,0,0,1,0,0.0,8,3,-1,medium,high,0.75,medium,2,,,,,,counterexample_audit,724556
G,G_00532,syringe_handoff,semantic_only,1,0,1,0,1,0,0.0,8,3,-1,medium,high,0.75,medium,2,,,,,,counterexample_audit,724556
G,G_00532,syringe_handoff,posthoc_single,0,0,0,0,1,0,0.05804041,8,3,-1,medium,high,0.75,medium,2,,,,,,counterexample_audit,724556
G,G_00532,syringe_handoff,soft_penalty_fc,1,0,1,0,1,0,0.05804041,8,3,-1,medium,high,0.75,medium,2,,,,,,counterexample_audit,724556
G,G_00532,syringe_handoff,observed_sfc,1,0,1,0,1,0,0.07689366,8,3,5,medium,high,0.75,medium,2,0.2,overconfident,0.7,,,counterexample_audit,724556
G,G_00532,syringe_handoff,risk_aware_sfc,1,0,1,0,1,0,0.07689366,8,3,5,medium,high,0.75,medium,2,0.2,overconfident,0.7,,,counterexample_audit,724556
G,G_00532,syringe_handoff,abstaining_sfc,1,0,1,0,1,0,0.07689366,8,3,5,medium,high,0.75,medium,2,0.2,overconfident,0.7,,,counterexample_audit,724556
G,G_00533,syringe_handoff,geometric_fc,1,0,1,0,1,0,0.05593169,8,3,-1,medium,high,0.75,medium,2,,,,,,counterexample_audit,724557
G,G_00533,syringe_handoff,oracle_sfc,0,0,0,0,1,0,0.0,8,3,-1,medium,high,0.75,medium,2,,,,,,counterexample_audit,724557
G,G_00533,syringe_handoff,semantic_only,1,0,1,0,1,0,0.0,8,3,-1,medium,high,0.75,medium,2,,,,,,counterexample_audit,724557
G,G_00533,syringe_handoff,posthoc_single,0,0,0,0,1,0,0.05593169,8,3,-1,medium,high,0.75,medium,2,,,,,,counterexample_audit,724557
G,G_00533,syringe_handoff,soft_penalty_fc,1,0,1,0,1,0,0.05593169,8,3,-1,medium,high,0.75,medium,2,,,,,,counterexample_audit,724557
G,G_00533,syringe_handoff,observed_sfc,0,0,0,0,1,0,0.0,8,3,3,medium,high,0.75,medium,2,0.2,overconfident,0.7,,,counterexample_audit,724557
G,G_00533,syringe_handoff,risk_aware_sfc,0,0,0,0,1,0,0.0,8,3,3,medium,high,0.75,medium,2,0.2,overconfident,0.7,,,counterexample_audit,724557
G,G_00533,syringe_handoff,abstaining_sfc,0,0,0,0,1,0,0.0,8,3,3,medium,high,0.75,medium,2,0.2,overconfident,0.7,,,counterexample_audit,724557
G,G_00534,syringe_handoff,geometric_fc,1,0,1,0,1,0,0.05438863,8,3,-1,medium,high,0.75,medium,2,,,,,,counterexample_audit,724558
G,G_00534,syringe_handoff,oracle_sfc,0,0,0,0,1,0,0.0,8,3,-1,medium,high,0.75,medium,2,,,,,,counterexample_audit,724558
G,G_00534,syringe_handoff,semantic_only,1,0,1,0,1,0,0.0,8,3,-1,medium,high,0.75,medium,2,,,,,,counterexample_audit,724558
G,G_00534,syringe_handoff,posthoc_single,0,0,0,0,1,0,0.05438863,8,3,-1,medium,high,0.75,medium,2,,,,,,counterexample_audit,724558
G,G_00534,syringe_handoff,soft_penalty_fc,1,0,1,0,1,0,0.05438863,8,3,-1,medium,high,0.75,medium,2,,,,,,counterexample_audit,724558
G,G_00534,syringe_handoff,observed_sfc,1,0,1,0,1,0,0.11632812,8,3,3,medium,high,0.75,medium,2,0.2,overconfident,0.7,,,counterexample_audit,724558
G,G_00534,syringe_handoff,risk_aware_sfc,1,0,1,0,1,0,0.11632812,8,3,3,medium,high,0.75,medium,2,0.2,overconfident,0.7,,,counterexample_audit,724558
G,G_00534,syringe_handoff,abstaining_sfc,1,0,1,0,1,0,0.11632812,8,3,3,medium,high,0.75,medium,2,0.2,overconfident,0.7,,,counterexample_audit,724558
G,G_00535,syringe_handoff,geometric_fc,1,0,1,0,1,0,0.05632095,8,3,-1,medium,high,0.75,medium,2,,,,,,counterexample_audit,724559
G,G_00535,syringe_handoff,oracle_sfc,0,0,0,0,1,0,0.0,8,3,-1,medium,high,0.75,medium,2,,,,,,counterexample_audit,724559
G,G_00535,syringe_handoff,semantic_only,1,0,1,0,1,0,0.0,8,3,-1,medium,high,0.75,medium,2,,,,,,counterexample_audit,724559
G,G_00535,syringe_handoff,posthoc_single,0,0,0,0,1,0,0.05632095,8,3,-1,medium,high,0.75,medium,2,,,,,,counterexample_audit,724559
G,G_00535,syringe_handoff,soft_penalty_fc,1,0,1,0,1,0,0.05632095,8,3,-1,medium,high,0.75,medium,2,,,,,,counterexample_audit,724559
G,G_00535,syringe_handoff,observed_sfc,0,0,0,0,1,0,0.0,8,3,3,medium,high,0.75,medium,2,0.2,overconfident,0.7,,,counterexample_audit,724559
G,G_00535,syringe_handoff,risk_aware_sfc,0,0,0,0,1,0,0.0,8,3,3,medium,high,0.75,medium,2,0.2,overconfident,0.7,,,counterexample_audit,724559
G,G_00535,syringe_handoff,abstaining_sfc,0,0,0,0,1,0,0.0,8,3,3,medium,high,0.75,medium,2,0.2,overconfident,0.7,,,counterexample_audit,724559
G,G_00536,syringe_handoff,geometric_fc,1,0,1,0,1,0,0.05395484,8,3,-1,medium,high,0.75,medium,2,,,,,,counterexample_audit,724560
G,G_00536,syringe_handoff,oracle_sfc,0,0,0,0,1,0,0.0,8,3,-1,medium,high,0.75,medium,2,,,,,,counterexample_audit,724560
G,G_00536,syringe_handoff,semantic_only,1,0,1,0,1,0,0.0,8,3,-1,medium,high,0.75,medium,2,,,,,,counterexample_audit,724560
G,G_00536,syringe_handoff,posthoc_single,0,0,0,0,1,0,0.05395484,8,3,-1,medium,high,0.75,medium,2,,,,,,counterexample_audit,724560
G,G_00536,syringe_handoff,soft_penalty_fc,1,0,1,0,1,0,0.05395484,8,3,-1,medium,high,0.75,medium,2,,,,,,counterexample_audit,724560
G,G_00536,syringe_handoff,observed_sfc,1,0,1,0,1,0,0.08134409,8,3,3,medium,high,0.75,medium,2,0.2,overconfident,0.7,,,counterexample_audit,724560
G,G_00536,syringe_handoff,risk_aware_sfc,1,0,1,0,1,0,0.08134409,8,3,3,medium,high,0.75,medium,2,0.2,overconfident,0.7,,,counterexample_audit,724560
G,G_00536,syringe_handoff,abstaining_sfc,1,0,1,0,1,0,0.08134409,8,3,3,medium,high,0.75,medium,2,0.2,overconfident,0.7,,,counterexample_audit,724560
G,G_00537,syringe_handoff,geometric_fc,1,0,1,0,1,0,0.05781311,8,3,-1,medium,high,0.75,medium,2,,,,,,counterexample_audit,724561
G,G_00537,syringe_handoff,oracle_sfc,0,0,0,0,1,0,0.0,8,3,-1,medium,high,0.75,medium,2,,,,,,counterexample_audit,724561
G,G_00537,syringe_handoff,semantic_only,1,0,1,0,1,0,0.0,8,3,-1,medium,high,0.75,medium,2,,,,,,counterexample_audit,724561
G,G_00537,syringe_handoff,posthoc_single,0,0,0,0,1,0,0.05781311,8,3,-1,medium,high,0.75,medium,2,,,,,,counterexample_audit,724561
G,G_00537,syringe_handoff,soft_penalty_fc,1,0,1,0,1,0,0.05781311,8,3,-1,medium,high,0.75,medium,2,,,,,,counterexample_audit,724561
G,G_00537,syringe_handoff,observed_sfc,0,0,0,0,1,0,0.0,8,3,3,medium,high,0.75,medium,2,0.2,overconfident,0.7,,,counterexample_audit,724561
G,G_00537,syringe_handoff,risk_aware_sfc,0,0,0,0,1,0,0.0,8,3,3,medium,high,0.75,medium,2,0.2,overconfident,0.7,,,counterexample_audit,724561
G,G_00537,syringe_handoff,abstaining_sfc,0,0,0,0,1,0,0.0,8,3,3,medium,high,0.75,medium,2,0.2,overconfident,0.7,,,counterexample_audit,724561
G,G_00538,syringe_handoff,geometric_fc,1,0,1,0,1,0,0.0559273,8,3,-1,medium,high,0.75,medium,2,,,,,,counterexample_audit,724562
G,G_00538,syringe_handoff,oracle_sfc,0,0,0,0,1,0,0.0,8,3,-1,medium,high,0.75,medium,2,,,,,,counterexample_audit,724562
G,G_00538,syringe_handoff,semantic_only,1,0,1,0,1,0,0.0,8,3,-1,medium,high,0.75,medium,2,,,,,,counterexample_audit,724562
G,G_00538,syringe_handoff,posthoc_single,0,0,0,0,1,0,0.0559273,8,3,-1,medium,high,0.75,medium,2,,,,,,counterexample_audit,724562
G,G_00538,syringe_handoff,soft_penalty_fc,1,0,1,0,1,0,0.0559273,8,3,-1,medium,high,0.75,medium,2,,,,,,counterexample_audit,724562
G,G_00538,syringe_handoff,observed_sfc,0,0,0,0,1,0,0.0,8,3,2,medium,high,0.75,medium,2,0.2,overconfident,0.7,,,counterexample_audit,724562
G,G_00538,syringe_handoff,risk_aware_sfc,0,0,0,0,1,0,0.0,8,3,2,medium,high,0.75,medium,2,0.2,overconfident,0.7,,,counterexample_audit,724562
G,G_00538,syringe_handoff,abstaining_sfc,0,0,0,0,1,0,0.0,8,3,2,medium,high,0.75,medium,2,0.2,overconfident,0.7,,,counterexample_audit,724562
G,G_00539,syringe_handoff,geometric_fc,1,0,1,0,1,0,0.05496361,8,3,-1,medium,high,0.75,medium,2,,,,,,counterexample_audit,724563
G,G_00539,syringe_handoff,oracle_sfc,0,0,0,0,1,0,0.0,8,3,-1,medium,high,0.75,medium,2,,,,,,counterexample_audit,724563
G,G_00539,syringe_handoff,semantic_only,1,0,1,0,1,0,0.0,8,3,-1,medium,high,0.75,medium,2,,,,,,counterexample_audit,724563
G,G_00539,syringe_handoff,posthoc_single,0,0,0,0,1,0,0.05496361,8,3,-1,medium,high,0.75,medium,2,,,,,,counterexample_audit,724563
G,G_00539,syringe_handoff,soft_penalty_fc,1,0,1,0,1,0,0.05496361,8,3,-1,medium,high,0.75,medium,2,,,,,,counterexample_audit,724563
G,G_00539,syringe_handoff,observed_sfc,1,0,1,0,1,0,0.08534602,8,3,2,medium,high,0.75,medium,2,0.2,overconfident,0.7,,,counterexample_audit,724563
G,G_00539,syringe_handoff,risk_aware_sfc,1,0,1,0,1,0,0.08534602,8,3,2,medium,high,0.75,medium,2,0.2,overconfident,0.7,,,counterexample_audit,724563
G,G_00539,syringe_handoff,abstaining_sfc,1,0,1,0,1,0,0.08534602,8,3,2,medium,high,0.75,medium,2,0.2,overconfident,0.7,,,counterexample_audit,724563
G,G_00540,syringe_handoff,geometric_fc,1,0,1,0,1,0,0.05739097,8,3,-1,medium,high,0.75,medium,2,,,,,,counterexample_audit,724564
G,G_00540,syringe_handoff,oracle_sfc,0,0,0,0,1,0,0.0,8,3,-1,medium,high,0.75,medium,2,,,,,,counterexample_audit,724564
G,G_00540,syringe_handoff,semantic_only,1,0,1,0,1,0,0.0,8,3,-1,medium,high,0.75,medium,2,,,,,,counterexample_audit,724564
G,G_00540,syringe_handoff,posthoc_single,0,0,0,0,1,0,0.05739097,8,3,-1,medium,high,0.75,medium,2,,,,,,counterexample_audit,724564
G,G_00540,syringe_handoff,soft_penalty_fc,1,0,1,0,1,0,0.05739097,8,3,-1,medium,high,0.75,medium,2,,,,,,counterexample_audit,724564
G,G_00540,syringe_handoff,observed_sfc,0,0,0,0,1,0,0.0,8,3,3,medium,high,0.75,medium,2,0.2,overconfident,0.7,,,counterexample_audit,724564
G,G_00540,syringe_handoff,risk_aware_sfc,0,0,0,0,1,0,0.0,8,3,3,medium,high,0.75,medium,2,0.2,overconfident,0.7,,,counterexample_audit,724564
G,G_00540,syringe_handoff,abstaining_sfc,0,0,0,0,1,0,0.0,8,3,3,medium,high,0.75,medium,2,0.2,overconfident,0.7,,,counterexample_audit,724564
G,G_00541,syringe_handoff,geometric_fc,1,0,1,0,1,0,0.05249112,8,3,-1,medium,high,0.75,medium,2,,,,,,counterexample_audit,724565
G,G_00541,syringe_handoff,oracle_sfc,0,0,0,0,1,0,0.0,8,3,-1,medium,high,0.75,medium,2,,,,,,counterexample_audit,724565
G,G_00541,syringe_handoff,semantic_only,1,0,1,0,1,0,0.0,8,3,-1,medium,high,0.75,medium,2,,,,,,counterexample_audit,724565
G,G_00541,syringe_handoff,posthoc_single,0,0,0,0,1,0,0.05249112,8,3,-1,medium,high,0.75,medium,2,,,,,,counterexample_audit,724565
G,G_00541,syringe_handoff,soft_penalty_fc,1,0,1,0,1,0,0.05249112,8,3,-1,medium,high,0.75,medium,2,,,,,,counterexample_audit,724565
G,G_00541,syringe_handoff,observed_sfc,0,0,0,0,1,0,0.0,8,3,3,medium,high,0.75,medium,2,0.2,overconfident,0.7,,,counterexample_audit,724565
G,G_00541,syringe_handoff,risk_aware_sfc,0,0,0,0,1,0,0.0,8,3,3,medium,high,0.75,medium,2,0.2,overconfident,0.7,,,counterexample_audit,724565
G,G_00541,syringe_handoff,abstaining_sfc,0,0,0,0,1,0,0.0,8,3,3,medium,high,0.75,medium,2,0.2,overconfident,0.7,,,counterexample_audit,724565
G,G_00542,syringe_handoff,geometric_fc,1,0,1,0,1,0,0.05268928,8,3,-1,medium,high,0.75,medium,2,,,,,,counterexample_audit,724566
G,G_00542,syringe_handoff,oracle_sfc,0,0,0,0,1,0,0.0,8,3,-1,medium,high,0.75,medium,2,,,,,,counterexample_audit,724566
G,G_00542,syringe_handoff,semantic_only,1,0,1,0,1,0,0.0,8,3,-1,medium,high,0.75,medium,2,,,,,,counterexample_audit,724566
G,G_00542,syringe_handoff,posthoc_single,0,0,0,0,1,0,0.05268928,8,3,-1,medium,high,0.75,medium,2,,,,,,counterexample_audit,724566
G,G_00542,syringe_handoff,soft_penalty_fc,1,0,1,0,1,0,0.05268928,8,3,-1,medium,high,0.75,medium,2,,,,,,counterexample_audit,724566
G,G_00542,syringe_handoff,observed_sfc,1,0,1,0,1,0,0.06360561,8,3,4,medium,high,0.75,medium,2,0.2,overconfident,0.7,,,counterexample_audit,724566
G,G_00542,syringe_handoff,risk_aware_sfc,1,0,1,0,1,0,0.06360561,8,3,4,medium,high,0.75,medium,2,0.2,overconfident,0.7,,,counterexample_audit,724566
G,G_00542,syringe_handoff,abstaining_sfc,1,0,1,0,1,0,0.06360561,8,3,4,medium,high,0.75,medium,2,0.2,overconfident,0.7,,,counterexample_audit,724566
G,G_00543,syringe_handoff,geometric_fc,1,0,1,0,1,0,0.05641113,8,3,-1,medium,high,0.75,medium,2,,,,,,counterexample_audit,724567
G,G_00543,syringe_handoff,oracle_sfc,0,0,0,0,1,0,0.0,8,3,-1,medium,high,0.75,medium,2,,,,,,counterexample_audit,724567
G,G_00543,syringe_handoff,semantic_only,1,0,1,0,1,0,0.0,8,3,-1,medium,high,0.75,medium,2,,,,,,counterexample_audit,724567
G,G_00543,syringe_handoff,posthoc_single,0,0,0,0,1,0,0.05641113,8,3,-1,medium,high,0.75,medium,2,,,,,,counterexample_audit,724567
G,G_00543,syringe_handoff,soft_penalty_fc,1,0,1,0,1,0,0.05641113,8,3,-1,medium,high,0.75,medium,2,,,,,,counterexample_audit,724567
G,G_00543,syringe_handoff,observed_sfc,0,0,0,0,1,0,0.0,8,3,3,medium,high,0.75,medium,2,0.2,overconfident,0.7,,,counterexample_audit,724567
G,G_00543,syringe_handoff,risk_aware_sfc,0,0,0,0,1,0,0.0,8,3,3,medium,high,0.75,medium,2,0.2,overconfident,0.7,,,counterexample_audit,724567
G,G_00543,syringe_handoff,abstaining_sfc,0,0,0,0,1,0,0.0,8,3,3,medium,high,0.75,medium,2,0.2,overconfident,0.7,,,counterexample_audit,724567
G,G_00544,syringe_handoff,geometric_fc,1,0,1,0,1,0,0.05607617,8,3,-1,medium,high,0.75,medium,2,,,,,,counterexample_audit,724568
G,G_00544,syringe_handoff,oracle_sfc,0,0,0,0,1,0,0.0,8,3,-1,medium,high,0.75,medium,2,,,,,,counterexample_audit,724568
G,G_00544,syringe_handoff,semantic_only,1,0,1,0,1,0,0.0,8,3,-1,medium,high,0.75,medium,2,,,,,,counterexample_audit,724568
G,G_00544,syringe_handoff,posthoc_single,0,0,0,0,1,0,0.05607617,8,3,-1,medium,high,0.75,medium,2,,,,,,counterexample_audit,724568
G,G_00544,syringe_handoff,soft_penalty_fc,1,0,1,0,1,0,0.05607617,8,3,-1,medium,high,0.75,medium,2,,,,,,counterexample_audit,724568
G,G_00544,syringe_handoff,observed_sfc,0,0,0,0,1,0,0.0,8,3,3,medium,high,0.75,medium,2,0.2,overconfident,0.7,,,counterexample_audit,724568
G,G_00544,syringe_handoff,risk_aware_sfc,0,0,0,0,1,0,0.0,8,3,3,medium,high,0.75,medium,2,0.2,overconfident,0.7,,,counterexample_audit,724568
G,G_00544,syringe_handoff,abstaining_sfc,0,0,0,0,1,0,0.0,8,3,3,medium,high,0.75,medium,2,0.2,overconfident,0.7,,,counterexample_audit,724568
G,G_00545,syringe_handoff,geometric_fc,1,0,1,0,1,0,0.05231391,8,3,-1,medium,high,0.75,medium,2,,,,,,counterexample_audit,724569
G,G_00545,syringe_handoff,oracle_sfc,0,0,0,0,1,0,0.0,8,3,-1,medium,high,0.75,medium,2,,,,,,counterexample_audit,724569
G,G_00545,syringe_handoff,semantic_only,1,0,1,0,1,0,0.0,8,3,-1,medium,high,0.75,medium,2,,,,,,counterexample_audit,724569
G,G_00545,syringe_handoff,posthoc_single,0,0,0,0,1,0,0.05231391,8,3,-1,medium,high,0.75,medium,2,,,,,,counterexample_audit,724569
G,G_00545,syringe_handoff,soft_penalty_fc,1,0,1,0,1,0,0.05231391,8,3,-1,medium,high,0.75,medium,2,,,,,,counterexample_audit,724569
G,G_00545,syringe_handoff,observed_sfc,1,0,1,0,1,0,0.1199584,8,3,3,medium,high,0.75,medium,2,0.2,overconfident,0.7,,,counterexample_audit,724569
G,G_00545,syringe_handoff,risk_aware_sfc,1,0,1,0,1,0,0.1199584,8,3,3,medium,high,0.75,medium,2,0.2,overconfident,0.7,,,counterexample_audit,724569
G,G_00545,syringe_handoff,abstaining_sfc,1,0,1,0,1,0,0.1199584,8,3,3,medium,high,0.75,medium,2,0.2,overconfident,0.7,,,counterexample_audit,724569
G,G_00546,syringe_handoff,geometric_fc,1,0,1,0,1,0,0.05459235,8,3,-1,medium,high,0.75,medium,2,,,,,,counterexample_audit,724570
G,G_00546,syringe_handoff,oracle_sfc,0,0,0,0,1,0,0.0,8,3,-1,medium,high,0.75,medium,2,,,,,,counterexample_audit,724570
G,G_00546,syringe_handoff,semantic_only,1,0,1,0,1,0,0.0,8,3,-1,medium,high,0.75,medium,2,,,,,,counterexample_audit,724570
G,G_00546,syringe_handoff,posthoc_single,0,0,0,0,1,0,0.05459235,8,3,-1,medium,high,0.75,medium,2,,,,,,counterexample_audit,724570
G,G_00546,syringe_handoff,soft_penalty_fc,1,0,1,0,1,0,0.05459235,8,3,-1,medium,high,0.75,medium,2,,,,,,counterexample_audit,724570
G,G_00546,syringe_handoff,observed_sfc,1,0,1,0,1,0,0.09017725,8,3,5,medium,high,0.75,medium,2,0.2,overconfident,0.7,,,counterexample_audit,724570
G,G_00546,syringe_handoff,risk_aware_sfc,1,0,1,0,1,0,0.09017725,8,3,5,medium,high,0.75,medium,2,0.2,overconfident,0.7,,,counterexample_audit,724570
G,G_00546,syringe_handoff,abstaining_sfc,1,0,1,0,1,0,0.09017725,8,3,5,medium,high,0.75,medium,2,0.2,overconfident,0.7,,,counterexample_audit,724570
G,G_00547,syringe_handoff,geometric_fc,1,0,1,0,1,0,0.05403523,8,3,-1,medium,high,0.75,medium,2,,,,,,counterexample_audit,724571
G,G_00547,syringe_handoff,oracle_sfc,0,0,0,0,1,0,0.0,8,3,-1,medium,high,0.75,medium,2,,,,,,counterexample_audit,724571
G,G_00547,syringe_handoff,semantic_only,1,0,1,0,1,0,0.0,8,3,-1,medium,high,0.75,medium,2,,,,,,counterexample_audit,724571
G,G_00547,syringe_handoff,posthoc_single,0,0,0,0,1,0,0.05403523,8,3,-1,medium,high,0.75,medium,2,,,,,,counterexample_audit,724571
G,G_00547,syringe_handoff,soft_penalty_fc,1,0,1,0,1,0,0.05403523,8,3,-1,medium,high,0.75,medium,2,,,,,,counterexample_audit,724571
G,G_00547,syringe_handoff,observed_sfc,0,0,0,0,1,0,0.0,8,3,3,medium,high,0.75,medium,2,0.2,overconfident,0.7,,,counterexample_audit,724571
G,G_00547,syringe_handoff,risk_aware_sfc,0,0,0,0,1,0,0.0,8,3,3,medium,high,0.75,medium,2,0.2,overconfident,0.7,,,counterexample_audit,724571
G,G_00547,syringe_handoff,abstaining_sfc,0,0,0,0,1,0,0.0,8,3,3,medium,high,0.75,medium,2,0.2,overconfident,0.7,,,counterexample_audit,724571
G,G_00548,syringe_handoff,geometric_fc,1,0,1,0,1,0,0.0562934,8,3,-1,medium,high,0.75,medium,2,,,,,,counterexample_audit,724572
G,G_00548,syringe_handoff,oracle_sfc,0,0,0,0,1,0,0.0,8,3,-1,medium,high,0.75,medium,2,,,,,,counterexample_audit,724572
G,G_00548,syringe_handoff,semantic_only,1,0,1,0,1,0,0.0,8,3,-1,medium,high,0.75,medium,2,,,,,,counterexample_audit,724572
G,G_00548,syringe_handoff,posthoc_single,0,0,0,0,1,0,0.0562934,8,3,-1,medium,high,0.75,medium,2,,,,,,counterexample_audit,724572
G,G_00548,syringe_handoff,soft_penalty_fc,1,0,1,0,1,0,0.0562934,8,3,-1,medium,high,0.75,medium,2,,,,,,counterexample_audit,724572
G,G_00548,syringe_handoff,observed_sfc,1,0,1,0,1,0,0.07746441,8,3,4,medium,high,0.75,medium,2,0.2,overconfident,0.7,,,counterexample_audit,724572
G,G_00548,syringe_handoff,risk_aware_sfc,1,0,1,0,1,0,0.07746441,8,3,4,medium,high,0.75,medium,2,0.2,overconfident,0.7,,,counterexample_audit,724572
G,G_00548,syringe_handoff,abstaining_sfc,1,0,1,0,1,0,0.07746441,8,3,4,medium,high,0.75,medium,2,0.2,overconfident,0.7,,,counterexample_audit,724572
G,G_00549,syringe_handoff,geometric_fc,1,0,1,0,1,0,0.05389762,8,3,-1,medium,high,0.75,medium,2,,,,,,counterexample_audit,724573
G,G_00549,syringe_handoff,oracle_sfc,0,0,0,0,1,0,0.0,8,3,-1,medium,high,0.75,medium,2,,,,,,counterexample_audit,724573
G,G_00549,syringe_handoff,semantic_only,1,0,1,0,1,0,0.0,8,3,-1,medium,high,0.75,medium,2,,,,,,counterexample_audit,724573
G,G_00549,syringe_handoff,posthoc_single,0,0,0,0,1,0,0.05389762,8,3,-1,medium,high,0.75,medium,2,,,,,,counterexample_audit,724573
G,G_00549,syringe_handoff,soft_penalty_fc,1,0,1,0,1,0,0.05389762,8,3,-1,medium,high,0.75,medium,2,,,,,,counterexample_audit,724573
G,G_00549,syringe_handoff,observed_sfc,1,0,1,0,1,0,0.06526741,8,3,2,medium,high,0.75,medium,2,0.2,overconfident,0.7,,,counterexample_audit,724573
G,G_00549,syringe_handoff,risk_aware_sfc,1,0,1,0,1,0,0.06526741,8,3,2,medium,high,0.75,medium,2,0.2,overconfident,0.7,,,counterexample_audit,724573
G,G_00549,syringe_handoff,abstaining_sfc,1,0,1,0,1,0,0.06526741,8,3,2,medium,high,0.75,medium,2,0.2,overconfident,0.7,,,counterexample_audit,724573
G,G_00550,syringe_handoff,geometric_fc,1,0,1,0,1,0,0.05298324,8,3,-1,medium,high,0.75,medium,2,,,,,,counterexample_audit,724574
G,G_00550,syringe_handoff,oracle_sfc,0,0,0,0,1,0,0.0,8,3,-1,medium,high,0.75,medium,2,,,,,,counterexample_audit,724574
G,G_00550,syringe_handoff,semantic_only,1,0,1,0,1,0,0.0,8,3,-1,medium,high,0.75,medium,2,,,,,,counterexample_audit,724574
G,G_00550,syringe_handoff,posthoc_single,0,0,0,0,1,0,0.05298324,8,3,-1,medium,high,0.75,medium,2,,,,,,counterexample_audit,724574
G,G_00550,syringe_handoff,soft_penalty_fc,1,0,1,0,1,0,0.05298324,8,3,-1,medium,high,0.75,medium,2,,,,,,counterexample_audit,724574
G,G_00550,syringe_handoff,observed_sfc,0,0,0,0,1,0,0.0,8,3,3,medium,high,0.75,medium,2,0.2,overconfident,0.7,,,counterexample_audit,724574
G,G_00550,syringe_handoff,risk_aware_sfc,0,0,0,0,1,0,0.0,8,3,3,medium,high,0.75,medium,2,0.2,overconfident,0.7,,,counterexample_audit,724574
G,G_00550,syringe_handoff,abstaining_sfc,0,0,0,0,1,0,0.0,8,3,3,medium,high,0.75,medium,2,0.2,overconfident,0.7,,,counterexample_audit,724574
G,G_00551,syringe_handoff,geometric_fc,1,0,1,0,1,0,0.05436984,8,3,-1,medium,high,0.75,medium,2,,,,,,counterexample_audit,724575
G,G_00551,syringe_handoff,oracle_sfc,0,0,0,0,1,0,0.0,8,3,-1,medium,high,0.75,medium,2,,,,,,counterexample_audit,724575
G,G_00551,syringe_handoff,semantic_only,1,0,1,0,1,0,0.0,8,3,-1,medium,high,0.75,medium,2,,,,,,counterexample_audit,724575
G,G_00551,syringe_handoff,posthoc_single,0,0,0,0,1,0,0.05436984,8,3,-1,medium,high,0.75,medium,2,,,,,,counterexample_audit,724575
G,G_00551,syringe_handoff,soft_penalty_fc,1,0,1,0,1,0,0.05436984,8,3,-1,medium,high,0.75,medium,2,,,,,,counterexample_audit,724575
G,G_00551,syringe_handoff,observed_sfc,1,0,1,0,1,0,0.06777378,8,3,4,medium,high,0.75,medium,2,0.2,overconfident,0.7,,,counterexample_audit,724575
G,G_00551,syringe_handoff,risk_aware_sfc,1,0,1,0,1,0,0.06777378,8,3,4,medium,high,0.75,medium,2,0.2,overconfident,0.7,,,counterexample_audit,724575
G,G_00551,syringe_handoff,abstaining_sfc,1,0,1,0,1,0,0.06777378,8,3,4,medium,high,0.75,medium,2,0.2,overconfident,0.7,,,counterexample_audit,724575
G,G_00552,syringe_handoff,geometric_fc,1,0,1,0,1,0,0.05586938,8,3,-1,medium,high,0.75,medium,2,,,,,,counterexample_audit,724576
G,G_00552,syringe_handoff,oracle_sfc,0,0,0,0,1,0,0.0,8,3,-1,medium,high,0.75,medium,2,,,,,,counterexample_audit,724576
G,G_00552,syringe_handoff,semantic_only,1,0,1,0,1,0,0.0,8,3,-1,medium,high,0.75,medium,2,,,,,,counterexample_audit,724576
G,G_00552,syringe_handoff,posthoc_single,0,0,0,0,1,0,0.05586938,8,3,-1,medium,high,0.75,medium,2,,,,,,counterexample_audit,724576
G,G_00552,syringe_handoff,soft_penalty_fc,1,0,1,0,1,0,0.05586938,8,3,-1,medium,high,0.75,medium,2,,,,,,counterexample_audit,724576
G,G_00552,syringe_handoff,observed_sfc,0,0,0,0,1,0,0.0,8,3,3,medium,high,0.75,medium,2,0.2,overconfident,0.7,,,counterexample_audit,724576
G,G_00552,syringe_handoff,risk_aware_sfc,0,0,0,0,1,0,0.0,8,3,3,medium,high,0.75,medium,2,0.2,overconfident,0.7,,,counterexample_audit,724576
G,G_00552,syringe_handoff,abstaining_sfc,0,0,0,0,1,0,0.0,8,3,3,medium,high,0.75,medium,2,0.2,overconfident,0.7,,,counterexample_audit,724576
G,G_00553,syringe_handoff,geometric_fc,1,0,1,0,1,0,0.05652948,8,3,-1,medium,high,0.75,medium,2,,,,,,counterexample_audit,724577
G,G_00553,syringe_handoff,oracle_sfc,0,0,0,0,1,0,0.0,8,3,-1,medium,high,0.75,medium,2,,,,,,counterexample_audit,724577
G,G_00553,syringe_handoff,semantic_only,1,0,1,0,1,0,0.0,8,3,-1,medium,high,0.75,medium,2,,,,,,counterexample_audit,724577
G,G_00553,syringe_handoff,posthoc_single,0,0,0,0,1,0,0.05652948,8,3,-1,medium,high,0.75,medium,2,,,,,,counterexample_audit,724577
G,G_00553,syringe_handoff,soft_penalty_fc,1,0,1,0,1,0,0.05652948,8,3,-1,medium,high,0.75,medium,2,,,,,,counterexample_audit,724577
G,G_00553,syringe_handoff,observed_sfc,1,0,1,0,1,0,0.05448995,8,3,4,medium,high,0.75,medium,2,0.2,overconfident,0.7,,,counterexample_audit,724577
G,G_00553,syringe_handoff,risk_aware_sfc,1,0,1,0,1,0,0.05448995,8,3,4,medium,high,0.75,medium,2,0.2,overconfident,0.7,,,counterexample_audit,724577
G,G_00553,syringe_handoff,abstaining_sfc,1,0,1,0,1,0,0.05448995,8,3,4,medium,high,0.75,medium,2,0.2,overconfident,0.7,,,counterexample_audit,724577
G,G_00554,syringe_handoff,geometric_fc,1,0,1,0,1,0,0.0561778,8,3,-1,medium,high,0.75,medium,2,,,,,,counterexample_audit,724578
G,G_00554,syringe_handoff,oracle_sfc,0,0,0,0,1,0,0.0,8,3,-1,medium,high,0.75,medium,2,,,,,,counterexample_audit,724578
G,G_00554,syringe_handoff,semantic_only,1,0,1,0,1,0,0.0,8,3,-1,medium,high,0.75,medium,2,,,,,,counterexample_audit,724578
G,G_00554,syringe_handoff,posthoc_single,0,0,0,0,1,0,0.0561778,8,3,-1,medium,high,0.75,medium,2,,,,,,counterexample_audit,724578
G,G_00554,syringe_handoff,soft_penalty_fc,1,0,1,0,1,0,0.0561778,8,3,-1,medium,high,0.75,medium,2,,,,,,counterexample_audit,724578
G,G_00554,syringe_handoff,observed_sfc,0,0,0,0,1,0,0.0,8,3,2,medium,high,0.75,medium,2,0.2,overconfident,0.7,,,counterexample_audit,724578
G,G_00554,syringe_handoff,risk_aware_sfc,0,0,0,0,1,0,0.0,8,3,2,medium,high,0.75,medium,2,0.2,overconfident,0.7,,,counterexample_audit,724578
G,G_00554,syringe_handoff,abstaining_sfc,0,0,0,0,1,0,0.0,8,3,2,medium,high,0.75,medium,2,0.2,overconfident,0.7,,,counterexample_audit,724578
G,G_00555,syringe_handoff,geometric_fc,1,0,1,0,1,0,0.05280017,8,3,-1,medium,high,0.75,medium,2,,,,,,counterexample_audit,724579
G,G_00555,syringe_handoff,oracle_sfc,0,0,0,0,1,0,0.0,8,3,-1,medium,high,0.75,medium,2,,,,,,counterexample_audit,724579
G,G_00555,syringe_handoff,semantic_only,1,0,1,0,1,0,0.0,8,3,-1,medium,high,0.75,medium,2,,,,,,counterexample_audit,724579
G,G_00555,syringe_handoff,posthoc_single,0,0,0,0,1,0,0.05280017,8,3,-1,medium,high,0.75,medium,2,,,,,,counterexample_audit,724579
G,G_00555,syringe_handoff,soft_penalty_fc,1,0,1,0,1,0,0.05280017,8,3,-1,medium,high,0.75,medium,2,,,,,,counterexample_audit,724579
G,G_00555,syringe_handoff,observed_sfc,0,0,0,0,1,0,0.0,8,3,3,medium,high,0.75,medium,2,0.2,overconfident,0.7,,,counterexample_audit,724579
G,G_00555,syringe_handoff,risk_aware_sfc,0,0,0,0,1,0,0.0,8,3,3,medium,high,0.75,medium,2,0.2,overconfident,0.7,,,counterexample_audit,724579
G,G_00555,syringe_handoff,abstaining_sfc,0,0,0,0,1,0,0.0,8,3,3,medium,high,0.75,medium,2,0.2,overconfident,0.7,,,counterexample_audit,724579
G,G_00556,syringe_handoff,geometric_fc,1,0,1,0,1,0,0.05621722,8,3,-1,medium,high,0.75,medium,2,,,,,,counterexample_audit,724580
G,G_00556,syringe_handoff,oracle_sfc,0,0,0,0,1,0,0.0,8,3,-1,medium,high,0.75,medium,2,,,,,,counterexample_audit,724580
G,G_00556,syringe_handoff,semantic_only,1,0,1,0,1,0,0.0,8,3,-1,medium,high,0.75,medium,2,,,,,,counterexample_audit,724580
G,G_00556,syringe_handoff,posthoc_single,0,0,0,0,1,0,0.05621722,8,3,-1,medium,high,0.75,medium,2,,,,,,counterexample_audit,724580
G,G_00556,syringe_handoff,soft_penalty_fc,1,0,1,0,1,0,0.05621722,8,3,-1,medium,high,0.75,medium,2,,,,,,counterexample_audit,724580
G,G_00556,syringe_handoff,observed_sfc,0,0,0,0,1,0,0.0,8,3,2,medium,high,0.75,medium,2,0.2,overconfident,0.7,,,counterexample_audit,724580
G,G_00556,syringe_handoff,risk_aware_sfc,0,0,0,0,1,0,0.0,8,3,2,medium,high,0.75,medium,2,0.2,overconfident,0.7,,,counterexample_audit,724580
G,G_00556,syringe_handoff,abstaining_sfc,0,0,0,0,1,0,0.0,8,3,2,medium,high,0.75,medium,2,0.2,overconfident,0.7,,,counterexample_audit,724580
G,G_00557,syringe_handoff,geometric_fc,1,0,1,0,1,0,0.05370442,8,3,-1,medium,high,0.75,medium,2,,,,,,counterexample_audit,724581
G,G_00557,syringe_handoff,oracle_sfc,0,0,0,0,1,0,0.0,8,3,-1,medium,high,0.75,medium,2,,,,,,counterexample_audit,724581
G,G_00557,syringe_handoff,semantic_only,1,0,1,0,1,0,0.0,8,3,-1,medium,high,0.75,medium,2,,,,,,counterexample_audit,724581
G,G_00557,syringe_handoff,posthoc_single,0,0,0,0,1,0,0.05370442,8,3,-1,medium,high,0.75,medium,2,,,,,,counterexample_audit,724581
G,G_00557,syringe_handoff,soft_penalty_fc,1,0,1,0,1,0,0.05370442,8,3,-1,medium,high,0.75,medium,2,,,,,,counterexample_audit,724581
G,G_00557,syringe_handoff,observed_sfc,1,0,1,0,1,0,0.1155295,8,3,3,medium,high,0.75,medium,2,0.2,overconfident,0.7,,,counterexample_audit,724581
G,G_00557,syringe_handoff,risk_aware_sfc,1,0,1,0,1,0,0.1155295,8,3,3,medium,high,0.75,medium,2,0.2,overconfident,0.7,,,counterexample_audit,724581
G,G_00557,syringe_handoff,abstaining_sfc,1,0,1,0,1,0,0.1155295,8,3,3,medium,high,0.75,medium,2,0.2,overconfident,0.7,,,counterexample_audit,724581
G,G_00558,syringe_handoff,geometric_fc,1,0,1,0,1,0,0.05563966,8,3,-1,medium,high,0.75,medium,2,,,,,,counterexample_audit,724582
G,G_00558,syringe_handoff,oracle_sfc,0,0,0,0,1,0,0.0,8,3,-1,medium,high,0.75,medium,2,,,,,,counterexample_audit,724582
G,G_00558,syringe_handoff,semantic_only,1,0,1,0,1,0,0.0,8,3,-1,medium,high,0.75,medium,2,,,,,,counterexample_audit,724582
G,G_00558,syringe_handoff,posthoc_single,0,0,0,0,1,0,0.05563966,8,3,-1,medium,high,0.75,medium,2,,,,,,counterexample_audit,724582
G,G_00558,syringe_handoff,soft_penalty_fc,1,0,1,0,1,0,0.05563966,8,3,-1,medium,high,0.75,medium,2,,,,,,counterexample_audit,724582
G,G_00558,syringe_handoff,observed_sfc,1,0,1,0,1,0,0.08688572,8,3,3,medium,high,0.75,medium,2,0.2,overconfident,0.7,,,counterexample_audit,724582
G,G_00558,syringe_handoff,risk_aware_sfc,1,0,1,0,1,0,0.08688572,8,3,3,medium,high,0.75,medium,2,0.2,overconfident,0.7,,,counterexample_audit,724582
G,G_00558,syringe_handoff,abstaining_sfc,1,0,1,0,1,0,0.08688572,8,3,3,medium,high,0.75,medium,2,0.2,overconfident,0.7,,,counterexample_audit,724582
G,G_00559,syringe_handoff,geometric_fc,1,0,1,0,1,0,0.0563982,8,3,-1,medium,high,0.75,medium,2,,,,,,counterexample_audit,724583
G,G_00559,syringe_handoff,oracle_sfc,0,0,0,0,1,0,0.0,8,3,-1,medium,high,0.75,medium,2,,,,,,counterexample_audit,724583
G,G_00559,syringe_handoff,semantic_only,1,0,1,0,1,0,0.0,8,3,-1,medium,high,0.75,medium,2,,,,,,counterexample_audit,724583
G,G_00559,syringe_handoff,posthoc_single,0,0,0,0,1,0,0.0563982,8,3,-1,medium,high,0.75,medium,2,,,,,,counterexample_audit,724583
G,G_00559,syringe_handoff,soft_penalty_fc,1,0,1,0,1,0,0.0563982,8,3,-1,medium,high,0.75,medium,2,,,,,,counterexample_audit,724583
G,G_00559,syringe_handoff,observed_sfc,0,0,0,0,1,0,0.0,8,3,3,medium,high,0.75,medium,2,0.2,overconfident,0.7,,,counterexample_audit,724583
G,G_00559,syringe_handoff,risk_aware_sfc,0,0,0,0,1,0,0.0,8,3,3,medium,high,0.75,medium,2,0.2,overconfident,0.7,,,counterexample_audit,724583
G,G_00559,syringe_handoff,abstaining_sfc,0,0,0,0,1,0,0.0,8,3,3,medium,high,0.75,medium,2,0.2,overconfident,0.7,,,counterexample_audit,724583
G,G_00560,syringe_handoff,geometric_fc,1,0,1,0,1,0,0.05433053,8,3,-1,medium,high,0.75,medium,2,,,,,,counterexample_audit,724584
G,G_00560,syringe_handoff,oracle_sfc,0,0,0,0,1,0,0.0,8,3,-1,medium,high,0.75,medium,2,,,,,,counterexample_audit,724584
G,G_00560,syringe_handoff,semantic_only,1,0,1,0,1,0,0.0,8,3,-1,medium,high,0.75,medium,2,,,,,,counterexample_audit,724584
G,G_00560,syringe_handoff,posthoc_single,0,0,0,0,1,0,0.05433053,8,3,-1,medium,high,0.75,medium,2,,,,,,counterexample_audit,724584
G,G_00560,syringe_handoff,soft_penalty_fc,1,0,1,0,1,0,0.05433053,8,3,-1,medium,high,0.75,medium,2,,,,,,counterexample_audit,724584
G,G_00560,syringe_handoff,observed_sfc,1,0,1,0,1,0,0.06055311,8,3,4,medium,high,0.75,medium,2,0.2,overconfident,0.7,,,counterexample_audit,724584
G,G_00560,syringe_handoff,risk_aware_sfc,1,0,1,0,1,0,0.06055311,8,3,4,medium,high,0.75,medium,2,0.2,overconfident,0.7,,,counterexample_audit,724584
G,G_00560,syringe_handoff,abstaining_sfc,1,0,1,0,1,0,0.06055311,8,3,4,medium,high,0.75,medium,2,0.2,overconfident,0.7,,,counterexample_audit,724584
G,G_00561,pan_carry,geometric_fc,1,0,1,0,1,0,0.03853479,11,4,-1,medium,high,0.75,medium,2,,,,,,counterexample_audit,724585
G,G_00561,pan_carry,oracle_sfc,0,0,0,0,1,0,0.0,11,4,-1,medium,high,0.75,medium,2,,,,,,counterexample_audit,724585
G,G_00561,pan_carry,semantic_only,1,0,1,0,1,0,0.0,11,4,-1,medium,high,0.75,medium,2,,,,,,counterexample_audit,724585
G,G_00561,pan_carry,posthoc_single,0,0,0,0,1,0,0.03853479,11,4,-1,medium,high,0.75,medium,2,,,,,,counterexample_audit,724585
G,G_00561,pan_carry,soft_penalty_fc,1,0,1,0,1,0,0.03853479,11,4,-1,medium,high,0.75,medium,2,,,,,,counterexample_audit,724585
G,G_00561,pan_carry,observed_sfc,0,0,0,0,1,0,0.0,11,4,3,medium,high,0.75,medium,2,0.2,overconfident,0.7,,,counterexample_audit,724585
G,G_00561,pan_carry,risk_aware_sfc,0,0,0,0,1,0,0.0,11,4,3,medium,high,0.75,medium,2,0.2,overconfident,0.7,,,counterexample_audit,724585
G,G_00561,pan_carry,abstaining_sfc,0,0,0,0,1,0,0.0,11,4,3,medium,high,0.75,medium,2,0.2,overconfident,0.7,,,counterexample_audit,724585
G,G_00562,pan_carry,geometric_fc,1,0,1,0,1,0,0.03609948,11,4,-1,medium,high,0.75,medium,2,,,,,,counterexample_audit,724586
G,G_00562,pan_carry,oracle_sfc,0,0,0,0,1,0,0.0,11,4,-1,medium,high,0.75,medium,2,,,,,,counterexample_audit,724586
G,G_00562,pan_carry,semantic_only,1,0,1,0,1,0,0.0,11,4,-1,medium,high,0.75,medium,2,,,,,,counterexample_audit,724586
G,G_00562,pan_carry,posthoc_single,0,0,0,0,1,0,0.03609948,11,4,-1,medium,high,0.75,medium,2,,,,,,counterexample_audit,724586
G,G_00562,pan_carry,soft_penalty_fc,1,0,1,0,1,0,0.03609948,11,4,-1,medium,high,0.75,medium,2,,,,,,counterexample_audit,724586
G,G_00562,pan_carry,observed_sfc,1,0,1,0,1,0,0.0585049,11,4,5,medium,high,0.75,medium,2,0.2,overconfident,0.7,,,counterexample_audit,724586
G,G_00562,pan_carry,risk_aware_sfc,1,0,1,0,1,0,0.0585049,11,4,5,medium,high,0.75,medium,2,0.2,overconfident,0.7,,,counterexample_audit,724586
G,G_00562,pan_carry,abstaining_sfc,1,0,1,0,1,0,0.0585049,11,4,5,medium,high,0.75,medium,2,0.2,overconfident,0.7,,,counterexample_audit,724586
G,G_00563,pan_carry,geometric_fc,1,0,1,0,1,0,0.03667289,11,4,-1,medium,high,0.75,medium,2,,,,,,counterexample_audit,724587
G,G_00563,pan_carry,oracle_sfc,0,0,0,0,1,0,0.0,11,4,-1,medium,high,0.75,medium,2,,,,,,counterexample_audit,724587
G,G_00563,pan_carry,semantic_only,1,0,1,0,1,0,0.0,11,4,-1,medium,high,0.75,medium,2,,,,,,counterexample_audit,724587
G,G_00563,pan_carry,posthoc_single,0,0,0,0,1,0,0.03667289,11,4,-1,medium,high,0.75,medium,2,,,,,,counterexample_audit,724587
G,G_00563,pan_carry,soft_penalty_fc,1,0,1,0,1,0,0.03667289,11,4,-1,medium,high,0.75,medium,2,,,,,,counterexample_audit,724587
G,G_00563,pan_carry,observed_sfc,1,0,1,0,1,0,0.06285545,11,4,4,medium,high,0.75,medium,2,0.2,overconfident,0.7,,,counterexample_audit,724587
G,G_00563,pan_carry,risk_aware_sfc,1,0,1,0,1,0,0.06285545,11,4,4,medium,high,0.75,medium,2,0.2,overconfident,0.7,,,counterexample_audit,724587
G,G_00563,pan_carry,abstaining_sfc,1,0,1,0,1,0,0.06285545,11,4,4,medium,high,0.75,medium,2,0.2,overconfident,0.7,,,counterexample_audit,724587
G,G_00564,pan_carry,geometric_fc,1,0,1,0,1,0,0.04005841,11,4,-1,medium,high,0.75,medium,2,,,,,,counterexample_audit,724588
G,G_00564,pan_carry,oracle_sfc,0,0,0,0,1,0,0.0,11,4,-1,medium,high,0.75,medium,2,,,,,,counterexample_audit,724588
G,G_00564,pan_carry,semantic_only,1,0,1,0,1,0,0.0,11,4,-1,medium,high,0.75,medium,2,,,,,,counterexample_audit,724588
G,G_00564,pan_carry,posthoc_single,0,0,0,0,1,0,0.04005841,11,4,-1,medium,high,0.75,medium,2,,,,,,counterexample_audit,724588
G,G_00564,pan_carry,soft_penalty_fc,1,0,1,0,1,0,0.04005841,11,4,-1,medium,high,0.75,medium,2,,,,,,counterexample_audit,724588
G,G_00564,pan_carry,observed_sfc,1,0,1,0,1,0,0.08470042,11,4,4,medium,high,0.75,medium,2,0.2,overconfident,0.7,,,counterexample_audit,724588
G,G_00564,pan_carry,risk_aware_sfc,1,0,1,0,1,0,0.08470042,11,4,4,medium,high,0.75,medium,2,0.2,overconfident,0.7,,,counterexample_audit,724588
G,G_00564,pan_carry,abstaining_sfc,1,0,1,0,1,0,0.08470042,11,4,4,medium,high,0.75,medium,2,0.2,overconfident,0.7,,,counterexample_audit,724588
G,G_00565,pan_carry,geometric_fc,1,0,1,0,1,0,0.03893243,11,4,-1,medium,high,0.75,medium,2,,,,,,counterexample_audit,724589
G,G_00565,pan_carry,oracle_sfc,0,0,0,0,1,0,0.0,11,4,-1,medium,high,0.75,medium,2,,,,,,counterexample_audit,724589
G,G_00565,pan_carry,semantic_only,1,0,1,0,1,0,0.0,11,4,-1,medium,high,0.75,medium,2,,,,,,counterexample_audit,724589
G,G_00565,pan_carry,posthoc_single,0,0,0,0,1,0,0.03893243,11,4,-1,medium,high,0.75,medium,2,,,,,,counterexample_audit,724589
G,G_00565,pan_carry,soft_penalty_fc,1,0,1,0,1,0,0.03893243,11,4,-1,medium,high,0.75,medium,2,,,,,,counterexample_audit,724589
G,G_00565,pan_carry,observed_sfc,0,0,0,0,1,0,0.0,11,4,3,medium,high,0.75,medium,2,0.2,overconfident,0.7,,,counterexample_audit,724589
G,G_00565,pan_carry,risk_aware_sfc,0,0,0,0,1,0,0.0,11,4,3,medium,high,0.75,medium,2,0.2,overconfident,0.7,,,counterexample_audit,724589
G,G_00565,pan_carry,abstaining_sfc,0,0,0,0,1,0,0.0,11,4,3,medium,high,0.75,medium,2,0.2,overconfident,0.7,,,counterexample_audit,724589
G,G_00566,pan_carry,geometric_fc,1,0,1,0,1,0,0.0383995,11,4,-1,medium,high,0.75,medium,2,,,,,,counterexample_audit,724590
G,G_00566,pan_carry,oracle_sfc,0,0,0,0,1,0,0.0,11,4,-1,medium,high,0.75,medium,2,,,,,,counterexample_audit,724590
G,G_00566,pan_carry,semantic_only,1,0,1,0,1,0,0.0,11,4,-1,medium,high,0.75,medium,2,,,,,,counterexample_audit,724590
G,G_00566,pan_carry,posthoc_single,0,0,0,0,1,0,0.0383995,11,4,-1,medium,high,0.75,medium,2,,,,,,counterexample_audit,724590
G,G_00566,pan_carry,soft_penalty_fc,1,0,1,0,1,0,0.0383995,11,4,-1,medium,high,0.75,medium,2,,,,,,counterexample_audit,724590
G,G_00566,pan_carry,observed_sfc,0,0,0,0,1,0,0.0,11,4,4,medium,high,0.75,medium,2,0.2,overconfident,0.7,,,counterexample_audit,724590
G,G_00566,pan_carry,risk_aware_sfc,0,0,0,0,1,0,0.0,11,4,4,medium,high,0.75,medium,2,0.2,overconfident,0.7,,,counterexample_audit,724590
G,G_00566,pan_carry,abstaining_sfc,0,0,0,0,1,0,0.0,11,4,4,medium,high,0.75,medium,2,0.2,overconfident,0.7,,,counterexample_audit,724590
G,G_00567,pan_carry,geometric_fc,1,0,1,0,1,0,0.03815615,11,4,-1,medium,high,0.75,medium,2,,,,,,counterexample_audit,724591
G,G_00567,pan_carry,oracle_sfc,0,0,0,0,1,0,0.0,11,4,-1,medium,high,0.75,medium,2,,,,,,counterexample_audit,724591
G,G_00567,pan_carry,semantic_only,1,0,1,0,1,0,0.0,11,4,-1,medium,high,0.75,medium,2,,,,,,counterexample_audit,724591
G,G_00567,pan_carry,posthoc_single,0,0,0,0,1,0,0.03815615,11,4,-1,medium,high,0.75,medium,2,,,,,,counterexample_audit,724591
G,G_00567,pan_carry,soft_penalty_fc,1,0,1,0,1,0,0.03815615,11,4,-1,medium,high,0.75,medium,2,,,,,,counterexample_audit,724591
G,G_00567,pan_carry,observed_sfc,0,0,0,0,1,0,0.0,11,4,4,medium,high,0.75,medium,2,0.2,overconfident,0.7,,,counterexample_audit,724591
G,G_00567,pan_carry,risk_aware_sfc,0,0,0,0,1,0,0.0,11,4,4,medium,high,0.75,medium,2,0.2,overconfident,0.7,,,counterexample_audit,724591
G,G_00567,pan_carry,abstaining_sfc,0,0,0,0,1,0,0.0,11,4,4,medium,high,0.75,medium,2,0.2,overconfident,0.7,,,counterexample_audit,724591
G,G_00568,pan_carry,geometric_fc,1,0,1,0,1,0,0.03696738,11,4,-1,medium,high,0.75,medium,2,,,,,,counterexample_audit,724592
G,G_00568,pan_carry,oracle_sfc,0,0,0,0,1,0,0.0,11,4,-1,medium,high,0.75,medium,2,,,,,,counterexample_audit,724592
G,G_00568,pan_carry,semantic_only,1,0,1,0,1,0,0.0,11,4,-1,medium,high,0.75,medium,2,,,,,,counterexample_audit,724592
G,G_00568,pan_carry,posthoc_single,0,0,0,0,1,0,0.03696738,11,4,-1,medium,high,0.75,medium,2,,,,,,counterexample_audit,724592
G,G_00568,pan_carry,soft_penalty_fc,1,0,1,0,1,0,0.03696738,11,4,-1,medium,high,0.75,medium,2,,,,,,counterexample_audit,724592
G,G_00568,pan_carry,observed_sfc,1,0,1,0,1,0,0.10027726,11,4,4,medium,high,0.75,medium,2,0.2,overconfident,0.7,,,counterexample_audit,724592
G,G_00568,pan_carry,risk_aware_sfc,1,0,1,0,1,0,0.10027726,11,4,4,medium,high,0.75,medium,2,0.2,overconfident,0.7,,,counterexample_audit,724592
G,G_00568,pan_carry,abstaining_sfc,1,0,1,0,1,0,0.10027726,11,4,4,medium,high,0.75,medium,2,0.2,overconfident,0.7,,,counterexample_audit,724592
G,G_00569,pan_carry,geometric_fc,1,0,1,0,1,0,0.03768868,11,4,-1,medium,high,0.75,medium,2,,,,,,counterexample_audit,724593
G,G_00569,pan_carry,oracle_sfc,0,0,0,0,1,0,0.0,11,4,-1,medium,high,0.75,medium,2,,,,,,counterexample_audit,724593
G,G_00569,pan_carry,semantic_only,1,0,1,0,1,0,0.0,11,4,-1,medium,high,0.75,medium,2,,,,,,counterexample_audit,724593
G,G_00569,pan_carry,posthoc_single,0,0,0,0,1,0,0.03768868,11,4,-1,medium,high,0.75,medium,2,,,,,,counterexample_audit,724593
G,G_00569,pan_carry,soft_penalty_fc,1,0,1,0,1,0,0.03768868,11,4,-1,medium,high,0.75,medium,2,,,,,,counterexample_audit,724593
G,G_00569,pan_carry,observed_sfc,0,0,0,0,1,0,0.0,11,4,4,medium,high,0.75,medium,2,0.2,overconfident,0.7,,,counterexample_audit,724593
G,G_00569,pan_carry,risk_aware_sfc,0,0,0,0,1,0,0.0,11,4,4,medium,high,0.75,medium,2,0.2,overconfident,0.7,,,counterexample_audit,724593
G,G_00569,pan_carry,abstaining_sfc,0,0,0,0,1,0,0.0,11,4,4,medium,high,0.75,medium,2,0.2,overconfident,0.7,,,counterexample_audit,724593
G,G_00570,pan_carry,geometric_fc,1,0,1,0,1,0,0.03696298,11,4,-1,medium,high,0.75,medium,2,,,,,,counterexample_audit,724594
G,G_00570,pan_carry,oracle_sfc,0,0,0,0,1,0,0.0,11,4,-1,medium,high,0.75,medium,2,,,,,,counterexample_audit,724594
G,G_00570,pan_carry,semantic_only,1,0,1,0,1,0,0.0,11,4,-1,medium,high,0.75,medium,2,,,,,,counterexample_audit,724594
G,G_00570,pan_carry,posthoc_single,0,0,0,0,1,0,0.03696298,11,4,-1,medium,high,0.75,medium,2,,,,,,counterexample_audit,724594
G,G_00570,pan_carry,soft_penalty_fc,1,0,1,0,1,0,0.03696298,11,4,-1,medium,high,0.75,medium,2,,,,,,counterexample_audit,724594
G,G_00570,pan_carry,observed_sfc,1,0,1,0,1,0,0.06462963,11,4,6,medium,high,0.75,medium,2,0.2,overconfident,0.7,,,counterexample_audit,724594
G,G_00570,pan_carry,risk_aware_sfc,1,0,1,0,1,0,0.06462963,11,4,6,medium,high,0.75,medium,2,0.2,overconfident,0.7,,,counterexample_audit,724594
G,G_00570,pan_carry,abstaining_sfc,1,0,1,0,1,0,0.06462963,11,4,6,medium,high,0.75,medium,2,0.2,overconfident,0.7,,,counterexample_audit,724594
G,G_00571,pan_carry,geometric_fc,1,0,1,0,1,0,0.03747675,11,4,-1,medium,high,0.75,medium,2,,,,,,counterexample_audit,724595
G,G_00571,pan_carry,oracle_sfc,0,0,0,0,1,0,0.0,11,4,-1,medium,high,0.75,medium,2,,,,,,counterexample_audit,724595
G,G_00571,pan_carry,semantic_only,1,0,1,0,1,0,0.0,11,4,-1,medium,high,0.75,medium,2,,,,,,counterexample_audit,724595
G,G_00571,pan_carry,posthoc_single,0,0,0,0,1,0,0.03747675,11,4,-1,medium,high,0.75,medium,2,,,,,,counterexample_audit,724595
G,G_00571,pan_carry,soft_penalty_fc,1,0,1,0,1,0,0.03747675,11,4,-1,medium,high,0.75,medium,2,,,,,,counterexample_audit,724595
G,G_00571,pan_carry,observed_sfc,0,0,0,0,1,0,0.0,11,4,3,medium,high,0.75,medium,2,0.2,overconfident,0.7,,,counterexample_audit,724595
G,G_00571,pan_carry,risk_aware_sfc,0,0,0,0,1,0,0.0,11,4,3,medium,high,0.75,medium,2,0.2,overconfident,0.7,,,counterexample_audit,724595
G,G_00571,pan_carry,abstaining_sfc,0,0,0,0,1,0,0.0,11,4,3,medium,high,0.75,medium,2,0.2,overconfident,0.7,,,counterexample_audit,724595
G,G_00572,pan_carry,geometric_fc,1,0,1,0,1,0,0.03680073,11,4,-1,medium,high,0.75,medium,2,,,,,,counterexample_audit,724596
G,G_00572,pan_carry,oracle_sfc,0,0,0,0,1,0,0.0,11,4,-1,medium,high,0.75,medium,2,,,,,,counterexample_audit,724596
G,G_00572,pan_carry,semantic_only,1,0,1,0,1,0,0.0,11,4,-1,medium,high,0.75,medium,2,,,,,,counterexample_audit,724596
G,G_00572,pan_carry,posthoc_single,0,0,0,0,1,0,0.03680073,11,4,-1,medium,high,0.75,medium,2,,,,,,counterexample_audit,724596
G,G_00572,pan_carry,soft_penalty_fc,1,0,1,0,1,0,0.03680073,11,4,-1,medium,high,0.75,medium,2,,,,,,counterexample_audit,724596
G,G_00572,pan_carry,observed_sfc,1,0,1,0,1,0,0.08023566,11,4,6,medium,high,0.75,medium,2,0.2,overconfident,0.7,,,counterexample_audit,724596
G,G_00572,pan_carry,risk_aware_sfc,1,0,1,0,1,0,0.08023566,11,4,6,medium,high,0.75,medium,2,0.2,overconfident,0.7,,,counterexample_audit,724596
G,G_00572,pan_carry,abstaining_sfc,1,0,1,0,1,0,0.08023566,11,4,6,medium,high,0.75,medium,2,0.2,overconfident,0.7,,,counterexample_audit,724596
G,G_00573,pan_carry,geometric_fc,1,0,1,0,1,0,0.03804188,11,4,-1,medium,high,0.75,medium,2,,,,,,counterexample_audit,724597
G,G_00573,pan_carry,oracle_sfc,0,0,0,0,1,0,0.0,11,4,-1,medium,high,0.75,medium,2,,,,,,counterexample_audit,724597
G,G_00573,pan_carry,semantic_only,1,0,1,0,1,0,0.0,11,4,-1,medium,high,0.75,medium,2,,,,,,counterexample_audit,724597
G,G_00573,pan_carry,posthoc_single,0,0,0,0,1,0,0.03804188,11,4,-1,medium,high,0.75,medium,2,,,,,,counterexample_audit,724597
G,G_00573,pan_carry,soft_penalty_fc,1,0,1,0,1,0,0.03804188,11,4,-1,medium,high,0.75,medium,2,,,,,,counterexample_audit,724597
G,G_00573,pan_carry,observed_sfc,0,0,0,0,1,0,0.0,11,4,4,medium,high,0.75,medium,2,0.2,overconfident,0.7,,,counterexample_audit,724597
G,G_00573,pan_carry,risk_aware_sfc,0,0,0,0,1,0,0.0,11,4,4,medium,high,0.75,medium,2,0.2,overconfident,0.7,,,counterexample_audit,724597
G,G_00573,pan_carry,abstaining_sfc,0,0,0,0,1,0,0.0,11,4,4,medium,high,0.75,medium,2,0.2,overconfident,0.7,,,counterexample_audit,724597
G,G_00574,pan_carry,geometric_fc,1,0,1,0,1,0,0.03796748,11,4,-1,medium,high,0.75,medium,2,,,,,,counterexample_audit,724598
G,G_00574,pan_carry,oracle_sfc,0,0,0,0,1,0,0.0,11,4,-1,medium,high,0.75,medium,2,,,,,,counterexample_audit,724598
G,G_00574,pan_carry,semantic_only,1,0,1,0,1,0,0.0,11,4,-1,medium,high,0.75,medium,2,,,,,,counterexample_audit,724598
G,G_00574,pan_carry,posthoc_single,0,0,0,0,1,0,0.03796748,11,4,-1,medium,high,0.75,medium,2,,,,,,counterexample_audit,724598
G,G_00574,pan_carry,soft_penalty_fc,1,0,1,0,1,0,0.03796748,11,4,-1,medium,high,0.75,medium,2,,,,,,counterexample_audit,724598
G,G_00574,pan_carry,observed_sfc,1,0,1,0,1,0,0.06626455,11,4,6,medium,high,0.75,medium,2,0.2,overconfident,0.7,,,counterexample_audit,724598
G,G_00574,pan_carry,risk_aware_sfc,1,0,1,0,1,0,0.06626455,11,4,6,medium,high,0.75,medium,2,0.2,overconfident,0.7,,,counterexample_audit,724598
G,G_00574,pan_carry,abstaining_sfc,1,0,1,0,1,0,0.06626455,11,4,6,medium,high,0.75,medium,2,0.2,overconfident,0.7,,,counterexample_audit,724598
G,G_00575,pan_carry,geometric_fc,1,0,1,0,1,0,0.03695421,11,4,-1,medium,high,0.75,medium,2,,,,,,counterexample_audit,724599
G,G_00575,pan_carry,oracle_sfc,0,0,0,0,1,0,0.0,11,4,-1,medium,high,0.75,medium,2,,,,,,counterexample_audit,724599
G,G_00575,pan_carry,semantic_only,1,0,1,0,1,0,0.0,11,4,-1,medium,high,0.75,medium,2,,,,,,counterexample_audit,724599
G,G_00575,pan_carry,posthoc_single,0,0,0,0,1,0,0.03695421,11,4,-1,medium,high,0.75,medium,2,,,,,,counterexample_audit,724599
G,G_00575,pan_carry,soft_penalty_fc,1,0,1,0,1,0,0.03695421,11,4,-1,medium,high,0.75,medium,2,,,,,,counterexample_audit,724599
G,G_00575,pan_carry,observed_sfc,1,0,1,0,1,0,0.11623548,11,4,4,medium,high,0.75,medium,2,0.2,overconfident,0.7,,,counterexample_audit,724599
G,G_00575,pan_carry,risk_aware_sfc,1,0,1,0,1,0,0.11623548,11,4,4,medium,high,0.75,medium,2,0.2,overconfident,0.7,,,counterexample_audit,724599
G,G_00575,pan_carry,abstaining_sfc,1,0,1,0,1,0,0.11623548,11,4,4,medium,high,0.75,medium,2,0.2,overconfident,0.7,,,counterexample_audit,724599
G,G_00576,pan_carry,geometric_fc,1,0,1,0,1,0,0.03914465,11,4,-1,medium,high,0.75,medium,2,,,,,,counterexample_audit,724600
G,G_00576,pan_carry,oracle_sfc,0,0,0,0,1,0,0.0,11,4,-1,medium,high,0.75,medium,2,,,,,,counterexample_audit,724600
G,G_00576,pan_carry,semantic_only,1,0,1,0,1,0,0.0,11,4,-1,medium,high,0.75,medium,2,,,,,,counterexample_audit,724600
G,G_00576,pan_carry,posthoc_single,0,0,0,0,1,0,0.03914465,11,4,-1,medium,high,0.75,medium,2,,,,,,counterexample_audit,724600
G,G_00576,pan_carry,soft_penalty_fc,1,0,1,0,1,0,0.03914465,11,4,-1,medium,high,0.75,medium,2,,,,,,counterexample_audit,724600
G,G_00576,pan_carry,observed_sfc,0,0,0,0,1,0,0.0,11,4,3,medium,high,0.75,medium,2,0.2,overconfident,0.7,,,counterexample_audit,724600
G,G_00576,pan_carry,risk_aware_sfc,0,0,0,0,1,0,0.0,11,4,3,medium,high,0.75,medium,2,0.2,overconfident,0.7,,,counterexample_audit,724600
G,G_00576,pan_carry,abstaining_sfc,0,0,0,0,1,0,0.0,11,4,3,medium,high,0.75,medium,2,0.2,overconfident,0.7,,,counterexample_audit,724600
G,G_00577,pan_carry,geometric_fc,1,0,1,0,1,0,0.03741673,11,4,-1,medium,high,0.75,medium,2,,,,,,counterexample_audit,724601
G,G_00577,pan_carry,oracle_sfc,0,0,0,0,1,0,0.0,11,4,-1,medium,high,0.75,medium,2,,,,,,counterexample_audit,724601
G,G_00577,pan_carry,semantic_only,1,0,1,0,1,0,0.0,11,4,-1,medium,high,0.75,medium,2,,,,,,counterexample_audit,724601
G,G_00577,pan_carry,posthoc_single,0,0,0,0,1,0,0.03741673,11,4,-1,medium,high,0.75,medium,2,,,,,,counterexample_audit,724601
G,G_00577,pan_carry,soft_penalty_fc,1,0,1,0,1,0,0.03741673,11,4,-1,medium,high,0.75,medium,2,,,,,,counterexample_audit,724601
G,G_00577,pan_carry,observed_sfc,1,0,1,0,1,0,0.07834766,11,4,5,medium,high,0.75,medium,2,0.2,overconfident,0.7,,,counterexample_audit,724601
G,G_00577,pan_carry,risk_aware_sfc,1,0,1,0,1,0,0.07834766,11,4,5,medium,high,0.75,medium,2,0.2,overconfident,0.7,,,counterexample_audit,724601
G,G_00577,pan_carry,abstaining_sfc,1,0,1,0,1,0,0.07834766,11,4,5,medium,high,0.75,medium,2,0.2,overconfident,0.7,,,counterexample_audit,724601
G,G_00578,pan_carry,geometric_fc,1,0,1,0,1,0,0.03922245,11,4,-1,medium,high,0.75,medium,2,,,,,,counterexample_audit,724602
G,G_00578,pan_carry,oracle_sfc,0,0,0,0,1,0,0.0,11,4,-1,medium,high,0.75,medium,2,,,,,,counterexample_audit,724602
G,G_00578,pan_carry,semantic_only,1,0,1,0,1,0,0.0,11,4,-1,medium,high,0.75,medium,2,,,,,,counterexample_audit,724602
G,G_00578,pan_carry,posthoc_single,0,0,0,0,1,0,0.03922245,11,4,-1,medium,high,0.75,medium,2,,,,,,counterexample_audit,724602
G,G_00578,pan_carry,soft_penalty_fc,1,0,1,0,1,0,0.03922245,11,4,-1,medium,high,0.75,medium,2,,,,,,counterexample_audit,724602
G,G_00578,pan_carry,observed_sfc,0,0,0,0,1,0,0.0,11,4,4,medium,high,0.75,medium,2,0.2,overconfident,0.7,,,counterexample_audit,724602
G,G_00578,pan_carry,risk_aware_sfc,0,0,0,0,1,0,0.0,11,4,4,medium,high,0.75,medium,2,0.2,overconfident,0.7,,,counterexample_audit,724602
G,G_00578,pan_carry,abstaining_sfc,0,0,0,0,1,0,0.0,11,4,4,medium,high,0.75,medium,2,0.2,overconfident,0.7,,,counterexample_audit,724602
G,G_00579,pan_carry,geometric_fc,1,0,1,0,1,0,0.03815847,11,4,-1,medium,high,0.75,medium,2,,,,,,counterexample_audit,724603
G,G_00579,pan_carry,oracle_sfc,0,0,0,0,1,0,0.0,11,4,-1,medium,high,0.75,medium,2,,,,,,counterexample_audit,724603
G,G_00579,pan_carry,semantic_only,1,0,1,0,1,0,0.0,11,4,-1,medium,high,0.75,medium,2,,,,,,counterexample_audit,724603
G,G_00579,pan_carry,posthoc_single,0,0,0,0,1,0,0.03815847,11,4,-1,medium,high,0.75,medium,2,,,,,,counterexample_audit,724603
G,G_00579,pan_carry,soft_penalty_fc,1,0,1,0,1,0,0.03815847,11,4,-1,medium,high,0.75,medium,2,,,,,,counterexample_audit,724603
G,G_00579,pan_carry,observed_sfc,1,0,1,0,1,0,0.03318493,11,4,4,medium,high,0.75,medium,2,0.2,overconfident,0.7,,,counterexample_audit,724603
G,G_00579,pan_carry,risk_aware_sfc,1,0,1,0,1,0,0.03318493,11,4,4,medium,high,0.75,medium,2,0.2,overconfident,0.7,,,counterexample_audit,724603
G,G_00579,pan_carry,abstaining_sfc,1,0,1,0,1,0,0.03318493,11,4,4,medium,high,0.75,medium,2,0.2,overconfident,0.7,,,counterexample_audit,724603
G,G_00580,pan_carry,geometric_fc,1,0,1,0,1,0,0.0372205,11,4,-1,medium,high,0.75,medium,2,,,,,,counterexample_audit,724604
G,G_00580,pan_carry,oracle_sfc,0,0,0,0,1,0,0.0,11,4,-1,medium,high,0.75,medium,2,,,,,,counterexample_audit,724604
G,G_00580,pan_carry,semantic_only,1,0,1,0,1,0,0.0,11,4,-1,medium,high,0.75,medium,2,,,,,,counterexample_audit,724604
G,G_00580,pan_carry,posthoc_single,0,0,0,0,1,0,0.0372205,11,4,-1,medium,high,0.75,medium,2,,,,,,counterexample_audit,724604
G,G_00580,pan_carry,soft_penalty_fc,1,0,1,0,1,0,0.0372205,11,4,-1,medium,high,0.75,medium,2,,,,,,counterexample_audit,724604
G,G_00580,pan_carry,observed_sfc,1,0,1,0,1,0,0.06306104,11,4,4,medium,high,0.75,medium,2,0.2,overconfident,0.7,,,counterexample_audit,724604
G,G_00580,pan_carry,risk_aware_sfc,1,0,1,0,1,0,0.06306104,11,4,4,medium,high,0.75,medium,2,0.2,overconfident,0.7,,,counterexample_audit,724604
G,G_00580,pan_carry,abstaining_sfc,1,0,1,0,1,0,0.06306104,11,4,4,medium,high,0.75,medium,2,0.2,overconfident,0.7,,,counterexample_audit,724604
G,G_00581,pan_carry,geometric_fc,1,0,1,0,1,0,0.0357905,11,4,-1,medium,high,0.75,medium,2,,,,,,counterexample_audit,724605
G,G_00581,pan_carry,oracle_sfc,0,0,0,0,1,0,0.0,11,4,-1,medium,high,0.75,medium,2,,,,,,counterexample_audit,724605
G,G_00581,pan_carry,semantic_only,1,0,1,0,1,0,0.0,11,4,-1,medium,high,0.75,medium,2,,,,,,counterexample_audit,724605
G,G_00581,pan_carry,posthoc_single,0,0,0,0,1,0,0.0357905,11,4,-1,medium,high,0.75,medium,2,,,,,,counterexample_audit,724605
G,G_00581,pan_carry,soft_penalty_fc,1,0,1,0,1,0,0.0357905,11,4,-1,medium,high,0.75,medium,2,,,,,,counterexample_audit,724605
G,G_00581,pan_carry,observed_sfc,1,0,1,0,1,0,0.09093857,11,4,4,medium,high,0.75,medium,2,0.2,overconfident,0.7,,,counterexample_audit,724605
G,G_00581,pan_carry,risk_aware_sfc,1,0,1,0,1,0,0.09093857,11,4,4,medium,high,0.75,medium,2,0.2,overconfident,0.7,,,counterexample_audit,724605
G,G_00581,pan_carry,abstaining_sfc,1,0,1,0,1,0,0.09093857,11,4,4,medium,high,0.75,medium,2,0.2,overconfident,0.7,,,counterexample_audit,724605
G,G_00582,pan_carry,geometric_fc,1,0,1,0,1,0,0.03806583,11,4,-1,medium,high,0.75,medium,2,,,,,,counterexample_audit,724606
G,G_00582,pan_carry,oracle_sfc,0,0,0,0,1,0,0.0,11,4,-1,medium,high,0.75,medium,2,,,,,,counterexample_audit,724606
G,G_00582,pan_carry,semantic_only,1,0,1,0,1,0,0.0,11,4,-1,medium,high,0.75,medium,2,,,,,,counterexample_audit,724606
G,G_00582,pan_carry,posthoc_single,0,0,0,0,1,0,0.03806583,11,4,-1,medium,high,0.75,medium,2,,,,,,counterexample_audit,724606
G,G_00582,pan_carry,soft_penalty_fc,1,0,1,0,1,0,0.03806583,11,4,-1,medium,high,0.75,medium,2,,,,,,counterexample_audit,724606
G,G_00582,pan_carry,observed_sfc,0,0,0,0,1,0,0.0,11,4,4,medium,high,0.75,medium,2,0.2,overconfident,0.7,,,counterexample_audit,724606
G,G_00582,pan_carry,risk_aware_sfc,0,0,0,0,1,0,0.0,11,4,4,medium,high,0.75,medium,2,0.2,overconfident,0.7,,,counterexample_audit,724606
G,G_00582,pan_carry,abstaining_sfc,0,0,0,0,1,0,0.0,11,4,4,medium,high,0.75,medium,2,0.2,overconfident,0.7,,,counterexample_audit,724606
G,G_00583,pan_carry,geometric_fc,1,0,1,0,1,0,0.04040097,11,4,-1,medium,high,0.75,medium,2,,,,,,counterexample_audit,724607
G,G_00583,pan_carry,oracle_sfc,0,0,0,0,1,0,0.0,11,4,-1,medium,high,0.75,medium,2,,,,,,counterexample_audit,724607
G,G_00583,pan_carry,semantic_only,1,0,1,0,1,0,0.0,11,4,-1,medium,high,0.75,medium,2,,,,,,counterexample_audit,724607
G,G_00583,pan_carry,posthoc_single,0,0,0,0,1,0,0.04040097,11,4,-1,medium,high,0.75,medium,2,,,,,,counterexample_audit,724607
G,G_00583,pan_carry,soft_penalty_fc,1,0,1,0,1,0,0.04040097,11,4,-1,medium,high,0.75,medium,2,,,,,,counterexample_audit,724607
G,G_00583,pan_carry,observed_sfc,0,0,0,0,1,0,0.0,11,4,4,medium,high,0.75,medium,2,0.2,overconfident,0.7,,,counterexample_audit,724607
G,G_00583,pan_carry,risk_aware_sfc,0,0,0,0,1,0,0.0,11,4,4,medium,high,0.75,medium,2,0.2,overconfident,0.7,,,counterexample_audit,724607
G,G_00583,pan_carry,abstaining_sfc,0,0,0,0,1,0,0.0,11,4,4,medium,high,0.75,medium,2,0.2,overconfident,0.7,,,counterexample_audit,724607
G,G_00584,pan_carry,geometric_fc,1,0,1,0,1,0,0.03831056,11,4,-1,medium,high,0.75,medium,2,,,,,,counterexample_audit,724608
G,G_00584,pan_carry,oracle_sfc,0,0,0,0,1,0,0.0,11,4,-1,medium,high,0.75,medium,2,,,,,,counterexample_audit,724608
G,G_00584,pan_carry,semantic_only,1,0,1,0,1,0,0.0,11,4,-1,medium,high,0.75,medium,2,,,,,,counterexample_audit,724608
G,G_00584,pan_carry,posthoc_single,0,0,0,0,1,0,0.03831056,11,4,-1,medium,high,0.75,medium,2,,,,,,counterexample_audit,724608
G,G_00584,pan_carry,soft_penalty_fc,1,0,1,0,1,0,0.03831056,11,4,-1,medium,high,0.75,medium,2,,,,,,counterexample_audit,724608
G,G_00584,pan_carry,observed_sfc,0,0,0,0,1,0,0.0,11,4,2,medium,high,0.75,medium,2,0.2,overconfident,0.7,,,counterexample_audit,724608
G,G_00584,pan_carry,risk_aware_sfc,0,0,0,0,1,0,0.0,11,4,2,medium,high,0.75,medium,2,0.2,overconfident,0.7,,,counterexample_audit,724608
G,G_00584,pan_carry,abstaining_sfc,0,0,0,0,1,0,0.0,11,4,2,medium,high,0.75,medium,2,0.2,overconfident,0.7,,,counterexample_audit,724608
G,G_00585,pan_carry,geometric_fc,1,0,1,0,1,0,0.0368081,11,4,-1,medium,high,0.75,medium,2,,,,,,counterexample_audit,724609
G,G_00585,pan_carry,oracle_sfc,0,0,0,0,1,0,0.0,11,4,-1,medium,high,0.75,medium,2,,,,,,counterexample_audit,724609
G,G_00585,pan_carry,semantic_only,1,0,1,0,1,0,0.0,11,4,-1,medium,high,0.75,medium,2,,,,,,counterexample_audit,724609
G,G_00585,pan_carry,posthoc_single,0,0,0,0,1,0,0.0368081,11,4,-1,medium,high,0.75,medium,2,,,,,,counterexample_audit,724609
G,G_00585,pan_carry,soft_penalty_fc,1,0,1,0,1,0,0.0368081,11,4,-1,medium,high,0.75,medium,2,,,,,,counterexample_audit,724609
G,G_00585,pan_carry,observed_sfc,1,0,1,0,1,0,0.0609544,11,4,5,medium,high,0.75,medium,2,0.2,overconfident,0.7,,,counterexample_audit,724609
G,G_00585,pan_carry,risk_aware_sfc,1,0,1,0,1,0,0.0609544,11,4,5,medium,high,0.75,medium,2,0.2,overconfident,0.7,,,counterexample_audit,724609
G,G_00585,pan_carry,abstaining_sfc,1,0,1,0,1,0,0.0609544,11,4,5,medium,high,0.75,medium,2,0.2,overconfident,0.7,,,counterexample_audit,724609
G,G_00586,pan_carry,geometric_fc,1,0,1,0,1,0,0.03798647,11,4,-1,medium,high,0.75,medium,2,,,,,,counterexample_audit,724610
G,G_00586,pan_carry,oracle_sfc,0,0,0,0,1,0,0.0,11,4,-1,medium,high,0.75,medium,2,,,,,,counterexample_audit,724610
G,G_00586,pan_carry,semantic_only,1,0,1,0,1,0,0.0,11,4,-1,medium,high,0.75,medium,2,,,,,,counterexample_audit,724610
G,G_00586,pan_carry,posthoc_single,0,0,0,0,1,0,0.03798647,11,4,-1,medium,high,0.75,medium,2,,,,,,counterexample_audit,724610
G,G_00586,pan_carry,soft_penalty_fc,1,0,1,0,1,0,0.03798647,11,4,-1,medium,high,0.75,medium,2,,,,,,counterexample_audit,724610
G,G_00586,pan_carry,observed_sfc,0,0,0,0,1,0,0.0,11,4,4,medium,high,0.75,medium,2,0.2,overconfident,0.7,,,counterexample_audit,724610
G,G_00586,pan_carry,risk_aware_sfc,0,0,0,0,1,0,0.0,11,4,4,medium,high,0.75,medium,2,0.2,overconfident,0.7,,,counterexample_audit,724610
G,G_00586,pan_carry,abstaining_sfc,0,0,0,0,1,0,0.0,11,4,4,medium,high,0.75,medium,2,0.2,overconfident,0.7,,,counterexample_audit,724610
G,G_00587,pan_carry,geometric_fc,1,0,1,0,1,0,0.03695168,11,4,-1,medium,high,0.75,medium,2,,,,,,counterexample_audit,724611
G,G_00587,pan_carry,oracle_sfc,0,0,0,0,1,0,0.0,11,4,-1,medium,high,0.75,medium,2,,,,,,counterexample_audit,724611
G,G_00587,pan_carry,semantic_only,1,0,1,0,1,0,0.0,11,4,-1,medium,high,0.75,medium,2,,,,,,counterexample_audit,724611
G,G_00587,pan_carry,posthoc_single,0,0,0,0,1,0,0.03695168,11,4,-1,medium,high,0.75,medium,2,,,,,,counterexample_audit,724611
G,G_00587,pan_carry,soft_penalty_fc,1,0,1,0,1,0,0.03695168,11,4,-1,medium,high,0.75,medium,2,,,,,,counterexample_audit,724611
G,G_00587,pan_carry,observed_sfc,0,0,0,0,1,0,0.0,11,4,3,medium,high,0.75,medium,2,0.2,overconfident,0.7,,,counterexample_audit,724611
G,G_00587,pan_carry,risk_aware_sfc,0,0,0,0,1,0,0.0,11,4,3,medium,high,0.75,medium,2,0.2,overconfident,0.7,,,counterexample_audit,724611
G,G_00587,pan_carry,abstaining_sfc,0,0,0,0,1,0,0.0,11,4,3,medium,high,0.75,medium,2,0.2,overconfident,0.7,,,counterexample_audit,724611
G,G_00588,pan_carry,geometric_fc,1,0,1,0,1,0,0.03687845,11,4,-1,medium,high,0.75,medium,2,,,,,,counterexample_audit,724612
G,G_00588,pan_carry,oracle_sfc,0,0,0,0,1,0,0.0,11,4,-1,medium,high,0.75,medium,2,,,,,,counterexample_audit,724612
G,G_00588,pan_carry,semantic_only,1,0,1,0,1,0,0.0,11,4,-1,medium,high,0.75,medium,2,,,,,,counterexample_audit,724612
G,G_00588,pan_carry,posthoc_single,0,0,0,0,1,0,0.03687845,11,4,-1,medium,high,0.75,medium,2,,,,,,counterexample_audit,724612
G,G_00588,pan_carry,soft_penalty_fc,1,0,1,0,1,0,0.03687845,11,4,-1,medium,high,0.75,medium,2,,,,,,counterexample_audit,724612
G,G_00588,pan_carry,observed_sfc,1,0,1,0,1,0,0.07184112,11,4,4,medium,high,0.75,medium,2,0.2,overconfident,0.7,,,counterexample_audit,724612
G,G_00588,pan_carry,risk_aware_sfc,1,0,1,0,1,0,0.07184112,11,4,4,medium,high,0.75,medium,2,0.2,overconfident,0.7,,,counterexample_audit,724612
G,G_00588,pan_carry,abstaining_sfc,1,0,1,0,1,0,0.07184112,11,4,4,medium,high,0.75,medium,2,0.2,overconfident,0.7,,,counterexample_audit,724612
G,G_00589,pan_carry,geometric_fc,1,0,1,0,1,0,0.03676041,11,4,-1,medium,high,0.75,medium,2,,,,,,counterexample_audit,724613
G,G_00589,pan_carry,oracle_sfc,0,0,0,0,1,0,0.0,11,4,-1,medium,high,0.75,medium,2,,,,,,counterexample_audit,724613
G,G_00589,pan_carry,semantic_only,1,0,1,0,1,0,0.0,11,4,-1,medium,high,0.75,medium,2,,,,,,counterexample_audit,724613
G,G_00589,pan_carry,posthoc_single,0,0,0,0,1,0,0.03676041,11,4,-1,medium,high,0.75,medium,2,,,,,,counterexample_audit,724613
G,G_00589,pan_carry,soft_penalty_fc,1,0,1,0,1,0,0.03676041,11,4,-1,medium,high,0.75,medium,2,,,,,,counterexample_audit,724613
G,G_00589,pan_carry,observed_sfc,0,0,0,0,1,0,0.0,11,4,4,medium,high,0.75,medium,2,0.2,overconfident,0.7,,,counterexample_audit,724613
G,G_00589,pan_carry,risk_aware_sfc,0,0,0,0,1,0,0.0,11,4,4,medium,high,0.75,medium,2,0.2,overconfident,0.7,,,counterexample_audit,724613
G,G_00589,pan_carry,abstaining_sfc,0,0,0,0,1,0,0.0,11,4,4,medium,high,0.75,medium,2,0.2,overconfident,0.7,,,counterexample_audit,724613
G,G_00590,pan_carry,geometric_fc,1,0,1,0,1,0,0.03723519,11,4,-1,medium,high,0.75,medium,2,,,,,,counterexample_audit,724614
G,G_00590,pan_carry,oracle_sfc,0,0,0,0,1,0,0.0,11,4,-1,medium,high,0.75,medium,2,,,,,,counterexample_audit,724614
G,G_00590,pan_carry,semantic_only,1,0,1,0,1,0,0.0,11,4,-1,medium,high,0.75,medium,2,,,,,,counterexample_audit,724614
G,G_00590,pan_carry,posthoc_single,0,0,0,0,1,0,0.03723519,11,4,-1,medium,high,0.75,medium,2,,,,,,counterexample_audit,724614
G,G_00590,pan_carry,soft_penalty_fc,1,0,1,0,1,0,0.03723519,11,4,-1,medium,high,0.75,medium,2,,,,,,counterexample_audit,724614
G,G_00590,pan_carry,observed_sfc,1,0,1,0,1,0,0.0673874,11,4,6,medium,high,0.75,medium,2,0.2,overconfident,0.7,,,counterexample_audit,724614
G,G_00590,pan_carry,risk_aware_sfc,1,0,1,0,1,0,0.0673874,11,4,6,medium,high,0.75,medium,2,0.2,overconfident,0.7,,,counterexample_audit,724614
G,G_00590,pan_carry,abstaining_sfc,1,0,1,0,1,0,0.0673874,11,4,6,medium,high,0.75,medium,2,0.2,overconfident,0.7,,,counterexample_audit,724614
G,G_00591,pan_carry,geometric_fc,1,0,1,0,1,0,0.03898892,11,4,-1,medium,high,0.75,medium,2,,,,,,counterexample_audit,724615
G,G_00591,pan_carry,oracle_sfc,0,0,0,0,1,0,0.0,11,4,-1,medium,high,0.75,medium,2,,,,,,counterexample_audit,724615
G,G_00591,pan_carry,semantic_only,1,0,1,0,1,0,0.0,11,4,-1,medium,high,0.75,medium,2,,,,,,counterexample_audit,724615
G,G_00591,pan_carry,posthoc_single,0,0,0,0,1,0,0.03898892,11,4,-1,medium,high,0.75,medium,2,,,,,,counterexample_audit,724615
G,G_00591,pan_carry,soft_penalty_fc,1,0,1,0,1,0,0.03898892,11,4,-1,medium,high,0.75,medium,2,,,,,,counterexample_audit,724615
G,G_00591,pan_carry,observed_sfc,1,0,1,0,1,0,0.08047543,11,4,6,medium,high,0.75,medium,2,0.2,overconfident,0.7,,,counterexample_audit,724615
G,G_00591,pan_carry,risk_aware_sfc,1,0,1,0,1,0,0.08047543,11,4,6,medium,high,0.75,medium,2,0.2,overconfident,0.7,,,counterexample_audit,724615
G,G_00591,pan_carry,abstaining_sfc,1,0,1,0,1,0,0.08047543,11,4,6,medium,high,0.75,medium,2,0.2,overconfident,0.7,,,counterexample_audit,724615
G,G_00592,pan_carry,geometric_fc,1,0,1,0,1,0,0.0367739,11,4,-1,medium,high,0.75,medium,2,,,,,,counterexample_audit,724616
G,G_00592,pan_carry,oracle_sfc,0,0,0,0,1,0,0.0,11,4,-1,medium,high,0.75,medium,2,,,,,,counterexample_audit,724616
G,G_00592,pan_carry,semantic_only,1,0,1,0,1,0,0.0,11,4,-1,medium,high,0.75,medium,2,,,,,,counterexample_audit,724616
G,G_00592,pan_carry,posthoc_single,0,0,0,0,1,0,0.0367739,11,4,-1,medium,high,0.75,medium,2,,,,,,counterexample_audit,724616
G,G_00592,pan_carry,soft_penalty_fc,1,0,1,0,1,0,0.0367739,11,4,-1,medium,high,0.75,medium,2,,,,,,counterexample_audit,724616
G,G_00592,pan_carry,observed_sfc,1,0,1,0,1,0,0.05545174,11,4,5,medium,high,0.75,medium,2,0.2,overconfident,0.7,,,counterexample_audit,724616
G,G_00592,pan_carry,risk_aware_sfc,1,0,1,0,1,0,0.05545174,11,4,5,medium,high,0.75,medium,2,0.2,overconfident,0.7,,,counterexample_audit,724616
G,G_00592,pan_carry,abstaining_sfc,1,0,1,0,1,0,0.05545174,11,4,5,medium,high,0.75,medium,2,0.2,overconfident,0.7,,,counterexample_audit,724616
G,G_00593,pan_carry,geometric_fc,1,0,1,0,1,0,0.03757818,11,4,-1,medium,high,0.75,medium,2,,,,,,counterexample_audit,724617
G,G_00593,pan_carry,oracle_sfc,0,0,0,0,1,0,0.0,11,4,-1,medium,high,0.75,medium,2,,,,,,counterexample_audit,724617
G,G_00593,pan_carry,semantic_only,1,0,1,0,1,0,0.0,11,4,-1,medium,high,0.75,medium,2,,,,,,counterexample_audit,724617
G,G_00593,pan_carry,posthoc_single,0,0,0,0,1,0,0.03757818,11,4,-1,medium,high,0.75,medium,2,,,,,,counterexample_audit,724617
G,G_00593,pan_carry,soft_penalty_fc,1,0,1,0,1,0,0.03757818,11,4,-1,medium,high,0.75,medium,2,,,,,,counterexample_audit,724617
G,G_00593,pan_carry,observed_sfc,1,0,1,0,1,0,0.07619136,11,4,6,medium,high,0.75,medium,2,0.2,overconfident,0.7,,,counterexample_audit,724617
G,G_00593,pan_carry,risk_aware_sfc,1,0,1,0,1,0,0.07619136,11,4,6,medium,high,0.75,medium,2,0.2,overconfident,0.7,,,counterexample_audit,724617
G,G_00593,pan_carry,abstaining_sfc,1,0,1,0,1,0,0.07619136,11,4,6,medium,high,0.75,medium,2,0.2,overconfident,0.7,,,counterexample_audit,724617
G,G_00594,pan_carry,geometric_fc,1,0,1,0,1,0,0.0374648,11,4,-1,medium,high,0.75,medium,2,,,,,,counterexample_audit,724618
G,G_00594,pan_carry,oracle_sfc,0,0,0,0,1,0,0.0,11,4,-1,medium,high,0.75,medium,2,,,,,,counterexample_audit,724618
G,G_00594,pan_carry,semantic_only,1,0,1,0,1,0,0.0,11,4,-1,medium,high,0.75,medium,2,,,,,,counterexample_audit,724618
G,G_00594,pan_carry,posthoc_single,0,0,0,0,1,0,0.0374648,11,4,-1,medium,high,0.75,medium,2,,,,,,counterexample_audit,724618
G,G_00594,pan_carry,soft_penalty_fc,1,0,1,0,1,0,0.0374648,11,4,-1,medium,high,0.75,medium,2,,,,,,counterexample_audit,724618
G,G_00594,pan_carry,observed_sfc,0,0,0,0,1,0,0.0,11,4,2,medium,high,0.75,medium,2,0.2,overconfident,0.7,,,counterexample_audit,724618
G,G_00594,pan_carry,risk_aware_sfc,0,0,0,0,1,0,0.0,11,4,2,medium,high,0.75,medium,2,0.2,overconfident,0.7,,,counterexample_audit,724618
G,G_00594,pan_carry,abstaining_sfc,0,0,0,0,1,0,0.0,11,4,2,medium,high,0.75,medium,2,0.2,overconfident,0.7,,,counterexample_audit,724618
G,G_00595,pan_carry,geometric_fc,1,0,1,0,1,0,0.03812029,11,4,-1,medium,high,0.75,medium,2,,,,,,counterexample_audit,724619
G,G_00595,pan_carry,oracle_sfc,0,0,0,0,1,0,0.0,11,4,-1,medium,high,0.75,medium,2,,,,,,counterexample_audit,724619
G,G_00595,pan_carry,semantic_only,1,0,1,0,1,0,0.0,11,4,-1,medium,high,0.75,medium,2,,,,,,counterexample_audit,724619
G,G_00595,pan_carry,posthoc_single,0,0,0,0,1,0,0.03812029,11,4,-1,medium,high,0.75,medium,2,,,,,,counterexample_audit,724619
G,G_00595,pan_carry,soft_penalty_fc,1,0,1,0,1,0,0.03812029,11,4,-1,medium,high,0.75,medium,2,,,,,,counterexample_audit,724619
G,G_00595,pan_carry,observed_sfc,0,0,0,0,1,0,0.0,11,4,3,medium,high,0.75,medium,2,0.2,overconfident,0.7,,,counterexample_audit,724619
G,G_00595,pan_carry,risk_aware_sfc,0,0,0,0,1,0,0.0,11,4,3,medium,high,0.75,medium,2,0.2,overconfident,0.7,,,counterexample_audit,724619
G,G_00595,pan_carry,abstaining_sfc,0,0,0,0,1,0,0.0,11,4,3,medium,high,0.75,medium,2,0.2,overconfident,0.7,,,counterexample_audit,724619
G,G_00596,pan_carry,geometric_fc,1,0,1,0,1,0,0.03780075,11,4,-1,medium,high,0.75,medium,2,,,,,,counterexample_audit,724620
G,G_00596,pan_carry,oracle_sfc,0,0,0,0,1,0,0.0,11,4,-1,medium,high,0.75,medium,2,,,,,,counterexample_audit,724620
G,G_00596,pan_carry,semantic_only,1,0,1,0,1,0,0.0,11,4,-1,medium,high,0.75,medium,2,,,,,,counterexample_audit,724620
G,G_00596,pan_carry,posthoc_single,0,0,0,0,1,0,0.03780075,11,4,-1,medium,high,0.75,medium,2,,,,,,counterexample_audit,724620
G,G_00596,pan_carry,soft_penalty_fc,1,0,1,0,1,0,0.03780075,11,4,-1,medium,high,0.75,medium,2,,,,,,counterexample_audit,724620
G,G_00596,pan_carry,observed_sfc,1,0,1,0,1,0,0.07571029,11,4,4,medium,high,0.75,medium,2,0.2,overconfident,0.7,,,counterexample_audit,724620
G,G_00596,pan_carry,risk_aware_sfc,1,0,1,0,1,0,0.07571029,11,4,4,medium,high,0.75,medium,2,0.2,overconfident,0.7,,,counterexample_audit,724620
G,G_00596,pan_carry,abstaining_sfc,1,0,1,0,1,0,0.07571029,11,4,4,medium,high,0.75,medium,2,0.2,overconfident,0.7,,,counterexample_audit,724620
G,G_00597,pan_carry,geometric_fc,1,0,1,0,1,0,0.03920824,11,4,-1,medium,high,0.75,medium,2,,,,,,counterexample_audit,724621
G,G_00597,pan_carry,oracle_sfc,0,0,0,0,1,0,0.0,11,4,-1,medium,high,0.75,medium,2,,,,,,counterexample_audit,724621
G,G_00597,pan_carry,semantic_only,1,0,1,0,1,0,0.0,11,4,-1,medium,high,0.75,medium,2,,,,,,counterexample_audit,724621
G,G_00597,pan_carry,posthoc_single,0,0,0,0,1,0,0.03920824,11,4,-1,medium,high,0.75,medium,2,,,,,,counterexample_audit,724621
G,G_00597,pan_carry,soft_penalty_fc,1,0,1,0,1,0,0.03920824,11,4,-1,medium,high,0.75,medium,2,,,,,,counterexample_audit,724621
G,G_00597,pan_carry,observed_sfc,1,0,1,0,1,0,0.06890495,11,4,6,medium,high,0.75,medium,2,0.2,overconfident,0.7,,,counterexample_audit,724621
G,G_00597,pan_carry,risk_aware_sfc,1,0,1,0,1,0,0.06890495,11,4,6,medium,high,0.75,medium,2,0.2,overconfident,0.7,,,counterexample_audit,724621
G,G_00597,pan_carry,abstaining_sfc,1,0,1,0,1,0,0.06890495,11,4,6,medium,high,0.75,medium,2,0.2,overconfident,0.7,,,counterexample_audit,724621
G,G_00598,pan_carry,geometric_fc,1,0,1,0,1,0,0.03595476,11,4,-1,medium,high,0.75,medium,2,,,,,,counterexample_audit,724622
G,G_00598,pan_carry,oracle_sfc,0,0,0,0,1,0,0.0,11,4,-1,medium,high,0.75,medium,2,,,,,,counterexample_audit,724622
G,G_00598,pan_carry,semantic_only,1,0,1,0,1,0,0.0,11,4,-1,medium,high,0.75,medium,2,,,,,,counterexample_audit,724622
G,G_00598,pan_carry,posthoc_single,0,0,0,0,1,0,0.03595476,11,4,-1,medium,high,0.75,medium,2,,,,,,counterexample_audit,724622
G,G_00598,pan_carry,soft_penalty_fc,1,0,1,0,1,0,0.03595476,11,4,-1,medium,high,0.75,medium,2,,,,,,counterexample_audit,724622
G,G_00598,pan_carry,observed_sfc,0,0,0,0,1,0,0.0,11,4,4,medium,high,0.75,medium,2,0.2,overconfident,0.7,,,counterexample_audit,724622
G,G_00598,pan_carry,risk_aware_sfc,0,0,0,0,1,0,0.0,11,4,4,medium,high,0.75,medium,2,0.2,overconfident,0.7,,,counterexample_audit,724622
G,G_00598,pan_carry,abstaining_sfc,0,0,0,0,1,0,0.0,11,4,4,medium,high,0.75,medium,2,0.2,overconfident,0.7,,,counterexample_audit,724622
G,G_00599,pan_carry,geometric_fc,1,0,1,0,1,0,0.04081376,11,4,-1,medium,high,0.75,medium,2,,,,,,counterexample_audit,724623
G,G_00599,pan_carry,oracle_sfc,0,0,0,0,1,0,0.0,11,4,-1,medium,high,0.75,medium,2,,,,,,counterexample_audit,724623
G,G_00599,pan_carry,semantic_only,1,0,1,0,1,0,0.0,11,4,-1,medium,high,0.75,medium,2,,,,,,counterexample_audit,724623
G,G_00599,pan_carry,posthoc_single,0,0,0,0,1,0,0.04081376,11,4,-1,medium,high,0.75,medium,2,,,,,,counterexample_audit,724623
G,G_00599,pan_carry,soft_penalty_fc,1,0,1,0,1,0,0.04081376,11,4,-1,medium,high,0.75,medium,2,,,,,,counterexample_audit,724623
G,G_00599,pan_carry,observed_sfc,1,0,1,0,1,0,0.04537217,11,4,6,medium,high,0.75,medium,2,0.2,overconfident,0.7,,,counterexample_audit,724623
G,G_00599,pan_carry,risk_aware_sfc,1,0,1,0,1,0,0.04537217,11,4,6,medium,high,0.75,medium,2,0.2,overconfident,0.7,,,counterexample_audit,724623
G,G_00599,pan_carry,abstaining_sfc,1,0,1,0,1,0,0.04537217,11,4,6,medium,high,0.75,medium,2,0.2,overconfident,0.7,,,counterexample_audit,724623
G,G_00600,pan_carry,geometric_fc,1,0,1,0,1,0,0.03621002,11,4,-1,medium,high,0.75,medium,2,,,,,,counterexample_audit,724624
G,G_00600,pan_carry,oracle_sfc,0,0,0,0,1,0,0.0,11,4,-1,medium,high,0.75,medium,2,,,,,,counterexample_audit,724624
G,G_00600,pan_carry,semantic_only,1,0,1,0,1,0,0.0,11,4,-1,medium,high,0.75,medium,2,,,,,,counterexample_audit,724624
G,G_00600,pan_carry,posthoc_single,0,0,0,0,1,0,0.03621002,11,4,-1,medium,high,0.75,medium,2,,,,,,counterexample_audit,724624
G,G_00600,pan_carry,soft_penalty_fc,1,0,1,0,1,0,0.03621002,11,4,-1,medium,high,0.75,medium,2,,,,,,counterexample_audit,724624
G,G_00600,pan_carry,observed_sfc,1,0,1,0,1,0,0.05162337,11,4,5,medium,high,0.75,medium,2,0.2,overconfident,0.7,,,counterexample_audit,724624
G,G_00600,pan_carry,risk_aware_sfc,1,0,1,0,1,0,0.05162337,11,4,5,medium,high,0.75,medium,2,0.2,overconfident,0.7,,,counterexample_audit,724624
G,G_00600,pan_carry,abstaining_sfc,1,0,1,0,1,0,0.05162337,11,4,5,medium,high,0.75,medium,2,0.2,overconfident,0.7,,,counterexample_audit,724624
G,G_00601,pan_carry,geometric_fc,1,0,1,0,1,0,0.03562535,11,4,-1,medium,high,0.75,medium,2,,,,,,counterexample_audit,724625
G,G_00601,pan_carry,oracle_sfc,0,0,0,0,1,0,0.0,11,4,-1,medium,high,0.75,medium,2,,,,,,counterexample_audit,724625
G,G_00601,pan_carry,semantic_only,1,0,1,0,1,0,0.0,11,4,-1,medium,high,0.75,medium,2,,,,,,counterexample_audit,724625
G,G_00601,pan_carry,posthoc_single,0,0,0,0,1,0,0.03562535,11,4,-1,medium,high,0.75,medium,2,,,,,,counterexample_audit,724625
G,G_00601,pan_carry,soft_penalty_fc,1,0,1,0,1,0,0.03562535,11,4,-1,medium,high,0.75,medium,2,,,,,,counterexample_audit,724625
G,G_00601,pan_carry,observed_sfc,1,0,1,0,1,0,0.05833836,11,4,5,medium,high,0.75,medium,2,0.2,overconfident,0.7,,,counterexample_audit,724625
G,G_00601,pan_carry,risk_aware_sfc,1,0,1,0,1,0,0.05833836,11,4,5,medium,high,0.75,medium,2,0.2,overconfident,0.7,,,counterexample_audit,724625
G,G_00601,pan_carry,abstaining_sfc,1,0,1,0,1,0,0.05833836,11,4,5,medium,high,0.75,medium,2,0.2,overconfident,0.7,,,counterexample_audit,724625
G,G_00602,pan_carry,geometric_fc,1,0,1,0,1,0,0.0375558,11,4,-1,medium,high,0.75,medium,2,,,,,,counterexample_audit,724626
G,G_00602,pan_carry,oracle_sfc,0,0,0,0,1,0,0.0,11,4,-1,medium,high,0.75,medium,2,,,,,,counterexample_audit,724626
G,G_00602,pan_carry,semantic_only,1,0,1,0,1,0,0.0,11,4,-1,medium,high,0.75,medium,2,,,,,,counterexample_audit,724626
G,G_00602,pan_carry,posthoc_single,0,0,0,0,1,0,0.0375558,11,4,-1,medium,high,0.75,medium,2,,,,,,counterexample_audit,724626
G,G_00602,pan_carry,soft_penalty_fc,1,0,1,0,1,0,0.0375558,11,4,-1,medium,high,0.75,medium,2,,,,,,counterexample_audit,724626
G,G_00602,pan_carry,observed_sfc,0,0,0,0,1,0,0.0,11,4,4,medium,high,0.75,medium,2,0.2,overconfident,0.7,,,counterexample_audit,724626
G,G_00602,pan_carry,risk_aware_sfc,0,0,0,0,1,0,0.0,11,4,4,medium,high,0.75,medium,2,0.2,overconfident,0.7,,,counterexample_audit,724626
G,G_00602,pan_carry,abstaining_sfc,0,0,0,0,1,0,0.0,11,4,4,medium,high,0.75,medium,2,0.2,overconfident,0.7,,,counterexample_audit,724626
G,G_00603,pan_carry,geometric_fc,1,0,1,0,1,0,0.03743606,11,4,-1,medium,high,0.75,medium,2,,,,,,counterexample_audit,724627
G,G_00603,pan_carry,oracle_sfc,0,0,0,0,1,0,0.0,11,4,-1,medium,high,0.75,medium,2,,,,,,counterexample_audit,724627
G,G_00603,pan_carry,semantic_only,1,0,1,0,1,0,0.0,11,4,-1,medium,high,0.75,medium,2,,,,,,counterexample_audit,724627
G,G_00603,pan_carry,posthoc_single,0,0,0,0,1,0,0.03743606,11,4,-1,medium,high,0.75,medium,2,,,,,,counterexample_audit,724627
G,G_00603,pan_carry,soft_penalty_fc,1,0,1,0,1,0,0.03743606,11,4,-1,medium,high,0.75,medium,2,,,,,,counterexample_audit,724627
G,G_00603,pan_carry,observed_sfc,0,0,0,0,1,0,0.0,11,4,3,medium,high,0.75,medium,2,0.2,overconfident,0.7,,,counterexample_audit,724627
G,G_00603,pan_carry,risk_aware_sfc,0,0,0,0,1,0,0.0,11,4,3,medium,high,0.75,medium,2,0.2,overconfident,0.7,,,counterexample_audit,724627
G,G_00603,pan_carry,abstaining_sfc,0,0,0,0,1,0,0.0,11,4,3,medium,high,0.75,medium,2,0.2,overconfident,0.7,,,counterexample_audit,724627
G,G_00604,pan_carry,geometric_fc,1,0,1,0,1,0,0.03741175,11,4,-1,medium,high,0.75,medium,2,,,,,,counterexample_audit,724628
G,G_00604,pan_carry,oracle_sfc,0,0,0,0,1,0,0.0,11,4,-1,medium,high,0.75,medium,2,,,,,,counterexample_audit,724628
G,G_00604,pan_carry,semantic_only,1,0,1,0,1,0,0.0,11,4,-1,medium,high,0.75,medium,2,,,,,,counterexample_audit,724628
G,G_00604,pan_carry,posthoc_single,0,0,0,0,1,0,0.03741175,11,4,-1,medium,high,0.75,medium,2,,,,,,counterexample_audit,724628
G,G_00604,pan_carry,soft_penalty_fc,1,0,1,0,1,0,0.03741175,11,4,-1,medium,high,0.75,medium,2,,,,,,counterexample_audit,724628
G,G_00604,pan_carry,observed_sfc,0,0,0,0,1,0,0.0,11,4,4,medium,high,0.75,medium,2,0.2,overconfident,0.7,,,counterexample_audit,724628
G,G_00604,pan_carry,risk_aware_sfc,0,0,0,0,1,0,0.0,11,4,4,medium,high,0.75,medium,2,0.2,overconfident,0.7,,,counterexample_audit,724628
G,G_00604,pan_carry,abstaining_sfc,0,0,0,0,1,0,0.0,11,4,4,medium,high,0.75,medium,2,0.2,overconfident,0.7,,,counterexample_audit,724628
G,G_00605,pan_carry,geometric_fc,1,0,1,0,1,0,0.04024582,11,4,-1,medium,high,0.75,medium,2,,,,,,counterexample_audit,724629
G,G_00605,pan_carry,oracle_sfc,0,0,0,0,1,0,0.0,11,4,-1,medium,high,0.75,medium,2,,,,,,counterexample_audit,724629
G,G_00605,pan_carry,semantic_only,1,0,1,0,1,0,0.0,11,4,-1,medium,high,0.75,medium,2,,,,,,counterexample_audit,724629
G,G_00605,pan_carry,posthoc_single,0,0,0,0,1,0,0.04024582,11,4,-1,medium,high,0.75,medium,2,,,,,,counterexample_audit,724629
G,G_00605,pan_carry,soft_penalty_fc,1,0,1,0,1,0,0.04024582,11,4,-1,medium,high,0.75,medium,2,,,,,,counterexample_audit,724629
G,G_00605,pan_carry,observed_sfc,0,0,0,0,1,0,0.0,11,4,4,medium,high,0.75,medium,2,0.2,overconfident,0.7,,,counterexample_audit,724629
G,G_00605,pan_carry,risk_aware_sfc,0,0,0,0,1,0,0.0,11,4,4,medium,high,0.75,medium,2,0.2,overconfident,0.7,,,counterexample_audit,724629
G,G_00605,pan_carry,abstaining_sfc,0,0,0,0,1,0,0.0,11,4,4,medium,high,0.75,medium,2,0.2,overconfident,0.7,,,counterexample_audit,724629
G,G_00606,pan_carry,geometric_fc,1,0,1,0,1,0,0.03946094,11,4,-1,medium,high,0.75,medium,2,,,,,,counterexample_audit,724630
G,G_00606,pan_carry,oracle_sfc,0,0,0,0,1,0,0.0,11,4,-1,medium,high,0.75,medium,2,,,,,,counterexample_audit,724630
G,G_00606,pan_carry,semantic_only,1,0,1,0,1,0,0.0,11,4,-1,medium,high,0.75,medium,2,,,,,,counterexample_audit,724630
G,G_00606,pan_carry,posthoc_single,0,0,0,0,1,0,0.03946094,11,4,-1,medium,high,0.75,medium,2,,,,,,counterexample_audit,724630
G,G_00606,pan_carry,soft_penalty_fc,1,0,1,0,1,0,0.03946094,11,4,-1,medium,high,0.75,medium,2,,,,,,counterexample_audit,724630
G,G_00606,pan_carry,observed_sfc,0,0,0,0,1,0,0.0,11,4,4,medium,high,0.75,medium,2,0.2,overconfident,0.7,,,counterexample_audit,724630
G,G_00606,pan_carry,risk_aware_sfc,0,0,0,0,1,0,0.0,11,4,4,medium,high,0.75,medium,2,0.2,overconfident,0.7,,,counterexample_audit,724630
G,G_00606,pan_carry,abstaining_sfc,0,0,0,0,1,0,0.0,11,4,4,medium,high,0.75,medium,2,0.2,overconfident,0.7,,,counterexample_audit,724630
G,G_00607,pan_carry,geometric_fc,1,0,1,0,1,0,0.04004293,11,4,-1,medium,high,0.75,medium,2,,,,,,counterexample_audit,724631
G,G_00607,pan_carry,oracle_sfc,0,0,0,0,1,0,0.0,11,4,-1,medium,high,0.75,medium,2,,,,,,counterexample_audit,724631
G,G_00607,pan_carry,semantic_only,1,0,1,0,1,0,0.0,11,4,-1,medium,high,0.75,medium,2,,,,,,counterexample_audit,724631
G,G_00607,pan_carry,posthoc_single,0,0,0,0,1,0,0.04004293,11,4,-1,medium,high,0.75,medium,2,,,,,,counterexample_audit,724631
G,G_00607,pan_carry,soft_penalty_fc,1,0,1,0,1,0,0.04004293,11,4,-1,medium,high,0.75,medium,2,,,,,,counterexample_audit,724631
G,G_00607,pan_carry,observed_sfc,1,0,1,0,1,0,0.05862473,11,4,4,medium,high,0.75,medium,2,0.2,overconfident,0.7,,,counterexample_audit,724631
G,G_00607,pan_carry,risk_aware_sfc,1,0,1,0,1,0,0.05862473,11,4,4,medium,high,0.75,medium,2,0.2,overconfident,0.7,,,counterexample_audit,724631
G,G_00607,pan_carry,abstaining_sfc,1,0,1,0,1,0,0.05862473,11,4,4,medium,high,0.75,medium,2,0.2,overconfident,0.7,,,counterexample_audit,724631
G,G_00608,pan_carry,geometric_fc,1,0,1,0,1,0,0.03548628,11,4,-1,medium,high,0.75,medium,2,,,,,,counterexample_audit,724632
G,G_00608,pan_carry,oracle_sfc,0,0,0,0,1,0,0.0,11,4,-1,medium,high,0.75,medium,2,,,,,,counterexample_audit,724632
G,G_00608,pan_carry,semantic_only,1,0,1,0,1,0,0.0,11,4,-1,medium,high,0.75,medium,2,,,,,,counterexample_audit,724632
G,G_00608,pan_carry,posthoc_single,0,0,0,0,1,0,0.03548628,11,4,-1,medium,high,0.75,medium,2,,,,,,counterexample_audit,724632
G,G_00608,pan_carry,soft_penalty_fc,1,0,1,0,1,0,0.03548628,11,4,-1,medium,high,0.75,medium,2,,,,,,counterexample_audit,724632
G,G_00608,pan_carry,observed_sfc,1,0,1,0,1,0,0.07460703,11,4,4,medium,high,0.75,medium,2,0.2,overconfident,0.7,,,counterexample_audit,724632
G,G_00608,pan_carry,risk_aware_sfc,1,0,1,0,1,0,0.07460703,11,4,4,medium,high,0.75,medium,2,0.2,overconfident,0.7,,,counterexample_audit,724632
G,G_00608,pan_carry,abstaining_sfc,1,0,1,0,1,0,0.07460703,11,4,4,medium,high,0.75,medium,2,0.2,overconfident,0.7,,,counterexample_audit,724632
G,G_00609,pan_carry,geometric_fc,1,0,1,0,1,0,0.0379961,11,4,-1,medium,high,0.75,medium,2,,,,,,counterexample_audit,724633
G,G_00609,pan_carry,oracle_sfc,0,0,0,0,1,0,0.0,11,4,-1,medium,high,0.75,medium,2,,,,,,counterexample_audit,724633
G,G_00609,pan_carry,semantic_only,1,0,1,0,1,0,0.0,11,4,-1,medium,high,0.75,medium,2,,,,,,counterexample_audit,724633
G,G_00609,pan_carry,posthoc_single,0,0,0,0,1,0,0.0379961,11,4,-1,medium,high,0.75,medium,2,,,,,,counterexample_audit,724633
G,G_00609,pan_carry,soft_penalty_fc,1,0,1,0,1,0,0.0379961,11,4,-1,medium,high,0.75,medium,2,,,,,,counterexample_audit,724633
G,G_00609,pan_carry,observed_sfc,1,0,1,0,1,0,0.066839,11,4,5,medium,high,0.75,medium,2,0.2,overconfident,0.7,,,counterexample_audit,724633
G,G_00609,pan_carry,risk_aware_sfc,1,0,1,0,1,0,0.066839,11,4,5,medium,high,0.75,medium,2,0.2,overconfident,0.7,,,counterexample_audit,724633
G,G_00609,pan_carry,abstaining_sfc,1,0,1,0,1,0,0.066839,11,4,5,medium,high,0.75,medium,2,0.2,overconfident,0.7,,,counterexample_audit,724633
G,G_00610,pan_carry,geometric_fc,1,0,1,0,1,0,0.03845633,11,4,-1,medium,high,0.75,medium,2,,,,,,counterexample_audit,724634
G,G_00610,pan_carry,oracle_sfc,0,0,0,0,1,0,0.0,11,4,-1,medium,high,0.75,medium,2,,,,,,counterexample_audit,724634
G,G_00610,pan_carry,semantic_only,1,0,1,0,1,0,0.0,11,4,-1,medium,high,0.75,medium,2,,,,,,counterexample_audit,724634
G,G_00610,pan_carry,posthoc_single,0,0,0,0,1,0,0.03845633,11,4,-1,medium,high,0.75,medium,2,,,,,,counterexample_audit,724634
G,G_00610,pan_carry,soft_penalty_fc,1,0,1,0,1,0,0.03845633,11,4,-1,medium,high,0.75,medium,2,,,,,,counterexample_audit,724634
G,G_00610,pan_carry,observed_sfc,0,0,0,0,1,0,0.0,11,4,2,medium,high,0.75,medium,2,0.2,overconfident,0.7,,,counterexample_audit,724634
G,G_00610,pan_carry,risk_aware_sfc,0,0,0,0,1,0,0.0,11,4,2,medium,high,0.75,medium,2,0.2,overconfident,0.7,,,counterexample_audit,724634
G,G_00610,pan_carry,abstaining_sfc,0,0,0,0,1,0,0.0,11,4,2,medium,high,0.75,medium,2,0.2,overconfident,0.7,,,counterexample_audit,724634
G,G_00611,pan_carry,geometric_fc,1,0,1,0,1,0,0.03601196,11,4,-1,medium,high,0.75,medium,2,,,,,,counterexample_audit,724635
G,G_00611,pan_carry,oracle_sfc,0,0,0,0,1,0,0.0,11,4,-1,medium,high,0.75,medium,2,,,,,,counterexample_audit,724635
G,G_00611,pan_carry,semantic_only,1,0,1,0,1,0,0.0,11,4,-1,medium,high,0.75,medium,2,,,,,,counterexample_audit,724635
G,G_00611,pan_carry,posthoc_single,0,0,0,0,1,0,0.03601196,11,4,-1,medium,high,0.75,medium,2,,,,,,counterexample_audit,724635
G,G_00611,pan_carry,soft_penalty_fc,1,0,1,0,1,0,0.03601196,11,4,-1,medium,high,0.75,medium,2,,,,,,counterexample_audit,724635
G,G_00611,pan_carry,observed_sfc,0,0,0,0,1,0,0.0,11,4,3,medium,high,0.75,medium,2,0.2,overconfident,0.7,,,counterexample_audit,724635
G,G_00611,pan_carry,risk_aware_sfc,0,0,0,0,1,0,0.0,11,4,3,medium,high,0.75,medium,2,0.2,overconfident,0.7,,,counterexample_audit,724635
G,G_00611,pan_carry,abstaining_sfc,0,0,0,0,1,0,0.0,11,4,3,medium,high,0.75,medium,2,0.2,overconfident,0.7,,,counterexample_audit,724635
G,G_00612,pan_carry,geometric_fc,1,0,1,0,1,0,0.03660268,11,4,-1,medium,high,0.75,medium,2,,,,,,counterexample_audit,724636
G,G_00612,pan_carry,oracle_sfc,0,0,0,0,1,0,0.0,11,4,-1,medium,high,0.75,medium,2,,,,,,counterexample_audit,724636
G,G_00612,pan_carry,semantic_only,1,0,1,0,1,0,0.0,11,4,-1,medium,high,0.75,medium,2,,,,,,counterexample_audit,724636
G,G_00612,pan_carry,posthoc_single,0,0,0,0,1,0,0.03660268,11,4,-1,medium,high,0.75,medium,2,,,,,,counterexample_audit,724636
G,G_00612,pan_carry,soft_penalty_fc,1,0,1,0,1,0,0.03660268,11,4,-1,medium,high,0.75,medium,2,,,,,,counterexample_audit,724636
G,G_00612,pan_carry,observed_sfc,1,0,1,0,1,0,0.06668579,11,4,5,medium,high,0.75,medium,2,0.2,overconfident,0.7,,,counterexample_audit,724636
G,G_00612,pan_carry,risk_aware_sfc,1,0,1,0,1,0,0.06668579,11,4,5,medium,high,0.75,medium,2,0.2,overconfident,0.7,,,counterexample_audit,724636
G,G_00612,pan_carry,abstaining_sfc,1,0,1,0,1,0,0.06668579,11,4,5,medium,high,0.75,medium,2,0.2,overconfident,0.7,,,counterexample_audit,724636
G,G_00613,pan_carry,geometric_fc,1,0,1,0,1,0,0.03685298,11,4,-1,medium,high,0.75,medium,2,,,,,,counterexample_audit,724637
G,G_00613,pan_carry,oracle_sfc,0,0,0,0,1,0,0.0,11,4,-1,medium,high,0.75,medium,2,,,,,,counterexample_audit,724637
G,G_00613,pan_carry,semantic_only,1,0,1,0,1,0,0.0,11,4,-1,medium,high,0.75,medium,2,,,,,,counterexample_audit,724637
G,G_00613,pan_carry,posthoc_single,0,0,0,0,1,0,0.03685298,11,4,-1,medium,high,0.75,medium,2,,,,,,counterexample_audit,724637
G,G_00613,pan_carry,soft_penalty_fc,1,0,1,0,1,0,0.03685298,11,4,-1,medium,high,0.75,medium,2,,,,,,counterexample_audit,724637
G,G_00613,pan_carry,observed_sfc,1,0,1,0,1,0,0.046236,11,4,4,medium,high,0.75,medium,2,0.2,overconfident,0.7,,,counterexample_audit,724637
G,G_00613,pan_carry,risk_aware_sfc,1,0,1,0,1,0,0.046236,11,4,4,medium,high,0.75,medium,2,0.2,overconfident,0.7,,,counterexample_audit,724637
G,G_00613,pan_carry,abstaining_sfc,1,0,1,0,1,0,0.046236,11,4,4,medium,high,0.75,medium,2,0.2,overconfident,0.7,,,counterexample_audit,724637
G,G_00614,pan_carry,geometric_fc,1,0,1,0,1,0,0.03733237,11,4,-1,medium,high,0.75,medium,2,,,,,,counterexample_audit,724638
G,G_00614,pan_carry,oracle_sfc,0,0,0,0,1,0,0.0,11,4,-1,medium,high,0.75,medium,2,,,,,,counterexample_audit,724638
G,G_00614,pan_carry,semantic_only,1,0,1,0,1,0,0.0,11,4,-1,medium,high,0.75,medium,2,,,,,,counterexample_audit,724638
G,G_00614,pan_carry,posthoc_single,0,0,0,0,1,0,0.03733237,11,4,-1,medium,high,0.75,medium,2,,,,,,counterexample_audit,724638
G,G_00614,pan_carry,soft_penalty_fc,1,0,1,0,1,0,0.03733237,11,4,-1,medium,high,0.75,medium,2,,,,,,counterexample_audit,724638
G,G_00614,pan_carry,observed_sfc,1,0,1,0,1,0,0.04305016,11,4,5,medium,high,0.75,medium,2,0.2,overconfident,0.7,,,counterexample_audit,724638
G,G_00614,pan_carry,risk_aware_sfc,1,0,1,0,1,0,0.04305016,11,4,5,medium,high,0.75,medium,2,0.2,overconfident,0.7,,,counterexample_audit,724638
G,G_00614,pan_carry,abstaining_sfc,1,0,1,0,1,0,0.04305016,11,4,5,medium,high,0.75,medium,2,0.2,overconfident,0.7,,,counterexample_audit,724638
G,G_00615,pan_carry,geometric_fc,1,0,1,0,1,0,0.03690016,11,4,-1,medium,high,0.75,medium,2,,,,,,counterexample_audit,724639
G,G_00615,pan_carry,oracle_sfc,0,0,0,0,1,0,0.0,11,4,-1,medium,high,0.75,medium,2,,,,,,counterexample_audit,724639
G,G_00615,pan_carry,semantic_only,1,0,1,0,1,0,0.0,11,4,-1,medium,high,0.75,medium,2,,,,,,counterexample_audit,724639
G,G_00615,pan_carry,posthoc_single,0,0,0,0,1,0,0.03690016,11,4,-1,medium,high,0.75,medium,2,,,,,,counterexample_audit,724639
G,G_00615,pan_carry,soft_penalty_fc,1,0,1,0,1,0,0.03690016,11,4,-1,medium,high,0.75,medium,2,,,,,,counterexample_audit,724639
G,G_00615,pan_carry,observed_sfc,1,0,1,0,1,0,0.05844636,11,4,5,medium,high,0.75,medium,2,0.2,overconfident,0.7,,,counterexample_audit,724639
G,G_00615,pan_carry,risk_aware_sfc,1,0,1,0,1,0,0.05844636,11,4,5,medium,high,0.75,medium,2,0.2,overconfident,0.7,,,counterexample_audit,724639
G,G_00615,pan_carry,abstaining_sfc,1,0,1,0,1,0,0.05844636,11,4,5,medium,high,0.75,medium,2,0.2,overconfident,0.7,,,counterexample_audit,724639
G,G_00616,pan_carry,geometric_fc,1,0,1,0,1,0,0.03842333,11,4,-1,medium,high,0.75,medium,2,,,,,,counterexample_audit,724640
G,G_00616,pan_carry,oracle_sfc,0,0,0,0,1,0,0.0,11,4,-1,medium,high,0.75,medium,2,,,,,,counterexample_audit,724640
G,G_00616,pan_carry,semantic_only,1,0,1,0,1,0,0.0,11,4,-1,medium,high,0.75,medium,2,,,,,,counterexample_audit,724640
G,G_00616,pan_carry,posthoc_single,0,0,0,0,1,0,0.03842333,11,4,-1,medium,high,0.75,medium,2,,,,,,counterexample_audit,724640
G,G_00616,pan_carry,soft_penalty_fc,1,0,1,0,1,0,0.03842333,11,4,-1,medium,high,0.75,medium,2,,,,,,counterexample_audit,724640
G,G_00616,pan_carry,observed_sfc,0,0,0,0,1,0,0.0,11,4,3,medium,high,0.75,medium,2,0.2,overconfident,0.7,,,counterexample_audit,724640
G,G_00616,pan_carry,risk_aware_sfc,0,0,0,0,1,0,0.0,11,4,3,medium,high,0.75,medium,2,0.2,overconfident,0.7,,,counterexample_audit,724640
G,G_00616,pan_carry,abstaining_sfc,0,0,0,0,1,0,0.0,11,4,3,medium,high,0.75,medium,2,0.2,overconfident,0.7,,,counterexample_audit,724640
G,G_00617,pan_carry,geometric_fc,1,0,1,1,1,1,0.03620307,11,4,-1,medium,high,0.75,medium,2,,,,,,counterexample_audit,724641
G,G_00617,pan_carry,oracle_sfc,1,1,0,0,1,1,0.01704127,11,4,-1,medium,high,0.75,medium,2,,,,,,counterexample_audit,724641
G,G_00617,pan_carry,semantic_only,1,1,0,0,1,1,0.0,11,4,-1,medium,high,0.75,medium,2,,,,,,counterexample_audit,724641
G,G_00617,pan_carry,posthoc_single,0,0,0,1,1,1,0.03620307,11,4,-1,medium,high,0.75,medium,2,,,,,,counterexample_audit,724641
G,G_00617,pan_carry,soft_penalty_fc,1,0,1,1,1,1,0.03620307,11,4,-1,medium,high,0.75,medium,2,,,,,,counterexample_audit,724641
G,G_00617,pan_carry,observed_sfc,1,0,1,1,1,1,0.06315429,11,4,5,medium,high,0.75,medium,2,0.2,overconfident,0.7,,,counterexample_audit,724641
G,G_00617,pan_carry,risk_aware_sfc,1,0,1,1,1,1,0.06315429,11,4,5,medium,high,0.75,medium,2,0.2,overconfident,0.7,,,counterexample_audit,724641
G,G_00617,pan_carry,abstaining_sfc,1,0,1,1,1,1,0.06315429,11,4,5,medium,high,0.75,medium,2,0.2,overconfident,0.7,,,counterexample_audit,724641
G,G_00618,pan_carry,geometric_fc,1,0,1,0,1,0,0.03872905,11,4,-1,medium,high,0.75,medium,2,,,,,,counterexample_audit,724642
G,G_00618,pan_carry,oracle_sfc,0,0,0,0,1,0,0.0,11,4,-1,medium,high,0.75,medium,2,,,,,,counterexample_audit,724642
G,G_00618,pan_carry,semantic_only,1,0,1,0,1,0,0.0,11,4,-1,medium,high,0.75,medium,2,,,,,,counterexample_audit,724642
G,G_00618,pan_carry,posthoc_single,0,0,0,0,1,0,0.03872905,11,4,-1,medium,high,0.75,medium,2,,,,,,counterexample_audit,724642
G,G_00618,pan_carry,soft_penalty_fc,1,0,1,0,1,0,0.03872905,11,4,-1,medium,high,0.75,medium,2,,,,,,counterexample_audit,724642
G,G_00618,pan_carry,observed_sfc,0,0,0,0,1,0,0.0,11,4,3,medium,high,0.75,medium,2,0.2,overconfident,0.7,,,counterexample_audit,724642
G,G_00618,pan_carry,risk_aware_sfc,0,0,0,0,1,0,0.0,11,4,3,medium,high,0.75,medium,2,0.2,overconfident,0.7,,,counterexample_audit,724642
G,G_00618,pan_carry,abstaining_sfc,0,0,0,0,1,0,0.0,11,4,3,medium,high,0.75,medium,2,0.2,overconfident,0.7,,,counterexample_audit,724642
G,G_00619,pan_carry,geometric_fc,1,0,1,0,1,0,0.03788363,11,4,-1,medium,high,0.75,medium,2,,,,,,counterexample_audit,724643
G,G_00619,pan_carry,oracle_sfc,0,0,0,0,1,0,0.0,11,4,-1,medium,high,0.75,medium,2,,,,,,counterexample_audit,724643
G,G_00619,pan_carry,semantic_only,1,0,1,0,1,0,0.0,11,4,-1,medium,high,0.75,medium,2,,,,,,counterexample_audit,724643
G,G_00619,pan_carry,posthoc_single,0,0,0,0,1,0,0.03788363,11,4,-1,medium,high,0.75,medium,2,,,,,,counterexample_audit,724643
G,G_00619,pan_carry,soft_penalty_fc,1,0,1,0,1,0,0.03788363,11,4,-1,medium,high,0.75,medium,2,,,,,,counterexample_audit,724643
G,G_00619,pan_carry,observed_sfc,1,0,1,0,1,0,0.07867328,11,4,3,medium,high,0.75,medium,2,0.2,overconfident,0.7,,,counterexample_audit,724643
G,G_00619,pan_carry,risk_aware_sfc,1,0,1,0,1,0,0.07867328,11,4,3,medium,high,0.75,medium,2,0.2,overconfident,0.7,,,counterexample_audit,724643
G,G_00619,pan_carry,abstaining_sfc,1,0,1,0,1,0,0.07867328,11,4,3,medium,high,0.75,medium,2,0.2,overconfident,0.7,,,counterexample_audit,724643
G,G_00620,pan_carry,geometric_fc,1,0,1,0,1,0,0.03659856,11,4,-1,medium,high,0.75,medium,2,,,,,,counterexample_audit,724644
G,G_00620,pan_carry,oracle_sfc,0,0,0,0,1,0,0.0,11,4,-1,medium,high,0.75,medium,2,,,,,,counterexample_audit,724644
G,G_00620,pan_carry,semantic_only,1,0,1,0,1,0,0.0,11,4,-1,medium,high,0.75,medium,2,,,,,,counterexample_audit,724644
G,G_00620,pan_carry,posthoc_single,0,0,0,0,1,0,0.03659856,11,4,-1,medium,high,0.75,medium,2,,,,,,counterexample_audit,724644
G,G_00620,pan_carry,soft_penalty_fc,1,0,1,0,1,0,0.03659856,11,4,-1,medium,high,0.75,medium,2,,,,,,counterexample_audit,724644
G,G_00620,pan_carry,observed_sfc,1,0,1,0,1,0,0.06460782,11,4,5,medium,high,0.75,medium,2,0.2,overconfident,0.7,,,counterexample_audit,724644
G,G_00620,pan_carry,risk_aware_sfc,1,0,1,0,1,0,0.06460782,11,4,5,medium,high,0.75,medium,2,0.2,overconfident,0.7,,,counterexample_audit,724644
G,G_00620,pan_carry,abstaining_sfc,1,0,1,0,1,0,0.06460782,11,4,5,medium,high,0.75,medium,2,0.2,overconfident,0.7,,,counterexample_audit,724644
G,G_00621,pan_carry,geometric_fc,1,0,1,0,1,0,0.03909858,11,4,-1,medium,high,0.75,medium,2,,,,,,counterexample_audit,724645
G,G_00621,pan_carry,oracle_sfc,0,0,0,0,1,0,0.0,11,4,-1,medium,high,0.75,medium,2,,,,,,counterexample_audit,724645
G,G_00621,pan_carry,semantic_only,1,0,1,0,1,0,0.0,11,4,-1,medium,high,0.75,medium,2,,,,,,counterexample_audit,724645
G,G_00621,pan_carry,posthoc_single,0,0,0,0,1,0,0.03909858,11,4,-1,medium,high,0.75,medium,2,,,,,,counterexample_audit,724645
G,G_00621,pan_carry,soft_penalty_fc,1,0,1,0,1,0,0.03909858,11,4,-1,medium,high,0.75,medium,2,,,,,,counterexample_audit,724645
G,G_00621,pan_carry,observed_sfc,1,0,1,0,1,0,0.04422924,11,4,5,medium,high,0.75,medium,2,0.2,overconfident,0.7,,,counterexample_audit,724645
G,G_00621,pan_carry,risk_aware_sfc,1,0,1,0,1,0,0.04422924,11,4,5,medium,high,0.75,medium,2,0.2,overconfident,0.7,,,counterexample_audit,724645
G,G_00621,pan_carry,abstaining_sfc,1,0,1,0,1,0,0.04422924,11,4,5,medium,high,0.75,medium,2,0.2,overconfident,0.7,,,counterexample_audit,724645
G,G_00622,pan_carry,geometric_fc,1,0,1,0,1,0,0.03760125,11,4,-1,medium,high,0.75,medium,2,,,,,,counterexample_audit,724646
G,G_00622,pan_carry,oracle_sfc,0,0,0,0,1,0,0.0,11,4,-1,medium,high,0.75,medium,2,,,,,,counterexample_audit,724646
G,G_00622,pan_carry,semantic_only,1,0,1,0,1,0,0.0,11,4,-1,medium,high,0.75,medium,2,,,,,,counterexample_audit,724646
G,G_00622,pan_carry,posthoc_single,0,0,0,0,1,0,0.03760125,11,4,-1,medium,high,0.75,medium,2,,,,,,counterexample_audit,724646
G,G_00622,pan_carry,soft_penalty_fc,1,0,1,0,1,0,0.03760125,11,4,-1,medium,high,0.75,medium,2,,,,,,counterexample_audit,724646
G,G_00622,pan_carry,observed_sfc,1,0,1,0,1,0,0.03417206,11,4,5,medium,high,0.75,medium,2,0.2,overconfident,0.7,,,counterexample_audit,724646
G,G_00622,pan_carry,risk_aware_sfc,1,0,1,0,1,0,0.03417206,11,4,5,medium,high,0.75,medium,2,0.2,overconfident,0.7,,,counterexample_audit,724646
G,G_00622,pan_carry,abstaining_sfc,1,0,1,0,1,0,0.03417206,11,4,5,medium,high,0.75,medium,2,0.2,overconfident,0.7,,,counterexample_audit,724646
G,G_00623,pan_carry,geometric_fc,1,0,1,0,1,0,0.03929282,11,4,-1,medium,high,0.75,medium,2,,,,,,counterexample_audit,724647
G,G_00623,pan_carry,oracle_sfc,0,0,0,0,1,0,0.0,11,4,-1,medium,high,0.75,medium,2,,,,,,counterexample_audit,724647
G,G_00623,pan_carry,semantic_only,1,0,1,0,1,0,0.0,11,4,-1,medium,high,0.75,medium,2,,,,,,counterexample_audit,724647
G,G_00623,pan_carry,posthoc_single,0,0,0,0,1,0,0.03929282,11,4,-1,medium,high,0.75,medium,2,,,,,,counterexample_audit,724647
G,G_00623,pan_carry,soft_penalty_fc,1,0,1,0,1,0,0.03929282,11,4,-1,medium,high,0.75,medium,2,,,,,,counterexample_audit,724647
G,G_00623,pan_carry,observed_sfc,0,0,0,0,1,0,0.0,11,4,4,medium,high,0.75,medium,2,0.2,overconfident,0.7,,,counterexample_audit,724647
G,G_00623,pan_carry,risk_aware_sfc,0,0,0,0,1,0,0.0,11,4,4,medium,high,0.75,medium,2,0.2,overconfident,0.7,,,counterexample_audit,724647
G,G_00623,pan_carry,abstaining_sfc,0,0,0,0,1,0,0.0,11,4,4,medium,high,0.75,medium,2,0.2,overconfident,0.7,,,counterexample_audit,724647
G,G_00624,pan_carry,geometric_fc,1,0,1,0,1,0,0.03695405,11,4,-1,medium,high,0.75,medium,2,,,,,,counterexample_audit,724648
G,G_00624,pan_carry,oracle_sfc,0,0,0,0,1,0,0.0,11,4,-1,medium,high,0.75,medium,2,,,,,,counterexample_audit,724648
G,G_00624,pan_carry,semantic_only,1,0,1,0,1,0,0.0,11,4,-1,medium,high,0.75,medium,2,,,,,,counterexample_audit,724648
G,G_00624,pan_carry,posthoc_single,0,0,0,0,1,0,0.03695405,11,4,-1,medium,high,0.75,medium,2,,,,,,counterexample_audit,724648
G,G_00624,pan_carry,soft_penalty_fc,1,0,1,0,1,0,0.03695405,11,4,-1,medium,high,0.75,medium,2,,,,,,counterexample_audit,724648
G,G_00624,pan_carry,observed_sfc,0,0,0,0,1,0,0.0,11,4,4,medium,high,0.75,medium,2,0.2,overconfident,0.7,,,counterexample_audit,724648
G,G_00624,pan_carry,risk_aware_sfc,0,0,0,0,1,0,0.0,11,4,4,medium,high,0.75,medium,2,0.2,overconfident,0.7,,,counterexample_audit,724648
G,G_00624,pan_carry,abstaining_sfc,0,0,0,0,1,0,0.0,11,4,4,medium,high,0.75,medium,2,0.2,overconfident,0.7,,,counterexample_audit,724648
G,G_00625,pan_carry,geometric_fc,1,0,1,0,1,0,0.03809794,11,4,-1,medium,high,0.75,medium,2,,,,,,counterexample_audit,724649
G,G_00625,pan_carry,oracle_sfc,0,0,0,0,1,0,0.0,11,4,-1,medium,high,0.75,medium,2,,,,,,counterexample_audit,724649
G,G_00625,pan_carry,semantic_only,1,0,1,0,1,0,0.0,11,4,-1,medium,high,0.75,medium,2,,,,,,counterexample_audit,724649
G,G_00625,pan_carry,posthoc_single,0,0,0,0,1,0,0.03809794,11,4,-1,medium,high,0.75,medium,2,,,,,,counterexample_audit,724649
G,G_00625,pan_carry,soft_penalty_fc,1,0,1,0,1,0,0.03809794,11,4,-1,medium,high,0.75,medium,2,,,,,,counterexample_audit,724649
G,G_00625,pan_carry,observed_sfc,1,0,1,0,1,0,0.05834518,11,4,6,medium,high,0.75,medium,2,0.2,overconfident,0.7,,,counterexample_audit,724649
G,G_00625,pan_carry,risk_aware_sfc,1,0,1,0,1,0,0.05834518,11,4,6,medium,high,0.75,medium,2,0.2,overconfident,0.7,,,counterexample_audit,724649
G,G_00625,pan_carry,abstaining_sfc,1,0,1,0,1,0,0.05834518,11,4,6,medium,high,0.75,medium,2,0.2,overconfident,0.7,,,counterexample_audit,724649
G,G_00626,pan_carry,geometric_fc,1,0,1,0,1,0,0.03764052,11,4,-1,medium,high,0.75,medium,2,,,,,,counterexample_audit,724650
G,G_00626,pan_carry,oracle_sfc,0,0,0,0,1,0,0.0,11,4,-1,medium,high,0.75,medium,2,,,,,,counterexample_audit,724650
G,G_00626,pan_carry,semantic_only,1,0,1,0,1,0,0.0,11,4,-1,medium,high,0.75,medium,2,,,,,,counterexample_audit,724650
G,G_00626,pan_carry,posthoc_single,0,0,0,0,1,0,0.03764052,11,4,-1,medium,high,0.75,medium,2,,,,,,counterexample_audit,724650
G,G_00626,pan_carry,soft_penalty_fc,1,0,1,0,1,0,0.03764052,11,4,-1,medium,high,0.75,medium,2,,,,,,counterexample_audit,724650
G,G_00626,pan_carry,observed_sfc,1,0,1,0,1,0,0.05054999,11,4,5,medium,high,0.75,medium,2,0.2,overconfident,0.7,,,counterexample_audit,724650
G,G_00626,pan_carry,risk_aware_sfc,1,0,1,0,1,0,0.05054999,11,4,5,medium,high,0.75,medium,2,0.2,overconfident,0.7,,,counterexample_audit,724650
G,G_00626,pan_carry,abstaining_sfc,1,0,1,0,1,0,0.05054999,11,4,5,medium,high,0.75,medium,2,0.2,overconfident,0.7,,,counterexample_audit,724650
G,G_00627,pan_carry,geometric_fc,1,0,1,0,1,0,0.03974137,11,4,-1,medium,high,0.75,medium,2,,,,,,counterexample_audit,724651
G,G_00627,pan_carry,oracle_sfc,0,0,0,0,1,0,0.0,11,4,-1,medium,high,0.75,medium,2,,,,,,counterexample_audit,724651
G,G_00627,pan_carry,semantic_only,1,0,1,0,1,0,0.0,11,4,-1,medium,high,0.75,medium,2,,,,,,counterexample_audit,724651
G,G_00627,pan_carry,posthoc_single,0,0,0,0,1,0,0.03974137,11,4,-1,medium,high,0.75,medium,2,,,,,,counterexample_audit,724651
G,G_00627,pan_carry,soft_penalty_fc,1,0,1,0,1,0,0.03974137,11,4,-1,medium,high,0.75,medium,2,,,,,,counterexample_audit,724651
G,G_00627,pan_carry,observed_sfc,0,0,0,0,1,0,0.0,11,4,4,medium,high,0.75,medium,2,0.2,overconfident,0.7,,,counterexample_audit,724651
G,G_00627,pan_carry,risk_aware_sfc,0,0,0,0,1,0,0.0,11,4,4,medium,high,0.75,medium,2,0.2,overconfident,0.7,,,counterexample_audit,724651
G,G_00627,pan_carry,abstaining_sfc,0,0,0,0,1,0,0.0,11,4,4,medium,high,0.75,medium,2,0.2,overconfident,0.7,,,counterexample_audit,724651
G,G_00628,pan_carry,geometric_fc,1,0,1,0,1,0,0.03752926,11,4,-1,medium,high,0.75,medium,2,,,,,,counterexample_audit,724652
G,G_00628,pan_carry,oracle_sfc,0,0,0,0,1,0,0.0,11,4,-1,medium,high,0.75,medium,2,,,,,,counterexample_audit,724652
G,G_00628,pan_carry,semantic_only,1,0,1,0,1,0,0.0,11,4,-1,medium,high,0.75,medium,2,,,,,,counterexample_audit,724652
G,G_00628,pan_carry,posthoc_single,0,0,0,0,1,0,0.03752926,11,4,-1,medium,high,0.75,medium,2,,,,,,counterexample_audit,724652
G,G_00628,pan_carry,soft_penalty_fc,1,0,1,0,1,0,0.03752926,11,4,-1,medium,high,0.75,medium,2,,,,,,counterexample_audit,724652
G,G_00628,pan_carry,observed_sfc,1,0,1,0,1,0,0.06942484,11,4,6,medium,high,0.75,medium,2,0.2,overconfident,0.7,,,counterexample_audit,724652
G,G_00628,pan_carry,risk_aware_sfc,1,0,1,0,1,0,0.06942484,11,4,6,medium,high,0.75,medium,2,0.2,overconfident,0.7,,,counterexample_audit,724652
G,G_00628,pan_carry,abstaining_sfc,1,0,1,0,1,0,0.06942484,11,4,6,medium,high,0.75,medium,2,0.2,overconfident,0.7,,,counterexample_audit,724652
G,G_00629,pan_carry,geometric_fc,1,0,1,0,1,0,0.03754432,11,4,-1,medium,high,0.75,medium,2,,,,,,counterexample_audit,724653
G,G_00629,pan_carry,oracle_sfc,0,0,0,0,1,0,0.0,11,4,-1,medium,high,0.75,medium,2,,,,,,counterexample_audit,724653
G,G_00629,pan_carry,semantic_only,1,0,1,0,1,0,0.0,11,4,-1,medium,high,0.75,medium,2,,,,,,counterexample_audit,724653
G,G_00629,pan_carry,posthoc_single,0,0,0,0,1,0,0.03754432,11,4,-1,medium,high,0.75,medium,2,,,,,,counterexample_audit,724653
G,G_00629,pan_carry,soft_penalty_fc,1,0,1,0,1,0,0.03754432,11,4,-1,medium,high,0.75,medium,2,,,,,,counterexample_audit,724653
G,G_00629,pan_carry,observed_sfc,1,0,1,0,1,0,0.05673234,11,4,5,medium,high,0.75,medium,2,0.2,overconfident,0.7,,,counterexample_audit,724653
G,G_00629,pan_carry,risk_aware_sfc,1,0,1,0,1,0,0.05673234,11,4,5,medium,high,0.75,medium,2,0.2,overconfident,0.7,,,counterexample_audit,724653
G,G_00629,pan_carry,abstaining_sfc,1,0,1,0,1,0,0.05673234,11,4,5,medium,high,0.75,medium,2,0.2,overconfident,0.7,,,counterexample_audit,724653
G,G_00630,pan_carry,geometric_fc,1,0,1,0,1,0,0.03701477,11,4,-1,medium,high,0.75,medium,2,,,,,,counterexample_audit,724654
G,G_00630,pan_carry,oracle_sfc,0,0,0,0,1,0,0.0,11,4,-1,medium,high,0.75,medium,2,,,,,,counterexample_audit,724654
G,G_00630,pan_carry,semantic_only,1,0,1,0,1,0,0.0,11,4,-1,medium,high,0.75,medium,2,,,,,,counterexample_audit,724654
G,G_00630,pan_carry,posthoc_single,0,0,0,0,1,0,0.03701477,11,4,-1,medium,high,0.75,medium,2,,,,,,counterexample_audit,724654
G,G_00630,pan_carry,soft_penalty_fc,1,0,1,0,1,0,0.03701477,11,4,-1,medium,high,0.75,medium,2,,,,,,counterexample_audit,724654
G,G_00630,pan_carry,observed_sfc,0,0,0,0,1,0,0.0,11,4,4,medium,high,0.75,medium,2,0.2,overconfident,0.7,,,counterexample_audit,724654
G,G_00630,pan_carry,risk_aware_sfc,0,0,0,0,1,0,0.0,11,4,4,medium,high,0.75,medium,2,0.2,overconfident,0.7,,,counterexample_audit,724654
G,G_00630,pan_carry,abstaining_sfc,0,0,0,0,1,0,0.0,11,4,4,medium,high,0.75,medium,2,0.2,overconfident,0.7,,,counterexample_audit,724654
G,G_00631,pan_carry,geometric_fc,1,0,1,0,1,0,0.03885215,11,4,-1,medium,high,0.75,medium,2,,,,,,counterexample_audit,724655
G,G_00631,pan_carry,oracle_sfc,0,0,0,0,1,0,0.0,11,4,-1,medium,high,0.75,medium,2,,,,,,counterexample_audit,724655
G,G_00631,pan_carry,semantic_only,1,0,1,0,1,0,0.0,11,4,-1,medium,high,0.75,medium,2,,,,,,counterexample_audit,724655
G,G_00631,pan_carry,posthoc_single,0,0,0,0,1,0,0.03885215,11,4,-1,medium,high,0.75,medium,2,,,,,,counterexample_audit,724655
G,G_00631,pan_carry,soft_penalty_fc,1,0,1,0,1,0,0.03885215,11,4,-1,medium,high,0.75,medium,2,,,,,,counterexample_audit,724655
G,G_00631,pan_carry,observed_sfc,0,0,0,0,1,0,0.0,11,4,3,medium,high,0.75,medium,2,0.2,overconfident,0.7,,,counterexample_audit,724655
G,G_00631,pan_carry,risk_aware_sfc,0,0,0,0,1,0,0.0,11,4,3,medium,high,0.75,medium,2,0.2,overconfident,0.7,,,counterexample_audit,724655
G,G_00631,pan_carry,abstaining_sfc,0,0,0,0,1,0,0.0,11,4,3,medium,high,0.75,medium,2,0.2,overconfident,0.7,,,counterexample_audit,724655
G,G_00632,pan_carry,geometric_fc,1,0,1,0,1,0,0.03709328,11,4,-1,medium,high,0.75,medium,2,,,,,,counterexample_audit,724656
G,G_00632,pan_carry,oracle_sfc,0,0,0,0,1,0,0.0,11,4,-1,medium,high,0.75,medium,2,,,,,,counterexample_audit,724656
G,G_00632,pan_carry,semantic_only,1,0,1,0,1,0,0.0,11,4,-1,medium,high,0.75,medium,2,,,,,,counterexample_audit,724656
G,G_00632,pan_carry,posthoc_single,0,0,0,0,1,0,0.03709328,11,4,-1,medium,high,0.75,medium,2,,,,,,counterexample_audit,724656
G,G_00632,pan_carry,soft_penalty_fc,1,0,1,0,1,0,0.03709328,11,4,-1,medium,high,0.75,medium,2,,,,,,counterexample_audit,724656
G,G_00632,pan_carry,observed_sfc,1,0,1,0,1,0,0.04276561,11,4,4,medium,high,0.75,medium,2,0.2,overconfident,0.7,,,counterexample_audit,724656
G,G_00632,pan_carry,risk_aware_sfc,1,0,1,0,1,0,0.04276561,11,4,4,medium,high,0.75,medium,2,0.2,overconfident,0.7,,,counterexample_audit,724656
G,G_00632,pan_carry,abstaining_sfc,1,0,1,0,1,0,0.04276561,11,4,4,medium,high,0.75,medium,2,0.2,overconfident,0.7,,,counterexample_audit,724656
G,G_00633,pan_carry,geometric_fc,1,0,1,0,1,0,0.03898875,11,4,-1,medium,high,0.75,medium,2,,,,,,counterexample_audit,724657
G,G_00633,pan_carry,oracle_sfc,0,0,0,0,1,0,0.0,11,4,-1,medium,high,0.75,medium,2,,,,,,counterexample_audit,724657
G,G_00633,pan_carry,semantic_only,1,0,1,0,1,0,0.0,11,4,-1,medium,high,0.75,medium,2,,,,,,counterexample_audit,724657
G,G_00633,pan_carry,posthoc_single,0,0,0,0,1,0,0.03898875,11,4,-1,medium,high,0.75,medium,2,,,,,,counterexample_audit,724657
G,G_00633,pan_carry,soft_penalty_fc,1,0,1,0,1,0,0.03898875,11,4,-1,medium,high,0.75,medium,2,,,,,,counterexample_audit,724657
G,G_00633,pan_carry,observed_sfc,0,0,0,0,1,0,0.0,11,4,3,medium,high,0.75,medium,2,0.2,overconfident,0.7,,,counterexample_audit,724657
G,G_00633,pan_carry,risk_aware_sfc,0,0,0,0,1,0,0.0,11,4,3,medium,high,0.75,medium,2,0.2,overconfident,0.7,,,counterexample_audit,724657
G,G_00633,pan_carry,abstaining_sfc,0,0,0,0,1,0,0.0,11,4,3,medium,high,0.75,medium,2,0.2,overconfident,0.7,,,counterexample_audit,724657
G,G_00634,pan_carry,geometric_fc,1,0,1,0,1,0,0.03986556,11,4,-1,medium,high,0.75,medium,2,,,,,,counterexample_audit,724658
G,G_00634,pan_carry,oracle_sfc,0,0,0,0,1,0,0.0,11,4,-1,medium,high,0.75,medium,2,,,,,,counterexample_audit,724658
G,G_00634,pan_carry,semantic_only,1,0,1,0,1,0,0.0,11,4,-1,medium,high,0.75,medium,2,,,,,,counterexample_audit,724658
G,G_00634,pan_carry,posthoc_single,0,0,0,0,1,0,0.03986556,11,4,-1,medium,high,0.75,medium,2,,,,,,counterexample_audit,724658
G,G_00634,pan_carry,soft_penalty_fc,1,0,1,0,1,0,0.03986556,11,4,-1,medium,high,0.75,medium,2,,,,,,counterexample_audit,724658
G,G_00634,pan_carry,observed_sfc,0,0,0,0,1,0,0.0,11,4,4,medium,high,0.75,medium,2,0.2,overconfident,0.7,,,counterexample_audit,724658
G,G_00634,pan_carry,risk_aware_sfc,0,0,0,0,1,0,0.0,11,4,4,medium,high,0.75,medium,2,0.2,overconfident,0.7,,,counterexample_audit,724658
G,G_00634,pan_carry,abstaining_sfc,0,0,0,0,1,0,0.0,11,4,4,medium,high,0.75,medium,2,0.2,overconfident,0.7,,,counterexample_audit,724658
G,G_00635,pan_carry,geometric_fc,1,0,1,0,1,0,0.0365756,11,4,-1,medium,high,0.75,medium,2,,,,,,counterexample_audit,724659
G,G_00635,pan_carry,oracle_sfc,0,0,0,0,1,0,0.0,11,4,-1,medium,high,0.75,medium,2,,,,,,counterexample_audit,724659
G,G_00635,pan_carry,semantic_only,1,0,1,0,1,0,0.0,11,4,-1,medium,high,0.75,medium,2,,,,,,counterexample_audit,724659
G,G_00635,pan_carry,posthoc_single,0,0,0,0,1,0,0.0365756,11,4,-1,medium,high,0.75,medium,2,,,,,,counterexample_audit,724659
G,G_00635,pan_carry,soft_penalty_fc,1,0,1,0,1,0,0.0365756,11,4,-1,medium,high,0.75,medium,2,,,,,,counterexample_audit,724659
G,G_00635,pan_carry,observed_sfc,1,0,1,0,1,0,0.04092055,11,4,5,medium,high,0.75,medium,2,0.2,overconfident,0.7,,,counterexample_audit,724659
G,G_00635,pan_carry,risk_aware_sfc,1,0,1,0,1,0,0.04092055,11,4,5,medium,high,0.75,medium,2,0.2,overconfident,0.7,,,counterexample_audit,724659
G,G_00635,pan_carry,abstaining_sfc,1,0,1,0,1,0,0.04092055,11,4,5,medium,high,0.75,medium,2,0.2,overconfident,0.7,,,counterexample_audit,724659
G,G_00636,pan_carry,geometric_fc,1,0,1,0,1,0,0.03699725,11,4,-1,medium,high,0.75,medium,2,,,,,,counterexample_audit,724660
G,G_00636,pan_carry,oracle_sfc,0,0,0,0,1,0,0.0,11,4,-1,medium,high,0.75,medium,2,,,,,,counterexample_audit,724660
G,G_00636,pan_carry,semantic_only,1,0,1,0,1,0,0.0,11,4,-1,medium,high,0.75,medium,2,,,,,,counterexample_audit,724660
G,G_00636,pan_carry,posthoc_single,0,0,0,0,1,0,0.03699725,11,4,-1,medium,high,0.75,medium,2,,,,,,counterexample_audit,724660
G,G_00636,pan_carry,soft_penalty_fc,1,0,1,0,1,0,0.03699725,11,4,-1,medium,high,0.75,medium,2,,,,,,counterexample_audit,724660
G,G_00636,pan_carry,observed_sfc,1,0,1,0,1,0,0.12560998,11,4,3,medium,high,0.75,medium,2,0.2,overconfident,0.7,,,counterexample_audit,724660
G,G_00636,pan_carry,risk_aware_sfc,1,0,1,0,1,0,0.12560998,11,4,3,medium,high,0.75,medium,2,0.2,overconfident,0.7,,,counterexample_audit,724660
G,G_00636,pan_carry,abstaining_sfc,1,0,1,0,1,0,0.12560998,11,4,3,medium,high,0.75,medium,2,0.2,overconfident,0.7,,,counterexample_audit,724660
G,G_00637,pan_carry,geometric_fc,1,0,1,0,1,0,0.03727034,11,4,-1,medium,high,0.75,medium,2,,,,,,counterexample_audit,724661
G,G_00637,pan_carry,oracle_sfc,0,0,0,0,1,0,0.0,11,4,-1,medium,high,0.75,medium,2,,,,,,counterexample_audit,724661
G,G_00637,pan_carry,semantic_only,1,0,1,0,1,0,0.0,11,4,-1,medium,high,0.75,medium,2,,,,,,counterexample_audit,724661
G,G_00637,pan_carry,posthoc_single,0,0,0,0,1,0,0.03727034,11,4,-1,medium,high,0.75,medium,2,,,,,,counterexample_audit,724661
G,G_00637,pan_carry,soft_penalty_fc,1,0,1,0,1,0,0.03727034,11,4,-1,medium,high,0.75,medium,2,,,,,,counterexample_audit,724661
G,G_00637,pan_carry,observed_sfc,1,0,1,0,1,0,0.08243425,11,4,5,medium,high,0.75,medium,2,0.2,overconfident,0.7,,,counterexample_audit,724661
G,G_00637,pan_carry,risk_aware_sfc,1,0,1,0,1,0,0.08243425,11,4,5,medium,high,0.75,medium,2,0.2,overconfident,0.7,,,counterexample_audit,724661
G,G_00637,pan_carry,abstaining_sfc,1,0,1,0,1,0,0.08243425,11,4,5,medium,high,0.75,medium,2,0.2,overconfident,0.7,,,counterexample_audit,724661
G,G_00638,pan_carry,geometric_fc,1,0,1,0,1,0,0.03609441,11,4,-1,medium,high,0.75,medium,2,,,,,,counterexample_audit,724662
G,G_00638,pan_carry,oracle_sfc,0,0,0,0,1,0,0.0,11,4,-1,medium,high,0.75,medium,2,,,,,,counterexample_audit,724662
G,G_00638,pan_carry,semantic_only,1,0,1,0,1,0,0.0,11,4,-1,medium,high,0.75,medium,2,,,,,,counterexample_audit,724662
G,G_00638,pan_carry,posthoc_single,0,0,0,0,1,0,0.03609441,11,4,-1,medium,high,0.75,medium,2,,,,,,counterexample_audit,724662
G,G_00638,pan_carry,soft_penalty_fc,1,0,1,0,1,0,0.03609441,11,4,-1,medium,high,0.75,medium,2,,,,,,counterexample_audit,724662
G,G_00638,pan_carry,observed_sfc,1,0,1,0,1,0,0.0791127,11,4,4,medium,high,0.75,medium,2,0.2,overconfident,0.7,,,counterexample_audit,724662
G,G_00638,pan_carry,risk_aware_sfc,1,0,1,0,1,0,0.0791127,11,4,4,medium,high,0.75,medium,2,0.2,overconfident,0.7,,,counterexample_audit,724662
G,G_00638,pan_carry,abstaining_sfc,1,0,1,0,1,0,0.0791127,11,4,4,medium,high,0.75,medium,2,0.2,overconfident,0.7,,,counterexample_audit,724662
G,G_00639,pan_carry,geometric_fc,1,0,1,0,1,0,0.03741226,11,4,-1,medium,high,0.75,medium,2,,,,,,counterexample_audit,724663
G,G_00639,pan_carry,oracle_sfc,0,0,0,0,1,0,0.0,11,4,-1,medium,high,0.75,medium,2,,,,,,counterexample_audit,724663
G,G_00639,pan_carry,semantic_only,1,0,1,0,1,0,0.0,11,4,-1,medium,high,0.75,medium,2,,,,,,counterexample_audit,724663
G,G_00639,pan_carry,posthoc_single,0,0,0,0,1,0,0.03741226,11,4,-1,medium,high,0.75,medium,2,,,,,,counterexample_audit,724663
G,G_00639,pan_carry,soft_penalty_fc,1,0,1,0,1,0,0.03741226,11,4,-1,medium,high,0.75,medium,2,,,,,,counterexample_audit,724663
G,G_00639,pan_carry,observed_sfc,1,0,1,0,1,0,0.08999288,11,4,5,medium,high,0.75,medium,2,0.2,overconfident,0.7,,,counterexample_audit,724663
G,G_00639,pan_carry,risk_aware_sfc,1,0,1,0,1,0,0.08999288,11,4,5,medium,high,0.75,medium,2,0.2,overconfident,0.7,,,counterexample_audit,724663
G,G_00639,pan_carry,abstaining_sfc,1,0,1,0,1,0,0.08999288,11,4,5,medium,high,0.75,medium,2,0.2,overconfident,0.7,,,counterexample_audit,724663
G,G_00640,pan_carry,geometric_fc,1,0,1,0,1,0,0.03969179,11,4,-1,medium,high,0.75,medium,2,,,,,,counterexample_audit,724664
G,G_00640,pan_carry,oracle_sfc,0,0,0,0,1,0,0.0,11,4,-1,medium,high,0.75,medium,2,,,,,,counterexample_audit,724664
G,G_00640,pan_carry,semantic_only,1,0,1,0,1,0,0.0,11,4,-1,medium,high,0.75,medium,2,,,,,,counterexample_audit,724664
G,G_00640,pan_carry,posthoc_single,0,0,0,0,1,0,0.03969179,11,4,-1,medium,high,0.75,medium,2,,,,,,counterexample_audit,724664
G,G_00640,pan_carry,soft_penalty_fc,1,0,1,0,1,0,0.03969179,11,4,-1,medium,high,0.75,medium,2,,,,,,counterexample_audit,724664
G,G_00640,pan_carry,observed_sfc,0,0,0,0,1,0,0.0,11,4,3,medium,high,0.75,medium,2,0.2,overconfident,0.7,,,counterexample_audit,724664
G,G_00640,pan_carry,risk_aware_sfc,0,0,0,0,1,0,0.0,11,4,3,medium,high,0.75,medium,2,0.2,overconfident,0.7,,,counterexample_audit,724664
G,G_00640,pan_carry,abstaining_sfc,0,0,0,0,1,0,0.0,11,4,3,medium,high,0.75,medium,2,0.2,overconfident,0.7,,,counterexample_audit,724664
G,G_00641,tablet_pickup,geometric_fc,1,0,1,0,1,0,0.04761438,9,4,-1,medium,high,0.75,medium,2,,,,,,counterexample_audit,724665
G,G_00641,tablet_pickup,oracle_sfc,0,0,0,0,1,0,0.0,9,4,-1,medium,high,0.75,medium,2,,,,,,counterexample_audit,724665
G,G_00641,tablet_pickup,semantic_only,1,0,1,0,1,0,0.0,9,4,-1,medium,high,0.75,medium,2,,,,,,counterexample_audit,724665
G,G_00641,tablet_pickup,posthoc_single,0,0,0,0,1,0,0.04761438,9,4,-1,medium,high,0.75,medium,2,,,,,,counterexample_audit,724665
G,G_00641,tablet_pickup,soft_penalty_fc,1,0,1,0,1,0,0.04761438,9,4,-1,medium,high,0.75,medium,2,,,,,,counterexample_audit,724665
G,G_00641,tablet_pickup,observed_sfc,0,0,0,0,1,0,0.0,9,4,2,medium,high,0.75,medium,2,0.2,overconfident,0.7,,,counterexample_audit,724665
G,G_00641,tablet_pickup,risk_aware_sfc,0,0,0,0,1,0,0.0,9,4,2,medium,high,0.75,medium,2,0.2,overconfident,0.7,,,counterexample_audit,724665
G,G_00641,tablet_pickup,abstaining_sfc,0,0,0,0,1,0,0.0,9,4,2,medium,high,0.75,medium,2,0.2,overconfident,0.7,,,counterexample_audit,724665
G,G_00642,tablet_pickup,geometric_fc,1,0,1,0,1,0,0.05019919,9,4,-1,medium,high,0.75,medium,2,,,,,,counterexample_audit,724666
G,G_00642,tablet_pickup,oracle_sfc,0,0,0,0,1,0,0.0,9,4,-1,medium,high,0.75,medium,2,,,,,,counterexample_audit,724666
G,G_00642,tablet_pickup,semantic_only,1,0,1,0,1,0,0.0,9,4,-1,medium,high,0.75,medium,2,,,,,,counterexample_audit,724666
G,G_00642,tablet_pickup,posthoc_single,0,0,0,0,1,0,0.05019919,9,4,-1,medium,high,0.75,medium,2,,,,,,counterexample_audit,724666
G,G_00642,tablet_pickup,soft_penalty_fc,1,0,1,0,1,0,0.05019919,9,4,-1,medium,high,0.75,medium,2,,,,,,counterexample_audit,724666
G,G_00642,tablet_pickup,observed_sfc,1,0,1,0,1,0,0.06272406,9,4,6,medium,high,0.75,medium,2,0.2,overconfident,0.7,,,counterexample_audit,724666
G,G_00642,tablet_pickup,risk_aware_sfc,1,0,1,0,1,0,0.06272406,9,4,6,medium,high,0.75,medium,2,0.2,overconfident,0.7,,,counterexample_audit,724666
G,G_00642,tablet_pickup,abstaining_sfc,1,0,1,0,1,0,0.06272406,9,4,6,medium,high,0.75,medium,2,0.2,overconfident,0.7,,,counterexample_audit,724666
G,G_00643,tablet_pickup,geometric_fc,1,0,1,0,1,0,0.04763089,9,4,-1,medium,high,0.75,medium,2,,,,,,counterexample_audit,724667
G,G_00643,tablet_pickup,oracle_sfc,0,0,0,0,1,0,0.0,9,4,-1,medium,high,0.75,medium,2,,,,,,counterexample_audit,724667
G,G_00643,tablet_pickup,semantic_only,1,0,1,0,1,0,0.0,9,4,-1,medium,high,0.75,medium,2,,,,,,counterexample_audit,724667
G,G_00643,tablet_pickup,posthoc_single,0,0,0,0,1,0,0.04763089,9,4,-1,medium,high,0.75,medium,2,,,,,,counterexample_audit,724667
G,G_00643,tablet_pickup,soft_penalty_fc,1,0,1,0,1,0,0.04763089,9,4,-1,medium,high,0.75,medium,2,,,,,,counterexample_audit,724667
G,G_00643,tablet_pickup,observed_sfc,1,0,1,0,1,0,0.06591234,9,4,6,medium,high,0.75,medium,2,0.2,overconfident,0.7,,,counterexample_audit,724667
G,G_00643,tablet_pickup,risk_aware_sfc,1,0,1,0,1,0,0.06591234,9,4,6,medium,high,0.75,medium,2,0.2,overconfident,0.7,,,counterexample_audit,724667
G,G_00643,tablet_pickup,abstaining_sfc,1,0,1,0,1,0,0.06591234,9,4,6,medium,high,0.75,medium,2,0.2,overconfident,0.7,,,counterexample_audit,724667
G,G_00644,tablet_pickup,geometric_fc,1,0,1,0,1,0,0.04570957,9,4,-1,medium,high,0.75,medium,2,,,,,,counterexample_audit,724668
G,G_00644,tablet_pickup,oracle_sfc,0,0,0,0,1,0,0.0,9,4,-1,medium,high,0.75,medium,2,,,,,,counterexample_audit,724668
G,G_00644,tablet_pickup,semantic_only,1,0,1,0,1,0,0.0,9,4,-1,medium,high,0.75,medium,2,,,,,,counterexample_audit,724668
G,G_00644,tablet_pickup,posthoc_single,0,0,0,0,1,0,0.04570957,9,4,-1,medium,high,0.75,medium,2,,,,,,counterexample_audit,724668
G,G_00644,tablet_pickup,soft_penalty_fc,1,0,1,0,1,0,0.04570957,9,4,-1,medium,high,0.75,medium,2,,,,,,counterexample_audit,724668
G,G_00644,tablet_pickup,observed_sfc,0,0,0,0,1,0,0.0,9,4,3,medium,high,0.75,medium,2,0.2,overconfident,0.7,,,counterexample_audit,724668
G,G_00644,tablet_pickup,risk_aware_sfc,0,0,0,0,1,0,0.0,9,4,3,medium,high,0.75,medium,2,0.2,overconfident,0.7,,,counterexample_audit,724668
G,G_00644,tablet_pickup,abstaining_sfc,0,0,0,0,1,0,0.0,9,4,3,medium,high,0.75,medium,2,0.2,overconfident,0.7,,,counterexample_audit,724668
G,G_00645,tablet_pickup,geometric_fc,1,0,1,0,1,0,0.04492021,9,4,-1,medium,high,0.75,medium,2,,,,,,counterexample_audit,724669
G,G_00645,tablet_pickup,oracle_sfc,0,0,0,0,1,0,0.0,9,4,-1,medium,high,0.75,medium,2,,,,,,counterexample_audit,724669
G,G_00645,tablet_pickup,semantic_only,1,0,1,0,1,0,0.0,9,4,-1,medium,high,0.75,medium,2,,,,,,counterexample_audit,724669
G,G_00645,tablet_pickup,posthoc_single,0,0,0,0,1,0,0.04492021,9,4,-1,medium,high,0.75,medium,2,,,,,,counterexample_audit,724669
G,G_00645,tablet_pickup,soft_penalty_fc,1,0,1,0,1,0,0.04492021,9,4,-1,medium,high,0.75,medium,2,,,,,,counterexample_audit,724669
G,G_00645,tablet_pickup,observed_sfc,1,0,1,0,1,0,0.04171486,9,4,5,medium,high,0.75,medium,2,0.2,overconfident,0.7,,,counterexample_audit,724669
G,G_00645,tablet_pickup,risk_aware_sfc,1,0,1,0,1,0,0.04171486,9,4,5,medium,high,0.75,medium,2,0.2,overconfident,0.7,,,counterexample_audit,724669
G,G_00645,tablet_pickup,abstaining_sfc,1,0,1,0,1,0,0.04171486,9,4,5,medium,high,0.75,medium,2,0.2,overconfident,0.7,,,counterexample_audit,724669
G,G_00646,tablet_pickup,geometric_fc,1,0,1,0,1,0,0.04723468,9,4,-1,medium,high,0.75,medium,2,,,,,,counterexample_audit,724670
G,G_00646,tablet_pickup,oracle_sfc,0,0,0,0,1,0,0.0,9,4,-1,medium,high,0.75,medium,2,,,,,,counterexample_audit,724670
G,G_00646,tablet_pickup,semantic_only,1,0,1,0,1,0,0.0,9,4,-1,medium,high,0.75,medium,2,,,,,,counterexample_audit,724670
G,G_00646,tablet_pickup,posthoc_single,0,0,0,0,1,0,0.04723468,9,4,-1,medium,high,0.75,medium,2,,,,,,counterexample_audit,724670
G,G_00646,tablet_pickup,soft_penalty_fc,1,0,1,0,1,0,0.04723468,9,4,-1,medium,high,0.75,medium,2,,,,,,counterexample_audit,724670
G,G_00646,tablet_pickup,observed_sfc,0,0,0,0,1,0,0.0,9,4,4,medium,high,0.75,medium,2,0.2,overconfident,0.7,,,counterexample_audit,724670
G,G_00646,tablet_pickup,risk_aware_sfc,0,0,0,0,1,0,0.0,9,4,4,medium,high,0.75,medium,2,0.2,overconfident,0.7,,,counterexample_audit,724670
G,G_00646,tablet_pickup,abstaining_sfc,0,0,0,0,1,0,0.0,9,4,4,medium,high,0.75,medium,2,0.2,overconfident,0.7,,,counterexample_audit,724670
G,G_00647,tablet_pickup,geometric_fc,1,0,1,0,1,0,0.04852017,9,4,-1,medium,high,0.75,medium,2,,,,,,counterexample_audit,724671
G,G_00647,tablet_pickup,oracle_sfc,0,0,0,0,1,0,0.0,9,4,-1,medium,high,0.75,medium,2,,,,,,counterexample_audit,724671
G,G_00647,tablet_pickup,semantic_only,1,0,1,0,1,0,0.0,9,4,-1,medium,high,0.75,medium,2,,,,,,counterexample_audit,724671
G,G_00647,tablet_pickup,posthoc_single,0,0,0,0,1,0,0.04852017,9,4,-1,medium,high,0.75,medium,2,,,,,,counterexample_audit,724671
G,G_00647,tablet_pickup,soft_penalty_fc,1,0,1,0,1,0,0.04852017,9,4,-1,medium,high,0.75,medium,2,,,,,,counterexample_audit,724671
G,G_00647,tablet_pickup,observed_sfc,1,0,1,0,1,0,0.04051129,9,4,4,medium,high,0.75,medium,2,0.2,overconfident,0.7,,,counterexample_audit,724671
G,G_00647,tablet_pickup,risk_aware_sfc,1,0,1,0,1,0,0.04051129,9,4,4,medium,high,0.75,medium,2,0.2,overconfident,0.7,,,counterexample_audit,724671
G,G_00647,tablet_pickup,abstaining_sfc,1,0,1,0,1,0,0.04051129,9,4,4,medium,high,0.75,medium,2,0.2,overconfident,0.7,,,counterexample_audit,724671
G,G_00648,tablet_pickup,geometric_fc,1,0,1,1,1,1,0.04588833,9,4,-1,medium,high,0.75,medium,2,,,,,,counterexample_audit,724672
G,G_00648,tablet_pickup,oracle_sfc,1,1,0,0,1,1,0.00046618,9,4,-1,medium,high,0.75,medium,2,,,,,,counterexample_audit,724672
G,G_00648,tablet_pickup,semantic_only,1,1,0,0,1,1,0.0,9,4,-1,medium,high,0.75,medium,2,,,,,,counterexample_audit,724672
G,G_00648,tablet_pickup,posthoc_single,0,0,0,1,1,1,0.04588833,9,4,-1,medium,high,0.75,medium,2,,,,,,counterexample_audit,724672
G,G_00648,tablet_pickup,soft_penalty_fc,1,0,1,1,1,1,0.04588833,9,4,-1,medium,high,0.75,medium,2,,,,,,counterexample_audit,724672
G,G_00648,tablet_pickup,observed_sfc,1,1,0,0,1,1,0.00046618,9,4,4,medium,high,0.75,medium,2,0.2,overconfident,0.7,,,counterexample_audit,724672
G,G_00648,tablet_pickup,risk_aware_sfc,1,1,0,0,1,1,0.00046618,9,4,4,medium,high,0.75,medium,2,0.2,overconfident,0.7,,,counterexample_audit,724672
G,G_00648,tablet_pickup,abstaining_sfc,1,1,0,0,1,1,0.00046618,9,4,4,medium,high,0.75,medium,2,0.2,overconfident,0.7,,,counterexample_audit,724672
G,G_00649,tablet_pickup,geometric_fc,1,0,1,0,1,0,0.04510853,9,4,-1,medium,high,0.75,medium,2,,,,,,counterexample_audit,724673
G,G_00649,tablet_pickup,oracle_sfc,0,0,0,0,1,0,0.0,9,4,-1,medium,high,0.75,medium,2,,,,,,counterexample_audit,724673
G,G_00649,tablet_pickup,semantic_only,1,0,1,0,1,0,0.0,9,4,-1,medium,high,0.75,medium,2,,,,,,counterexample_audit,724673
G,G_00649,tablet_pickup,posthoc_single,0,0,0,0,1,0,0.04510853,9,4,-1,medium,high,0.75,medium,2,,,,,,counterexample_audit,724673
G,G_00649,tablet_pickup,soft_penalty_fc,1,0,1,0,1,0,0.04510853,9,4,-1,medium,high,0.75,medium,2,,,,,,counterexample_audit,724673
G,G_00649,tablet_pickup,observed_sfc,1,0,1,0,1,0,0.05167649,9,4,5,medium,high,0.75,medium,2,0.2,overconfident,0.7,,,counterexample_audit,724673
G,G_00649,tablet_pickup,risk_aware_sfc,1,0,1,0,1,0,0.05167649,9,4,5,medium,high,0.75,medium,2,0.2,overconfident,0.7,,,counterexample_audit,724673
G,G_00649,tablet_pickup,abstaining_sfc,1,0,1,0,1,0,0.05167649,9,4,5,medium,high,0.75,medium,2,0.2,overconfident,0.7,,,counterexample_audit,724673
G,G_00650,tablet_pickup,geometric_fc,1,0,1,0,1,0,0.04521764,9,4,-1,medium,high,0.75,medium,2,,,,,,counterexample_audit,724674
G,G_00650,tablet_pickup,oracle_sfc,0,0,0,0,1,0,0.0,9,4,-1,medium,high,0.75,medium,2,,,,,,counterexample_audit,724674
G,G_00650,tablet_pickup,semantic_only,1,0,1,0,1,0,0.0,9,4,-1,medium,high,0.75,medium,2,,,,,,counterexample_audit,724674
G,G_00650,tablet_pickup,posthoc_single,0,0,0,0,1,0,0.04521764,9,4,-1,medium,high,0.75,medium,2,,,,,,counterexample_audit,724674
G,G_00650,tablet_pickup,soft_penalty_fc,1,0,1,0,1,0,0.04521764,9,4,-1,medium,high,0.75,medium,2,,,,,,counterexample_audit,724674
G,G_00650,tablet_pickup,observed_sfc,1,0,1,0,1,0,0.06476184,9,4,6,medium,high,0.75,medium,2,0.2,overconfident,0.7,,,counterexample_audit,724674
G,G_00650,tablet_pickup,risk_aware_sfc,1,0,1,0,1,0,0.06476184,9,4,6,medium,high,0.75,medium,2,0.2,overconfident,0.7,,,counterexample_audit,724674
G,G_00650,tablet_pickup,abstaining_sfc,1,0,1,0,1,0,0.06476184,9,4,6,medium,high,0.75,medium,2,0.2,overconfident,0.7,,,counterexample_audit,724674
G,G_00651,tablet_pickup,geometric_fc,1,0,1,0,1,0,0.04687057,9,4,-1,medium,high,0.75,medium,2,,,,,,counterexample_audit,724675
G,G_00651,tablet_pickup,oracle_sfc,0,0,0,0,1,0,0.0,9,4,-1,medium,high,0.75,medium,2,,,,,,counterexample_audit,724675
G,G_00651,tablet_pickup,semantic_only,1,0,1,0,1,0,0.0,9,4,-1,medium,high,0.75,medium,2,,,,,,counterexample_audit,724675
G,G_00651,tablet_pickup,posthoc_single,0,0,0,0,1,0,0.04687057,9,4,-1,medium,high,0.75,medium,2,,,,,,counterexample_audit,724675
G,G_00651,tablet_pickup,soft_penalty_fc,1,0,1,0,1,0,0.04687057,9,4,-1,medium,high,0.75,medium,2,,,,,,counterexample_audit,724675
G,G_00651,tablet_pickup,observed_sfc,1,0,1,0,1,0,0.04912215,9,4,4,medium,high,0.75,medium,2,0.2,overconfident,0.7,,,counterexample_audit,724675
G,G_00651,tablet_pickup,risk_aware_sfc,1,0,1,0,1,0,0.04912215,9,4,4,medium,high,0.75,medium,2,0.2,overconfident,0.7,,,counterexample_audit,724675
G,G_00651,tablet_pickup,abstaining_sfc,1,0,1,0,1,0,0.04912215,9,4,4,medium,high,0.75,medium,2,0.2,overconfident,0.7,,,counterexample_audit,724675
G,G_00652,tablet_pickup,geometric_fc,1,0,1,0,1,0,0.04640085,9,4,-1,medium,high,0.75,medium,2,,,,,,counterexample_audit,724676
G,G_00652,tablet_pickup,oracle_sfc,0,0,0,0,1,0,0.0,9,4,-1,medium,high,0.75,medium,2,,,,,,counterexample_audit,724676
G,G_00652,tablet_pickup,semantic_only,1,0,1,0,1,0,0.0,9,4,-1,medium,high,0.75,medium,2,,,,,,counterexample_audit,724676
G,G_00652,tablet_pickup,posthoc_single,0,0,0,0,1,0,0.04640085,9,4,-1,medium,high,0.75,medium,2,,,,,,counterexample_audit,724676
G,G_00652,tablet_pickup,soft_penalty_fc,1,0,1,0,1,0,0.04640085,9,4,-1,medium,high,0.75,medium,2,,,,,,counterexample_audit,724676
G,G_00652,tablet_pickup,observed_sfc,1,0,1,0,1,0,0.03843982,9,4,5,medium,high,0.75,medium,2,0.2,overconfident,0.7,,,counterexample_audit,724676
G,G_00652,tablet_pickup,risk_aware_sfc,1,0,1,0,1,0,0.03843982,9,4,5,medium,high,0.75,medium,2,0.2,overconfident,0.7,,,counterexample_audit,724676
G,G_00652,tablet_pickup,abstaining_sfc,1,0,1,0,1,0,0.03843982,9,4,5,medium,high,0.75,medium,2,0.2,overconfident,0.7,,,counterexample_audit,724676
G,G_00653,tablet_pickup,geometric_fc,1,0,1,0,1,0,0.04761083,9,4,-1,medium,high,0.75,medium,2,,,,,,counterexample_audit,724677
G,G_00653,tablet_pickup,oracle_sfc,0,0,0,0,1,0,0.0,9,4,-1,medium,high,0.75,medium,2,,,,,,counterexample_audit,724677
G,G_00653,tablet_pickup,semantic_only,1,0,1,0,1,0,0.0,9,4,-1,medium,high,0.75,medium,2,,,,,,counterexample_audit,724677
G,G_00653,tablet_pickup,posthoc_single,0,0,0,0,1,0,0.04761083,9,4,-1,medium,high,0.75,medium,2,,,,,,counterexample_audit,724677
G,G_00653,tablet_pickup,soft_penalty_fc,1,0,1,0,1,0,0.04761083,9,4,-1,medium,high,0.75,medium,2,,,,,,counterexample_audit,724677
G,G_00653,tablet_pickup,observed_sfc,0,0,0,0,1,0,0.0,9,4,4,medium,high,0.75,medium,2,0.2,overconfident,0.7,,,counterexample_audit,724677
G,G_00653,tablet_pickup,risk_aware_sfc,0,0,0,0,1,0,0.0,9,4,4,medium,high,0.75,medium,2,0.2,overconfident,0.7,,,counterexample_audit,724677
G,G_00653,tablet_pickup,abstaining_sfc,0,0,0,0,1,0,0.0,9,4,4,medium,high,0.75,medium,2,0.2,overconfident,0.7,,,counterexample_audit,724677
G,G_00654,tablet_pickup,geometric_fc,1,0,1,0,1,0,0.04843305,9,4,-1,medium,high,0.75,medium,2,,,,,,counterexample_audit,724678
G,G_00654,tablet_pickup,oracle_sfc,0,0,0,0,1,0,0.0,9,4,-1,medium,high,0.75,medium,2,,,,,,counterexample_audit,724678
G,G_00654,tablet_pickup,semantic_only,1,0,1,0,1,0,0.0,9,4,-1,medium,high,0.75,medium,2,,,,,,counterexample_audit,724678
G,G_00654,tablet_pickup,posthoc_single,0,0,0,0,1,0,0.04843305,9,4,-1,medium,high,0.75,medium,2,,,,,,counterexample_audit,724678
G,G_00654,tablet_pickup,soft_penalty_fc,1,0,1,0,1,0,0.04843305,9,4,-1,medium,high,0.75,medium,2,,,,,,counterexample_audit,724678
G,G_00654,tablet_pickup,observed_sfc,1,0,1,0,1,0,0.07799667,9,4,4,medium,high,0.75,medium,2,0.2,overconfident,0.7,,,counterexample_audit,724678
G,G_00654,tablet_pickup,risk_aware_sfc,1,0,1,0,1,0,0.07799667,9,4,4,medium,high,0.75,medium,2,0.2,overconfident,0.7,,,counterexample_audit,724678
G,G_00654,tablet_pickup,abstaining_sfc,1,0,1,0,1,0,0.07799667,9,4,4,medium,high,0.75,medium,2,0.2,overconfident,0.7,,,counterexample_audit,724678
G,G_00655,tablet_pickup,geometric_fc,1,0,1,0,1,0,0.04837881,9,4,-1,medium,high,0.75,medium,2,,,,,,counterexample_audit,724679
G,G_00655,tablet_pickup,oracle_sfc,0,0,0,0,1,0,0.0,9,4,-1,medium,high,0.75,medium,2,,,,,,counterexample_audit,724679
G,G_00655,tablet_pickup,semantic_only,1,0,1,0,1,0,0.0,9,4,-1,medium,high,0.75,medium,2,,,,,,counterexample_audit,724679
G,G_00655,tablet_pickup,posthoc_single,0,0,0,0,1,0,0.04837881,9,4,-1,medium,high,0.75,medium,2,,,,,,counterexample_audit,724679
G,G_00655,tablet_pickup,soft_penalty_fc,1,0,1,0,1,0,0.04837881,9,4,-1,medium,high,0.75,medium,2,,,,,,counterexample_audit,724679
G,G_00655,tablet_pickup,observed_sfc,0,0,0,0,1,0,0.0,9,4,4,medium,high,0.75,medium,2,0.2,overconfident,0.7,,,counterexample_audit,724679
G,G_00655,tablet_pickup,risk_aware_sfc,0,0,0,0,1,0,0.0,9,4,4,medium,high,0.75,medium,2,0.2,overconfident,0.7,,,counterexample_audit,724679
G,G_00655,tablet_pickup,abstaining_sfc,0,0,0,0,1,0,0.0,9,4,4,medium,high,0.75,medium,2,0.2,overconfident,0.7,,,counterexample_audit,724679
G,G_00656,tablet_pickup,geometric_fc,1,0,1,0,1,0,0.04969489,9,4,-1,medium,high,0.75,medium,2,,,,,,counterexample_audit,724680
G,G_00656,tablet_pickup,oracle_sfc,0,0,0,0,1,0,0.0,9,4,-1,medium,high,0.75,medium,2,,,,,,counterexample_audit,724680
G,G_00656,tablet_pickup,semantic_only,1,0,1,0,1,0,0.0,9,4,-1,medium,high,0.75,medium,2,,,,,,counterexample_audit,724680
G,G_00656,tablet_pickup,posthoc_single,0,0,0,0,1,0,0.04969489,9,4,-1,medium,high,0.75,medium,2,,,,,,counterexample_audit,724680
G,G_00656,tablet_pickup,soft_penalty_fc,1,0,1,0,1,0,0.04969489,9,4,-1,medium,high,0.75,medium,2,,,,,,counterexample_audit,724680
G,G_00656,tablet_pickup,observed_sfc,0,0,0,0,1,0,0.0,9,4,4,medium,high,0.75,medium,2,0.2,overconfident,0.7,,,counterexample_audit,724680
G,G_00656,tablet_pickup,risk_aware_sfc,0,0,0,0,1,0,0.0,9,4,4,medium,high,0.75,medium,2,0.2,overconfident,0.7,,,counterexample_audit,724680
G,G_00656,tablet_pickup,abstaining_sfc,0,0,0,0,1,0,0.0,9,4,4,medium,high,0.75,medium,2,0.2,overconfident,0.7,,,counterexample_audit,724680
G,G_00657,tablet_pickup,geometric_fc,1,0,1,0,1,0,0.04547542,9,4,-1,medium,high,0.75,medium,2,,,,,,counterexample_audit,724681
G,G_00657,tablet_pickup,oracle_sfc,0,0,0,0,1,0,0.0,9,4,-1,medium,high,0.75,medium,2,,,,,,counterexample_audit,724681
G,G_00657,tablet_pickup,semantic_only,1,0,1,0,1,0,0.0,9,4,-1,medium,high,0.75,medium,2,,,,,,counterexample_audit,724681
G,G_00657,tablet_pickup,posthoc_single,0,0,0,0,1,0,0.04547542,9,4,-1,medium,high,0.75,medium,2,,,,,,counterexample_audit,724681
G,G_00657,tablet_pickup,soft_penalty_fc,1,0,1,0,1,0,0.04547542,9,4,-1,medium,high,0.75,medium,2,,,,,,counterexample_audit,724681
G,G_00657,tablet_pickup,observed_sfc,0,0,0,0,1,0,0.0,9,4,4,medium,high,0.75,medium,2,0.2,overconfident,0.7,,,counterexample_audit,724681
G,G_00657,tablet_pickup,risk_aware_sfc,0,0,0,0,1,0,0.0,9,4,4,medium,high,0.75,medium,2,0.2,overconfident,0.7,,,counterexample_audit,724681
G,G_00657,tablet_pickup,abstaining_sfc,0,0,0,0,1,0,0.0,9,4,4,medium,high,0.75,medium,2,0.2,overconfident,0.7,,,counterexample_audit,724681
G,G_00658,tablet_pickup,geometric_fc,1,0,1,0,1,0,0.04932428,9,4,-1,medium,high,0.75,medium,2,,,,,,counterexample_audit,724682
G,G_00658,tablet_pickup,oracle_sfc,0,0,0,0,1,0,0.0,9,4,-1,medium,high,0.75,medium,2,,,,,,counterexample_audit,724682
G,G_00658,tablet_pickup,semantic_only,1,0,1,0,1,0,0.0,9,4,-1,medium,high,0.75,medium,2,,,,,,counterexample_audit,724682
G,G_00658,tablet_pickup,posthoc_single,0,0,0,0,1,0,0.04932428,9,4,-1,medium,high,0.75,medium,2,,,,,,counterexample_audit,724682
G,G_00658,tablet_pickup,soft_penalty_fc,1,0,1,0,1,0,0.04932428,9,4,-1,medium,high,0.75,medium,2,,,,,,counterexample_audit,724682
G,G_00658,tablet_pickup,observed_sfc,1,0,1,0,1,0,0.07476227,9,4,4,medium,high,0.75,medium,2,0.2,overconfident,0.7,,,counterexample_audit,724682
G,G_00658,tablet_pickup,risk_aware_sfc,1,0,1,0,1,0,0.07476227,9,4,4,medium,high,0.75,medium,2,0.2,overconfident,0.7,,,counterexample_audit,724682
G,G_00658,tablet_pickup,abstaining_sfc,1,0,1,0,1,0,0.07476227,9,4,4,medium,high,0.75,medium,2,0.2,overconfident,0.7,,,counterexample_audit,724682
G,G_00659,tablet_pickup,geometric_fc,1,0,1,0,1,0,0.04968011,9,4,-1,medium,high,0.75,medium,2,,,,,,counterexample_audit,724683
G,G_00659,tablet_pickup,oracle_sfc,0,0,0,0,1,0,0.0,9,4,-1,medium,high,0.75,medium,2,,,,,,counterexample_audit,724683
G,G_00659,tablet_pickup,semantic_only,1,0,1,0,1,0,0.0,9,4,-1,medium,high,0.75,medium,2,,,,,,counterexample_audit,724683
G,G_00659,tablet_pickup,posthoc_single,0,0,0,0,1,0,0.04968011,9,4,-1,medium,high,0.75,medium,2,,,,,,counterexample_audit,724683
G,G_00659,tablet_pickup,soft_penalty_fc,1,0,1,0,1,0,0.04968011,9,4,-1,medium,high,0.75,medium,2,,,,,,counterexample_audit,724683
G,G_00659,tablet_pickup,observed_sfc,1,0,1,0,1,0,0.08430283,9,4,5,medium,high,0.75,medium,2,0.2,overconfident,0.7,,,counterexample_audit,724683
G,G_00659,tablet_pickup,risk_aware_sfc,1,0,1,0,1,0,0.08430283,9,4,5,medium,high,0.75,medium,2,0.2,overconfident,0.7,,,counterexample_audit,724683
G,G_00659,tablet_pickup,abstaining_sfc,1,0,1,0,1,0,0.08430283,9,4,5,medium,high,0.75,medium,2,0.2,overconfident,0.7,,,counterexample_audit,724683
G,G_00660,tablet_pickup,geometric_fc,1,0,1,0,1,0,0.04645977,9,4,-1,medium,high,0.75,medium,2,,,,,,counterexample_audit,724684
G,G_00660,tablet_pickup,oracle_sfc,0,0,0,0,1,0,0.0,9,4,-1,medium,high,0.75,medium,2,,,,,,counterexample_audit,724684
G,G_00660,tablet_pickup,semantic_only,1,0,1,0,1,0,0.0,9,4,-1,medium,high,0.75,medium,2,,,,,,counterexample_audit,724684
G,G_00660,tablet_pickup,posthoc_single,0,0,0,0,1,0,0.04645977,9,4,-1,medium,high,0.75,medium,2,,,,,,counterexample_audit,724684
G,G_00660,tablet_pickup,soft_penalty_fc,1,0,1,0,1,0,0.04645977,9,4,-1,medium,high,0.75,medium,2,,,,,,counterexample_audit,724684
G,G_00660,tablet_pickup,observed_sfc,1,0,1,0,1,0,0.05248908,9,4,6,medium,high,0.75,medium,2,0.2,overconfident,0.7,,,counterexample_audit,724684
G,G_00660,tablet_pickup,risk_aware_sfc,1,0,1,0,1,0,0.05248908,9,4,6,medium,high,0.75,medium,2,0.2,overconfident,0.7,,,counterexample_audit,724684
G,G_00660,tablet_pickup,abstaining_sfc,1,0,1,0,1,0,0.05248908,9,4,6,medium,high,0.75,medium,2,0.2,overconfident,0.7,,,counterexample_audit,724684
G,G_00661,tablet_pickup,geometric_fc,1,0,1,0,1,0,0.04710342,9,4,-1,medium,high,0.75,medium,2,,,,,,counterexample_audit,724685
G,G_00661,tablet_pickup,oracle_sfc,0,0,0,0,1,0,0.0,9,4,-1,medium,high,0.75,medium,2,,,,,,counterexample_audit,724685
G,G_00661,tablet_pickup,semantic_only,1,0,1,0,1,0,0.0,9,4,-1,medium,high,0.75,medium,2,,,,,,counterexample_audit,724685
G,G_00661,tablet_pickup,posthoc_single,0,0,0,0,1,0,0.04710342,9,4,-1,medium,high,0.75,medium,2,,,,,,counterexample_audit,724685
G,G_00661,tablet_pickup,soft_penalty_fc,1,0,1,0,1,0,0.04710342,9,4,-1,medium,high,0.75,medium,2,,,,,,counterexample_audit,724685
G,G_00661,tablet_pickup,observed_sfc,1,0,1,0,1,0,0.06855877,9,4,6,medium,high,0.75,medium,2,0.2,overconfident,0.7,,,counterexample_audit,724685
G,G_00661,tablet_pickup,risk_aware_sfc,1,0,1,0,1,0,0.06855877,9,4,6,medium,high,0.75,medium,2,0.2,overconfident,0.7,,,counterexample_audit,724685
G,G_00661,tablet_pickup,abstaining_sfc,1,0,1,0,1,0,0.06855877,9,4,6,medium,high,0.75,medium,2,0.2,overconfident,0.7,,,counterexample_audit,724685
G,G_00662,tablet_pickup,geometric_fc,1,0,1,0,1,0,0.04839982,9,4,-1,medium,high,0.75,medium,2,,,,,,counterexample_audit,724686
G,G_00662,tablet_pickup,oracle_sfc,0,0,0,0,1,0,0.0,9,4,-1,medium,high,0.75,medium,2,,,,,,counterexample_audit,724686
G,G_00662,tablet_pickup,semantic_only,1,0,1,0,1,0,0.0,9,4,-1,medium,high,0.75,medium,2,,,,,,counterexample_audit,724686
G,G_00662,tablet_pickup,posthoc_single,0,0,0,0,1,0,0.04839982,9,4,-1,medium,high,0.75,medium,2,,,,,,counterexample_audit,724686
G,G_00662,tablet_pickup,soft_penalty_fc,1,0,1,0,1,0,0.04839982,9,4,-1,medium,high,0.75,medium,2,,,,,,counterexample_audit,724686
G,G_00662,tablet_pickup,observed_sfc,0,0,0,0,1,0,0.0,9,4,3,medium,high,0.75,medium,2,0.2,overconfident,0.7,,,counterexample_audit,724686
G,G_00662,tablet_pickup,risk_aware_sfc,0,0,0,0,1,0,0.0,9,4,3,medium,high,0.75,medium,2,0.2,overconfident,0.7,,,counterexample_audit,724686
G,G_00662,tablet_pickup,abstaining_sfc,0,0,0,0,1,0,0.0,9,4,3,medium,high,0.75,medium,2,0.2,overconfident,0.7,,,counterexample_audit,724686
G,G_00663,tablet_pickup,geometric_fc,1,0,1,0,1,0,0.04570367,9,4,-1,medium,high,0.75,medium,2,,,,,,counterexample_audit,724687
G,G_00663,tablet_pickup,oracle_sfc,0,0,0,0,1,0,0.0,9,4,-1,medium,high,0.75,medium,2,,,,,,counterexample_audit,724687
G,G_00663,tablet_pickup,semantic_only,1,0,1,0,1,0,0.0,9,4,-1,medium,high,0.75,medium,2,,,,,,counterexample_audit,724687
G,G_00663,tablet_pickup,posthoc_single,0,0,0,0,1,0,0.04570367,9,4,-1,medium,high,0.75,medium,2,,,,,,counterexample_audit,724687
G,G_00663,tablet_pickup,soft_penalty_fc,1,0,1,0,1,0,0.04570367,9,4,-1,medium,high,0.75,medium,2,,,,,,counterexample_audit,724687
G,G_00663,tablet_pickup,observed_sfc,1,0,1,0,1,0,0.05257188,9,4,6,medium,high,0.75,medium,2,0.2,overconfident,0.7,,,counterexample_audit,724687
G,G_00663,tablet_pickup,risk_aware_sfc,1,0,1,0,1,0,0.05257188,9,4,6,medium,high,0.75,medium,2,0.2,overconfident,0.7,,,counterexample_audit,724687
G,G_00663,tablet_pickup,abstaining_sfc,1,0,1,0,1,0,0.05257188,9,4,6,medium,high,0.75,medium,2,0.2,overconfident,0.7,,,counterexample_audit,724687
G,G_00664,tablet_pickup,geometric_fc,1,0,1,0,1,0,0.04620753,9,4,-1,medium,high,0.75,medium,2,,,,,,counterexample_audit,724688
G,G_00664,tablet_pickup,oracle_sfc,0,0,0,0,1,0,0.0,9,4,-1,medium,high,0.75,medium,2,,,,,,counterexample_audit,724688
G,G_00664,tablet_pickup,semantic_only,1,0,1,0,1,0,0.0,9,4,-1,medium,high,0.75,medium,2,,,,,,counterexample_audit,724688
G,G_00664,tablet_pickup,posthoc_single,0,0,0,0,1,0,0.04620753,9,4,-1,medium,high,0.75,medium,2,,,,,,counterexample_audit,724688
G,G_00664,tablet_pickup,soft_penalty_fc,1,0,1,0,1,0,0.04620753,9,4,-1,medium,high,0.75,medium,2,,,,,,counterexample_audit,724688
G,G_00664,tablet_pickup,observed_sfc,1,0,1,0,1,0,0.06332289,9,4,5,medium,high,0.75,medium,2,0.2,overconfident,0.7,,,counterexample_audit,724688
G,G_00664,tablet_pickup,risk_aware_sfc,1,0,1,0,1,0,0.06332289,9,4,5,medium,high,0.75,medium,2,0.2,overconfident,0.7,,,counterexample_audit,724688
G,G_00664,tablet_pickup,abstaining_sfc,1,0,1,0,1,0,0.06332289,9,4,5,medium,high,0.75,medium,2,0.2,overconfident,0.7,,,counterexample_audit,724688
G,G_00665,tablet_pickup,geometric_fc,1,0,1,0,1,0,0.05002882,9,4,-1,medium,high,0.75,medium,2,,,,,,counterexample_audit,724689
G,G_00665,tablet_pickup,oracle_sfc,0,0,0,0,1,0,0.0,9,4,-1,medium,high,0.75,medium,2,,,,,,counterexample_audit,724689
G,G_00665,tablet_pickup,semantic_only,1,0,1,0,1,0,0.0,9,4,-1,medium,high,0.75,medium,2,,,,,,counterexample_audit,724689
G,G_00665,tablet_pickup,posthoc_single,0,0,0,0,1,0,0.05002882,9,4,-1,medium,high,0.75,medium,2,,,,,,counterexample_audit,724689
G,G_00665,tablet_pickup,soft_penalty_fc,1,0,1,0,1,0,0.05002882,9,4,-1,medium,high,0.75,medium,2,,,,,,counterexample_audit,724689
G,G_00665,tablet_pickup,observed_sfc,0,0,0,0,1,0,0.0,9,4,4,medium,high,0.75,medium,2,0.2,overconfident,0.7,,,counterexample_audit,724689
G,G_00665,tablet_pickup,risk_aware_sfc,0,0,0,0,1,0,0.0,9,4,4,medium,high,0.75,medium,2,0.2,overconfident,0.7,,,counterexample_audit,724689
G,G_00665,tablet_pickup,abstaining_sfc,0,0,0,0,1,0,0.0,9,4,4,medium,high,0.75,medium,2,0.2,overconfident,0.7,,,counterexample_audit,724689
G,G_00666,tablet_pickup,geometric_fc,1,0,1,0,1,0,0.04918934,9,4,-1,medium,high,0.75,medium,2,,,,,,counterexample_audit,724690
G,G_00666,tablet_pickup,oracle_sfc,0,0,0,0,1,0,0.0,9,4,-1,medium,high,0.75,medium,2,,,,,,counterexample_audit,724690
G,G_00666,tablet_pickup,semantic_only,1,0,1,0,1,0,0.0,9,4,-1,medium,high,0.75,medium,2,,,,,,counterexample_audit,724690
G,G_00666,tablet_pickup,posthoc_single,0,0,0,0,1,0,0.04918934,9,4,-1,medium,high,0.75,medium,2,,,,,,counterexample_audit,724690
G,G_00666,tablet_pickup,soft_penalty_fc,1,0,1,0,1,0,0.04918934,9,4,-1,medium,high,0.75,medium,2,,,,,,counterexample_audit,724690
G,G_00666,tablet_pickup,observed_sfc,0,0,0,0,1,0,0.0,9,4,4,medium,high,0.75,medium,2,0.2,overconfident,0.7,,,counterexample_audit,724690
G,G_00666,tablet_pickup,risk_aware_sfc,0,0,0,0,1,0,0.0,9,4,4,medium,high,0.75,medium,2,0.2,overconfident,0.7,,,counterexample_audit,724690
G,G_00666,tablet_pickup,abstaining_sfc,0,0,0,0,1,0,0.0,9,4,4,medium,high,0.75,medium,2,0.2,overconfident,0.7,,,counterexample_audit,724690
G,G_00667,tablet_pickup,geometric_fc,1,0,1,0,1,0,0.04903947,9,4,-1,medium,high,0.75,medium,2,,,,,,counterexample_audit,724691
G,G_00667,tablet_pickup,oracle_sfc,0,0,0,0,1,0,0.0,9,4,-1,medium,high,0.75,medium,2,,,,,,counterexample_audit,724691
G,G_00667,tablet_pickup,semantic_only,1,0,1,0,1,0,0.0,9,4,-1,medium,high,0.75,medium,2,,,,,,counterexample_audit,724691
G,G_00667,tablet_pickup,posthoc_single,0,0,0,0,1,0,0.04903947,9,4,-1,medium,high,0.75,medium,2,,,,,,counterexample_audit,724691
G,G_00667,tablet_pickup,soft_penalty_fc,1,0,1,0,1,0,0.04903947,9,4,-1,medium,high,0.75,medium,2,,,,,,counterexample_audit,724691
G,G_00667,tablet_pickup,observed_sfc,0,0,0,0,1,0,0.0,9,4,2,medium,high,0.75,medium,2,0.2,overconfident,0.7,,,counterexample_audit,724691
G,G_00667,tablet_pickup,risk_aware_sfc,0,0,0,0,1,0,0.0,9,4,2,medium,high,0.75,medium,2,0.2,overconfident,0.7,,,counterexample_audit,724691
G,G_00667,tablet_pickup,abstaining_sfc,0,0,0,0,1,0,0.0,9,4,2,medium,high,0.75,medium,2,0.2,overconfident,0.7,,,counterexample_audit,724691
G,G_00668,tablet_pickup,geometric_fc,1,0,1,0,1,0,0.04892382,9,4,-1,medium,high,0.75,medium,2,,,,,,counterexample_audit,724692
G,G_00668,tablet_pickup,oracle_sfc,0,0,0,0,1,0,0.0,9,4,-1,medium,high,0.75,medium,2,,,,,,counterexample_audit,724692
G,G_00668,tablet_pickup,semantic_only,1,0,1,0,1,0,0.0,9,4,-1,medium,high,0.75,medium,2,,,,,,counterexample_audit,724692
G,G_00668,tablet_pickup,posthoc_single,0,0,0,0,1,0,0.04892382,9,4,-1,medium,high,0.75,medium,2,,,,,,counterexample_audit,724692
G,G_00668,tablet_pickup,soft_penalty_fc,1,0,1,0,1,0,0.04892382,9,4,-1,medium,high,0.75,medium,2,,,,,,counterexample_audit,724692
G,G_00668,tablet_pickup,observed_sfc,1,0,1,0,1,0,0.08606024,9,4,5,medium,high,0.75,medium,2,0.2,overconfident,0.7,,,counterexample_audit,724692
G,G_00668,tablet_pickup,risk_aware_sfc,1,0,1,0,1,0,0.08606024,9,4,5,medium,high,0.75,medium,2,0.2,overconfident,0.7,,,counterexample_audit,724692
G,G_00668,tablet_pickup,abstaining_sfc,1,0,1,0,1,0,0.08606024,9,4,5,medium,high,0.75,medium,2,0.2,overconfident,0.7,,,counterexample_audit,724692
G,G_00669,tablet_pickup,geometric_fc,1,0,1,0,1,0,0.04754242,9,4,-1,medium,high,0.75,medium,2,,,,,,counterexample_audit,724693
G,G_00669,tablet_pickup,oracle_sfc,0,0,0,0,1,0,0.0,9,4,-1,medium,high,0.75,medium,2,,,,,,counterexample_audit,724693
G,G_00669,tablet_pickup,semantic_only,1,0,1,0,1,0,0.0,9,4,-1,medium,high,0.75,medium,2,,,,,,counterexample_audit,724693
G,G_00669,tablet_pickup,posthoc_single,0,0,0,0,1,0,0.04754242,9,4,-1,medium,high,0.75,medium,2,,,,,,counterexample_audit,724693
G,G_00669,tablet_pickup,soft_penalty_fc,1,0,1,0,1,0,0.04754242,9,4,-1,medium,high,0.75,medium,2,,,,,,counterexample_audit,724693
G,G_00669,tablet_pickup,observed_sfc,1,0,1,0,1,0,0.06341071,9,4,5,medium,high,0.75,medium,2,0.2,overconfident,0.7,,,counterexample_audit,724693
G,G_00669,tablet_pickup,risk_aware_sfc,1,0,1,0,1,0,0.06341071,9,4,5,medium,high,0.75,medium,2,0.2,overconfident,0.7,,,counterexample_audit,724693
G,G_00669,tablet_pickup,abstaining_sfc,1,0,1,0,1,0,0.06341071,9,4,5,medium,high,0.75,medium,2,0.2,overconfident,0.7,,,counterexample_audit,724693
G,G_00670,tablet_pickup,geometric_fc,1,0,1,0,1,0,0.04863984,9,4,-1,medium,high,0.75,medium,2,,,,,,counterexample_audit,724694
G,G_00670,tablet_pickup,oracle_sfc,0,0,0,0,1,0,0.0,9,4,-1,medium,high,0.75,medium,2,,,,,,counterexample_audit,724694
G,G_00670,tablet_pickup,semantic_only,1,0,1,0,1,0,0.0,9,4,-1,medium,high,0.75,medium,2,,,,,,counterexample_audit,724694
G,G_00670,tablet_pickup,posthoc_single,0,0,0,0,1,0,0.04863984,9,4,-1,medium,high,0.75,medium,2,,,,,,counterexample_audit,724694
G,G_00670,tablet_pickup,soft_penalty_fc,1,0,1,0,1,0,0.04863984,9,4,-1,medium,high,0.75,medium,2,,,,,,counterexample_audit,724694
G,G_00670,tablet_pickup,observed_sfc,1,0,1,0,1,0,0.07347256,9,4,4,medium,high,0.75,medium,2,0.2,overconfident,0.7,,,counterexample_audit,724694
G,G_00670,tablet_pickup,risk_aware_sfc,1,0,1,0,1,0,0.07347256,9,4,4,medium,high,0.75,medium,2,0.2,overconfident,0.7,,,counterexample_audit,724694
G,G_00670,tablet_pickup,abstaining_sfc,1,0,1,0,1,0,0.07347256,9,4,4,medium,high,0.75,medium,2,0.2,overconfident,0.7,,,counterexample_audit,724694
G,G_00671,tablet_pickup,geometric_fc,1,0,1,0,1,0,0.04779552,9,4,-1,medium,high,0.75,medium,2,,,,,,counterexample_audit,724695
G,G_00671,tablet_pickup,oracle_sfc,0,0,0,0,1,0,0.0,9,4,-1,medium,high,0.75,medium,2,,,,,,counterexample_audit,724695
G,G_00671,tablet_pickup,semantic_only,1,0,1,0,1,0,0.0,9,4,-1,medium,high,0.75,medium,2,,,,,,counterexample_audit,724695
G,G_00671,tablet_pickup,posthoc_single,0,0,0,0,1,0,0.04779552,9,4,-1,medium,high,0.75,medium,2,,,,,,counterexample_audit,724695
G,G_00671,tablet_pickup,soft_penalty_fc,1,0,1,0,1,0,0.04779552,9,4,-1,medium,high,0.75,medium,2,,,,,,counterexample_audit,724695
G,G_00671,tablet_pickup,observed_sfc,0,0,0,0,1,0,0.0,9,4,4,medium,high,0.75,medium,2,0.2,overconfident,0.7,,,counterexample_audit,724695
G,G_00671,tablet_pickup,risk_aware_sfc,0,0,0,0,1,0,0.0,9,4,4,medium,high,0.75,medium,2,0.2,overconfident,0.7,,,counterexample_audit,724695
G,G_00671,tablet_pickup,abstaining_sfc,0,0,0,0,1,0,0.0,9,4,4,medium,high,0.75,medium,2,0.2,overconfident,0.7,,,counterexample_audit,724695
G,G_00672,tablet_pickup,geometric_fc,1,0,1,0,1,0,0.04830024,9,4,-1,medium,high,0.75,medium,2,,,,,,counterexample_audit,724696
G,G_00672,tablet_pickup,oracle_sfc,0,0,0,0,1,0,0.0,9,4,-1,medium,high,0.75,medium,2,,,,,,counterexample_audit,724696
G,G_00672,tablet_pickup,semantic_only,1,0,1,0,1,0,0.0,9,4,-1,medium,high,0.75,medium,2,,,,,,counterexample_audit,724696
G,G_00672,tablet_pickup,posthoc_single,0,0,0,0,1,0,0.04830024,9,4,-1,medium,high,0.75,medium,2,,,,,,counterexample_audit,724696
G,G_00672,tablet_pickup,soft_penalty_fc,1,0,1,0,1,0,0.04830024,9,4,-1,medium,high,0.75,medium,2,,,,,,counterexample_audit,724696
G,G_00672,tablet_pickup,observed_sfc,1,0,1,0,1,0,0.06910735,9,4,5,medium,high,0.75,medium,2,0.2,overconfident,0.7,,,counterexample_audit,724696
G,G_00672,tablet_pickup,risk_aware_sfc,1,0,1,0,1,0,0.06910735,9,4,5,medium,high,0.75,medium,2,0.2,overconfident,0.7,,,counterexample_audit,724696
G,G_00672,tablet_pickup,abstaining_sfc,1,0,1,0,1,0,0.06910735,9,4,5,medium,high,0.75,medium,2,0.2,overconfident,0.7,,,counterexample_audit,724696
G,G_00673,tablet_pickup,geometric_fc,1,0,1,0,1,0,0.04876299,9,4,-1,medium,high,0.75,medium,2,,,,,,counterexample_audit,724697
G,G_00673,tablet_pickup,oracle_sfc,0,0,0,0,1,0,0.0,9,4,-1,medium,high,0.75,medium,2,,,,,,counterexample_audit,724697
G,G_00673,tablet_pickup,semantic_only,1,0,1,0,1,0,0.0,9,4,-1,medium,high,0.75,medium,2,,,,,,counterexample_audit,724697
G,G_00673,tablet_pickup,posthoc_single,0,0,0,0,1,0,0.04876299,9,4,-1,medium,high,0.75,medium,2,,,,,,counterexample_audit,724697
G,G_00673,tablet_pickup,soft_penalty_fc,1,0,1,0,1,0,0.04876299,9,4,-1,medium,high,0.75,medium,2,,,,,,counterexample_audit,724697
G,G_00673,tablet_pickup,observed_sfc,1,0,1,0,1,0,0.07778816,9,4,4,medium,high,0.75,medium,2,0.2,overconfident,0.7,,,counterexample_audit,724697
G,G_00673,tablet_pickup,risk_aware_sfc,1,0,1,0,1,0,0.07778816,9,4,4,medium,high,0.75,medium,2,0.2,overconfident,0.7,,,counterexample_audit,724697
G,G_00673,tablet_pickup,abstaining_sfc,1,0,1,0,1,0,0.07778816,9,4,4,medium,high,0.75,medium,2,0.2,overconfident,0.7,,,counterexample_audit,724697
G,G_00674,tablet_pickup,geometric_fc,1,0,1,0,1,0,0.05100787,9,4,-1,medium,high,0.75,medium,2,,,,,,counterexample_audit,724698
G,G_00674,tablet_pickup,oracle_sfc,0,0,0,0,1,0,0.0,9,4,-1,medium,high,0.75,medium,2,,,,,,counterexample_audit,724698
G,G_00674,tablet_pickup,semantic_only,1,0,1,0,1,0,0.0,9,4,-1,medium,high,0.75,medium,2,,,,,,counterexample_audit,724698
G,G_00674,tablet_pickup,posthoc_single,0,0,0,0,1,0,0.05100787,9,4,-1,medium,high,0.75,medium,2,,,,,,counterexample_audit,724698
G,G_00674,tablet_pickup,soft_penalty_fc,1,0,1,0,1,0,0.05100787,9,4,-1,medium,high,0.75,medium,2,,,,,,counterexample_audit,724698
G,G_00674,tablet_pickup,observed_sfc,0,0,0,0,1,0,0.0,9,4,4,medium,high,0.75,medium,2,0.2,overconfident,0.7,,,counterexample_audit,724698
G,G_00674,tablet_pickup,risk_aware_sfc,0,0,0,0,1,0,0.0,9,4,4,medium,high,0.75,medium,2,0.2,overconfident,0.7,,,counterexample_audit,724698
G,G_00674,tablet_pickup,abstaining_sfc,0,0,0,0,1,0,0.0,9,4,4,medium,high,0.75,medium,2,0.2,overconfident,0.7,,,counterexample_audit,724698
G,G_00675,tablet_pickup,geometric_fc,1,0,1,0,1,0,0.04905267,9,4,-1,medium,high,0.75,medium,2,,,,,,counterexample_audit,724699
G,G_00675,tablet_pickup,oracle_sfc,0,0,0,0,1,0,0.0,9,4,-1,medium,high,0.75,medium,2,,,,,,counterexample_audit,724699
G,G_00675,tablet_pickup,semantic_only,1,0,1,0,1,0,0.0,9,4,-1,medium,high,0.75,medium,2,,,,,,counterexample_audit,724699
G,G_00675,tablet_pickup,posthoc_single,0,0,0,0,1,0,0.04905267,9,4,-1,medium,high,0.75,medium,2,,,,,,counterexample_audit,724699
G,G_00675,tablet_pickup,soft_penalty_fc,1,0,1,0,1,0,0.04905267,9,4,-1,medium,high,0.75,medium,2,,,,,,counterexample_audit,724699
G,G_00675,tablet_pickup,observed_sfc,1,0,1,0,1,0,0.10395385,9,4,4,medium,high,0.75,medium,2,0.2,overconfident,0.7,,,counterexample_audit,724699
G,G_00675,tablet_pickup,risk_aware_sfc,1,0,1,0,1,0,0.10395385,9,4,4,medium,high,0.75,medium,2,0.2,overconfident,0.7,,,counterexample_audit,724699
G,G_00675,tablet_pickup,abstaining_sfc,1,0,1,0,1,0,0.10395385,9,4,4,medium,high,0.75,medium,2,0.2,overconfident,0.7,,,counterexample_audit,724699
G,G_00676,tablet_pickup,geometric_fc,1,0,1,0,1,0,0.04555988,9,4,-1,medium,high,0.75,medium,2,,,,,,counterexample_audit,724700
G,G_00676,tablet_pickup,oracle_sfc,0,0,0,0,1,0,0.0,9,4,-1,medium,high,0.75,medium,2,,,,,,counterexample_audit,724700
G,G_00676,tablet_pickup,semantic_only,1,0,1,0,1,0,0.0,9,4,-1,medium,high,0.75,medium,2,,,,,,counterexample_audit,724700
G,G_00676,tablet_pickup,posthoc_single,0,0,0,0,1,0,0.04555988,9,4,-1,medium,high,0.75,medium,2,,,,,,counterexample_audit,724700
G,G_00676,tablet_pickup,soft_penalty_fc,1,0,1,0,1,0,0.04555988,9,4,-1,medium,high,0.75,medium,2,,,,,,counterexample_audit,724700
G,G_00676,tablet_pickup,observed_sfc,1,0,1,0,1,0,0.06572135,9,4,5,medium,high,0.75,medium,2,0.2,overconfident,0.7,,,counterexample_audit,724700
G,G_00676,tablet_pickup,risk_aware_sfc,1,0,1,0,1,0,0.06572135,9,4,5,medium,high,0.75,medium,2,0.2,overconfident,0.7,,,counterexample_audit,724700
G,G_00676,tablet_pickup,abstaining_sfc,1,0,1,0,1,0,0.06572135,9,4,5,medium,high,0.75,medium,2,0.2,overconfident,0.7,,,counterexample_audit,724700
G,G_00677,tablet_pickup,geometric_fc,1,0,1,0,1,0,0.04595093,9,4,-1,medium,high,0.75,medium,2,,,,,,counterexample_audit,724701
G,G_00677,tablet_pickup,oracle_sfc,0,0,0,0,1,0,0.0,9,4,-1,medium,high,0.75,medium,2,,,,,,counterexample_audit,724701
G,G_00677,tablet_pickup,semantic_only,1,0,1,0,1,0,0.0,9,4,-1,medium,high,0.75,medium,2,,,,,,counterexample_audit,724701
G,G_00677,tablet_pickup,posthoc_single,0,0,0,0,1,0,0.04595093,9,4,-1,medium,high,0.75,medium,2,,,,,,counterexample_audit,724701
G,G_00677,tablet_pickup,soft_penalty_fc,1,0,1,0,1,0,0.04595093,9,4,-1,medium,high,0.75,medium,2,,,,,,counterexample_audit,724701
G,G_00677,tablet_pickup,observed_sfc,1,0,1,0,1,0,0.0756553,9,4,4,medium,high,0.75,medium,2,0.2,overconfident,0.7,,,counterexample_audit,724701
G,G_00677,tablet_pickup,risk_aware_sfc,1,0,1,0,1,0,0.0756553,9,4,4,medium,high,0.75,medium,2,0.2,overconfident,0.7,,,counterexample_audit,724701
G,G_00677,tablet_pickup,abstaining_sfc,1,0,1,0,1,0,0.0756553,9,4,4,medium,high,0.75,medium,2,0.2,overconfident,0.7,,,counterexample_audit,724701
G,G_00678,tablet_pickup,geometric_fc,1,0,1,0,1,0,0.04813923,9,4,-1,medium,high,0.75,medium,2,,,,,,counterexample_audit,724702
G,G_00678,tablet_pickup,oracle_sfc,0,0,0,0,1,0,0.0,9,4,-1,medium,high,0.75,medium,2,,,,,,counterexample_audit,724702
G,G_00678,tablet_pickup,semantic_only,1,0,1,0,1,0,0.0,9,4,-1,medium,high,0.75,medium,2,,,,,,counterexample_audit,724702
G,G_00678,tablet_pickup,posthoc_single,0,0,0,0,1,0,0.04813923,9,4,-1,medium,high,0.75,medium,2,,,,,,counterexample_audit,724702
G,G_00678,tablet_pickup,soft_penalty_fc,1,0,1,0,1,0,0.04813923,9,4,-1,medium,high,0.75,medium,2,,,,,,counterexample_audit,724702
G,G_00678,tablet_pickup,observed_sfc,1,0,1,0,1,0,0.06698563,9,4,5,medium,high,0.75,medium,2,0.2,overconfident,0.7,,,counterexample_audit,724702
G,G_00678,tablet_pickup,risk_aware_sfc,1,0,1,0,1,0,0.06698563,9,4,5,medium,high,0.75,medium,2,0.2,overconfident,0.7,,,counterexample_audit,724702
G,G_00678,tablet_pickup,abstaining_sfc,1,0,1,0,1,0,0.06698563,9,4,5,medium,high,0.75,medium,2,0.2,overconfident,0.7,,,counterexample_audit,724702
G,G_00679,tablet_pickup,geometric_fc,1,0,1,0,1,0,0.04499357,9,4,-1,medium,high,0.75,medium,2,,,,,,counterexample_audit,724703
G,G_00679,tablet_pickup,oracle_sfc,0,0,0,0,1,0,0.0,9,4,-1,medium,high,0.75,medium,2,,,,,,counterexample_audit,724703
G,G_00679,tablet_pickup,semantic_only,1,0,1,0,1,0,0.0,9,4,-1,medium,high,0.75,medium,2,,,,,,counterexample_audit,724703
G,G_00679,tablet_pickup,posthoc_single,0,0,0,0,1,0,0.04499357,9,4,-1,medium,high,0.75,medium,2,,,,,,counterexample_audit,724703
G,G_00679,tablet_pickup,soft_penalty_fc,1,0,1,0,1,0,0.04499357,9,4,-1,medium,high,0.75,medium,2,,,,,,counterexample_audit,724703
G,G_00679,tablet_pickup,observed_sfc,0,0,0,0,1,0,0.0,9,4,3,medium,high,0.75,medium,2,0.2,overconfident,0.7,,,counterexample_audit,724703
G,G_00679,tablet_pickup,risk_aware_sfc,0,0,0,0,1,0,0.0,9,4,3,medium,high,0.75,medium,2,0.2,overconfident,0.7,,,counterexample_audit,724703
G,G_00679,tablet_pickup,abstaining_sfc,0,0,0,0,1,0,0.0,9,4,3,medium,high,0.75,medium,2,0.2,overconfident,0.7,,,counterexample_audit,724703
G,G_00680,tablet_pickup,geometric_fc,1,0,1,0,1,0,0.04666049,9,4,-1,medium,high,0.75,medium,2,,,,,,counterexample_audit,724704
G,G_00680,tablet_pickup,oracle_sfc,0,0,0,0,1,0,0.0,9,4,-1,medium,high,0.75,medium,2,,,,,,counterexample_audit,724704
G,G_00680,tablet_pickup,semantic_only,1,0,1,0,1,0,0.0,9,4,-1,medium,high,0.75,medium,2,,,,,,counterexample_audit,724704
G,G_00680,tablet_pickup,posthoc_single,0,0,0,0,1,0,0.04666049,9,4,-1,medium,high,0.75,medium,2,,,,,,counterexample_audit,724704
G,G_00680,tablet_pickup,soft_penalty_fc,1,0,1,0,1,0,0.04666049,9,4,-1,medium,high,0.75,medium,2,,,,,,counterexample_audit,724704
G,G_00680,tablet_pickup,observed_sfc,0,0,0,0,1,0,0.0,9,4,4,medium,high,0.75,medium,2,0.2,overconfident,0.7,,,counterexample_audit,724704
G,G_00680,tablet_pickup,risk_aware_sfc,0,0,0,0,1,0,0.0,9,4,4,medium,high,0.75,medium,2,0.2,overconfident,0.7,,,counterexample_audit,724704
G,G_00680,tablet_pickup,abstaining_sfc,0,0,0,0,1,0,0.0,9,4,4,medium,high,0.75,medium,2,0.2,overconfident,0.7,,,counterexample_audit,724704
G,G_00681,tablet_pickup,geometric_fc,1,0,1,0,1,0,0.04634347,9,4,-1,medium,high,0.75,medium,2,,,,,,counterexample_audit,724705
G,G_00681,tablet_pickup,oracle_sfc,0,0,0,0,1,0,0.0,9,4,-1,medium,high,0.75,medium,2,,,,,,counterexample_audit,724705
G,G_00681,tablet_pickup,semantic_only,1,0,1,0,1,0,0.0,9,4,-1,medium,high,0.75,medium,2,,,,,,counterexample_audit,724705
G,G_00681,tablet_pickup,posthoc_single,0,0,0,0,1,0,0.04634347,9,4,-1,medium,high,0.75,medium,2,,,,,,counterexample_audit,724705
G,G_00681,tablet_pickup,soft_penalty_fc,1,0,1,0,1,0,0.04634347,9,4,-1,medium,high,0.75,medium,2,,,,,,counterexample_audit,724705
G,G_00681,tablet_pickup,observed_sfc,1,0,1,0,1,0,0.05268471,9,4,6,medium,high,0.75,medium,2,0.2,overconfident,0.7,,,counterexample_audit,724705
G,G_00681,tablet_pickup,risk_aware_sfc,1,0,1,0,1,0,0.05268471,9,4,6,medium,high,0.75,medium,2,0.2,overconfident,0.7,,,counterexample_audit,724705
G,G_00681,tablet_pickup,abstaining_sfc,1,0,1,0,1,0,0.05268471,9,4,6,medium,high,0.75,medium,2,0.2,overconfident,0.7,,,counterexample_audit,724705
G,G_00682,tablet_pickup,geometric_fc,1,0,1,0,1,0,0.04916614,9,4,-1,medium,high,0.75,medium,2,,,,,,counterexample_audit,724706
G,G_00682,tablet_pickup,oracle_sfc,0,0,0,0,1,0,0.0,9,4,-1,medium,high,0.75,medium,2,,,,,,counterexample_audit,724706
G,G_00682,tablet_pickup,semantic_only,1,0,1,0,1,0,0.0,9,4,-1,medium,high,0.75,medium,2,,,,,,counterexample_audit,724706
G,G_00682,tablet_pickup,posthoc_single,0,0,0,0,1,0,0.04916614,9,4,-1,medium,high,0.75,medium,2,,,,,,counterexample_audit,724706
G,G_00682,tablet_pickup,soft_penalty_fc,1,0,1,0,1,0,0.04916614,9,4,-1,medium,high,0.75,medium,2,,,,,,counterexample_audit,724706
G,G_00682,tablet_pickup,observed_sfc,0,0,0,0,1,0,0.0,9,4,4,medium,high,0.75,medium,2,0.2,overconfident,0.7,,,counterexample_audit,724706
G,G_00682,tablet_pickup,risk_aware_sfc,0,0,0,0,1,0,0.0,9,4,4,medium,high,0.75,medium,2,0.2,overconfident,0.7,,,counterexample_audit,724706
G,G_00682,tablet_pickup,abstaining_sfc,0,0,0,0,1,0,0.0,9,4,4,medium,high,0.75,medium,2,0.2,overconfident,0.7,,,counterexample_audit,724706
G,G_00683,tablet_pickup,geometric_fc,1,0,1,0,1,0,0.04820547,9,4,-1,medium,high,0.75,medium,2,,,,,,counterexample_audit,724707
G,G_00683,tablet_pickup,oracle_sfc,0,0,0,0,1,0,0.0,9,4,-1,medium,high,0.75,medium,2,,,,,,counterexample_audit,724707
G,G_00683,tablet_pickup,semantic_only,1,0,1,0,1,0,0.0,9,4,-1,medium,high,0.75,medium,2,,,,,,counterexample_audit,724707
G,G_00683,tablet_pickup,posthoc_single,0,0,0,0,1,0,0.04820547,9,4,-1,medium,high,0.75,medium,2,,,,,,counterexample_audit,724707
G,G_00683,tablet_pickup,soft_penalty_fc,1,0,1,0,1,0,0.04820547,9,4,-1,medium,high,0.75,medium,2,,,,,,counterexample_audit,724707
G,G_00683,tablet_pickup,observed_sfc,1,0,1,0,1,0,0.07688265,9,4,5,medium,high,0.75,medium,2,0.2,overconfident,0.7,,,counterexample_audit,724707
G,G_00683,tablet_pickup,risk_aware_sfc,1,0,1,0,1,0,0.07688265,9,4,5,medium,high,0.75,medium,2,0.2,overconfident,0.7,,,counterexample_audit,724707
G,G_00683,tablet_pickup,abstaining_sfc,1,0,1,0,1,0,0.07688265,9,4,5,medium,high,0.75,medium,2,0.2,overconfident,0.7,,,counterexample_audit,724707
G,G_00684,tablet_pickup,geometric_fc,1,0,1,0,1,0,0.04869367,9,4,-1,medium,high,0.75,medium,2,,,,,,counterexample_audit,724708
G,G_00684,tablet_pickup,oracle_sfc,0,0,0,0,1,0,0.0,9,4,-1,medium,high,0.75,medium,2,,,,,,counterexample_audit,724708
G,G_00684,tablet_pickup,semantic_only,1,0,1,0,1,0,0.0,9,4,-1,medium,high,0.75,medium,2,,,,,,counterexample_audit,724708
G,G_00684,tablet_pickup,posthoc_single,0,0,0,0,1,0,0.04869367,9,4,-1,medium,high,0.75,medium,2,,,,,,counterexample_audit,724708
G,G_00684,tablet_pickup,soft_penalty_fc,1,0,1,0,1,0,0.04869367,9,4,-1,medium,high,0.75,medium,2,,,,,,counterexample_audit,724708
G,G_00684,tablet_pickup,observed_sfc,0,0,0,0,1,0,0.0,9,4,4,medium,high,0.75,medium,2,0.2,overconfident,0.7,,,counterexample_audit,724708
G,G_00684,tablet_pickup,risk_aware_sfc,0,0,0,0,1,0,0.0,9,4,4,medium,high,0.75,medium,2,0.2,overconfident,0.7,,,counterexample_audit,724708
G,G_00684,tablet_pickup,abstaining_sfc,0,0,0,0,1,0,0.0,9,4,4,medium,high,0.75,medium,2,0.2,overconfident,0.7,,,counterexample_audit,724708
G,G_00685,tablet_pickup,geometric_fc,1,0,1,0,1,0,0.04800296,9,4,-1,medium,high,0.75,medium,2,,,,,,counterexample_audit,724709
G,G_00685,tablet_pickup,oracle_sfc,0,0,0,0,1,0,0.0,9,4,-1,medium,high,0.75,medium,2,,,,,,counterexample_audit,724709
G,G_00685,tablet_pickup,semantic_only,1,0,1,0,1,0,0.0,9,4,-1,medium,high,0.75,medium,2,,,,,,counterexample_audit,724709
G,G_00685,tablet_pickup,posthoc_single,0,0,0,0,1,0,0.04800296,9,4,-1,medium,high,0.75,medium,2,,,,,,counterexample_audit,724709
G,G_00685,tablet_pickup,soft_penalty_fc,1,0,1,0,1,0,0.04800296,9,4,-1,medium,high,0.75,medium,2,,,,,,counterexample_audit,724709
G,G_00685,tablet_pickup,observed_sfc,1,0,1,0,1,0,0.04939164,9,4,4,medium,high,0.75,medium,2,0.2,overconfident,0.7,,,counterexample_audit,724709
G,G_00685,tablet_pickup,risk_aware_sfc,1,0,1,0,1,0,0.04939164,9,4,4,medium,high,0.75,medium,2,0.2,overconfident,0.7,,,counterexample_audit,724709
G,G_00685,tablet_pickup,abstaining_sfc,1,0,1,0,1,0,0.04939164,9,4,4,medium,high,0.75,medium,2,0.2,overconfident,0.7,,,counterexample_audit,724709
G,G_00686,tablet_pickup,geometric_fc,1,0,1,0,1,0,0.04887375,9,4,-1,medium,high,0.75,medium,2,,,,,,counterexample_audit,724710
G,G_00686,tablet_pickup,oracle_sfc,0,0,0,0,1,0,0.0,9,4,-1,medium,high,0.75,medium,2,,,,,,counterexample_audit,724710
G,G_00686,tablet_pickup,semantic_only,1,0,1,0,1,0,0.0,9,4,-1,medium,high,0.75,medium,2,,,,,,counterexample_audit,724710
G,G_00686,tablet_pickup,posthoc_single,0,0,0,0,1,0,0.04887375,9,4,-1,medium,high,0.75,medium,2,,,,,,counterexample_audit,724710
G,G_00686,tablet_pickup,soft_penalty_fc,1,0,1,0,1,0,0.04887375,9,4,-1,medium,high,0.75,medium,2,,,,,,counterexample_audit,724710
G,G_00686,tablet_pickup,observed_sfc,1,0,1,0,1,0,0.08160416,9,4,5,medium,high,0.75,medium,2,0.2,overconfident,0.7,,,counterexample_audit,724710
G,G_00686,tablet_pickup,risk_aware_sfc,1,0,1,0,1,0,0.08160416,9,4,5,medium,high,0.75,medium,2,0.2,overconfident,0.7,,,counterexample_audit,724710
G,G_00686,tablet_pickup,abstaining_sfc,1,0,1,0,1,0,0.08160416,9,4,5,medium,high,0.75,medium,2,0.2,overconfident,0.7,,,counterexample_audit,724710
G,G_00687,tablet_pickup,geometric_fc,1,0,1,0,1,0,0.04594948,9,4,-1,medium,high,0.75,medium,2,,,,,,counterexample_audit,724711
G,G_00687,tablet_pickup,oracle_sfc,0,0,0,0,1,0,0.0,9,4,-1,medium,high,0.75,medium,2,,,,,,counterexample_audit,724711
G,G_00687,tablet_pickup,semantic_only,1,0,1,0,1,0,0.0,9,4,-1,medium,high,0.75,medium,2,,,,,,counterexample_audit,724711
G,G_00687,tablet_pickup,posthoc_single,0,0,0,0,1,0,0.04594948,9,4,-1,medium,high,0.75,medium,2,,,,,,counterexample_audit,724711
G,G_00687,tablet_pickup,soft_penalty_fc,1,0,1,0,1,0,0.04594948,9,4,-1,medium,high,0.75,medium,2,,,,,,counterexample_audit,724711
G,G_00687,tablet_pickup,observed_sfc,0,0,0,0,1,0,0.0,9,4,4,medium,high,0.75,medium,2,0.2,overconfident,0.7,,,counterexample_audit,724711
G,G_00687,tablet_pickup,risk_aware_sfc,0,0,0,0,1,0,0.0,9,4,4,medium,high,0.75,medium,2,0.2,overconfident,0.7,,,counterexample_audit,724711
G,G_00687,tablet_pickup,abstaining_sfc,0,0,0,0,1,0,0.0,9,4,4,medium,high,0.75,medium,2,0.2,overconfident,0.7,,,counterexample_audit,724711
G,G_00688,tablet_pickup,geometric_fc,1,0,1,0,1,0,0.04719067,9,4,-1,medium,high,0.75,medium,2,,,,,,counterexample_audit,724712
G,G_00688,tablet_pickup,oracle_sfc,0,0,0,0,1,0,0.0,9,4,-1,medium,high,0.75,medium,2,,,,,,counterexample_audit,724712
G,G_00688,tablet_pickup,semantic_only,1,0,1,0,1,0,0.0,9,4,-1,medium,high,0.75,medium,2,,,,,,counterexample_audit,724712
G,G_00688,tablet_pickup,posthoc_single,0,0,0,0,1,0,0.04719067,9,4,-1,medium,high,0.75,medium,2,,,,,,counterexample_audit,724712
G,G_00688,tablet_pickup,soft_penalty_fc,1,0,1,0,1,0,0.04719067,9,4,-1,medium,high,0.75,medium,2,,,,,,counterexample_audit,724712
G,G_00688,tablet_pickup,observed_sfc,1,0,1,0,1,0,0.05974634,9,4,6,medium,high,0.75,medium,2,0.2,overconfident,0.7,,,counterexample_audit,724712
G,G_00688,tablet_pickup,risk_aware_sfc,1,0,1,0,1,0,0.05974634,9,4,6,medium,high,0.75,medium,2,0.2,overconfident,0.7,,,counterexample_audit,724712
G,G_00688,tablet_pickup,abstaining_sfc,1,0,1,0,1,0,0.05974634,9,4,6,medium,high,0.75,medium,2,0.2,overconfident,0.7,,,counterexample_audit,724712
G,G_00689,tablet_pickup,geometric_fc,1,0,1,0,1,0,0.04884824,9,4,-1,medium,high,0.75,medium,2,,,,,,counterexample_audit,724713
G,G_00689,tablet_pickup,oracle_sfc,0,0,0,0,1,0,0.0,9,4,-1,medium,high,0.75,medium,2,,,,,,counterexample_audit,724713
G,G_00689,tablet_pickup,semantic_only,1,0,1,0,1,0,0.0,9,4,-1,medium,high,0.75,medium,2,,,,,,counterexample_audit,724713
G,G_00689,tablet_pickup,posthoc_single,0,0,0,0,1,0,0.04884824,9,4,-1,medium,high,0.75,medium,2,,,,,,counterexample_audit,724713
G,G_00689,tablet_pickup,soft_penalty_fc,1,0,1,0,1,0,0.04884824,9,4,-1,medium,high,0.75,medium,2,,,,,,counterexample_audit,724713
G,G_00689,tablet_pickup,observed_sfc,0,0,0,0,1,0,0.0,9,4,3,medium,high,0.75,medium,2,0.2,overconfident,0.7,,,counterexample_audit,724713
G,G_00689,tablet_pickup,risk_aware_sfc,0,0,0,0,1,0,0.0,9,4,3,medium,high,0.75,medium,2,0.2,overconfident,0.7,,,counterexample_audit,724713
G,G_00689,tablet_pickup,abstaining_sfc,0,0,0,0,1,0,0.0,9,4,3,medium,high,0.75,medium,2,0.2,overconfident,0.7,,,counterexample_audit,724713
G,G_00690,tablet_pickup,geometric_fc,1,0,1,0,1,0,0.04804475,9,4,-1,medium,high,0.75,medium,2,,,,,,counterexample_audit,724714
G,G_00690,tablet_pickup,oracle_sfc,0,0,0,0,1,0,0.0,9,4,-1,medium,high,0.75,medium,2,,,,,,counterexample_audit,724714
G,G_00690,tablet_pickup,semantic_only,1,0,1,0,1,0,0.0,9,4,-1,medium,high,0.75,medium,2,,,,,,counterexample_audit,724714
G,G_00690,tablet_pickup,posthoc_single,0,0,0,0,1,0,0.04804475,9,4,-1,medium,high,0.75,medium,2,,,,,,counterexample_audit,724714
G,G_00690,tablet_pickup,soft_penalty_fc,1,0,1,0,1,0,0.04804475,9,4,-1,medium,high,0.75,medium,2,,,,,,counterexample_audit,724714
G,G_00690,tablet_pickup,observed_sfc,0,0,0,0,1,0,0.0,9,4,4,medium,high,0.75,medium,2,0.2,overconfident,0.7,,,counterexample_audit,724714
G,G_00690,tablet_pickup,risk_aware_sfc,0,0,0,0,1,0,0.0,9,4,4,medium,high,0.75,medium,2,0.2,overconfident,0.7,,,counterexample_audit,724714
G,G_00690,tablet_pickup,abstaining_sfc,0,0,0,0,1,0,0.0,9,4,4,medium,high,0.75,medium,2,0.2,overconfident,0.7,,,counterexample_audit,724714
G,G_00691,tablet_pickup,geometric_fc,1,0,1,0,1,0,0.04946221,9,4,-1,medium,high,0.75,medium,2,,,,,,counterexample_audit,724715
G,G_00691,tablet_pickup,oracle_sfc,0,0,0,0,1,0,0.0,9,4,-1,medium,high,0.75,medium,2,,,,,,counterexample_audit,724715
G,G_00691,tablet_pickup,semantic_only,1,0,1,0,1,0,0.0,9,4,-1,medium,high,0.75,medium,2,,,,,,counterexample_audit,724715
G,G_00691,tablet_pickup,posthoc_single,0,0,0,0,1,0,0.04946221,9,4,-1,medium,high,0.75,medium,2,,,,,,counterexample_audit,724715
G,G_00691,tablet_pickup,soft_penalty_fc,1,0,1,0,1,0,0.04946221,9,4,-1,medium,high,0.75,medium,2,,,,,,counterexample_audit,724715
G,G_00691,tablet_pickup,observed_sfc,1,0,1,0,1,0,0.06582704,9,4,4,medium,high,0.75,medium,2,0.2,overconfident,0.7,,,counterexample_audit,724715
G,G_00691,tablet_pickup,risk_aware_sfc,1,0,1,0,1,0,0.06582704,9,4,4,medium,high,0.75,medium,2,0.2,overconfident,0.7,,,counterexample_audit,724715
G,G_00691,tablet_pickup,abstaining_sfc,1,0,1,0,1,0,0.06582704,9,4,4,medium,high,0.75,medium,2,0.2,overconfident,0.7,,,counterexample_audit,724715
G,G_00692,tablet_pickup,geometric_fc,1,0,1,0,1,0,0.04698451,9,4,-1,medium,high,0.75,medium,2,,,,,,counterexample_audit,724716
G,G_00692,tablet_pickup,oracle_sfc,0,0,0,0,1,0,0.0,9,4,-1,medium,high,0.75,medium,2,,,,,,counterexample_audit,724716
G,G_00692,tablet_pickup,semantic_only,1,0,1,0,1,0,0.0,9,4,-1,medium,high,0.75,medium,2,,,,,,counterexample_audit,724716
G,G_00692,tablet_pickup,posthoc_single,0,0,0,0,1,0,0.04698451,9,4,-1,medium,high,0.75,medium,2,,,,,,counterexample_audit,724716
G,G_00692,tablet_pickup,soft_penalty_fc,1,0,1,0,1,0,0.04698451,9,4,-1,medium,high,0.75,medium,2,,,,,,counterexample_audit,724716
G,G_00692,tablet_pickup,observed_sfc,0,0,0,0,1,0,0.0,9,4,3,medium,high,0.75,medium,2,0.2,overconfident,0.7,,,counterexample_audit,724716
G,G_00692,tablet_pickup,risk_aware_sfc,0,0,0,0,1,0,0.0,9,4,3,medium,high,0.75,medium,2,0.2,overconfident,0.7,,,counterexample_audit,724716
G,G_00692,tablet_pickup,abstaining_sfc,0,0,0,0,1,0,0.0,9,4,3,medium,high,0.75,medium,2,0.2,overconfident,0.7,,,counterexample_audit,724716
G,G_00693,tablet_pickup,geometric_fc,1,0,1,0,1,0,0.04750185,9,4,-1,medium,high,0.75,medium,2,,,,,,counterexample_audit,724717
G,G_00693,tablet_pickup,oracle_sfc,0,0,0,0,1,0,0.0,9,4,-1,medium,high,0.75,medium,2,,,,,,counterexample_audit,724717
G,G_00693,tablet_pickup,semantic_only,1,0,1,0,1,0,0.0,9,4,-1,medium,high,0.75,medium,2,,,,,,counterexample_audit,724717
G,G_00693,tablet_pickup,posthoc_single,0,0,0,0,1,0,0.04750185,9,4,-1,medium,high,0.75,medium,2,,,,,,counterexample_audit,724717
G,G_00693,tablet_pickup,soft_penalty_fc,1,0,1,0,1,0,0.04750185,9,4,-1,medium,high,0.75,medium,2,,,,,,counterexample_audit,724717
G,G_00693,tablet_pickup,observed_sfc,0,0,0,0,1,0,0.0,9,4,4,medium,high,0.75,medium,2,0.2,overconfident,0.7,,,counterexample_audit,724717
G,G_00693,tablet_pickup,risk_aware_sfc,0,0,0,0,1,0,0.0,9,4,4,medium,high,0.75,medium,2,0.2,overconfident,0.7,,,counterexample_audit,724717
G,G_00693,tablet_pickup,abstaining_sfc,0,0,0,0,1,0,0.0,9,4,4,medium,high,0.75,medium,2,0.2,overconfident,0.7,,,counterexample_audit,724717
G,G_00694,tablet_pickup,geometric_fc,1,0,1,0,1,0,0.04870934,9,4,-1,medium,high,0.75,medium,2,,,,,,counterexample_audit,724718
G,G_00694,tablet_pickup,oracle_sfc,0,0,0,0,1,0,0.0,9,4,-1,medium,high,0.75,medium,2,,,,,,counterexample_audit,724718
G,G_00694,tablet_pickup,semantic_only,1,0,1,0,1,0,0.0,9,4,-1,medium,high,0.75,medium,2,,,,,,counterexample_audit,724718
G,G_00694,tablet_pickup,posthoc_single,0,0,0,0,1,0,0.04870934,9,4,-1,medium,high,0.75,medium,2,,,,,,counterexample_audit,724718
G,G_00694,tablet_pickup,soft_penalty_fc,1,0,1,0,1,0,0.04870934,9,4,-1,medium,high,0.75,medium,2,,,,,,counterexample_audit,724718
G,G_00694,tablet_pickup,observed_sfc,1,0,1,0,1,0,0.05545838,9,4,5,medium,high,0.75,medium,2,0.2,overconfident,0.7,,,counterexample_audit,724718
G,G_00694,tablet_pickup,risk_aware_sfc,1,0,1,0,1,0,0.05545838,9,4,5,medium,high,0.75,medium,2,0.2,overconfident,0.7,,,counterexample_audit,724718
G,G_00694,tablet_pickup,abstaining_sfc,1,0,1,0,1,0,0.05545838,9,4,5,medium,high,0.75,medium,2,0.2,overconfident,0.7,,,counterexample_audit,724718
G,G_00695,tablet_pickup,geometric_fc,1,0,1,0,1,0,0.04636105,9,4,-1,medium,high,0.75,medium,2,,,,,,counterexample_audit,724719
G,G_00695,tablet_pickup,oracle_sfc,0,0,0,0,1,0,0.0,9,4,-1,medium,high,0.75,medium,2,,,,,,counterexample_audit,724719
G,G_00695,tablet_pickup,semantic_only,1,0,1,0,1,0,0.0,9,4,-1,medium,high,0.75,medium,2,,,,,,counterexample_audit,724719
G,G_00695,tablet_pickup,posthoc_single,0,0,0,0,1,0,0.04636105,9,4,-1,medium,high,0.75,medium,2,,,,,,counterexample_audit,724719
G,G_00695,tablet_pickup,soft_penalty_fc,1,0,1,0,1,0,0.04636105,9,4,-1,medium,high,0.75,medium,2,,,,,,counterexample_audit,724719
G,G_00695,tablet_pickup,observed_sfc,1,0,1,0,1,0,0.05579056,9,4,5,medium,high,0.75,medium,2,0.2,overconfident,0.7,,,counterexample_audit,724719
G,G_00695,tablet_pickup,risk_aware_sfc,1,0,1,0,1,0,0.05579056,9,4,5,medium,high,0.75,medium,2,0.2,overconfident,0.7,,,counterexample_audit,724719
G,G_00695,tablet_pickup,abstaining_sfc,1,0,1,0,1,0,0.05579056,9,4,5,medium,high,0.75,medium,2,0.2,overconfident,0.7,,,counterexample_audit,724719
G,G_00696,tablet_pickup,geometric_fc,1,0,1,0,1,0,0.04840274,9,4,-1,medium,high,0.75,medium,2,,,,,,counterexample_audit,724720
G,G_00696,tablet_pickup,oracle_sfc,0,0,0,0,1,0,0.0,9,4,-1,medium,high,0.75,medium,2,,,,,,counterexample_audit,724720
G,G_00696,tablet_pickup,semantic_only,1,0,1,0,1,0,0.0,9,4,-1,medium,high,0.75,medium,2,,,,,,counterexample_audit,724720
G,G_00696,tablet_pickup,posthoc_single,0,0,0,0,1,0,0.04840274,9,4,-1,medium,high,0.75,medium,2,,,,,,counterexample_audit,724720
G,G_00696,tablet_pickup,soft_penalty_fc,1,0,1,0,1,0,0.04840274,9,4,-1,medium,high,0.75,medium,2,,,,,,counterexample_audit,724720
G,G_00696,tablet_pickup,observed_sfc,0,0,0,0,1,0,0.0,9,4,3,medium,high,0.75,medium,2,0.2,overconfident,0.7,,,counterexample_audit,724720
G,G_00696,tablet_pickup,risk_aware_sfc,0,0,0,0,1,0,0.0,9,4,3,medium,high,0.75,medium,2,0.2,overconfident,0.7,,,counterexample_audit,724720
G,G_00696,tablet_pickup,abstaining_sfc,0,0,0,0,1,0,0.0,9,4,3,medium,high,0.75,medium,2,0.2,overconfident,0.7,,,counterexample_audit,724720
G,G_00697,tablet_pickup,geometric_fc,1,0,1,0,1,0,0.04525821,9,4,-1,medium,high,0.75,medium,2,,,,,,counterexample_audit,724721
G,G_00697,tablet_pickup,oracle_sfc,0,0,0,0,1,0,0.0,9,4,-1,medium,high,0.75,medium,2,,,,,,counterexample_audit,724721
G,G_00697,tablet_pickup,semantic_only,1,0,1,0,1,0,0.0,9,4,-1,medium,high,0.75,medium,2,,,,,,counterexample_audit,724721
G,G_00697,tablet_pickup,posthoc_single,0,0,0,0,1,0,0.04525821,9,4,-1,medium,high,0.75,medium,2,,,,,,counterexample_audit,724721
G,G_00697,tablet_pickup,soft_penalty_fc,1,0,1,0,1,0,0.04525821,9,4,-1,medium,high,0.75,medium,2,,,,,,counterexample_audit,724721
G,G_00697,tablet_pickup,observed_sfc,0,0,0,0,1,0,0.0,9,4,2,medium,high,0.75,medium,2,0.2,overconfident,0.7,,,counterexample_audit,724721
G,G_00697,tablet_pickup,risk_aware_sfc,0,0,0,0,1,0,0.0,9,4,2,medium,high,0.75,medium,2,0.2,overconfident,0.7,,,counterexample_audit,724721
G,G_00697,tablet_pickup,abstaining_sfc,0,0,0,0,1,0,0.0,9,4,2,medium,high,0.75,medium,2,0.2,overconfident,0.7,,,counterexample_audit,724721
G,G_00698,tablet_pickup,geometric_fc,1,0,1,0,1,0,0.04789208,9,4,-1,medium,high,0.75,medium,2,,,,,,counterexample_audit,724722
G,G_00698,tablet_pickup,oracle_sfc,0,0,0,0,1,0,0.0,9,4,-1,medium,high,0.75,medium,2,,,,,,counterexample_audit,724722
G,G_00698,tablet_pickup,semantic_only,1,0,1,0,1,0,0.0,9,4,-1,medium,high,0.75,medium,2,,,,,,counterexample_audit,724722
G,G_00698,tablet_pickup,posthoc_single,0,0,0,0,1,0,0.04789208,9,4,-1,medium,high,0.75,medium,2,,,,,,counterexample_audit,724722
G,G_00698,tablet_pickup,soft_penalty_fc,1,0,1,0,1,0,0.04789208,9,4,-1,medium,high,0.75,medium,2,,,,,,counterexample_audit,724722
G,G_00698,tablet_pickup,observed_sfc,1,0,1,0,1,0,0.05644031,9,4,4,medium,high,0.75,medium,2,0.2,overconfident,0.7,,,counterexample_audit,724722
G,G_00698,tablet_pickup,risk_aware_sfc,1,0,1,0,1,0,0.05644031,9,4,4,medium,high,0.75,medium,2,0.2,overconfident,0.7,,,counterexample_audit,724722
G,G_00698,tablet_pickup,abstaining_sfc,1,0,1,0,1,0,0.05644031,9,4,4,medium,high,0.75,medium,2,0.2,overconfident,0.7,,,counterexample_audit,724722
G,G_00699,tablet_pickup,geometric_fc,1,0,1,0,1,0,0.04681012,9,4,-1,medium,high,0.75,medium,2,,,,,,counterexample_audit,724723
G,G_00699,tablet_pickup,oracle_sfc,0,0,0,0,1,0,0.0,9,4,-1,medium,high,0.75,medium,2,,,,,,counterexample_audit,724723
G,G_00699,tablet_pickup,semantic_only,1,0,1,0,1,0,0.0,9,4,-1,medium,high,0.75,medium,2,,,,,,counterexample_audit,724723
G,G_00699,tablet_pickup,posthoc_single,0,0,0,0,1,0,0.04681012,9,4,-1,medium,high,0.75,medium,2,,,,,,counterexample_audit,724723
G,G_00699,tablet_pickup,soft_penalty_fc,1,0,1,0,1,0,0.04681012,9,4,-1,medium,high,0.75,medium,2,,,,,,counterexample_audit,724723
G,G_00699,tablet_pickup,observed_sfc,0,0,0,0,1,0,0.0,9,4,4,medium,high,0.75,medium,2,0.2,overconfident,0.7,,,counterexample_audit,724723
G,G_00699,tablet_pickup,risk_aware_sfc,0,0,0,0,1,0,0.0,9,4,4,medium,high,0.75,medium,2,0.2,overconfident,0.7,,,counterexample_audit,724723
G,G_00699,tablet_pickup,abstaining_sfc,0,0,0,0,1,0,0.0,9,4,4,medium,high,0.75,medium,2,0.2,overconfident,0.7,,,counterexample_audit,724723
G,G_00700,tablet_pickup,geometric_fc,1,0,1,0,1,0,0.04655624,9,4,-1,medium,high,0.75,medium,2,,,,,,counterexample_audit,724724
G,G_00700,tablet_pickup,oracle_sfc,0,0,0,0,1,0,0.0,9,4,-1,medium,high,0.75,medium,2,,,,,,counterexample_audit,724724
G,G_00700,tablet_pickup,semantic_only,1,0,1,0,1,0,0.0,9,4,-1,medium,high,0.75,medium,2,,,,,,counterexample_audit,724724
G,G_00700,tablet_pickup,posthoc_single,0,0,0,0,1,0,0.04655624,9,4,-1,medium,high,0.75,medium,2,,,,,,counterexample_audit,724724
G,G_00700,tablet_pickup,soft_penalty_fc,1,0,1,0,1,0,0.04655624,9,4,-1,medium,high,0.75,medium,2,,,,,,counterexample_audit,724724
G,G_00700,tablet_pickup,observed_sfc,0,0,0,0,1,0,0.0,9,4,4,medium,high,0.75,medium,2,0.2,overconfident,0.7,,,counterexample_audit,724724
G,G_00700,tablet_pickup,risk_aware_sfc,0,0,0,0,1,0,0.0,9,4,4,medium,high,0.75,medium,2,0.2,overconfident,0.7,,,counterexample_audit,724724
G,G_00700,tablet_pickup,abstaining_sfc,0,0,0,0,1,0,0.0,9,4,4,medium,high,0.75,medium,2,0.2,overconfident,0.7,,,counterexample_audit,724724
G,G_00701,tablet_pickup,geometric_fc,1,0,1,0,1,0,0.0478054,9,4,-1,medium,high,0.75,medium,2,,,,,,counterexample_audit,724725
G,G_00701,tablet_pickup,oracle_sfc,0,0,0,0,1,0,0.0,9,4,-1,medium,high,0.75,medium,2,,,,,,counterexample_audit,724725
G,G_00701,tablet_pickup,semantic_only,1,0,1,0,1,0,0.0,9,4,-1,medium,high,0.75,medium,2,,,,,,counterexample_audit,724725
G,G_00701,tablet_pickup,posthoc_single,0,0,0,0,1,0,0.0478054,9,4,-1,medium,high,0.75,medium,2,,,,,,counterexample_audit,724725
G,G_00701,tablet_pickup,soft_penalty_fc,1,0,1,0,1,0,0.0478054,9,4,-1,medium,high,0.75,medium,2,,,,,,counterexample_audit,724725
G,G_00701,tablet_pickup,observed_sfc,0,0,0,0,1,0,0.0,9,4,3,medium,high,0.75,medium,2,0.2,overconfident,0.7,,,counterexample_audit,724725
G,G_00701,tablet_pickup,risk_aware_sfc,0,0,0,0,1,0,0.0,9,4,3,medium,high,0.75,medium,2,0.2,overconfident,0.7,,,counterexample_audit,724725
G,G_00701,tablet_pickup,abstaining_sfc,0,0,0,0,1,0,0.0,9,4,3,medium,high,0.75,medium,2,0.2,overconfident,0.7,,,counterexample_audit,724725
G,G_00702,tablet_pickup,geometric_fc,1,0,1,0,1,0,0.04688476,9,4,-1,medium,high,0.75,medium,2,,,,,,counterexample_audit,724726
G,G_00702,tablet_pickup,oracle_sfc,0,0,0,0,1,0,0.0,9,4,-1,medium,high,0.75,medium,2,,,,,,counterexample_audit,724726
G,G_00702,tablet_pickup,semantic_only,1,0,1,0,1,0,0.0,9,4,-1,medium,high,0.75,medium,2,,,,,,counterexample_audit,724726
G,G_00702,tablet_pickup,posthoc_single,0,0,0,0,1,0,0.04688476,9,4,-1,medium,high,0.75,medium,2,,,,,,counterexample_audit,724726
G,G_00702,tablet_pickup,soft_penalty_fc,1,0,1,0,1,0,0.04688476,9,4,-1,medium,high,0.75,medium,2,,,,,,counterexample_audit,724726
G,G_00702,tablet_pickup,observed_sfc,1,0,1,0,1,0,0.06292909,9,4,5,medium,high,0.75,medium,2,0.2,overconfident,0.7,,,counterexample_audit,724726
G,G_00702,tablet_pickup,risk_aware_sfc,1,0,1,0,1,0,0.06292909,9,4,5,medium,high,0.75,medium,2,0.2,overconfident,0.7,,,counterexample_audit,724726
G,G_00702,tablet_pickup,abstaining_sfc,1,0,1,0,1,0,0.06292909,9,4,5,medium,high,0.75,medium,2,0.2,overconfident,0.7,,,counterexample_audit,724726
G,G_00703,tablet_pickup,geometric_fc,1,0,1,0,1,0,0.04531486,9,4,-1,medium,high,0.75,medium,2,,,,,,counterexample_audit,724727
G,G_00703,tablet_pickup,oracle_sfc,0,0,0,0,1,0,0.0,9,4,-1,medium,high,0.75,medium,2,,,,,,counterexample_audit,724727
G,G_00703,tablet_pickup,semantic_only,1,0,1,0,1,0,0.0,9,4,-1,medium,high,0.75,medium,2,,,,,,counterexample_audit,724727
G,G_00703,tablet_pickup,posthoc_single,0,0,0,0,1,0,0.04531486,9,4,-1,medium,high,0.75,medium,2,,,,,,counterexample_audit,724727
G,G_00703,tablet_pickup,soft_penalty_fc,1,0,1,0,1,0,0.04531486,9,4,-1,medium,high,0.75,medium,2,,,,,,counterexample_audit,724727
G,G_00703,tablet_pickup,observed_sfc,0,0,0,0,1,0,0.0,9,4,4,medium,high,0.75,medium,2,0.2,overconfident,0.7,,,counterexample_audit,724727
G,G_00703,tablet_pickup,risk_aware_sfc,0,0,0,0,1,0,0.0,9,4,4,medium,high,0.75,medium,2,0.2,overconfident,0.7,,,counterexample_audit,724727
G,G_00703,tablet_pickup,abstaining_sfc,0,0,0,0,1,0,0.0,9,4,4,medium,high,0.75,medium,2,0.2,overconfident,0.7,,,counterexample_audit,724727
G,G_00704,tablet_pickup,geometric_fc,1,0,1,0,1,0,0.04949492,9,4,-1,medium,high,0.75,medium,2,,,,,,counterexample_audit,724728
G,G_00704,tablet_pickup,oracle_sfc,0,0,0,0,1,0,0.0,9,4,-1,medium,high,0.75,medium,2,,,,,,counterexample_audit,724728
G,G_00704,tablet_pickup,semantic_only,1,0,1,0,1,0,0.0,9,4,-1,medium,high,0.75,medium,2,,,,,,counterexample_audit,724728
G,G_00704,tablet_pickup,posthoc_single,0,0,0,0,1,0,0.04949492,9,4,-1,medium,high,0.75,medium,2,,,,,,counterexample_audit,724728
G,G_00704,tablet_pickup,soft_penalty_fc,1,0,1,0,1,0,0.04949492,9,4,-1,medium,high,0.75,medium,2,,,,,,counterexample_audit,724728
G,G_00704,tablet_pickup,observed_sfc,1,0,1,0,1,0,0.07594654,9,4,5,medium,high,0.75,medium,2,0.2,overconfident,0.7,,,counterexample_audit,724728
G,G_00704,tablet_pickup,risk_aware_sfc,1,0,1,0,1,0,0.07594654,9,4,5,medium,high,0.75,medium,2,0.2,overconfident,0.7,,,counterexample_audit,724728
G,G_00704,tablet_pickup,abstaining_sfc,1,0,1,0,1,0,0.07594654,9,4,5,medium,high,0.75,medium,2,0.2,overconfident,0.7,,,counterexample_audit,724728
G,G_00705,tablet_pickup,geometric_fc,1,0,1,0,1,0,0.04788418,9,4,-1,medium,high,0.75,medium,2,,,,,,counterexample_audit,724729
G,G_00705,tablet_pickup,oracle_sfc,0,0,0,0,1,0,0.0,9,4,-1,medium,high,0.75,medium,2,,,,,,counterexample_audit,724729
G,G_00705,tablet_pickup,semantic_only,1,0,1,0,1,0,0.0,9,4,-1,medium,high,0.75,medium,2,,,,,,counterexample_audit,724729
G,G_00705,tablet_pickup,posthoc_single,0,0,0,0,1,0,0.04788418,9,4,-1,medium,high,0.75,medium,2,,,,,,counterexample_audit,724729
G,G_00705,tablet_pickup,soft_penalty_fc,1,0,1,0,1,0,0.04788418,9,4,-1,medium,high,0.75,medium,2,,,,,,counterexample_audit,724729
G,G_00705,tablet_pickup,observed_sfc,1,0,1,0,1,0,0.06071899,9,4,7,medium,high,0.75,medium,2,0.2,overconfident,0.7,,,counterexample_audit,724729
G,G_00705,tablet_pickup,risk_aware_sfc,1,0,1,0,1,0,0.06071899,9,4,7,medium,high,0.75,medium,2,0.2,overconfident,0.7,,,counterexample_audit,724729
G,G_00705,tablet_pickup,abstaining_sfc,1,0,1,0,1,0,0.06071899,9,4,7,medium,high,0.75,medium,2,0.2,overconfident,0.7,,,counterexample_audit,724729
G,G_00706,tablet_pickup,geometric_fc,1,0,1,0,1,0,0.04849317,9,4,-1,medium,high,0.75,medium,2,,,,,,counterexample_audit,724730
G,G_00706,tablet_pickup,oracle_sfc,0,0,0,0,1,0,0.0,9,4,-1,medium,high,0.75,medium,2,,,,,,counterexample_audit,724730
G,G_00706,tablet_pickup,semantic_only,1,0,1,0,1,0,0.0,9,4,-1,medium,high,0.75,medium,2,,,,,,counterexample_audit,724730
G,G_00706,tablet_pickup,posthoc_single,0,0,0,0,1,0,0.04849317,9,4,-1,medium,high,0.75,medium,2,,,,,,counterexample_audit,724730
G,G_00706,tablet_pickup,soft_penalty_fc,1,0,1,0,1,0,0.04849317,9,4,-1,medium,high,0.75,medium,2,,,,,,counterexample_audit,724730
G,G_00706,tablet_pickup,observed_sfc,1,0,1,0,1,0,0.05419586,9,4,5,medium,high,0.75,medium,2,0.2,overconfident,0.7,,,counterexample_audit,724730
G,G_00706,tablet_pickup,risk_aware_sfc,1,0,1,0,1,0,0.05419586,9,4,5,medium,high,0.75,medium,2,0.2,overconfident,0.7,,,counterexample_audit,724730
G,G_00706,tablet_pickup,abstaining_sfc,1,0,1,0,1,0,0.05419586,9,4,5,medium,high,0.75,medium,2,0.2,overconfident,0.7,,,counterexample_audit,724730
G,G_00707,tablet_pickup,geometric_fc,1,0,1,0,1,0,0.04602525,9,4,-1,medium,high,0.75,medium,2,,,,,,counterexample_audit,724731
G,G_00707,tablet_pickup,oracle_sfc,0,0,0,0,1,0,0.0,9,4,-1,medium,high,0.75,medium,2,,,,,,counterexample_audit,724731
G,G_00707,tablet_pickup,semantic_only,1,0,1,0,1,0,0.0,9,4,-1,medium,high,0.75,medium,2,,,,,,counterexample_audit,724731
G,G_00707,tablet_pickup,posthoc_single,0,0,0,0,1,0,0.04602525,9,4,-1,medium,high,0.75,medium,2,,,,,,counterexample_audit,724731
G,G_00707,tablet_pickup,soft_penalty_fc,1,0,1,0,1,0,0.04602525,9,4,-1,medium,high,0.75,medium,2,,,,,,counterexample_audit,724731
G,G_00707,tablet_pickup,observed_sfc,0,0,0,0,1,0,0.0,9,4,4,medium,high,0.75,medium,2,0.2,overconfident,0.7,,,counterexample_audit,724731
G,G_00707,tablet_pickup,risk_aware_sfc,0,0,0,0,1,0,0.0,9,4,4,medium,high,0.75,medium,2,0.2,overconfident,0.7,,,counterexample_audit,724731
G,G_00707,tablet_pickup,abstaining_sfc,0,0,0,0,1,0,0.0,9,4,4,medium,high,0.75,medium,2,0.2,overconfident,0.7,,,counterexample_audit,724731
G,G_00708,tablet_pickup,geometric_fc,1,0,1,0,1,0,0.04776087,9,4,-1,medium,high,0.75,medium,2,,,,,,counterexample_audit,724732
G,G_00708,tablet_pickup,oracle_sfc,0,0,0,0,1,0,0.0,9,4,-1,medium,high,0.75,medium,2,,,,,,counterexample_audit,724732
G,G_00708,tablet_pickup,semantic_only,1,0,1,0,1,0,0.0,9,4,-1,medium,high,0.75,medium,2,,,,,,counterexample_audit,724732
G,G_00708,tablet_pickup,posthoc_single,0,0,0,0,1,0,0.04776087,9,4,-1,medium,high,0.75,medium,2,,,,,,counterexample_audit,724732
G,G_00708,tablet_pickup,soft_penalty_fc,1,0,1,0,1,0,0.04776087,9,4,-1,medium,high,0.75,medium,2,,,,,,counterexample_audit,724732
G,G_00708,tablet_pickup,observed_sfc,1,0,1,0,1,0,0.06355189,9,4,5,medium,high,0.75,medium,2,0.2,overconfident,0.7,,,counterexample_audit,724732
G,G_00708,tablet_pickup,risk_aware_sfc,1,0,1,0,1,0,0.06355189,9,4,5,medium,high,0.75,medium,2,0.2,overconfident,0.7,,,counterexample_audit,724732
G,G_00708,tablet_pickup,abstaining_sfc,1,0,1,0,1,0,0.06355189,9,4,5,medium,high,0.75,medium,2,0.2,overconfident,0.7,,,counterexample_audit,724732
G,G_00709,tablet_pickup,geometric_fc,1,0,1,0,1,0,0.04751649,9,4,-1,medium,high,0.75,medium,2,,,,,,counterexample_audit,724733
G,G_00709,tablet_pickup,oracle_sfc,0,0,0,0,1,0,0.0,9,4,-1,medium,high,0.75,medium,2,,,,,,counterexample_audit,724733
G,G_00709,tablet_pickup,semantic_only,1,0,1,0,1,0,0.0,9,4,-1,medium,high,0.75,medium,2,,,,,,counterexample_audit,724733
G,G_00709,tablet_pickup,posthoc_single,0,0,0,0,1,0,0.04751649,9,4,-1,medium,high,0.75,medium,2,,,,,,counterexample_audit,724733
G,G_00709,tablet_pickup,soft_penalty_fc,1,0,1,0,1,0,0.04751649,9,4,-1,medium,high,0.75,medium,2,,,,,,counterexample_audit,724733
G,G_00709,tablet_pickup,observed_sfc,1,0,1,0,1,0,0.05730341,9,4,5,medium,high,0.75,medium,2,0.2,overconfident,0.7,,,counterexample_audit,724733
G,G_00709,tablet_pickup,risk_aware_sfc,1,0,1,0,1,0,0.05730341,9,4,5,medium,high,0.75,medium,2,0.2,overconfident,0.7,,,counterexample_audit,724733
G,G_00709,tablet_pickup,abstaining_sfc,1,0,1,0,1,0,0.05730341,9,4,5,medium,high,0.75,medium,2,0.2,overconfident,0.7,,,counterexample_audit,724733
G,G_00710,tablet_pickup,geometric_fc,1,0,1,0,1,0,0.0455318,9,4,-1,medium,high,0.75,medium,2,,,,,,counterexample_audit,724734
G,G_00710,tablet_pickup,oracle_sfc,0,0,0,0,1,0,0.0,9,4,-1,medium,high,0.75,medium,2,,,,,,counterexample_audit,724734
G,G_00710,tablet_pickup,semantic_only,1,0,1,0,1,0,0.0,9,4,-1,medium,high,0.75,medium,2,,,,,,counterexample_audit,724734
G,G_00710,tablet_pickup,posthoc_single,0,0,0,0,1,0,0.0455318,9,4,-1,medium,high,0.75,medium,2,,,,,,counterexample_audit,724734
G,G_00710,tablet_pickup,soft_penalty_fc,1,0,1,0,1,0,0.0455318,9,4,-1,medium,high,0.75,medium,2,,,,,,counterexample_audit,724734
G,G_00710,tablet_pickup,observed_sfc,0,0,0,0,1,0,0.0,9,4,3,medium,high,0.75,medium,2,0.2,overconfident,0.7,,,counterexample_audit,724734
G,G_00710,tablet_pickup,risk_aware_sfc,0,0,0,0,1,0,0.0,9,4,3,medium,high,0.75,medium,2,0.2,overconfident,0.7,,,counterexample_audit,724734
G,G_00710,tablet_pickup,abstaining_sfc,0,0,0,0,1,0,0.0,9,4,3,medium,high,0.75,medium,2,0.2,overconfident,0.7,,,counterexample_audit,724734
G,G_00711,tablet_pickup,geometric_fc,1,0,1,0,1,0,0.04738053,9,4,-1,medium,high,0.75,medium,2,,,,,,counterexample_audit,724735
G,G_00711,tablet_pickup,oracle_sfc,0,0,0,0,1,0,0.0,9,4,-1,medium,high,0.75,medium,2,,,,,,counterexample_audit,724735
G,G_00711,tablet_pickup,semantic_only,1,0,1,0,1,0,0.0,9,4,-1,medium,high,0.75,medium,2,,,,,,counterexample_audit,724735
G,G_00711,tablet_pickup,posthoc_single,0,0,0,0,1,0,0.04738053,9,4,-1,medium,high,0.75,medium,2,,,,,,counterexample_audit,724735
G,G_00711,tablet_pickup,soft_penalty_fc,1,0,1,0,1,0,0.04738053,9,4,-1,medium,high,0.75,medium,2,,,,,,counterexample_audit,724735
G,G_00711,tablet_pickup,observed_sfc,1,0,1,0,1,0,0.07088345,9,4,4,medium,high,0.75,medium,2,0.2,overconfident,0.7,,,counterexample_audit,724735
G,G_00711,tablet_pickup,risk_aware_sfc,1,0,1,0,1,0,0.07088345,9,4,4,medium,high,0.75,medium,2,0.2,overconfident,0.7,,,counterexample_audit,724735
G,G_00711,tablet_pickup,abstaining_sfc,1,0,1,0,1,0,0.07088345,9,4,4,medium,high,0.75,medium,2,0.2,overconfident,0.7,,,counterexample_audit,724735
G,G_00712,tablet_pickup,geometric_fc,1,0,1,0,1,0,0.04547058,9,4,-1,medium,high,0.75,medium,2,,,,,,counterexample_audit,724736
G,G_00712,tablet_pickup,oracle_sfc,0,0,0,0,1,0,0.0,9,4,-1,medium,high,0.75,medium,2,,,,,,counterexample_audit,724736
G,G_00712,tablet_pickup,semantic_only,1,0,1,0,1,0,0.0,9,4,-1,medium,high,0.75,medium,2,,,,,,counterexample_audit,724736
G,G_00712,tablet_pickup,posthoc_single,0,0,0,0,1,0,0.04547058,9,4,-1,medium,high,0.75,medium,2,,,,,,counterexample_audit,724736
G,G_00712,tablet_pickup,soft_penalty_fc,1,0,1,0,1,0,0.04547058,9,4,-1,medium,high,0.75,medium,2,,,,,,counterexample_audit,724736
G,G_00712,tablet_pickup,observed_sfc,0,0,0,0,1,0,0.0,9,4,4,medium,high,0.75,medium,2,0.2,overconfident,0.7,,,counterexample_audit,724736
G,G_00712,tablet_pickup,risk_aware_sfc,0,0,0,0,1,0,0.0,9,4,4,medium,high,0.75,medium,2,0.2,overconfident,0.7,,,counterexample_audit,724736
G,G_00712,tablet_pickup,abstaining_sfc,0,0,0,0,1,0,0.0,9,4,4,medium,high,0.75,medium,2,0.2,overconfident,0.7,,,counterexample_audit,724736
G,G_00713,tablet_pickup,geometric_fc,1,0,1,0,1,0,0.0509533,9,4,-1,medium,high,0.75,medium,2,,,,,,counterexample_audit,724737
G,G_00713,tablet_pickup,oracle_sfc,0,0,0,0,1,0,0.0,9,4,-1,medium,high,0.75,medium,2,,,,,,counterexample_audit,724737
G,G_00713,tablet_pickup,semantic_only,1,0,1,0,1,0,0.0,9,4,-1,medium,high,0.75,medium,2,,,,,,counterexample_audit,724737
G,G_00713,tablet_pickup,posthoc_single,0,0,0,0,1,0,0.0509533,9,4,-1,medium,high,0.75,medium,2,,,,,,counterexample_audit,724737
G,G_00713,tablet_pickup,soft_penalty_fc,1,0,1,0,1,0,0.0509533,9,4,-1,medium,high,0.75,medium,2,,,,,,counterexample_audit,724737
G,G_00713,tablet_pickup,observed_sfc,1,0,1,0,1,0,0.06277576,9,4,7,medium,high,0.75,medium,2,0.2,overconfident,0.7,,,counterexample_audit,724737
G,G_00713,tablet_pickup,risk_aware_sfc,1,0,1,0,1,0,0.06277576,9,4,7,medium,high,0.75,medium,2,0.2,overconfident,0.7,,,counterexample_audit,724737
G,G_00713,tablet_pickup,abstaining_sfc,1,0,1,0,1,0,0.06277576,9,4,7,medium,high,0.75,medium,2,0.2,overconfident,0.7,,,counterexample_audit,724737
G,G_00714,tablet_pickup,geometric_fc,1,0,1,0,1,0,0.04697645,9,4,-1,medium,high,0.75,medium,2,,,,,,counterexample_audit,724738
G,G_00714,tablet_pickup,oracle_sfc,0,0,0,0,1,0,0.0,9,4,-1,medium,high,0.75,medium,2,,,,,,counterexample_audit,724738
G,G_00714,tablet_pickup,semantic_only,1,0,1,0,1,0,0.0,9,4,-1,medium,high,0.75,medium,2,,,,,,counterexample_audit,724738
G,G_00714,tablet_pickup,posthoc_single,0,0,0,0,1,0,0.04697645,9,4,-1,medium,high,0.75,medium,2,,,,,,counterexample_audit,724738
G,G_00714,tablet_pickup,soft_penalty_fc,1,0,1,0,1,0,0.04697645,9,4,-1,medium,high,0.75,medium,2,,,,,,counterexample_audit,724738
G,G_00714,tablet_pickup,observed_sfc,0,0,0,0,1,0,0.0,9,4,2,medium,high,0.75,medium,2,0.2,overconfident,0.7,,,counterexample_audit,724738
G,G_00714,tablet_pickup,risk_aware_sfc,0,0,0,0,1,0,0.0,9,4,2,medium,high,0.75,medium,2,0.2,overconfident,0.7,,,counterexample_audit,724738
G,G_00714,tablet_pickup,abstaining_sfc,0,0,0,0,1,0,0.0,9,4,2,medium,high,0.75,medium,2,0.2,overconfident,0.7,,,counterexample_audit,724738
G,G_00715,tablet_pickup,geometric_fc,1,0,1,0,1,0,0.04682287,9,4,-1,medium,high,0.75,medium,2,,,,,,counterexample_audit,724739
G,G_00715,tablet_pickup,oracle_sfc,0,0,0,0,1,0,0.0,9,4,-1,medium,high,0.75,medium,2,,,,,,counterexample_audit,724739
G,G_00715,tablet_pickup,semantic_only,1,0,1,0,1,0,0.0,9,4,-1,medium,high,0.75,medium,2,,,,,,counterexample_audit,724739
G,G_00715,tablet_pickup,posthoc_single,0,0,0,0,1,0,0.04682287,9,4,-1,medium,high,0.75,medium,2,,,,,,counterexample_audit,724739
G,G_00715,tablet_pickup,soft_penalty_fc,1,0,1,0,1,0,0.04682287,9,4,-1,medium,high,0.75,medium,2,,,,,,counterexample_audit,724739
G,G_00715,tablet_pickup,observed_sfc,0,0,0,0,1,0,0.0,9,4,4,medium,high,0.75,medium,2,0.2,overconfident,0.7,,,counterexample_audit,724739
G,G_00715,tablet_pickup,risk_aware_sfc,0,0,0,0,1,0,0.0,9,4,4,medium,high,0.75,medium,2,0.2,overconfident,0.7,,,counterexample_audit,724739
G,G_00715,tablet_pickup,abstaining_sfc,0,0,0,0,1,0,0.0,9,4,4,medium,high,0.75,medium,2,0.2,overconfident,0.7,,,counterexample_audit,724739
G,G_00716,tablet_pickup,geometric_fc,1,0,1,0,1,0,0.04488821,9,4,-1,medium,high,0.75,medium,2,,,,,,counterexample_audit,724740
G,G_00716,tablet_pickup,oracle_sfc,0,0,0,0,1,0,0.0,9,4,-1,medium,high,0.75,medium,2,,,,,,counterexample_audit,724740
G,G_00716,tablet_pickup,semantic_only,1,0,1,0,1,0,0.0,9,4,-1,medium,high,0.75,medium,2,,,,,,counterexample_audit,724740
G,G_00716,tablet_pickup,posthoc_single,0,0,0,0,1,0,0.04488821,9,4,-1,medium,high,0.75,medium,2,,,,,,counterexample_audit,724740
G,G_00716,tablet_pickup,soft_penalty_fc,1,0,1,0,1,0,0.04488821,9,4,-1,medium,high,0.75,medium,2,,,,,,counterexample_audit,724740
G,G_00716,tablet_pickup,observed_sfc,1,0,1,0,1,0,0.10713858,9,4,3,medium,high,0.75,medium,2,0.2,overconfident,0.7,,,counterexample_audit,724740
G,G_00716,tablet_pickup,risk_aware_sfc,1,0,1,0,1,0,0.10713858,9,4,3,medium,high,0.75,medium,2,0.2,overconfident,0.7,,,counterexample_audit,724740
G,G_00716,tablet_pickup,abstaining_sfc,1,0,1,0,1,0,0.10713858,9,4,3,medium,high,0.75,medium,2,0.2,overconfident,0.7,,,counterexample_audit,724740
G,G_00717,tablet_pickup,geometric_fc,1,0,1,0,1,0,0.04538907,9,4,-1,medium,high,0.75,medium,2,,,,,,counterexample_audit,724741
G,G_00717,tablet_pickup,oracle_sfc,0,0,0,0,1,0,0.0,9,4,-1,medium,high,0.75,medium,2,,,,,,counterexample_audit,724741
G,G_00717,tablet_pickup,semantic_only,1,0,1,0,1,0,0.0,9,4,-1,medium,high,0.75,medium,2,,,,,,counterexample_audit,724741
G,G_00717,tablet_pickup,posthoc_single,0,0,0,0,1,0,0.04538907,9,4,-1,medium,high,0.75,medium,2,,,,,,counterexample_audit,724741
G,G_00717,tablet_pickup,soft_penalty_fc,1,0,1,0,1,0,0.04538907,9,4,-1,medium,high,0.75,medium,2,,,,,,counterexample_audit,724741
G,G_00717,tablet_pickup,observed_sfc,1,0,1,0,1,0,0.04255792,9,4,7,medium,high,0.75,medium,2,0.2,overconfident,0.7,,,counterexample_audit,724741
G,G_00717,tablet_pickup,risk_aware_sfc,1,0,1,0,1,0,0.04255792,9,4,7,medium,high,0.75,medium,2,0.2,overconfident,0.7,,,counterexample_audit,724741
G,G_00717,tablet_pickup,abstaining_sfc,1,0,1,0,1,0,0.04255792,9,4,7,medium,high,0.75,medium,2,0.2,overconfident,0.7,,,counterexample_audit,724741
G,G_00718,tablet_pickup,geometric_fc,1,0,1,0,1,0,0.04644067,9,4,-1,medium,high,0.75,medium,2,,,,,,counterexample_audit,724742
G,G_00718,tablet_pickup,oracle_sfc,0,0,0,0,1,0,0.0,9,4,-1,medium,high,0.75,medium,2,,,,,,counterexample_audit,724742
G,G_00718,tablet_pickup,semantic_only,1,0,1,0,1,0,0.0,9,4,-1,medium,high,0.75,medium,2,,,,,,counterexample_audit,724742
G,G_00718,tablet_pickup,posthoc_single,0,0,0,0,1,0,0.04644067,9,4,-1,medium,high,0.75,medium,2,,,,,,counterexample_audit,724742
G,G_00718,tablet_pickup,soft_penalty_fc,1,0,1,0,1,0,0.04644067,9,4,-1,medium,high,0.75,medium,2,,,,,,counterexample_audit,724742
G,G_00718,tablet_pickup,observed_sfc,1,0,1,0,1,0,0.05882405,9,4,7,medium,high,0.75,medium,2,0.2,overconfident,0.7,,,counterexample_audit,724742
G,G_00718,tablet_pickup,risk_aware_sfc,1,0,1,0,1,0,0.05882405,9,4,7,medium,high,0.75,medium,2,0.2,overconfident,0.7,,,counterexample_audit,724742
G,G_00718,tablet_pickup,abstaining_sfc,1,0,1,0,1,0,0.05882405,9,4,7,medium,high,0.75,medium,2,0.2,overconfident,0.7,,,counterexample_audit,724742
G,G_00719,tablet_pickup,geometric_fc,1,0,1,0,1,0,0.04701566,9,4,-1,medium,high,0.75,medium,2,,,,,,counterexample_audit,724743
G,G_00719,tablet_pickup,oracle_sfc,0,0,0,0,1,0,0.0,9,4,-1,medium,high,0.75,medium,2,,,,,,counterexample_audit,724743
G,G_00719,tablet_pickup,semantic_only,1,0,1,0,1,0,0.0,9,4,-1,medium,high,0.75,medium,2,,,,,,counterexample_audit,724743
G,G_00719,tablet_pickup,posthoc_single,0,0,0,0,1,0,0.04701566,9,4,-1,medium,high,0.75,medium,2,,,,,,counterexample_audit,724743
G,G_00719,tablet_pickup,soft_penalty_fc,1,0,1,0,1,0,0.04701566,9,4,-1,medium,high,0.75,medium,2,,,,,,counterexample_audit,724743
G,G_00719,tablet_pickup,observed_sfc,1,0,1,0,1,0,0.06453696,9,4,6,medium,high,0.75,medium,2,0.2,overconfident,0.7,,,counterexample_audit,724743
G,G_00719,tablet_pickup,risk_aware_sfc,1,0,1,0,1,0,0.06453696,9,4,6,medium,high,0.75,medium,2,0.2,overconfident,0.7,,,counterexample_audit,724743
G,G_00719,tablet_pickup,abstaining_sfc,1,0,1,0,1,0,0.06453696,9,4,6,medium,high,0.75,medium,2,0.2,overconfident,0.7,,,counterexample_audit,724743
G,G_00720,tablet_pickup,geometric_fc,1,0,1,0,1,0,0.04657508,9,4,-1,medium,high,0.75,medium,2,,,,,,counterexample_audit,724744
G,G_00720,tablet_pickup,oracle_sfc,0,0,0,0,1,0,0.0,9,4,-1,medium,high,0.75,medium,2,,,,,,counterexample_audit,724744
G,G_00720,tablet_pickup,semantic_only,1,0,1,0,1,0,0.0,9,4,-1,medium,high,0.75,medium,2,,,,,,counterexample_audit,724744
G,G_00720,tablet_pickup,posthoc_single,0,0,0,0,1,0,0.04657508,9,4,-1,medium,high,0.75,medium,2,,,,,,counterexample_audit,724744
G,G_00720,tablet_pickup,soft_penalty_fc,1,0,1,0,1,0,0.04657508,9,4,-1,medium,high,0.75,medium,2,,,,,,counterexample_audit,724744
G,G_00720,tablet_pickup,observed_sfc,1,0,1,0,1,0,0.08301728,9,4,4,medium,high,0.75,medium,2,0.2,overconfident,0.7,,,counterexample_audit,724744
G,G_00720,tablet_pickup,risk_aware_sfc,1,0,1,0,1,0,0.08301728,9,4,4,medium,high,0.75,medium,2,0.2,overconfident,0.7,,,counterexample_audit,724744
G,G_00720,tablet_pickup,abstaining_sfc,1,0,1,0,1,0,0.08301728,9,4,4,medium,high,0.75,medium,2,0.2,overconfident,0.7,,,counterexample_audit,724744
G,G_00721,flower_cut,geometric_fc,1,0,1,0,1,0,0.03613542,10,3,-1,medium,high,0.75,medium,2,,,,,,counterexample_audit,724745
G,G_00721,flower_cut,oracle_sfc,0,0,0,0,1,0,0.0,10,3,-1,medium,high,0.75,medium,2,,,,,,counterexample_audit,724745
G,G_00721,flower_cut,semantic_only,1,0,1,0,1,0,0.0,10,3,-1,medium,high,0.75,medium,2,,,,,,counterexample_audit,724745
G,G_00721,flower_cut,posthoc_single,0,0,0,0,1,0,0.03613542,10,3,-1,medium,high,0.75,medium,2,,,,,,counterexample_audit,724745
G,G_00721,flower_cut,soft_penalty_fc,1,0,1,0,1,0,0.03613542,10,3,-1,medium,high,0.75,medium,2,,,,,,counterexample_audit,724745
G,G_00721,flower_cut,observed_sfc,1,0,1,0,1,0,0.05484415,10,3,5,medium,high,0.75,medium,2,0.2,overconfident,0.7,,,counterexample_audit,724745
G,G_00721,flower_cut,risk_aware_sfc,1,0,1,0,1,0,0.05484415,10,3,5,medium,high,0.75,medium,2,0.2,overconfident,0.7,,,counterexample_audit,724745
G,G_00721,flower_cut,abstaining_sfc,1,0,1,0,1,0,0.05484415,10,3,5,medium,high,0.75,medium,2,0.2,overconfident,0.7,,,counterexample_audit,724745
G,G_00722,flower_cut,geometric_fc,1,0,1,0,1,0,0.03711849,10,3,-1,medium,high,0.75,medium,2,,,,,,counterexample_audit,724746
G,G_00722,flower_cut,oracle_sfc,0,0,0,0,1,0,0.0,10,3,-1,medium,high,0.75,medium,2,,,,,,counterexample_audit,724746
G,G_00722,flower_cut,semantic_only,1,0,1,0,1,0,0.0,10,3,-1,medium,high,0.75,medium,2,,,,,,counterexample_audit,724746
G,G_00722,flower_cut,posthoc_single,0,0,0,0,1,0,0.03711849,10,3,-1,medium,high,0.75,medium,2,,,,,,counterexample_audit,724746
G,G_00722,flower_cut,soft_penalty_fc,1,0,1,0,1,0,0.03711849,10,3,-1,medium,high,0.75,medium,2,,,,,,counterexample_audit,724746
G,G_00722,flower_cut,observed_sfc,1,0,1,0,1,0,0.04925161,10,3,4,medium,high,0.75,medium,2,0.2,overconfident,0.7,,,counterexample_audit,724746
G,G_00722,flower_cut,risk_aware_sfc,1,0,1,0,1,0,0.04925161,10,3,4,medium,high,0.75,medium,2,0.2,overconfident,0.7,,,counterexample_audit,724746
G,G_00722,flower_cut,abstaining_sfc,1,0,1,0,1,0,0.04925161,10,3,4,medium,high,0.75,medium,2,0.2,overconfident,0.7,,,counterexample_audit,724746
G,G_00723,flower_cut,geometric_fc,1,0,1,0,1,0,0.03647214,10,3,-1,medium,high,0.75,medium,2,,,,,,counterexample_audit,724747
G,G_00723,flower_cut,oracle_sfc,0,0,0,0,1,0,0.0,10,3,-1,medium,high,0.75,medium,2,,,,,,counterexample_audit,724747
G,G_00723,flower_cut,semantic_only,1,0,1,0,1,0,0.0,10,3,-1,medium,high,0.75,medium,2,,,,,,counterexample_audit,724747
G,G_00723,flower_cut,posthoc_single,0,0,0,0,1,0,0.03647214,10,3,-1,medium,high,0.75,medium,2,,,,,,counterexample_audit,724747
G,G_00723,flower_cut,soft_penalty_fc,1,0,1,0,1,0,0.03647214,10,3,-1,medium,high,0.75,medium,2,,,,,,counterexample_audit,724747
G,G_00723,flower_cut,observed_sfc,0,0,0,0,1,0,0.0,10,3,3,medium,high,0.75,medium,2,0.2,overconfident,0.7,,,counterexample_audit,724747
G,G_00723,flower_cut,risk_aware_sfc,0,0,0,0,1,0,0.0,10,3,3,medium,high,0.75,medium,2,0.2,overconfident,0.7,,,counterexample_audit,724747
G,G_00723,flower_cut,abstaining_sfc,0,0,0,0,1,0,0.0,10,3,3,medium,high,0.75,medium,2,0.2,overconfident,0.7,,,counterexample_audit,724747
G,G_00724,flower_cut,geometric_fc,1,0,1,0,1,0,0.03956624,10,3,-1,medium,high,0.75,medium,2,,,,,,counterexample_audit,724748
G,G_00724,flower_cut,oracle_sfc,0,0,0,0,1,0,0.0,10,3,-1,medium,high,0.75,medium,2,,,,,,counterexample_audit,724748
G,G_00724,flower_cut,semantic_only,1,0,1,0,1,0,0.0,10,3,-1,medium,high,0.75,medium,2,,,,,,counterexample_audit,724748
G,G_00724,flower_cut,posthoc_single,0,0,0,0,1,0,0.03956624,10,3,-1,medium,high,0.75,medium,2,,,,,,counterexample_audit,724748
G,G_00724,flower_cut,soft_penalty_fc,1,0,1,0,1,0,0.03956624,10,3,-1,medium,high,0.75,medium,2,,,,,,counterexample_audit,724748
G,G_00724,flower_cut,observed_sfc,0,0,0,0,1,0,0.0,10,3,2,medium,high,0.75,medium,2,0.2,overconfident,0.7,,,counterexample_audit,724748
G,G_00724,flower_cut,risk_aware_sfc,0,0,0,0,1,0,0.0,10,3,2,medium,high,0.75,medium,2,0.2,overconfident,0.7,,,counterexample_audit,724748
G,G_00724,flower_cut,abstaining_sfc,0,0,0,0,1,0,0.0,10,3,2,medium,high,0.75,medium,2,0.2,overconfident,0.7,,,counterexample_audit,724748
G,G_00725,flower_cut,geometric_fc,1,0,1,0,1,0,0.03993171,10,3,-1,medium,high,0.75,medium,2,,,,,,counterexample_audit,724749
G,G_00725,flower_cut,oracle_sfc,0,0,0,0,1,0,0.0,10,3,-1,medium,high,0.75,medium,2,,,,,,counterexample_audit,724749
G,G_00725,flower_cut,semantic_only,1,0,1,0,1,0,0.0,10,3,-1,medium,high,0.75,medium,2,,,,,,counterexample_audit,724749
G,G_00725,flower_cut,posthoc_single,0,0,0,0,1,0,0.03993171,10,3,-1,medium,high,0.75,medium,2,,,,,,counterexample_audit,724749
G,G_00725,flower_cut,soft_penalty_fc,1,0,1,0,1,0,0.03993171,10,3,-1,medium,high,0.75,medium,2,,,,,,counterexample_audit,724749
G,G_00725,flower_cut,observed_sfc,0,0,0,0,1,0,0.0,10,3,3,medium,high,0.75,medium,2,0.2,overconfident,0.7,,,counterexample_audit,724749
G,G_00725,flower_cut,risk_aware_sfc,0,0,0,0,1,0,0.0,10,3,3,medium,high,0.75,medium,2,0.2,overconfident,0.7,,,counterexample_audit,724749
G,G_00725,flower_cut,abstaining_sfc,0,0,0,0,1,0,0.0,10,3,3,medium,high,0.75,medium,2,0.2,overconfident,0.7,,,counterexample_audit,724749
G,G_00726,flower_cut,geometric_fc,1,0,1,0,1,0,0.03544881,10,3,-1,medium,high,0.75,medium,2,,,,,,counterexample_audit,724750
G,G_00726,flower_cut,oracle_sfc,0,0,0,0,1,0,0.0,10,3,-1,medium,high,0.75,medium,2,,,,,,counterexample_audit,724750
G,G_00726,flower_cut,semantic_only,1,0,1,0,1,0,0.0,10,3,-1,medium,high,0.75,medium,2,,,,,,counterexample_audit,724750
G,G_00726,flower_cut,posthoc_single,0,0,0,0,1,0,0.03544881,10,3,-1,medium,high,0.75,medium,2,,,,,,counterexample_audit,724750
G,G_00726,flower_cut,soft_penalty_fc,1,0,1,0,1,0,0.03544881,10,3,-1,medium,high,0.75,medium,2,,,,,,counterexample_audit,724750
G,G_00726,flower_cut,observed_sfc,1,0,1,0,1,0,0.05224821,10,3,4,medium,high,0.75,medium,2,0.2,overconfident,0.7,,,counterexample_audit,724750
G,G_00726,flower_cut,risk_aware_sfc,1,0,1,0,1,0,0.05224821,10,3,4,medium,high,0.75,medium,2,0.2,overconfident,0.7,,,counterexample_audit,724750
G,G_00726,flower_cut,abstaining_sfc,1,0,1,0,1,0,0.05224821,10,3,4,medium,high,0.75,medium,2,0.2,overconfident,0.7,,,counterexample_audit,724750
G,G_00727,flower_cut,geometric_fc,1,0,1,0,1,0,0.04017861,10,3,-1,medium,high,0.75,medium,2,,,,,,counterexample_audit,724751
G,G_00727,flower_cut,oracle_sfc,0,0,0,0,1,0,0.0,10,3,-1,medium,high,0.75,medium,2,,,,,,counterexample_audit,724751
G,G_00727,flower_cut,semantic_only,1,0,1,0,1,0,0.0,10,3,-1,medium,high,0.75,medium,2,,,,,,counterexample_audit,724751
G,G_00727,flower_cut,posthoc_single,0,0,0,0,1,0,0.04017861,10,3,-1,medium,high,0.75,medium,2,,,,,,counterexample_audit,724751
G,G_00727,flower_cut,soft_penalty_fc,1,0,1,0,1,0,0.04017861,10,3,-1,medium,high,0.75,medium,2,,,,,,counterexample_audit,724751
G,G_00727,flower_cut,observed_sfc,1,0,1,0,1,0,0.04566264,10,3,4,medium,high,0.75,medium,2,0.2,overconfident,0.7,,,counterexample_audit,724751
G,G_00727,flower_cut,risk_aware_sfc,1,0,1,0,1,0,0.04566264,10,3,4,medium,high,0.75,medium,2,0.2,overconfident,0.7,,,counterexample_audit,724751
G,G_00727,flower_cut,abstaining_sfc,1,0,1,0,1,0,0.04566264,10,3,4,medium,high,0.75,medium,2,0.2,overconfident,0.7,,,counterexample_audit,724751
G,G_00728,flower_cut,geometric_fc,1,0,1,0,1,0,0.03851157,10,3,-1,medium,high,0.75,medium,2,,,,,,counterexample_audit,724752
G,G_00728,flower_cut,oracle_sfc,0,0,0,0,1,0,0.0,10,3,-1,medium,high,0.75,medium,2,,,,,,counterexample_audit,724752
G,G_00728,flower_cut,semantic_only,1,0,1,0,1,0,0.0,10,3,-1,medium,high,0.75,medium,2,,,,,,counterexample_audit,724752
G,G_00728,flower_cut,posthoc_single,0,0,0,0,1,0,0.03851157,10,3,-1,medium,high,0.75,medium,2,,,,,,counterexample_audit,724752
G,G_00728,flower_cut,soft_penalty_fc,1,0,1,0,1,0,0.03851157,10,3,-1,medium,high,0.75,medium,2,,,,,,counterexample_audit,724752
G,G_00728,flower_cut,observed_sfc,0,0,0,0,1,0,0.0,10,3,2,medium,high,0.75,medium,2,0.2,overconfident,0.7,,,counterexample_audit,724752
G,G_00728,flower_cut,risk_aware_sfc,0,0,0,0,1,0,0.0,10,3,2,medium,high,0.75,medium,2,0.2,overconfident,0.7,,,counterexample_audit,724752
G,G_00728,flower_cut,abstaining_sfc,0,0,0,0,1,0,0.0,10,3,2,medium,high,0.75,medium,2,0.2,overconfident,0.7,,,counterexample_audit,724752
G,G_00729,flower_cut,geometric_fc,1,0,1,0,1,0,0.03830333,10,3,-1,medium,high,0.75,medium,2,,,,,,counterexample_audit,724753
G,G_00729,flower_cut,oracle_sfc,0,0,0,0,1,0,0.0,10,3,-1,medium,high,0.75,medium,2,,,,,,counterexample_audit,724753
G,G_00729,flower_cut,semantic_only,1,0,1,0,1,0,0.0,10,3,-1,medium,high,0.75,medium,2,,,,,,counterexample_audit,724753
G,G_00729,flower_cut,posthoc_single,0,0,0,0,1,0,0.03830333,10,3,-1,medium,high,0.75,medium,2,,,,,,counterexample_audit,724753
G,G_00729,flower_cut,soft_penalty_fc,1,0,1,0,1,0,0.03830333,10,3,-1,medium,high,0.75,medium,2,,,,,,counterexample_audit,724753
G,G_00729,flower_cut,observed_sfc,0,0,0,0,1,0,0.0,10,3,2,medium,high,0.75,medium,2,0.2,overconfident,0.7,,,counterexample_audit,724753
G,G_00729,flower_cut,risk_aware_sfc,0,0,0,0,1,0,0.0,10,3,2,medium,high,0.75,medium,2,0.2,overconfident,0.7,,,counterexample_audit,724753
G,G_00729,flower_cut,abstaining_sfc,0,0,0,0,1,0,0.0,10,3,2,medium,high,0.75,medium,2,0.2,overconfident,0.7,,,counterexample_audit,724753
G,G_00730,flower_cut,geometric_fc,1,0,1,0,1,0,0.03831627,10,3,-1,medium,high,0.75,medium,2,,,,,,counterexample_audit,724754
G,G_00730,flower_cut,oracle_sfc,0,0,0,0,1,0,0.0,10,3,-1,medium,high,0.75,medium,2,,,,,,counterexample_audit,724754
G,G_00730,flower_cut,semantic_only,1,0,1,0,1,0,0.0,10,3,-1,medium,high,0.75,medium,2,,,,,,counterexample_audit,724754
G,G_00730,flower_cut,posthoc_single,0,0,0,0,1,0,0.03831627,10,3,-1,medium,high,0.75,medium,2,,,,,,counterexample_audit,724754
G,G_00730,flower_cut,soft_penalty_fc,1,0,1,0,1,0,0.03831627,10,3,-1,medium,high,0.75,medium,2,,,,,,counterexample_audit,724754
G,G_00730,flower_cut,observed_sfc,0,0,0,0,1,0,0.0,10,3,2,medium,high,0.75,medium,2,0.2,overconfident,0.7,,,counterexample_audit,724754
G,G_00730,flower_cut,risk_aware_sfc,0,0,0,0,1,0,0.0,10,3,2,medium,high,0.75,medium,2,0.2,overconfident,0.7,,,counterexample_audit,724754
G,G_00730,flower_cut,abstaining_sfc,0,0,0,0,1,0,0.0,10,3,2,medium,high,0.75,medium,2,0.2,overconfident,0.7,,,counterexample_audit,724754
G,G_00731,flower_cut,geometric_fc,1,0,1,0,1,0,0.03967945,10,3,-1,medium,high,0.75,medium,2,,,,,,counterexample_audit,724755
G,G_00731,flower_cut,oracle_sfc,0,0,0,0,1,0,0.0,10,3,-1,medium,high,0.75,medium,2,,,,,,counterexample_audit,724755
G,G_00731,flower_cut,semantic_only,1,0,1,0,1,0,0.0,10,3,-1,medium,high,0.75,medium,2,,,,,,counterexample_audit,724755
G,G_00731,flower_cut,posthoc_single,0,0,0,0,1,0,0.03967945,10,3,-1,medium,high,0.75,medium,2,,,,,,counterexample_audit,724755
G,G_00731,flower_cut,soft_penalty_fc,1,0,1,0,1,0,0.03967945,10,3,-1,medium,high,0.75,medium,2,,,,,,counterexample_audit,724755
G,G_00731,flower_cut,observed_sfc,0,0,0,0,1,0,0.0,10,3,3,medium,high,0.75,medium,2,0.2,overconfident,0.7,,,counterexample_audit,724755
G,G_00731,flower_cut,risk_aware_sfc,0,0,0,0,1,0,0.0,10,3,3,medium,high,0.75,medium,2,0.2,overconfident,0.7,,,counterexample_audit,724755
G,G_00731,flower_cut,abstaining_sfc,0,0,0,0,1,0,0.0,10,3,3,medium,high,0.75,medium,2,0.2,overconfident,0.7,,,counterexample_audit,724755
G,G_00732,flower_cut,geometric_fc,1,0,1,0,1,0,0.03970533,10,3,-1,medium,high,0.75,medium,2,,,,,,counterexample_audit,724756
G,G_00732,flower_cut,oracle_sfc,0,0,0,0,1,0,0.0,10,3,-1,medium,high,0.75,medium,2,,,,,,counterexample_audit,724756
G,G_00732,flower_cut,semantic_only,1,0,1,0,1,0,0.0,10,3,-1,medium,high,0.75,medium,2,,,,,,counterexample_audit,724756
G,G_00732,flower_cut,posthoc_single,0,0,0,0,1,0,0.03970533,10,3,-1,medium,high,0.75,medium,2,,,,,,counterexample_audit,724756
G,G_00732,flower_cut,soft_penalty_fc,1,0,1,0,1,0,0.03970533,10,3,-1,medium,high,0.75,medium,2,,,,,,counterexample_audit,724756
G,G_00732,flower_cut,observed_sfc,0,0,0,0,1,0,0.0,10,3,1,medium,high,0.75,medium,2,0.2,overconfident,0.7,,,counterexample_audit,724756
G,G_00732,flower_cut,risk_aware_sfc,0,0,0,0,1,0,0.0,10,3,1,medium,high,0.75,medium,2,0.2,overconfident,0.7,,,counterexample_audit,724756
G,G_00732,flower_cut,abstaining_sfc,0,0,0,0,1,0,0.0,10,3,1,medium,high,0.75,medium,2,0.2,overconfident,0.7,,,counterexample_audit,724756
G,G_00733,flower_cut,geometric_fc,1,0,1,0,1,0,0.03896071,10,3,-1,medium,high,0.75,medium,2,,,,,,counterexample_audit,724757
G,G_00733,flower_cut,oracle_sfc,0,0,0,0,1,0,0.0,10,3,-1,medium,high,0.75,medium,2,,,,,,counterexample_audit,724757
G,G_00733,flower_cut,semantic_only,1,0,1,0,1,0,0.0,10,3,-1,medium,high,0.75,medium,2,,,,,,counterexample_audit,724757
G,G_00733,flower_cut,posthoc_single,0,0,0,0,1,0,0.03896071,10,3,-1,medium,high,0.75,medium,2,,,,,,counterexample_audit,724757
G,G_00733,flower_cut,soft_penalty_fc,1,0,1,0,1,0,0.03896071,10,3,-1,medium,high,0.75,medium,2,,,,,,counterexample_audit,724757
G,G_00733,flower_cut,observed_sfc,0,0,0,0,1,0,0.0,10,3,2,medium,high,0.75,medium,2,0.2,overconfident,0.7,,,counterexample_audit,724757
G,G_00733,flower_cut,risk_aware_sfc,0,0,0,0,1,0,0.0,10,3,2,medium,high,0.75,medium,2,0.2,overconfident,0.7,,,counterexample_audit,724757
G,G_00733,flower_cut,abstaining_sfc,0,0,0,0,1,0,0.0,10,3,2,medium,high,0.75,medium,2,0.2,overconfident,0.7,,,counterexample_audit,724757
G,G_00734,flower_cut,geometric_fc,1,0,1,0,1,0,0.03882041,10,3,-1,medium,high,0.75,medium,2,,,,,,counterexample_audit,724758
G,G_00734,flower_cut,oracle_sfc,0,0,0,0,1,0,0.0,10,3,-1,medium,high,0.75,medium,2,,,,,,counterexample_audit,724758
G,G_00734,flower_cut,semantic_only,1,0,1,0,1,0,0.0,10,3,-1,medium,high,0.75,medium,2,,,,,,counterexample_audit,724758
G,G_00734,flower_cut,posthoc_single,0,0,0,0,1,0,0.03882041,10,3,-1,medium,high,0.75,medium,2,,,,,,counterexample_audit,724758
G,G_00734,flower_cut,soft_penalty_fc,1,0,1,0,1,0,0.03882041,10,3,-1,medium,high,0.75,medium,2,,,,,,counterexample_audit,724758
G,G_00734,flower_cut,observed_sfc,0,0,0,0,1,0,0.0,10,3,2,medium,high,0.75,medium,2,0.2,overconfident,0.7,,,counterexample_audit,724758
G,G_00734,flower_cut,risk_aware_sfc,0,0,0,0,1,0,0.0,10,3,2,medium,high,0.75,medium,2,0.2,overconfident,0.7,,,counterexample_audit,724758
G,G_00734,flower_cut,abstaining_sfc,0,0,0,0,1,0,0.0,10,3,2,medium,high,0.75,medium,2,0.2,overconfident,0.7,,,counterexample_audit,724758
G,G_00735,flower_cut,geometric_fc,1,0,1,0,1,0,0.03799137,10,3,-1,medium,high,0.75,medium,2,,,,,,counterexample_audit,724759
G,G_00735,flower_cut,oracle_sfc,0,0,0,0,1,0,0.0,10,3,-1,medium,high,0.75,medium,2,,,,,,counterexample_audit,724759
G,G_00735,flower_cut,semantic_only,1,0,1,0,1,0,0.0,10,3,-1,medium,high,0.75,medium,2,,,,,,counterexample_audit,724759
G,G_00735,flower_cut,posthoc_single,0,0,0,0,1,0,0.03799137,10,3,-1,medium,high,0.75,medium,2,,,,,,counterexample_audit,724759
G,G_00735,flower_cut,soft_penalty_fc,1,0,1,0,1,0,0.03799137,10,3,-1,medium,high,0.75,medium,2,,,,,,counterexample_audit,724759
G,G_00735,flower_cut,observed_sfc,0,0,0,0,1,0,0.0,10,3,2,medium,high,0.75,medium,2,0.2,overconfident,0.7,,,counterexample_audit,724759
G,G_00735,flower_cut,risk_aware_sfc,0,0,0,0,1,0,0.0,10,3,2,medium,high,0.75,medium,2,0.2,overconfident,0.7,,,counterexample_audit,724759
G,G_00735,flower_cut,abstaining_sfc,0,0,0,0,1,0,0.0,10,3,2,medium,high,0.75,medium,2,0.2,overconfident,0.7,,,counterexample_audit,724759
G,G_00736,flower_cut,geometric_fc,1,0,1,0,1,0,0.03685376,10,3,-1,medium,high,0.75,medium,2,,,,,,counterexample_audit,724760
G,G_00736,flower_cut,oracle_sfc,0,0,0,0,1,0,0.0,10,3,-1,medium,high,0.75,medium,2,,,,,,counterexample_audit,724760
G,G_00736,flower_cut,semantic_only,1,0,1,0,1,0,0.0,10,3,-1,medium,high,0.75,medium,2,,,,,,counterexample_audit,724760
G,G_00736,flower_cut,posthoc_single,0,0,0,0,1,0,0.03685376,10,3,-1,medium,high,0.75,medium,2,,,,,,counterexample_audit,724760
G,G_00736,flower_cut,soft_penalty_fc,1,0,1,0,1,0,0.03685376,10,3,-1,medium,high,0.75,medium,2,,,,,,counterexample_audit,724760
G,G_00736,flower_cut,observed_sfc,1,0,1,0,1,0,0.08127396,10,3,5,medium,high,0.75,medium,2,0.2,overconfident,0.7,,,counterexample_audit,724760
G,G_00736,flower_cut,risk_aware_sfc,1,0,1,0,1,0,0.08127396,10,3,5,medium,high,0.75,medium,2,0.2,overconfident,0.7,,,counterexample_audit,724760
G,G_00736,flower_cut,abstaining_sfc,1,0,1,0,1,0,0.08127396,10,3,5,medium,high,0.75,medium,2,0.2,overconfident,0.7,,,counterexample_audit,724760
G,G_00737,flower_cut,geometric_fc,1,0,1,0,1,0,0.03755194,10,3,-1,medium,high,0.75,medium,2,,,,,,counterexample_audit,724761
G,G_00737,flower_cut,oracle_sfc,0,0,0,0,1,0,0.0,10,3,-1,medium,high,0.75,medium,2,,,,,,counterexample_audit,724761
G,G_00737,flower_cut,semantic_only,1,0,1,0,1,0,0.0,10,3,-1,medium,high,0.75,medium,2,,,,,,counterexample_audit,724761
G,G_00737,flower_cut,posthoc_single,0,0,0,0,1,0,0.03755194,10,3,-1,medium,high,0.75,medium,2,,,,,,counterexample_audit,724761
G,G_00737,flower_cut,soft_penalty_fc,1,0,1,0,1,0,0.03755194,10,3,-1,medium,high,0.75,medium,2,,,,,,counterexample_audit,724761
G,G_00737,flower_cut,observed_sfc,1,0,1,0,1,0,0.11064275,10,3,3,medium,high,0.75,medium,2,0.2,overconfident,0.7,,,counterexample_audit,724761
G,G_00737,flower_cut,risk_aware_sfc,1,0,1,0,1,0,0.11064275,10,3,3,medium,high,0.75,medium,2,0.2,overconfident,0.7,,,counterexample_audit,724761
G,G_00737,flower_cut,abstaining_sfc,1,0,1,0,1,0,0.11064275,10,3,3,medium,high,0.75,medium,2,0.2,overconfident,0.7,,,counterexample_audit,724761
G,G_00738,flower_cut,geometric_fc,1,0,1,0,1,0,0.03694081,10,3,-1,medium,high,0.75,medium,2,,,,,,counterexample_audit,724762
G,G_00738,flower_cut,oracle_sfc,0,0,0,0,1,0,0.0,10,3,-1,medium,high,0.75,medium,2,,,,,,counterexample_audit,724762
G,G_00738,flower_cut,semantic_only,1,0,1,0,1,0,0.0,10,3,-1,medium,high,0.75,medium,2,,,,,,counterexample_audit,724762
G,G_00738,flower_cut,posthoc_single,0,0,0,0,1,0,0.03694081,10,3,-1,medium,high,0.75,medium,2,,,,,,counterexample_audit,724762
G,G_00738,flower_cut,soft_penalty_fc,1,0,1,0,1,0,0.03694081,10,3,-1,medium,high,0.75,medium,2,,,,,,counterexample_audit,724762
G,G_00738,flower_cut,observed_sfc,1,0,1,0,1,0,0.08340082,10,3,4,medium,high,0.75,medium,2,0.2,overconfident,0.7,,,counterexample_audit,724762
G,G_00738,flower_cut,risk_aware_sfc,1,0,1,0,1,0,0.08340082,10,3,4,medium,high,0.75,medium,2,0.2,overconfident,0.7,,,counterexample_audit,724762
G,G_00738,flower_cut,abstaining_sfc,1,0,1,0,1,0,0.08340082,10,3,4,medium,high,0.75,medium,2,0.2,overconfident,0.7,,,counterexample_audit,724762
G,G_00739,flower_cut,geometric_fc,1,0,1,0,1,0,0.03809806,10,3,-1,medium,high,0.75,medium,2,,,,,,counterexample_audit,724763
G,G_00739,flower_cut,oracle_sfc,0,0,0,0,1,0,0.0,10,3,-1,medium,high,0.75,medium,2,,,,,,counterexample_audit,724763
G,G_00739,flower_cut,semantic_only,1,0,1,0,1,0,0.0,10,3,-1,medium,high,0.75,medium,2,,,,,,counterexample_audit,724763
G,G_00739,flower_cut,posthoc_single,0,0,0,0,1,0,0.03809806,10,3,-1,medium,high,0.75,medium,2,,,,,,counterexample_audit,724763
G,G_00739,flower_cut,soft_penalty_fc,1,0,1,0,1,0,0.03809806,10,3,-1,medium,high,0.75,medium,2,,,,,,counterexample_audit,724763
G,G_00739,flower_cut,observed_sfc,0,0,0,0,1,0,0.0,10,3,3,medium,high,0.75,medium,2,0.2,overconfident,0.7,,,counterexample_audit,724763
G,G_00739,flower_cut,risk_aware_sfc,0,0,0,0,1,0,0.0,10,3,3,medium,high,0.75,medium,2,0.2,overconfident,0.7,,,counterexample_audit,724763
G,G_00739,flower_cut,abstaining_sfc,0,0,0,0,1,0,0.0,10,3,3,medium,high,0.75,medium,2,0.2,overconfident,0.7,,,counterexample_audit,724763
G,G_00740,flower_cut,geometric_fc,1,0,1,0,1,0,0.03921108,10,3,-1,medium,high,0.75,medium,2,,,,,,counterexample_audit,724764
G,G_00740,flower_cut,oracle_sfc,0,0,0,0,1,0,0.0,10,3,-1,medium,high,0.75,medium,2,,,,,,counterexample_audit,724764
G,G_00740,flower_cut,semantic_only,1,0,1,0,1,0,0.0,10,3,-1,medium,high,0.75,medium,2,,,,,,counterexample_audit,724764
G,G_00740,flower_cut,posthoc_single,0,0,0,0,1,0,0.03921108,10,3,-1,medium,high,0.75,medium,2,,,,,,counterexample_audit,724764
G,G_00740,flower_cut,soft_penalty_fc,1,0,1,0,1,0,0.03921108,10,3,-1,medium,high,0.75,medium,2,,,,,,counterexample_audit,724764
G,G_00740,flower_cut,observed_sfc,0,0,0,0,1,0,0.0,10,3,2,medium,high,0.75,medium,2,0.2,overconfident,0.7,,,counterexample_audit,724764
G,G_00740,flower_cut,risk_aware_sfc,0,0,0,0,1,0,0.0,10,3,2,medium,high,0.75,medium,2,0.2,overconfident,0.7,,,counterexample_audit,724764
G,G_00740,flower_cut,abstaining_sfc,0,0,0,0,1,0,0.0,10,3,2,medium,high,0.75,medium,2,0.2,overconfident,0.7,,,counterexample_audit,724764
G,G_00741,flower_cut,geometric_fc,1,0,1,0,1,0,0.03810375,10,3,-1,medium,high,0.75,medium,2,,,,,,counterexample_audit,724765
G,G_00741,flower_cut,oracle_sfc,0,0,0,0,1,0,0.0,10,3,-1,medium,high,0.75,medium,2,,,,,,counterexample_audit,724765
G,G_00741,flower_cut,semantic_only,1,0,1,0,1,0,0.0,10,3,-1,medium,high,0.75,medium,2,,,,,,counterexample_audit,724765
G,G_00741,flower_cut,posthoc_single,0,0,0,0,1,0,0.03810375,10,3,-1,medium,high,0.75,medium,2,,,,,,counterexample_audit,724765
G,G_00741,flower_cut,soft_penalty_fc,1,0,1,0,1,0,0.03810375,10,3,-1,medium,high,0.75,medium,2,,,,,,counterexample_audit,724765
G,G_00741,flower_cut,observed_sfc,0,0,0,0,1,0,0.0,10,3,3,medium,high,0.75,medium,2,0.2,overconfident,0.7,,,counterexample_audit,724765
G,G_00741,flower_cut,risk_aware_sfc,0,0,0,0,1,0,0.0,10,3,3,medium,high,0.75,medium,2,0.2,overconfident,0.7,,,counterexample_audit,724765
G,G_00741,flower_cut,abstaining_sfc,0,0,0,0,1,0,0.0,10,3,3,medium,high,0.75,medium,2,0.2,overconfident,0.7,,,counterexample_audit,724765
G,G_00742,flower_cut,geometric_fc,1,0,1,0,1,0,0.03877191,10,3,-1,medium,high,0.75,medium,2,,,,,,counterexample_audit,724766
G,G_00742,flower_cut,oracle_sfc,0,0,0,0,1,0,0.0,10,3,-1,medium,high,0.75,medium,2,,,,,,counterexample_audit,724766
G,G_00742,flower_cut,semantic_only,1,0,1,0,1,0,0.0,10,3,-1,medium,high,0.75,medium,2,,,,,,counterexample_audit,724766
G,G_00742,flower_cut,posthoc_single,0,0,0,0,1,0,0.03877191,10,3,-1,medium,high,0.75,medium,2,,,,,,counterexample_audit,724766
G,G_00742,flower_cut,soft_penalty_fc,1,0,1,0,1,0,0.03877191,10,3,-1,medium,high,0.75,medium,2,,,,,,counterexample_audit,724766
G,G_00742,flower_cut,observed_sfc,1,0,1,0,1,0,0.07268563,10,3,5,medium,high,0.75,medium,2,0.2,overconfident,0.7,,,counterexample_audit,724766
G,G_00742,flower_cut,risk_aware_sfc,1,0,1,0,1,0,0.07268563,10,3,5,medium,high,0.75,medium,2,0.2,overconfident,0.7,,,counterexample_audit,724766
G,G_00742,flower_cut,abstaining_sfc,1,0,1,0,1,0,0.07268563,10,3,5,medium,high,0.75,medium,2,0.2,overconfident,0.7,,,counterexample_audit,724766
G,G_00743,flower_cut,geometric_fc,1,0,1,0,1,0,0.03841996,10,3,-1,medium,high,0.75,medium,2,,,,,,counterexample_audit,724767
G,G_00743,flower_cut,oracle_sfc,0,0,0,0,1,0,0.0,10,3,-1,medium,high,0.75,medium,2,,,,,,counterexample_audit,724767
G,G_00743,flower_cut,semantic_only,1,0,1,0,1,0,0.0,10,3,-1,medium,high,0.75,medium,2,,,,,,counterexample_audit,724767
G,G_00743,flower_cut,posthoc_single,0,0,0,0,1,0,0.03841996,10,3,-1,medium,high,0.75,medium,2,,,,,,counterexample_audit,724767
G,G_00743,flower_cut,soft_penalty_fc,1,0,1,0,1,0,0.03841996,10,3,-1,medium,high,0.75,medium,2,,,,,,counterexample_audit,724767
G,G_00743,flower_cut,observed_sfc,1,0,1,0,1,0,0.08083282,10,3,4,medium,high,0.75,medium,2,0.2,overconfident,0.7,,,counterexample_audit,724767
G,G_00743,flower_cut,risk_aware_sfc,1,0,1,0,1,0,0.08083282,10,3,4,medium,high,0.75,medium,2,0.2,overconfident,0.7,,,counterexample_audit,724767
G,G_00743,flower_cut,abstaining_sfc,1,0,1,0,1,0,0.08083282,10,3,4,medium,high,0.75,medium,2,0.2,overconfident,0.7,,,counterexample_audit,724767
G,G_00744,flower_cut,geometric_fc,1,0,1,0,1,0,0.03752932,10,3,-1,medium,high,0.75,medium,2,,,,,,counterexample_audit,724768
G,G_00744,flower_cut,oracle_sfc,0,0,0,0,1,0,0.0,10,3,-1,medium,high,0.75,medium,2,,,,,,counterexample_audit,724768
G,G_00744,flower_cut,semantic_only,1,0,1,0,1,0,0.0,10,3,-1,medium,high,0.75,medium,2,,,,,,counterexample_audit,724768
G,G_00744,flower_cut,posthoc_single,0,0,0,0,1,0,0.03752932,10,3,-1,medium,high,0.75,medium,2,,,,,,counterexample_audit,724768
G,G_00744,flower_cut,soft_penalty_fc,1,0,1,0,1,0,0.03752932,10,3,-1,medium,high,0.75,medium,2,,,,,,counterexample_audit,724768
G,G_00744,flower_cut,observed_sfc,1,0,1,0,1,0,0.07157533,10,3,4,medium,high,0.75,medium,2,0.2,overconfident,0.7,,,counterexample_audit,724768
G,G_00744,flower_cut,risk_aware_sfc,1,0,1,0,1,0,0.07157533,10,3,4,medium,high,0.75,medium,2,0.2,overconfident,0.7,,,counterexample_audit,724768
G,G_00744,flower_cut,abstaining_sfc,1,0,1,0,1,0,0.07157533,10,3,4,medium,high,0.75,medium,2,0.2,overconfident,0.7,,,counterexample_audit,724768
G,G_00745,flower_cut,geometric_fc,1,0,1,0,1,0,0.03957013,10,3,-1,medium,high,0.75,medium,2,,,,,,counterexample_audit,724769
G,G_00745,flower_cut,oracle_sfc,0,0,0,0,1,0,0.0,10,3,-1,medium,high,0.75,medium,2,,,,,,counterexample_audit,724769
G,G_00745,flower_cut,semantic_only,1,0,1,0,1,0,0.0,10,3,-1,medium,high,0.75,medium,2,,,,,,counterexample_audit,724769
G,G_00745,flower_cut,posthoc_single,0,0,0,0,1,0,0.03957013,10,3,-1,medium,high,0.75,medium,2,,,,,,counterexample_audit,724769
G,G_00745,flower_cut,soft_penalty_fc,1,0,1,0,1,0,0.03957013,10,3,-1,medium,high,0.75,medium,2,,,,,,counterexample_audit,724769
G,G_00745,flower_cut,observed_sfc,1,0,1,0,1,0,0.06381846,10,3,4,medium,high,0.75,medium,2,0.2,overconfident,0.7,,,counterexample_audit,724769
G,G_00745,flower_cut,risk_aware_sfc,1,0,1,0,1,0,0.06381846,10,3,4,medium,high,0.75,medium,2,0.2,overconfident,0.7,,,counterexample_audit,724769
G,G_00745,flower_cut,abstaining_sfc,1,0,1,0,1,0,0.06381846,10,3,4,medium,high,0.75,medium,2,0.2,overconfident,0.7,,,counterexample_audit,724769
G,G_00746,flower_cut,geometric_fc,1,0,1,0,1,0,0.03787942,10,3,-1,medium,high,0.75,medium,2,,,,,,counterexample_audit,724770
G,G_00746,flower_cut,oracle_sfc,0,0,0,0,1,0,0.0,10,3,-1,medium,high,0.75,medium,2,,,,,,counterexample_audit,724770
G,G_00746,flower_cut,semantic_only,1,0,1,0,1,0,0.0,10,3,-1,medium,high,0.75,medium,2,,,,,,counterexample_audit,724770
G,G_00746,flower_cut,posthoc_single,0,0,0,0,1,0,0.03787942,10,3,-1,medium,high,0.75,medium,2,,,,,,counterexample_audit,724770
G,G_00746,flower_cut,soft_penalty_fc,1,0,1,0,1,0,0.03787942,10,3,-1,medium,high,0.75,medium,2,,,,,,counterexample_audit,724770
G,G_00746,flower_cut,observed_sfc,1,0,1,0,1,0,0.0798204,10,3,4,medium,high,0.75,medium,2,0.2,overconfident,0.7,,,counterexample_audit,724770
G,G_00746,flower_cut,risk_aware_sfc,1,0,1,0,1,0,0.0798204,10,3,4,medium,high,0.75,medium,2,0.2,overconfident,0.7,,,counterexample_audit,724770
G,G_00746,flower_cut,abstaining_sfc,1,0,1,0,1,0,0.0798204,10,3,4,medium,high,0.75,medium,2,0.2,overconfident,0.7,,,counterexample_audit,724770
G,G_00747,flower_cut,geometric_fc,1,0,1,0,1,0,0.03827942,10,3,-1,medium,high,0.75,medium,2,,,,,,counterexample_audit,724771
G,G_00747,flower_cut,oracle_sfc,0,0,0,0,1,0,0.0,10,3,-1,medium,high,0.75,medium,2,,,,,,counterexample_audit,724771
G,G_00747,flower_cut,semantic_only,1,0,1,0,1,0,0.0,10,3,-1,medium,high,0.75,medium,2,,,,,,counterexample_audit,724771
G,G_00747,flower_cut,posthoc_single,0,0,0,0,1,0,0.03827942,10,3,-1,medium,high,0.75,medium,2,,,,,,counterexample_audit,724771
G,G_00747,flower_cut,soft_penalty_fc,1,0,1,0,1,0,0.03827942,10,3,-1,medium,high,0.75,medium,2,,,,,,counterexample_audit,724771
G,G_00747,flower_cut,observed_sfc,0,0,0,0,1,0,0.0,10,3,3,medium,high,0.75,medium,2,0.2,overconfident,0.7,,,counterexample_audit,724771
G,G_00747,flower_cut,risk_aware_sfc,0,0,0,0,1,0,0.0,10,3,3,medium,high,0.75,medium,2,0.2,overconfident,0.7,,,counterexample_audit,724771
G,G_00747,flower_cut,abstaining_sfc,0,0,0,0,1,0,0.0,10,3,3,medium,high,0.75,medium,2,0.2,overconfident,0.7,,,counterexample_audit,724771
G,G_00748,flower_cut,geometric_fc,1,0,1,0,1,0,0.03938436,10,3,-1,medium,high,0.75,medium,2,,,,,,counterexample_audit,724772
G,G_00748,flower_cut,oracle_sfc,0,0,0,0,1,0,0.0,10,3,-1,medium,high,0.75,medium,2,,,,,,counterexample_audit,724772
G,G_00748,flower_cut,semantic_only,1,0,1,0,1,0,0.0,10,3,-1,medium,high,0.75,medium,2,,,,,,counterexample_audit,724772
G,G_00748,flower_cut,posthoc_single,0,0,0,0,1,0,0.03938436,10,3,-1,medium,high,0.75,medium,2,,,,,,counterexample_audit,724772
G,G_00748,flower_cut,soft_penalty_fc,1,0,1,0,1,0,0.03938436,10,3,-1,medium,high,0.75,medium,2,,,,,,counterexample_audit,724772
G,G_00748,flower_cut,observed_sfc,0,0,0,0,1,0,0.0,10,3,3,medium,high,0.75,medium,2,0.2,overconfident,0.7,,,counterexample_audit,724772
G,G_00748,flower_cut,risk_aware_sfc,0,0,0,0,1,0,0.0,10,3,3,medium,high,0.75,medium,2,0.2,overconfident,0.7,,,counterexample_audit,724772
G,G_00748,flower_cut,abstaining_sfc,0,0,0,0,1,0,0.0,10,3,3,medium,high,0.75,medium,2,0.2,overconfident,0.7,,,counterexample_audit,724772
G,G_00749,flower_cut,geometric_fc,1,0,1,0,1,0,0.04156272,10,3,-1,medium,high,0.75,medium,2,,,,,,counterexample_audit,724773
G,G_00749,flower_cut,oracle_sfc,0,0,0,0,1,0,0.0,10,3,-1,medium,high,0.75,medium,2,,,,,,counterexample_audit,724773
G,G_00749,flower_cut,semantic_only,1,0,1,0,1,0,0.0,10,3,-1,medium,high,0.75,medium,2,,,,,,counterexample_audit,724773
G,G_00749,flower_cut,posthoc_single,0,0,0,0,1,0,0.04156272,10,3,-1,medium,high,0.75,medium,2,,,,,,counterexample_audit,724773
G,G_00749,flower_cut,soft_penalty_fc,1,0,1,0,1,0,0.04156272,10,3,-1,medium,high,0.75,medium,2,,,,,,counterexample_audit,724773
G,G_00749,flower_cut,observed_sfc,1,0,1,0,1,0,0.08172322,10,3,3,medium,high,0.75,medium,2,0.2,overconfident,0.7,,,counterexample_audit,724773
G,G_00749,flower_cut,risk_aware_sfc,1,0,1,0,1,0,0.08172322,10,3,3,medium,high,0.75,medium,2,0.2,overconfident,0.7,,,counterexample_audit,724773
G,G_00749,flower_cut,abstaining_sfc,1,0,1,0,1,0,0.08172322,10,3,3,medium,high,0.75,medium,2,0.2,overconfident,0.7,,,counterexample_audit,724773
G,G_00750,flower_cut,geometric_fc,1,0,1,0,1,0,0.03536979,10,3,-1,medium,high,0.75,medium,2,,,,,,counterexample_audit,724774
G,G_00750,flower_cut,oracle_sfc,0,0,0,0,1,0,0.0,10,3,-1,medium,high,0.75,medium,2,,,,,,counterexample_audit,724774
G,G_00750,flower_cut,semantic_only,1,0,1,0,1,0,0.0,10,3,-1,medium,high,0.75,medium,2,,,,,,counterexample_audit,724774
G,G_00750,flower_cut,posthoc_single,0,0,0,0,1,0,0.03536979,10,3,-1,medium,high,0.75,medium,2,,,,,,counterexample_audit,724774
G,G_00750,flower_cut,soft_penalty_fc,1,0,1,0,1,0,0.03536979,10,3,-1,medium,high,0.75,medium,2,,,,,,counterexample_audit,724774
G,G_00750,flower_cut,observed_sfc,0,0,0,0,1,0,0.0,10,3,2,medium,high,0.75,medium,2,0.2,overconfident,0.7,,,counterexample_audit,724774
G,G_00750,flower_cut,risk_aware_sfc,0,0,0,0,1,0,0.0,10,3,2,medium,high,0.75,medium,2,0.2,overconfident,0.7,,,counterexample_audit,724774
G,G_00750,flower_cut,abstaining_sfc,0,0,0,0,1,0,0.0,10,3,2,medium,high,0.75,medium,2,0.2,overconfident,0.7,,,counterexample_audit,724774
G,G_00751,flower_cut,geometric_fc,1,0,1,0,1,0,0.03848838,10,3,-1,medium,high,0.75,medium,2,,,,,,counterexample_audit,724775
G,G_00751,flower_cut,oracle_sfc,0,0,0,0,1,0,0.0,10,3,-1,medium,high,0.75,medium,2,,,,,,counterexample_audit,724775
G,G_00751,flower_cut,semantic_only,1,0,1,0,1,0,0.0,10,3,-1,medium,high,0.75,medium,2,,,,,,counterexample_audit,724775
G,G_00751,flower_cut,posthoc_single,0,0,0,0,1,0,0.03848838,10,3,-1,medium,high,0.75,medium,2,,,,,,counterexample_audit,724775
G,G_00751,flower_cut,soft_penalty_fc,1,0,1,0,1,0,0.03848838,10,3,-1,medium,high,0.75,medium,2,,,,,,counterexample_audit,724775
G,G_00751,flower_cut,observed_sfc,0,0,0,0,1,0,0.0,10,3,3,medium,high,0.75,medium,2,0.2,overconfident,0.7,,,counterexample_audit,724775
G,G_00751,flower_cut,risk_aware_sfc,0,0,0,0,1,0,0.0,10,3,3,medium,high,0.75,medium,2,0.2,overconfident,0.7,,,counterexample_audit,724775
G,G_00751,flower_cut,abstaining_sfc,0,0,0,0,1,0,0.0,10,3,3,medium,high,0.75,medium,2,0.2,overconfident,0.7,,,counterexample_audit,724775
G,G_00752,flower_cut,geometric_fc,1,0,1,0,1,0,0.03772006,10,3,-1,medium,high,0.75,medium,2,,,,,,counterexample_audit,724776
G,G_00752,flower_cut,oracle_sfc,0,0,0,0,1,0,0.0,10,3,-1,medium,high,0.75,medium,2,,,,,,counterexample_audit,724776
G,G_00752,flower_cut,semantic_only,1,0,1,0,1,0,0.0,10,3,-1,medium,high,0.75,medium,2,,,,,,counterexample_audit,724776
G,G_00752,flower_cut,posthoc_single,0,0,0,0,1,0,0.03772006,10,3,-1,medium,high,0.75,medium,2,,,,,,counterexample_audit,724776
G,G_00752,flower_cut,soft_penalty_fc,1,0,1,0,1,0,0.03772006,10,3,-1,medium,high,0.75,medium,2,,,,,,counterexample_audit,724776
G,G_00752,flower_cut,observed_sfc,1,0,1,0,1,0,0.10795108,10,3,3,medium,high,0.75,medium,2,0.2,overconfident,0.7,,,counterexample_audit,724776
G,G_00752,flower_cut,risk_aware_sfc,1,0,1,0,1,0,0.10795108,10,3,3,medium,high,0.75,medium,2,0.2,overconfident,0.7,,,counterexample_audit,724776
G,G_00752,flower_cut,abstaining_sfc,1,0,1,0,1,0,0.10795108,10,3,3,medium,high,0.75,medium,2,0.2,overconfident,0.7,,,counterexample_audit,724776
G,G_00753,flower_cut,geometric_fc,1,0,1,0,1,0,0.03940543,10,3,-1,medium,high,0.75,medium,2,,,,,,counterexample_audit,724777
G,G_00753,flower_cut,oracle_sfc,0,0,0,0,1,0,0.0,10,3,-1,medium,high,0.75,medium,2,,,,,,counterexample_audit,724777
G,G_00753,flower_cut,semantic_only,1,0,1,0,1,0,0.0,10,3,-1,medium,high,0.75,medium,2,,,,,,counterexample_audit,724777
G,G_00753,flower_cut,posthoc_single,0,0,0,0,1,0,0.03940543,10,3,-1,medium,high,0.75,medium,2,,,,,,counterexample_audit,724777
G,G_00753,flower_cut,soft_penalty_fc,1,0,1,0,1,0,0.03940543,10,3,-1,medium,high,0.75,medium,2,,,,,,counterexample_audit,724777
G,G_00753,flower_cut,observed_sfc,1,0,1,0,1,0,0.07353252,10,3,4,medium,high,0.75,medium,2,0.2,overconfident,0.7,,,counterexample_audit,724777
G,G_00753,flower_cut,risk_aware_sfc,1,0,1,0,1,0,0.07353252,10,3,4,medium,high,0.75,medium,2,0.2,overconfident,0.7,,,counterexample_audit,724777
G,G_00753,flower_cut,abstaining_sfc,1,0,1,0,1,0,0.07353252,10,3,4,medium,high,0.75,medium,2,0.2,overconfident,0.7,,,counterexample_audit,724777
G,G_00754,flower_cut,geometric_fc,1,0,1,0,1,0,0.03982849,10,3,-1,medium,high,0.75,medium,2,,,,,,counterexample_audit,724778
G,G_00754,flower_cut,oracle_sfc,0,0,0,0,1,0,0.0,10,3,-1,medium,high,0.75,medium,2,,,,,,counterexample_audit,724778
G,G_00754,flower_cut,semantic_only,1,0,1,0,1,0,0.0,10,3,-1,medium,high,0.75,medium,2,,,,,,counterexample_audit,724778
G,G_00754,flower_cut,posthoc_single,0,0,0,0,1,0,0.03982849,10,3,-1,medium,high,0.75,medium,2,,,,,,counterexample_audit,724778
G,G_00754,flower_cut,soft_penalty_fc,1,0,1,0,1,0,0.03982849,10,3,-1,medium,high,0.75,medium,2,,,,,,counterexample_audit,724778
G,G_00754,flower_cut,observed_sfc,0,0,0,0,1,0,0.0,10,3,2,medium,high,0.75,medium,2,0.2,overconfident,0.7,,,counterexample_audit,724778
G,G_00754,flower_cut,risk_aware_sfc,0,0,0,0,1,0,0.0,10,3,2,medium,high,0.75,medium,2,0.2,overconfident,0.7,,,counterexample_audit,724778
G,G_00754,flower_cut,abstaining_sfc,0,0,0,0,1,0,0.0,10,3,2,medium,high,0.75,medium,2,0.2,overconfident,0.7,,,counterexample_audit,724778
G,G_00755,flower_cut,geometric_fc,1,0,1,0,1,0,0.0414114,10,3,-1,medium,high,0.75,medium,2,,,,,,counterexample_audit,724779
G,G_00755,flower_cut,oracle_sfc,0,0,0,0,1,0,0.0,10,3,-1,medium,high,0.75,medium,2,,,,,,counterexample_audit,724779
G,G_00755,flower_cut,semantic_only,1,0,1,0,1,0,0.0,10,3,-1,medium,high,0.75,medium,2,,,,,,counterexample_audit,724779
G,G_00755,flower_cut,posthoc_single,0,0,0,0,1,0,0.0414114,10,3,-1,medium,high,0.75,medium,2,,,,,,counterexample_audit,724779
G,G_00755,flower_cut,soft_penalty_fc,1,0,1,0,1,0,0.0414114,10,3,-1,medium,high,0.75,medium,2,,,,,,counterexample_audit,724779
G,G_00755,flower_cut,observed_sfc,0,0,0,0,1,0,0.0,10,3,3,medium,high,0.75,medium,2,0.2,overconfident,0.7,,,counterexample_audit,724779
G,G_00755,flower_cut,risk_aware_sfc,0,0,0,0,1,0,0.0,10,3,3,medium,high,0.75,medium,2,0.2,overconfident,0.7,,,counterexample_audit,724779
G,G_00755,flower_cut,abstaining_sfc,0,0,0,0,1,0,0.0,10,3,3,medium,high,0.75,medium,2,0.2,overconfident,0.7,,,counterexample_audit,724779
G,G_00756,flower_cut,geometric_fc,1,0,1,0,1,0,0.03922704,10,3,-1,medium,high,0.75,medium,2,,,,,,counterexample_audit,724780
G,G_00756,flower_cut,oracle_sfc,0,0,0,0,1,0,0.0,10,3,-1,medium,high,0.75,medium,2,,,,,,counterexample_audit,724780
G,G_00756,flower_cut,semantic_only,1,0,1,0,1,0,0.0,10,3,-1,medium,high,0.75,medium,2,,,,,,counterexample_audit,724780
G,G_00756,flower_cut,posthoc_single,0,0,0,0,1,0,0.03922704,10,3,-1,medium,high,0.75,medium,2,,,,,,counterexample_audit,724780
G,G_00756,flower_cut,soft_penalty_fc,1,0,1,0,1,0,0.03922704,10,3,-1,medium,high,0.75,medium,2,,,,,,counterexample_audit,724780
G,G_00756,flower_cut,observed_sfc,0,0,0,0,1,0,0.0,10,3,2,medium,high,0.75,medium,2,0.2,overconfident,0.7,,,counterexample_audit,724780
G,G_00756,flower_cut,risk_aware_sfc,0,0,0,0,1,0,0.0,10,3,2,medium,high,0.75,medium,2,0.2,overconfident,0.7,,,counterexample_audit,724780
G,G_00756,flower_cut,abstaining_sfc,0,0,0,0,1,0,0.0,10,3,2,medium,high,0.75,medium,2,0.2,overconfident,0.7,,,counterexample_audit,724780
G,G_00757,flower_cut,geometric_fc,1,0,1,0,1,0,0.03655377,10,3,-1,medium,high,0.75,medium,2,,,,,,counterexample_audit,724781
G,G_00757,flower_cut,oracle_sfc,0,0,0,0,1,0,0.0,10,3,-1,medium,high,0.75,medium,2,,,,,,counterexample_audit,724781
G,G_00757,flower_cut,semantic_only,1,0,1,0,1,0,0.0,10,3,-1,medium,high,0.75,medium,2,,,,,,counterexample_audit,724781
G,G_00757,flower_cut,posthoc_single,0,0,0,0,1,0,0.03655377,10,3,-1,medium,high,0.75,medium,2,,,,,,counterexample_audit,724781
G,G_00757,flower_cut,soft_penalty_fc,1,0,1,0,1,0,0.03655377,10,3,-1,medium,high,0.75,medium,2,,,,,,counterexample_audit,724781
G,G_00757,flower_cut,observed_sfc,1,0,1,0,1,0,0.00607378,10,3,3,medium,high,0.75,medium,2,0.2,overconfident,0.7,,,counterexample_audit,724781
G,G_00757,flower_cut,risk_aware_sfc,1,0,1,0,1,0,0.00607378,10,3,3,medium,high,0.75,medium,2,0.2,overconfident,0.7,,,counterexample_audit,724781
G,G_00757,flower_cut,abstaining_sfc,1,0,1,0,1,0,0.00607378,10,3,3,medium,high,0.75,medium,2,0.2,overconfident,0.7,,,counterexample_audit,724781
G,G_00758,flower_cut,geometric_fc,1,0,1,0,1,0,0.03986415,10,3,-1,medium,high,0.75,medium,2,,,,,,counterexample_audit,724782
G,G_00758,flower_cut,oracle_sfc,0,0,0,0,1,0,0.0,10,3,-1,medium,high,0.75,medium,2,,,,,,counterexample_audit,724782
G,G_00758,flower_cut,semantic_only,1,0,1,0,1,0,0.0,10,3,-1,medium,high,0.75,medium,2,,,,,,counterexample_audit,724782
G,G_00758,flower_cut,posthoc_single,0,0,0,0,1,0,0.03986415,10,3,-1,medium,high,0.75,medium,2,,,,,,counterexample_audit,724782
G,G_00758,flower_cut,soft_penalty_fc,1,0,1,0,1,0,0.03986415,10,3,-1,medium,high,0.75,medium,2,,,,,,counterexample_audit,724782
G,G_00758,flower_cut,observed_sfc,0,0,0,0,1,0,0.0,10,3,2,medium,high,0.75,medium,2,0.2,overconfident,0.7,,,counterexample_audit,724782
G,G_00758,flower_cut,risk_aware_sfc,0,0,0,0,1,0,0.0,10,3,2,medium,high,0.75,medium,2,0.2,overconfident,0.7,,,counterexample_audit,724782
G,G_00758,flower_cut,abstaining_sfc,0,0,0,0,1,0,0.0,10,3,2,medium,high,0.75,medium,2,0.2,overconfident,0.7,,,counterexample_audit,724782
G,G_00759,flower_cut,geometric_fc,1,0,1,0,1,0,0.03747079,10,3,-1,medium,high,0.75,medium,2,,,,,,counterexample_audit,724783
G,G_00759,flower_cut,oracle_sfc,0,0,0,0,1,0,0.0,10,3,-1,medium,high,0.75,medium,2,,,,,,counterexample_audit,724783
G,G_00759,flower_cut,semantic_only,1,0,1,0,1,0,0.0,10,3,-1,medium,high,0.75,medium,2,,,,,,counterexample_audit,724783
G,G_00759,flower_cut,posthoc_single,0,0,0,0,1,0,0.03747079,10,3,-1,medium,high,0.75,medium,2,,,,,,counterexample_audit,724783
G,G_00759,flower_cut,soft_penalty_fc,1,0,1,0,1,0,0.03747079,10,3,-1,medium,high,0.75,medium,2,,,,,,counterexample_audit,724783
G,G_00759,flower_cut,observed_sfc,1,0,1,0,1,0,0.08635057,10,3,4,medium,high,0.75,medium,2,0.2,overconfident,0.7,,,counterexample_audit,724783
G,G_00759,flower_cut,risk_aware_sfc,1,0,1,0,1,0,0.08635057,10,3,4,medium,high,0.75,medium,2,0.2,overconfident,0.7,,,counterexample_audit,724783
G,G_00759,flower_cut,abstaining_sfc,1,0,1,0,1,0,0.08635057,10,3,4,medium,high,0.75,medium,2,0.2,overconfident,0.7,,,counterexample_audit,724783
G,G_00760,flower_cut,geometric_fc,1,0,1,0,1,0,0.04090585,10,3,-1,medium,high,0.75,medium,2,,,,,,counterexample_audit,724784
G,G_00760,flower_cut,oracle_sfc,0,0,0,0,1,0,0.0,10,3,-1,medium,high,0.75,medium,2,,,,,,counterexample_audit,724784
G,G_00760,flower_cut,semantic_only,1,0,1,0,1,0,0.0,10,3,-1,medium,high,0.75,medium,2,,,,,,counterexample_audit,724784
G,G_00760,flower_cut,posthoc_single,0,0,0,0,1,0,0.04090585,10,3,-1,medium,high,0.75,medium,2,,,,,,counterexample_audit,724784
G,G_00760,flower_cut,soft_penalty_fc,1,0,1,0,1,0,0.04090585,10,3,-1,medium,high,0.75,medium,2,,,,,,counterexample_audit,724784
G,G_00760,flower_cut,observed_sfc,1,0,1,0,1,0,0.06271876,10,3,4,medium,high,0.75,medium,2,0.2,overconfident,0.7,,,counterexample_audit,724784
G,G_00760,flower_cut,risk_aware_sfc,1,0,1,0,1,0,0.06271876,10,3,4,medium,high,0.75,medium,2,0.2,overconfident,0.7,,,counterexample_audit,724784
G,G_00760,flower_cut,abstaining_sfc,1,0,1,0,1,0,0.06271876,10,3,4,medium,high,0.75,medium,2,0.2,overconfident,0.7,,,counterexample_audit,724784
G,G_00761,flower_cut,geometric_fc,1,0,1,0,1,0,0.03856283,10,3,-1,medium,high,0.75,medium,2,,,,,,counterexample_audit,724785
G,G_00761,flower_cut,oracle_sfc,0,0,0,0,1,0,0.0,10,3,-1,medium,high,0.75,medium,2,,,,,,counterexample_audit,724785
G,G_00761,flower_cut,semantic_only,1,0,1,0,1,0,0.0,10,3,-1,medium,high,0.75,medium,2,,,,,,counterexample_audit,724785
G,G_00761,flower_cut,posthoc_single,0,0,0,0,1,0,0.03856283,10,3,-1,medium,high,0.75,medium,2,,,,,,counterexample_audit,724785
G,G_00761,flower_cut,soft_penalty_fc,1,0,1,0,1,0,0.03856283,10,3,-1,medium,high,0.75,medium,2,,,,,,counterexample_audit,724785
G,G_00761,flower_cut,observed_sfc,1,0,1,0,1,0,0.06016603,10,3,4,medium,high,0.75,medium,2,0.2,overconfident,0.7,,,counterexample_audit,724785
G,G_00761,flower_cut,risk_aware_sfc,1,0,1,0,1,0,0.06016603,10,3,4,medium,high,0.75,medium,2,0.2,overconfident,0.7,,,counterexample_audit,724785
G,G_00761,flower_cut,abstaining_sfc,1,0,1,0,1,0,0.06016603,10,3,4,medium,high,0.75,medium,2,0.2,overconfident,0.7,,,counterexample_audit,724785
G,G_00762,flower_cut,geometric_fc,1,0,1,0,1,0,0.03969204,10,3,-1,medium,high,0.75,medium,2,,,,,,counterexample_audit,724786
G,G_00762,flower_cut,oracle_sfc,0,0,0,0,1,0,0.0,10,3,-1,medium,high,0.75,medium,2,,,,,,counterexample_audit,724786
G,G_00762,flower_cut,semantic_only,1,0,1,0,1,0,0.0,10,3,-1,medium,high,0.75,medium,2,,,,,,counterexample_audit,724786
G,G_00762,flower_cut,posthoc_single,0,0,0,0,1,0,0.03969204,10,3,-1,medium,high,0.75,medium,2,,,,,,counterexample_audit,724786
G,G_00762,flower_cut,soft_penalty_fc,1,0,1,0,1,0,0.03969204,10,3,-1,medium,high,0.75,medium,2,,,,,,counterexample_audit,724786
G,G_00762,flower_cut,observed_sfc,0,0,0,0,1,0,0.0,10,3,2,medium,high,0.75,medium,2,0.2,overconfident,0.7,,,counterexample_audit,724786
G,G_00762,flower_cut,risk_aware_sfc,0,0,0,0,1,0,0.0,10,3,2,medium,high,0.75,medium,2,0.2,overconfident,0.7,,,counterexample_audit,724786
G,G_00762,flower_cut,abstaining_sfc,0,0,0,0,1,0,0.0,10,3,2,medium,high,0.75,medium,2,0.2,overconfident,0.7,,,counterexample_audit,724786
G,G_00763,flower_cut,geometric_fc,1,0,1,0,1,0,0.03673276,10,3,-1,medium,high,0.75,medium,2,,,,,,counterexample_audit,724787
G,G_00763,flower_cut,oracle_sfc,0,0,0,0,1,0,0.0,10,3,-1,medium,high,0.75,medium,2,,,,,,counterexample_audit,724787
G,G_00763,flower_cut,semantic_only,1,0,1,0,1,0,0.0,10,3,-1,medium,high,0.75,medium,2,,,,,,counterexample_audit,724787
G,G_00763,flower_cut,posthoc_single,0,0,0,0,1,0,0.03673276,10,3,-1,medium,high,0.75,medium,2,,,,,,counterexample_audit,724787
G,G_00763,flower_cut,soft_penalty_fc,1,0,1,0,1,0,0.03673276,10,3,-1,medium,high,0.75,medium,2,,,,,,counterexample_audit,724787
G,G_00763,flower_cut,observed_sfc,0,0,0,0,1,0,0.0,10,3,1,medium,high,0.75,medium,2,0.2,overconfident,0.7,,,counterexample_audit,724787
G,G_00763,flower_cut,risk_aware_sfc,0,0,0,0,1,0,0.0,10,3,1,medium,high,0.75,medium,2,0.2,overconfident,0.7,,,counterexample_audit,724787
G,G_00763,flower_cut,abstaining_sfc,0,0,0,0,1,0,0.0,10,3,1,medium,high,0.75,medium,2,0.2,overconfident,0.7,,,counterexample_audit,724787
G,G_00764,flower_cut,geometric_fc,1,0,1,0,1,0,0.03711183,10,3,-1,medium,high,0.75,medium,2,,,,,,counterexample_audit,724788
G,G_00764,flower_cut,oracle_sfc,0,0,0,0,1,0,0.0,10,3,-1,medium,high,0.75,medium,2,,,,,,counterexample_audit,724788
G,G_00764,flower_cut,semantic_only,1,0,1,0,1,0,0.0,10,3,-1,medium,high,0.75,medium,2,,,,,,counterexample_audit,724788
G,G_00764,flower_cut,posthoc_single,0,0,0,0,1,0,0.03711183,10,3,-1,medium,high,0.75,medium,2,,,,,,counterexample_audit,724788
G,G_00764,flower_cut,soft_penalty_fc,1,0,1,0,1,0,0.03711183,10,3,-1,medium,high,0.75,medium,2,,,,,,counterexample_audit,724788
G,G_00764,flower_cut,observed_sfc,1,0,1,0,1,0,0.04312516,10,3,4,medium,high,0.75,medium,2,0.2,overconfident,0.7,,,counterexample_audit,724788
G,G_00764,flower_cut,risk_aware_sfc,1,0,1,0,1,0,0.04312516,10,3,4,medium,high,0.75,medium,2,0.2,overconfident,0.7,,,counterexample_audit,724788
G,G_00764,flower_cut,abstaining_sfc,1,0,1,0,1,0,0.04312516,10,3,4,medium,high,0.75,medium,2,0.2,overconfident,0.7,,,counterexample_audit,724788
G,G_00765,flower_cut,geometric_fc,1,0,1,0,1,0,0.03955479,10,3,-1,medium,high,0.75,medium,2,,,,,,counterexample_audit,724789
G,G_00765,flower_cut,oracle_sfc,0,0,0,0,1,0,0.0,10,3,-1,medium,high,0.75,medium,2,,,,,,counterexample_audit,724789
G,G_00765,flower_cut,semantic_only,1,0,1,0,1,0,0.0,10,3,-1,medium,high,0.75,medium,2,,,,,,counterexample_audit,724789
G,G_00765,flower_cut,posthoc_single,0,0,0,0,1,0,0.03955479,10,3,-1,medium,high,0.75,medium,2,,,,,,counterexample_audit,724789
G,G_00765,flower_cut,soft_penalty_fc,1,0,1,0,1,0,0.03955479,10,3,-1,medium,high,0.75,medium,2,,,,,,counterexample_audit,724789
G,G_00765,flower_cut,observed_sfc,1,0,1,0,1,0,0.00840874,10,3,3,medium,high,0.75,medium,2,0.2,overconfident,0.7,,,counterexample_audit,724789
G,G_00765,flower_cut,risk_aware_sfc,1,0,1,0,1,0,0.00840874,10,3,3,medium,high,0.75,medium,2,0.2,overconfident,0.7,,,counterexample_audit,724789
G,G_00765,flower_cut,abstaining_sfc,1,0,1,0,1,0,0.00840874,10,3,3,medium,high,0.75,medium,2,0.2,overconfident,0.7,,,counterexample_audit,724789
G,G_00766,flower_cut,geometric_fc,1,0,1,0,1,0,0.03914771,10,3,-1,medium,high,0.75,medium,2,,,,,,counterexample_audit,724790
G,G_00766,flower_cut,oracle_sfc,0,0,0,0,1,0,0.0,10,3,-1,medium,high,0.75,medium,2,,,,,,counterexample_audit,724790
G,G_00766,flower_cut,semantic_only,1,0,1,0,1,0,0.0,10,3,-1,medium,high,0.75,medium,2,,,,,,counterexample_audit,724790
G,G_00766,flower_cut,posthoc_single,0,0,0,0,1,0,0.03914771,10,3,-1,medium,high,0.75,medium,2,,,,,,counterexample_audit,724790
G,G_00766,flower_cut,soft_penalty_fc,1,0,1,0,1,0,0.03914771,10,3,-1,medium,high,0.75,medium,2,,,,,,counterexample_audit,724790
G,G_00766,flower_cut,observed_sfc,0,0,0,0,1,0,0.0,10,3,3,medium,high,0.75,medium,2,0.2,overconfident,0.7,,,counterexample_audit,724790
G,G_00766,flower_cut,risk_aware_sfc,0,0,0,0,1,0,0.0,10,3,3,medium,high,0.75,medium,2,0.2,overconfident,0.7,,,counterexample_audit,724790
G,G_00766,flower_cut,abstaining_sfc,0,0,0,0,1,0,0.0,10,3,3,medium,high,0.75,medium,2,0.2,overconfident,0.7,,,counterexample_audit,724790
G,G_00767,flower_cut,geometric_fc,1,0,1,0,1,0,0.03788709,10,3,-1,medium,high,0.75,medium,2,,,,,,counterexample_audit,724791
G,G_00767,flower_cut,oracle_sfc,0,0,0,0,1,0,0.0,10,3,-1,medium,high,0.75,medium,2,,,,,,counterexample_audit,724791
G,G_00767,flower_cut,semantic_only,1,0,1,0,1,0,0.0,10,3,-1,medium,high,0.75,medium,2,,,,,,counterexample_audit,724791
G,G_00767,flower_cut,posthoc_single,0,0,0,0,1,0,0.03788709,10,3,-1,medium,high,0.75,medium,2,,,,,,counterexample_audit,724791
G,G_00767,flower_cut,soft_penalty_fc,1,0,1,0,1,0,0.03788709,10,3,-1,medium,high,0.75,medium,2,,,,,,counterexample_audit,724791
G,G_00767,flower_cut,observed_sfc,0,0,0,0,1,0,0.0,10,3,3,medium,high,0.75,medium,2,0.2,overconfident,0.7,,,counterexample_audit,724791
G,G_00767,flower_cut,risk_aware_sfc,0,0,0,0,1,0,0.0,10,3,3,medium,high,0.75,medium,2,0.2,overconfident,0.7,,,counterexample_audit,724791
G,G_00767,flower_cut,abstaining_sfc,0,0,0,0,1,0,0.0,10,3,3,medium,high,0.75,medium,2,0.2,overconfident,0.7,,,counterexample_audit,724791
G,G_00768,flower_cut,geometric_fc,1,0,1,0,1,0,0.03908486,10,3,-1,medium,high,0.75,medium,2,,,,,,counterexample_audit,724792
G,G_00768,flower_cut,oracle_sfc,0,0,0,0,1,0,0.0,10,3,-1,medium,high,0.75,medium,2,,,,,,counterexample_audit,724792
G,G_00768,flower_cut,semantic_only,1,0,1,0,1,0,0.0,10,3,-1,medium,high,0.75,medium,2,,,,,,counterexample_audit,724792
G,G_00768,flower_cut,posthoc_single,0,0,0,0,1,0,0.03908486,10,3,-1,medium,high,0.75,medium,2,,,,,,counterexample_audit,724792
G,G_00768,flower_cut,soft_penalty_fc,1,0,1,0,1,0,0.03908486,10,3,-1,medium,high,0.75,medium,2,,,,,,counterexample_audit,724792
G,G_00768,flower_cut,observed_sfc,0,0,0,0,1,0,0.0,10,3,3,medium,high,0.75,medium,2,0.2,overconfident,0.7,,,counterexample_audit,724792
G,G_00768,flower_cut,risk_aware_sfc,0,0,0,0,1,0,0.0,10,3,3,medium,high,0.75,medium,2,0.2,overconfident,0.7,,,counterexample_audit,724792
G,G_00768,flower_cut,abstaining_sfc,0,0,0,0,1,0,0.0,10,3,3,medium,high,0.75,medium,2,0.2,overconfident,0.7,,,counterexample_audit,724792
G,G_00769,flower_cut,geometric_fc,1,0,1,0,1,0,0.03815622,10,3,-1,medium,high,0.75,medium,2,,,,,,counterexample_audit,724793
G,G_00769,flower_cut,oracle_sfc,0,0,0,0,1,0,0.0,10,3,-1,medium,high,0.75,medium,2,,,,,,counterexample_audit,724793
G,G_00769,flower_cut,semantic_only,1,0,1,0,1,0,0.0,10,3,-1,medium,high,0.75,medium,2,,,,,,counterexample_audit,724793
G,G_00769,flower_cut,posthoc_single,0,0,0,0,1,0,0.03815622,10,3,-1,medium,high,0.75,medium,2,,,,,,counterexample_audit,724793
G,G_00769,flower_cut,soft_penalty_fc,1,0,1,0,1,0,0.03815622,10,3,-1,medium,high,0.75,medium,2,,,,,,counterexample_audit,724793
G,G_00769,flower_cut,observed_sfc,0,0,0,0,1,0,0.0,10,3,1,medium,high,0.75,medium,2,0.2,overconfident,0.7,,,counterexample_audit,724793
G,G_00769,flower_cut,risk_aware_sfc,0,0,0,0,1,0,0.0,10,3,1,medium,high,0.75,medium,2,0.2,overconfident,0.7,,,counterexample_audit,724793
G,G_00769,flower_cut,abstaining_sfc,0,0,0,0,1,0,0.0,10,3,1,medium,high,0.75,medium,2,0.2,overconfident,0.7,,,counterexample_audit,724793
G,G_00770,flower_cut,geometric_fc,1,0,1,0,1,0,0.03980849,10,3,-1,medium,high,0.75,medium,2,,,,,,counterexample_audit,724794
G,G_00770,flower_cut,oracle_sfc,0,0,0,0,1,0,0.0,10,3,-1,medium,high,0.75,medium,2,,,,,,counterexample_audit,724794
G,G_00770,flower_cut,semantic_only,1,0,1,0,1,0,0.0,10,3,-1,medium,high,0.75,medium,2,,,,,,counterexample_audit,724794
G,G_00770,flower_cut,posthoc_single,0,0,0,0,1,0,0.03980849,10,3,-1,medium,high,0.75,medium,2,,,,,,counterexample_audit,724794
G,G_00770,flower_cut,soft_penalty_fc,1,0,1,0,1,0,0.03980849,10,3,-1,medium,high,0.75,medium,2,,,,,,counterexample_audit,724794
G,G_00770,flower_cut,observed_sfc,0,0,0,0,1,0,0.0,10,3,3,medium,high,0.75,medium,2,0.2,overconfident,0.7,,,counterexample_audit,724794
G,G_00770,flower_cut,risk_aware_sfc,0,0,0,0,1,0,0.0,10,3,3,medium,high,0.75,medium,2,0.2,overconfident,0.7,,,counterexample_audit,724794
G,G_00770,flower_cut,abstaining_sfc,0,0,0,0,1,0,0.0,10,3,3,medium,high,0.75,medium,2,0.2,overconfident,0.7,,,counterexample_audit,724794
G,G_00771,flower_cut,geometric_fc,1,0,1,0,1,0,0.0384402,10,3,-1,medium,high,0.75,medium,2,,,,,,counterexample_audit,724795
G,G_00771,flower_cut,oracle_sfc,0,0,0,0,1,0,0.0,10,3,-1,medium,high,0.75,medium,2,,,,,,counterexample_audit,724795
G,G_00771,flower_cut,semantic_only,1,0,1,0,1,0,0.0,10,3,-1,medium,high,0.75,medium,2,,,,,,counterexample_audit,724795
G,G_00771,flower_cut,posthoc_single,0,0,0,0,1,0,0.0384402,10,3,-1,medium,high,0.75,medium,2,,,,,,counterexample_audit,724795
G,G_00771,flower_cut,soft_penalty_fc,1,0,1,0,1,0,0.0384402,10,3,-1,medium,high,0.75,medium,2,,,,,,counterexample_audit,724795
G,G_00771,flower_cut,observed_sfc,0,0,0,0,1,0,0.0,10,3,2,medium,high,0.75,medium,2,0.2,overconfident,0.7,,,counterexample_audit,724795
G,G_00771,flower_cut,risk_aware_sfc,0,0,0,0,1,0,0.0,10,3,2,medium,high,0.75,medium,2,0.2,overconfident,0.7,,,counterexample_audit,724795
G,G_00771,flower_cut,abstaining_sfc,0,0,0,0,1,0,0.0,10,3,2,medium,high,0.75,medium,2,0.2,overconfident,0.7,,,counterexample_audit,724795
G,G_00772,flower_cut,geometric_fc,1,0,1,0,1,0,0.03574428,10,3,-1,medium,high,0.75,medium,2,,,,,,counterexample_audit,724796
G,G_00772,flower_cut,oracle_sfc,0,0,0,0,1,0,0.0,10,3,-1,medium,high,0.75,medium,2,,,,,,counterexample_audit,724796
G,G_00772,flower_cut,semantic_only,1,0,1,0,1,0,0.0,10,3,-1,medium,high,0.75,medium,2,,,,,,counterexample_audit,724796
G,G_00772,flower_cut,posthoc_single,0,0,0,0,1,0,0.03574428,10,3,-1,medium,high,0.75,medium,2,,,,,,counterexample_audit,724796
G,G_00772,flower_cut,soft_penalty_fc,1,0,1,0,1,0,0.03574428,10,3,-1,medium,high,0.75,medium,2,,,,,,counterexample_audit,724796
G,G_00772,flower_cut,observed_sfc,0,0,0,0,1,0,0.0,10,3,2,medium,high,0.75,medium,2,0.2,overconfident,0.7,,,counterexample_audit,724796
G,G_00772,flower_cut,risk_aware_sfc,0,0,0,0,1,0,0.0,10,3,2,medium,high,0.75,medium,2,0.2,overconfident,0.7,,,counterexample_audit,724796
G,G_00772,flower_cut,abstaining_sfc,0,0,0,0,1,0,0.0,10,3,2,medium,high,0.75,medium,2,0.2,overconfident,0.7,,,counterexample_audit,724796
G,G_00773,flower_cut,geometric_fc,1,0,1,0,1,0,0.03782958,10,3,-1,medium,high,0.75,medium,2,,,,,,counterexample_audit,724797
G,G_00773,flower_cut,oracle_sfc,0,0,0,0,1,0,0.0,10,3,-1,medium,high,0.75,medium,2,,,,,,counterexample_audit,724797
G,G_00773,flower_cut,semantic_only,1,0,1,0,1,0,0.0,10,3,-1,medium,high,0.75,medium,2,,,,,,counterexample_audit,724797
G,G_00773,flower_cut,posthoc_single,0,0,0,0,1,0,0.03782958,10,3,-1,medium,high,0.75,medium,2,,,,,,counterexample_audit,724797
G,G_00773,flower_cut,soft_penalty_fc,1,0,1,0,1,0,0.03782958,10,3,-1,medium,high,0.75,medium,2,,,,,,counterexample_audit,724797
G,G_00773,flower_cut,observed_sfc,0,0,0,0,1,0,0.0,10,3,2,medium,high,0.75,medium,2,0.2,overconfident,0.7,,,counterexample_audit,724797
G,G_00773,flower_cut,risk_aware_sfc,0,0,0,0,1,0,0.0,10,3,2,medium,high,0.75,medium,2,0.2,overconfident,0.7,,,counterexample_audit,724797
G,G_00773,flower_cut,abstaining_sfc,0,0,0,0,1,0,0.0,10,3,2,medium,high,0.75,medium,2,0.2,overconfident,0.7,,,counterexample_audit,724797
G,G_00774,flower_cut,geometric_fc,1,0,1,0,1,0,0.03857607,10,3,-1,medium,high,0.75,medium,2,,,,,,counterexample_audit,724798
G,G_00774,flower_cut,oracle_sfc,0,0,0,0,1,0,0.0,10,3,-1,medium,high,0.75,medium,2,,,,,,counterexample_audit,724798
G,G_00774,flower_cut,semantic_only,1,0,1,0,1,0,0.0,10,3,-1,medium,high,0.75,medium,2,,,,,,counterexample_audit,724798
G,G_00774,flower_cut,posthoc_single,0,0,0,0,1,0,0.03857607,10,3,-1,medium,high,0.75,medium,2,,,,,,counterexample_audit,724798
G,G_00774,flower_cut,soft_penalty_fc,1,0,1,0,1,0,0.03857607,10,3,-1,medium,high,0.75,medium,2,,,,,,counterexample_audit,724798
G,G_00774,flower_cut,observed_sfc,0,0,0,0,1,0,0.0,10,3,3,medium,high,0.75,medium,2,0.2,overconfident,0.7,,,counterexample_audit,724798
G,G_00774,flower_cut,risk_aware_sfc,0,0,0,0,1,0,0.0,10,3,3,medium,high,0.75,medium,2,0.2,overconfident,0.7,,,counterexample_audit,724798
G,G_00774,flower_cut,abstaining_sfc,0,0,0,0,1,0,0.0,10,3,3,medium,high,0.75,medium,2,0.2,overconfident,0.7,,,counterexample_audit,724798
G,G_00775,flower_cut,geometric_fc,1,0,1,0,1,0,0.03682526,10,3,-1,medium,high,0.75,medium,2,,,,,,counterexample_audit,724799
G,G_00775,flower_cut,oracle_sfc,0,0,0,0,1,0,0.0,10,3,-1,medium,high,0.75,medium,2,,,,,,counterexample_audit,724799
G,G_00775,flower_cut,semantic_only,1,0,1,0,1,0,0.0,10,3,-1,medium,high,0.75,medium,2,,,,,,counterexample_audit,724799
G,G_00775,flower_cut,posthoc_single,0,0,0,0,1,0,0.03682526,10,3,-1,medium,high,0.75,medium,2,,,,,,counterexample_audit,724799
G,G_00775,flower_cut,soft_penalty_fc,1,0,1,0,1,0,0.03682526,10,3,-1,medium,high,0.75,medium,2,,,,,,counterexample_audit,724799
G,G_00775,flower_cut,observed_sfc,1,0,1,0,1,0,0.06172203,10,3,4,medium,high,0.75,medium,2,0.2,overconfident,0.7,,,counterexample_audit,724799
G,G_00775,flower_cut,risk_aware_sfc,1,0,1,0,1,0,0.06172203,10,3,4,medium,high,0.75,medium,2,0.2,overconfident,0.7,,,counterexample_audit,724799
G,G_00775,flower_cut,abstaining_sfc,1,0,1,0,1,0,0.06172203,10,3,4,medium,high,0.75,medium,2,0.2,overconfident,0.7,,,counterexample_audit,724799
G,G_00776,flower_cut,geometric_fc,1,0,1,0,1,0,0.03980309,10,3,-1,medium,high,0.75,medium,2,,,,,,counterexample_audit,724800
G,G_00776,flower_cut,oracle_sfc,0,0,0,0,1,0,0.0,10,3,-1,medium,high,0.75,medium,2,,,,,,counterexample_audit,724800
G,G_00776,flower_cut,semantic_only,1,0,1,0,1,0,0.0,10,3,-1,medium,high,0.75,medium,2,,,,,,counterexample_audit,724800
G,G_00776,flower_cut,posthoc_single,0,0,0,0,1,0,0.03980309,10,3,-1,medium,high,0.75,medium,2,,,,,,counterexample_audit,724800
G,G_00776,flower_cut,soft_penalty_fc,1,0,1,0,1,0,0.03980309,10,3,-1,medium,high,0.75,medium,2,,,,,,counterexample_audit,724800
G,G_00776,flower_cut,observed_sfc,0,0,0,0,1,0,0.0,10,3,3,medium,high,0.75,medium,2,0.2,overconfident,0.7,,,counterexample_audit,724800
G,G_00776,flower_cut,risk_aware_sfc,0,0,0,0,1,0,0.0,10,3,3,medium,high,0.75,medium,2,0.2,overconfident,0.7,,,counterexample_audit,724800
G,G_00776,flower_cut,abstaining_sfc,0,0,0,0,1,0,0.0,10,3,3,medium,high,0.75,medium,2,0.2,overconfident,0.7,,,counterexample_audit,724800
G,G_00777,flower_cut,geometric_fc,1,0,1,0,1,0,0.03977165,10,3,-1,medium,high,0.75,medium,2,,,,,,counterexample_audit,724801
G,G_00777,flower_cut,oracle_sfc,0,0,0,0,1,0,0.0,10,3,-1,medium,high,0.75,medium,2,,,,,,counterexample_audit,724801
G,G_00777,flower_cut,semantic_only,1,0,1,0,1,0,0.0,10,3,-1,medium,high,0.75,medium,2,,,,,,counterexample_audit,724801
G,G_00777,flower_cut,posthoc_single,0,0,0,0,1,0,0.03977165,10,3,-1,medium,high,0.75,medium,2,,,,,,counterexample_audit,724801
G,G_00777,flower_cut,soft_penalty_fc,1,0,1,0,1,0,0.03977165,10,3,-1,medium,high,0.75,medium,2,,,,,,counterexample_audit,724801
G,G_00777,flower_cut,observed_sfc,0,0,0,0,1,0,0.0,10,3,3,medium,high,0.75,medium,2,0.2,overconfident,0.7,,,counterexample_audit,724801
G,G_00777,flower_cut,risk_aware_sfc,0,0,0,0,1,0,0.0,10,3,3,medium,high,0.75,medium,2,0.2,overconfident,0.7,,,counterexample_audit,724801
G,G_00777,flower_cut,abstaining_sfc,0,0,0,0,1,0,0.0,10,3,3,medium,high,0.75,medium,2,0.2,overconfident,0.7,,,counterexample_audit,724801
G,G_00778,flower_cut,geometric_fc,1,0,1,0,1,0,0.04038408,10,3,-1,medium,high,0.75,medium,2,,,,,,counterexample_audit,724802
G,G_00778,flower_cut,oracle_sfc,0,0,0,0,1,0,0.0,10,3,-1,medium,high,0.75,medium,2,,,,,,counterexample_audit,724802
G,G_00778,flower_cut,semantic_only,1,0,1,0,1,0,0.0,10,3,-1,medium,high,0.75,medium,2,,,,,,counterexample_audit,724802
G,G_00778,flower_cut,posthoc_single,0,0,0,0,1,0,0.04038408,10,3,-1,medium,high,0.75,medium,2,,,,,,counterexample_audit,724802
G,G_00778,flower_cut,soft_penalty_fc,1,0,1,0,1,0,0.04038408,10,3,-1,medium,high,0.75,medium,2,,,,,,counterexample_audit,724802
G,G_00778,flower_cut,observed_sfc,1,0,1,0,1,0,0.08854194,10,3,3,medium,high,0.75,medium,2,0.2,overconfident,0.7,,,counterexample_audit,724802
G,G_00778,flower_cut,risk_aware_sfc,1,0,1,0,1,0,0.08854194,10,3,3,medium,high,0.75,medium,2,0.2,overconfident,0.7,,,counterexample_audit,724802
G,G_00778,flower_cut,abstaining_sfc,1,0,1,0,1,0,0.08854194,10,3,3,medium,high,0.75,medium,2,0.2,overconfident,0.7,,,counterexample_audit,724802
G,G_00779,flower_cut,geometric_fc,1,0,1,0,1,0,0.03733335,10,3,-1,medium,high,0.75,medium,2,,,,,,counterexample_audit,724803
G,G_00779,flower_cut,oracle_sfc,0,0,0,0,1,0,0.0,10,3,-1,medium,high,0.75,medium,2,,,,,,counterexample_audit,724803
G,G_00779,flower_cut,semantic_only,1,0,1,0,1,0,0.0,10,3,-1,medium,high,0.75,medium,2,,,,,,counterexample_audit,724803
G,G_00779,flower_cut,posthoc_single,0,0,0,0,1,0,0.03733335,10,3,-1,medium,high,0.75,medium,2,,,,,,counterexample_audit,724803
G,G_00779,flower_cut,soft_penalty_fc,1,0,1,0,1,0,0.03733335,10,3,-1,medium,high,0.75,medium,2,,,,,,counterexample_audit,724803
G,G_00779,flower_cut,observed_sfc,0,0,0,0,1,0,0.0,10,3,2,medium,high,0.75,medium,2,0.2,overconfident,0.7,,,counterexample_audit,724803
G,G_00779,flower_cut,risk_aware_sfc,0,0,0,0,1,0,0.0,10,3,2,medium,high,0.75,medium,2,0.2,overconfident,0.7,,,counterexample_audit,724803
G,G_00779,flower_cut,abstaining_sfc,0,0,0,0,1,0,0.0,10,3,2,medium,high,0.75,medium,2,0.2,overconfident,0.7,,,counterexample_audit,724803
G,G_00780,flower_cut,geometric_fc,1,0,1,0,1,0,0.03630218,10,3,-1,medium,high,0.75,medium,2,,,,,,counterexample_audit,724804
G,G_00780,flower_cut,oracle_sfc,0,0,0,0,1,0,0.0,10,3,-1,medium,high,0.75,medium,2,,,,,,counterexample_audit,724804
G,G_00780,flower_cut,semantic_only,1,0,1,0,1,0,0.0,10,3,-1,medium,high,0.75,medium,2,,,,,,counterexample_audit,724804
G,G_00780,flower_cut,posthoc_single,0,0,0,0,1,0,0.03630218,10,3,-1,medium,high,0.75,medium,2,,,,,,counterexample_audit,724804
G,G_00780,flower_cut,soft_penalty_fc,1,0,1,0,1,0,0.03630218,10,3,-1,medium,high,0.75,medium,2,,,,,,counterexample_audit,724804
G,G_00780,flower_cut,observed_sfc,0,0,0,0,1,0,0.0,10,3,3,medium,high,0.75,medium,2,0.2,overconfident,0.7,,,counterexample_audit,724804
G,G_00780,flower_cut,risk_aware_sfc,0,0,0,0,1,0,0.0,10,3,3,medium,high,0.75,medium,2,0.2,overconfident,0.7,,,counterexample_audit,724804
G,G_00780,flower_cut,abstaining_sfc,0,0,0,0,1,0,0.0,10,3,3,medium,high,0.75,medium,2,0.2,overconfident,0.7,,,counterexample_audit,724804
G,G_00781,flower_cut,geometric_fc,1,0,1,0,1,0,0.03783194,10,3,-1,medium,high,0.75,medium,2,,,,,,counterexample_audit,724805
G,G_00781,flower_cut,oracle_sfc,0,0,0,0,1,0,0.0,10,3,-1,medium,high,0.75,medium,2,,,,,,counterexample_audit,724805
G,G_00781,flower_cut,semantic_only,1,0,1,0,1,0,0.0,10,3,-1,medium,high,0.75,medium,2,,,,,,counterexample_audit,724805
G,G_00781,flower_cut,posthoc_single,0,0,0,0,1,0,0.03783194,10,3,-1,medium,high,0.75,medium,2,,,,,,counterexample_audit,724805
G,G_00781,flower_cut,soft_penalty_fc,1,0,1,0,1,0,0.03783194,10,3,-1,medium,high,0.75,medium,2,,,,,,counterexample_audit,724805
G,G_00781,flower_cut,observed_sfc,1,0,1,0,1,0,0.0752536,10,3,4,medium,high,0.75,medium,2,0.2,overconfident,0.7,,,counterexample_audit,724805
G,G_00781,flower_cut,risk_aware_sfc,1,0,1,0,1,0,0.0752536,10,3,4,medium,high,0.75,medium,2,0.2,overconfident,0.7,,,counterexample_audit,724805
G,G_00781,flower_cut,abstaining_sfc,1,0,1,0,1,0,0.0752536,10,3,4,medium,high,0.75,medium,2,0.2,overconfident,0.7,,,counterexample_audit,724805
G,G_00782,flower_cut,geometric_fc,1,0,1,0,1,0,0.03859082,10,3,-1,medium,high,0.75,medium,2,,,,,,counterexample_audit,724806
G,G_00782,flower_cut,oracle_sfc,0,0,0,0,1,0,0.0,10,3,-1,medium,high,0.75,medium,2,,,,,,counterexample_audit,724806
G,G_00782,flower_cut,semantic_only,1,0,1,0,1,0,0.0,10,3,-1,medium,high,0.75,medium,2,,,,,,counterexample_audit,724806
G,G_00782,flower_cut,posthoc_single,0,0,0,0,1,0,0.03859082,10,3,-1,medium,high,0.75,medium,2,,,,,,counterexample_audit,724806
G,G_00782,flower_cut,soft_penalty_fc,1,0,1,0,1,0,0.03859082,10,3,-1,medium,high,0.75,medium,2,,,,,,counterexample_audit,724806
G,G_00782,flower_cut,observed_sfc,0,0,0,0,1,0,0.0,10,3,2,medium,high,0.75,medium,2,0.2,overconfident,0.7,,,counterexample_audit,724806
G,G_00782,flower_cut,risk_aware_sfc,0,0,0,0,1,0,0.0,10,3,2,medium,high,0.75,medium,2,0.2,overconfident,0.7,,,counterexample_audit,724806
G,G_00782,flower_cut,abstaining_sfc,0,0,0,0,1,0,0.0,10,3,2,medium,high,0.75,medium,2,0.2,overconfident,0.7,,,counterexample_audit,724806
G,G_00783,flower_cut,geometric_fc,1,0,1,0,1,0,0.03779087,10,3,-1,medium,high,0.75,medium,2,,,,,,counterexample_audit,724807
G,G_00783,flower_cut,oracle_sfc,0,0,0,0,1,0,0.0,10,3,-1,medium,high,0.75,medium,2,,,,,,counterexample_audit,724807
G,G_00783,flower_cut,semantic_only,1,0,1,0,1,0,0.0,10,3,-1,medium,high,0.75,medium,2,,,,,,counterexample_audit,724807
G,G_00783,flower_cut,posthoc_single,0,0,0,0,1,0,0.03779087,10,3,-1,medium,high,0.75,medium,2,,,,,,counterexample_audit,724807
G,G_00783,flower_cut,soft_penalty_fc,1,0,1,0,1,0,0.03779087,10,3,-1,medium,high,0.75,medium,2,,,,,,counterexample_audit,724807
G,G_00783,flower_cut,observed_sfc,0,0,0,0,1,0,0.0,10,3,3,medium,high,0.75,medium,2,0.2,overconfident,0.7,,,counterexample_audit,724807
G,G_00783,flower_cut,risk_aware_sfc,0,0,0,0,1,0,0.0,10,3,3,medium,high,0.75,medium,2,0.2,overconfident,0.7,,,counterexample_audit,724807
G,G_00783,flower_cut,abstaining_sfc,0,0,0,0,1,0,0.0,10,3,3,medium,high,0.75,medium,2,0.2,overconfident,0.7,,,counterexample_audit,724807
G,G_00784,flower_cut,geometric_fc,1,0,1,0,1,0,0.03725921,10,3,-1,medium,high,0.75,medium,2,,,,,,counterexample_audit,724808
G,G_00784,flower_cut,oracle_sfc,0,0,0,0,1,0,0.0,10,3,-1,medium,high,0.75,medium,2,,,,,,counterexample_audit,724808
G,G_00784,flower_cut,semantic_only,1,0,1,0,1,0,0.0,10,3,-1,medium,high,0.75,medium,2,,,,,,counterexample_audit,724808
G,G_00784,flower_cut,posthoc_single,0,0,0,0,1,0,0.03725921,10,3,-1,medium,high,0.75,medium,2,,,,,,counterexample_audit,724808
G,G_00784,flower_cut,soft_penalty_fc,1,0,1,0,1,0,0.03725921,10,3,-1,medium,high,0.75,medium,2,,,,,,counterexample_audit,724808
G,G_00784,flower_cut,observed_sfc,0,0,0,0,1,0,0.0,10,3,3,medium,high,0.75,medium,2,0.2,overconfident,0.7,,,counterexample_audit,724808
G,G_00784,flower_cut,risk_aware_sfc,0,0,0,0,1,0,0.0,10,3,3,medium,high,0.75,medium,2,0.2,overconfident,0.7,,,counterexample_audit,724808
G,G_00784,flower_cut,abstaining_sfc,0,0,0,0,1,0,0.0,10,3,3,medium,high,0.75,medium,2,0.2,overconfident,0.7,,,counterexample_audit,724808
G,G_00785,flower_cut,geometric_fc,1,0,1,0,1,0,0.03906471,10,3,-1,medium,high,0.75,medium,2,,,,,,counterexample_audit,724809
G,G_00785,flower_cut,oracle_sfc,0,0,0,0,1,0,0.0,10,3,-1,medium,high,0.75,medium,2,,,,,,counterexample_audit,724809
G,G_00785,flower_cut,semantic_only,1,0,1,0,1,0,0.0,10,3,-1,medium,high,0.75,medium,2,,,,,,counterexample_audit,724809
G,G_00785,flower_cut,posthoc_single,0,0,0,0,1,0,0.03906471,10,3,-1,medium,high,0.75,medium,2,,,,,,counterexample_audit,724809
G,G_00785,flower_cut,soft_penalty_fc,1,0,1,0,1,0,0.03906471,10,3,-1,medium,high,0.75,medium,2,,,,,,counterexample_audit,724809
G,G_00785,flower_cut,observed_sfc,0,0,0,0,1,0,0.0,10,3,3,medium,high,0.75,medium,2,0.2,overconfident,0.7,,,counterexample_audit,724809
G,G_00785,flower_cut,risk_aware_sfc,0,0,0,0,1,0,0.0,10,3,3,medium,high,0.75,medium,2,0.2,overconfident,0.7,,,counterexample_audit,724809
G,G_00785,flower_cut,abstaining_sfc,0,0,0,0,1,0,0.0,10,3,3,medium,high,0.75,medium,2,0.2,overconfident,0.7,,,counterexample_audit,724809
G,G_00786,flower_cut,geometric_fc,1,0,1,0,1,0,0.0375501,10,3,-1,medium,high,0.75,medium,2,,,,,,counterexample_audit,724810
G,G_00786,flower_cut,oracle_sfc,0,0,0,0,1,0,0.0,10,3,-1,medium,high,0.75,medium,2,,,,,,counterexample_audit,724810
G,G_00786,flower_cut,semantic_only,1,0,1,0,1,0,0.0,10,3,-1,medium,high,0.75,medium,2,,,,,,counterexample_audit,724810
G,G_00786,flower_cut,posthoc_single,0,0,0,0,1,0,0.0375501,10,3,-1,medium,high,0.75,medium,2,,,,,,counterexample_audit,724810
G,G_00786,flower_cut,soft_penalty_fc,1,0,1,0,1,0,0.0375501,10,3,-1,medium,high,0.75,medium,2,,,,,,counterexample_audit,724810
G,G_00786,flower_cut,observed_sfc,0,0,0,0,1,0,0.0,10,3,2,medium,high,0.75,medium,2,0.2,overconfident,0.7,,,counterexample_audit,724810
G,G_00786,flower_cut,risk_aware_sfc,0,0,0,0,1,0,0.0,10,3,2,medium,high,0.75,medium,2,0.2,overconfident,0.7,,,counterexample_audit,724810
G,G_00786,flower_cut,abstaining_sfc,0,0,0,0,1,0,0.0,10,3,2,medium,high,0.75,medium,2,0.2,overconfident,0.7,,,counterexample_audit,724810
G,G_00787,flower_cut,geometric_fc,1,0,1,0,1,0,0.03892792,10,3,-1,medium,high,0.75,medium,2,,,,,,counterexample_audit,724811
G,G_00787,flower_cut,oracle_sfc,0,0,0,0,1,0,0.0,10,3,-1,medium,high,0.75,medium,2,,,,,,counterexample_audit,724811
G,G_00787,flower_cut,semantic_only,1,0,1,0,1,0,0.0,10,3,-1,medium,high,0.75,medium,2,,,,,,counterexample_audit,724811
G,G_00787,flower_cut,posthoc_single,0,0,0,0,1,0,0.03892792,10,3,-1,medium,high,0.75,medium,2,,,,,,counterexample_audit,724811
G,G_00787,flower_cut,soft_penalty_fc,1,0,1,0,1,0,0.03892792,10,3,-1,medium,high,0.75,medium,2,,,,,,counterexample_audit,724811
G,G_00787,flower_cut,observed_sfc,0,0,0,0,1,0,0.0,10,3,3,medium,high,0.75,medium,2,0.2,overconfident,0.7,,,counterexample_audit,724811
G,G_00787,flower_cut,risk_aware_sfc,0,0,0,0,1,0,0.0,10,3,3,medium,high,0.75,medium,2,0.2,overconfident,0.7,,,counterexample_audit,724811
G,G_00787,flower_cut,abstaining_sfc,0,0,0,0,1,0,0.0,10,3,3,medium,high,0.75,medium,2,0.2,overconfident,0.7,,,counterexample_audit,724811
G,G_00788,flower_cut,geometric_fc,1,0,1,0,1,0,0.03806749,10,3,-1,medium,high,0.75,medium,2,,,,,,counterexample_audit,724812
G,G_00788,flower_cut,oracle_sfc,0,0,0,0,1,0,0.0,10,3,-1,medium,high,0.75,medium,2,,,,,,counterexample_audit,724812
G,G_00788,flower_cut,semantic_only,1,0,1,0,1,0,0.0,10,3,-1,medium,high,0.75,medium,2,,,,,,counterexample_audit,724812
G,G_00788,flower_cut,posthoc_single,0,0,0,0,1,0,0.03806749,10,3,-1,medium,high,0.75,medium,2,,,,,,counterexample_audit,724812
G,G_00788,flower_cut,soft_penalty_fc,1,0,1,0,1,0,0.03806749,10,3,-1,medium,high,0.75,medium,2,,,,,,counterexample_audit,724812
G,G_00788,flower_cut,observed_sfc,0,0,0,0,1,0,0.0,10,3,3,medium,high,0.75,medium,2,0.2,overconfident,0.7,,,counterexample_audit,724812
G,G_00788,flower_cut,risk_aware_sfc,0,0,0,0,1,0,0.0,10,3,3,medium,high,0.75,medium,2,0.2,overconfident,0.7,,,counterexample_audit,724812
G,G_00788,flower_cut,abstaining_sfc,0,0,0,0,1,0,0.0,10,3,3,medium,high,0.75,medium,2,0.2,overconfident,0.7,,,counterexample_audit,724812
G,G_00789,flower_cut,geometric_fc,1,0,1,0,1,0,0.03933438,10,3,-1,medium,high,0.75,medium,2,,,,,,counterexample_audit,724813
G,G_00789,flower_cut,oracle_sfc,0,0,0,0,1,0,0.0,10,3,-1,medium,high,0.75,medium,2,,,,,,counterexample_audit,724813
G,G_00789,flower_cut,semantic_only,1,0,1,0,1,0,0.0,10,3,-1,medium,high,0.75,medium,2,,,,,,counterexample_audit,724813
G,G_00789,flower_cut,posthoc_single,0,0,0,0,1,0,0.03933438,10,3,-1,medium,high,0.75,medium,2,,,,,,counterexample_audit,724813
G,G_00789,flower_cut,soft_penalty_fc,1,0,1,0,1,0,0.03933438,10,3,-1,medium,high,0.75,medium,2,,,,,,counterexample_audit,724813
G,G_00789,flower_cut,observed_sfc,0,0,0,0,1,0,0.0,10,3,3,medium,high,0.75,medium,2,0.2,overconfident,0.7,,,counterexample_audit,724813
G,G_00789,flower_cut,risk_aware_sfc,0,0,0,0,1,0,0.0,10,3,3,medium,high,0.75,medium,2,0.2,overconfident,0.7,,,counterexample_audit,724813
G,G_00789,flower_cut,abstaining_sfc,0,0,0,0,1,0,0.0,10,3,3,medium,high,0.75,medium,2,0.2,overconfident,0.7,,,counterexample_audit,724813
G,G_00790,flower_cut,geometric_fc,1,0,1,0,1,0,0.03732734,10,3,-1,medium,high,0.75,medium,2,,,,,,counterexample_audit,724814
G,G_00790,flower_cut,oracle_sfc,0,0,0,0,1,0,0.0,10,3,-1,medium,high,0.75,medium,2,,,,,,counterexample_audit,724814
G,G_00790,flower_cut,semantic_only,1,0,1,0,1,0,0.0,10,3,-1,medium,high,0.75,medium,2,,,,,,counterexample_audit,724814
G,G_00790,flower_cut,posthoc_single,0,0,0,0,1,0,0.03732734,10,3,-1,medium,high,0.75,medium,2,,,,,,counterexample_audit,724814
G,G_00790,flower_cut,soft_penalty_fc,1,0,1,0,1,0,0.03732734,10,3,-1,medium,high,0.75,medium,2,,,,,,counterexample_audit,724814
G,G_00790,flower_cut,observed_sfc,1,0,1,0,1,0,0.10408093,10,3,3,medium,high,0.75,medium,2,0.2,overconfident,0.7,,,counterexample_audit,724814
G,G_00790,flower_cut,risk_aware_sfc,1,0,1,0,1,0,0.10408093,10,3,3,medium,high,0.75,medium,2,0.2,overconfident,0.7,,,counterexample_audit,724814
G,G_00790,flower_cut,abstaining_sfc,1,0,1,0,1,0,0.10408093,10,3,3,medium,high,0.75,medium,2,0.2,overconfident,0.7,,,counterexample_audit,724814
G,G_00791,flower_cut,geometric_fc,1,0,1,0,1,0,0.03850009,10,3,-1,medium,high,0.75,medium,2,,,,,,counterexample_audit,724815
G,G_00791,flower_cut,oracle_sfc,0,0,0,0,1,0,0.0,10,3,-1,medium,high,0.75,medium,2,,,,,,counterexample_audit,724815
G,G_00791,flower_cut,semantic_only,1,0,1,0,1,0,0.0,10,3,-1,medium,high,0.75,medium,2,,,,,,counterexample_audit,724815
G,G_00791,flower_cut,posthoc_single,0,0,0,0,1,0,0.03850009,10,3,-1,medium,high,0.75,medium,2,,,,,,counterexample_audit,724815
G,G_00791,flower_cut,soft_penalty_fc,1,0,1,0,1,0,0.03850009,10,3,-1,medium,high,0.75,medium,2,,,,,,counterexample_audit,724815
G,G_00791,flower_cut,observed_sfc,1,0,1,0,1,0,0.07734589,10,3,5,medium,high,0.75,medium,2,0.2,overconfident,0.7,,,counterexample_audit,724815
G,G_00791,flower_cut,risk_aware_sfc,1,0,1,0,1,0,0.07734589,10,3,5,medium,high,0.75,medium,2,0.2,overconfident,0.7,,,counterexample_audit,724815
G,G_00791,flower_cut,abstaining_sfc,1,0,1,0,1,0,0.07734589,10,3,5,medium,high,0.75,medium,2,0.2,overconfident,0.7,,,counterexample_audit,724815
G,G_00792,flower_cut,geometric_fc,1,0,1,0,1,0,0.03770926,10,3,-1,medium,high,0.75,medium,2,,,,,,counterexample_audit,724816
G,G_00792,flower_cut,oracle_sfc,0,0,0,0,1,0,0.0,10,3,-1,medium,high,0.75,medium,2,,,,,,counterexample_audit,724816
G,G_00792,flower_cut,semantic_only,1,0,1,0,1,0,0.0,10,3,-1,medium,high,0.75,medium,2,,,,,,counterexample_audit,724816
G,G_00792,flower_cut,posthoc_single,0,0,0,0,1,0,0.03770926,10,3,-1,medium,high,0.75,medium,2,,,,,,counterexample_audit,724816
G,G_00792,flower_cut,soft_penalty_fc,1,0,1,0,1,0,0.03770926,10,3,-1,medium,high,0.75,medium,2,,,,,,counterexample_audit,724816
G,G_00792,flower_cut,observed_sfc,1,0,1,0,1,0,0.06915924,10,3,4,medium,high,0.75,medium,2,0.2,overconfident,0.7,,,counterexample_audit,724816
G,G_00792,flower_cut,risk_aware_sfc,1,0,1,0,1,0,0.06915924,10,3,4,medium,high,0.75,medium,2,0.2,overconfident,0.7,,,counterexample_audit,724816
G,G_00792,flower_cut,abstaining_sfc,1,0,1,0,1,0,0.06915924,10,3,4,medium,high,0.75,medium,2,0.2,overconfident,0.7,,,counterexample_audit,724816
G,G_00793,flower_cut,geometric_fc,1,0,1,0,1,0,0.0390917,10,3,-1,medium,high,0.75,medium,2,,,,,,counterexample_audit,724817
G,G_00793,flower_cut,oracle_sfc,0,0,0,0,1,0,0.0,10,3,-1,medium,high,0.75,medium,2,,,,,,counterexample_audit,724817
G,G_00793,flower_cut,semantic_only,1,0,1,0,1,0,0.0,10,3,-1,medium,high,0.75,medium,2,,,,,,counterexample_audit,724817
G,G_00793,flower_cut,posthoc_single,0,0,0,0,1,0,0.0390917,10,3,-1,medium,high,0.75,medium,2,,,,,,counterexample_audit,724817
G,G_00793,flower_cut,soft_penalty_fc,1,0,1,0,1,0,0.0390917,10,3,-1,medium,high,0.75,medium,2,,,,,,counterexample_audit,724817
G,G_00793,flower_cut,observed_sfc,0,0,0,0,1,0,0.0,10,3,3,medium,high,0.75,medium,2,0.2,overconfident,0.7,,,counterexample_audit,724817
G,G_00793,flower_cut,risk_aware_sfc,0,0,0,0,1,0,0.0,10,3,3,medium,high,0.75,medium,2,0.2,overconfident,0.7,,,counterexample_audit,724817
G,G_00793,flower_cut,abstaining_sfc,0,0,0,0,1,0,0.0,10,3,3,medium,high,0.75,medium,2,0.2,overconfident,0.7,,,counterexample_audit,724817
G,G_00794,flower_cut,geometric_fc,1,0,1,0,1,0,0.038121,10,3,-1,medium,high,0.75,medium,2,,,,,,counterexample_audit,724818
G,G_00794,flower_cut,oracle_sfc,0,0,0,0,1,0,0.0,10,3,-1,medium,high,0.75,medium,2,,,,,,counterexample_audit,724818
G,G_00794,flower_cut,semantic_only,1,0,1,0,1,0,0.0,10,3,-1,medium,high,0.75,medium,2,,,,,,counterexample_audit,724818
G,G_00794,flower_cut,posthoc_single,0,0,0,0,1,0,0.038121,10,3,-1,medium,high,0.75,medium,2,,,,,,counterexample_audit,724818
G,G_00794,flower_cut,soft_penalty_fc,1,0,1,0,1,0,0.038121,10,3,-1,medium,high,0.75,medium,2,,,,,,counterexample_audit,724818
G,G_00794,flower_cut,observed_sfc,1,0,1,0,1,0,0.06997377,10,3,5,medium,high,0.75,medium,2,0.2,overconfident,0.7,,,counterexample_audit,724818
G,G_00794,flower_cut,risk_aware_sfc,1,0,1,0,1,0,0.06997377,10,3,5,medium,high,0.75,medium,2,0.2,overconfident,0.7,,,counterexample_audit,724818
G,G_00794,flower_cut,abstaining_sfc,1,0,1,0,1,0,0.06997377,10,3,5,medium,high,0.75,medium,2,0.2,overconfident,0.7,,,counterexample_audit,724818
G,G_00795,flower_cut,geometric_fc,1,0,1,0,1,0,0.03838666,10,3,-1,medium,high,0.75,medium,2,,,,,,counterexample_audit,724819
G,G_00795,flower_cut,oracle_sfc,0,0,0,0,1,0,0.0,10,3,-1,medium,high,0.75,medium,2,,,,,,counterexample_audit,724819
G,G_00795,flower_cut,semantic_only,1,0,1,0,1,0,0.0,10,3,-1,medium,high,0.75,medium,2,,,,,,counterexample_audit,724819
G,G_00795,flower_cut,posthoc_single,0,0,0,0,1,0,0.03838666,10,3,-1,medium,high,0.75,medium,2,,,,,,counterexample_audit,724819
G,G_00795,flower_cut,soft_penalty_fc,1,0,1,0,1,0,0.03838666,10,3,-1,medium,high,0.75,medium,2,,,,,,counterexample_audit,724819
G,G_00795,flower_cut,observed_sfc,0,0,0,0,1,0,0.0,10,3,3,medium,high,0.75,medium,2,0.2,overconfident,0.7,,,counterexample_audit,724819
G,G_00795,flower_cut,risk_aware_sfc,0,0,0,0,1,0,0.0,10,3,3,medium,high,0.75,medium,2,0.2,overconfident,0.7,,,counterexample_audit,724819
G,G_00795,flower_cut,abstaining_sfc,0,0,0,0,1,0,0.0,10,3,3,medium,high,0.75,medium,2,0.2,overconfident,0.7,,,counterexample_audit,724819
G,G_00796,flower_cut,geometric_fc,1,0,1,0,1,0,0.03932347,10,3,-1,medium,high,0.75,medium,2,,,,,,counterexample_audit,724820
G,G_00796,flower_cut,oracle_sfc,0,0,0,0,1,0,0.0,10,3,-1,medium,high,0.75,medium,2,,,,,,counterexample_audit,724820
G,G_00796,flower_cut,semantic_only,1,0,1,0,1,0,0.0,10,3,-1,medium,high,0.75,medium,2,,,,,,counterexample_audit,724820
G,G_00796,flower_cut,posthoc_single,0,0,0,0,1,0,0.03932347,10,3,-1,medium,high,0.75,medium,2,,,,,,counterexample_audit,724820
G,G_00796,flower_cut,soft_penalty_fc,1,0,1,0,1,0,0.03932347,10,3,-1,medium,high,0.75,medium,2,,,,,,counterexample_audit,724820
G,G_00796,flower_cut,observed_sfc,0,0,0,0,1,0,0.0,10,3,3,medium,high,0.75,medium,2,0.2,overconfident,0.7,,,counterexample_audit,724820
G,G_00796,flower_cut,risk_aware_sfc,0,0,0,0,1,0,0.0,10,3,3,medium,high,0.75,medium,2,0.2,overconfident,0.7,,,counterexample_audit,724820
G,G_00796,flower_cut,abstaining_sfc,0,0,0,0,1,0,0.0,10,3,3,medium,high,0.75,medium,2,0.2,overconfident,0.7,,,counterexample_audit,724820
G,G_00797,flower_cut,geometric_fc,1,0,1,0,1,0,0.03928609,10,3,-1,medium,high,0.75,medium,2,,,,,,counterexample_audit,724821
G,G_00797,flower_cut,oracle_sfc,0,0,0,0,1,0,0.0,10,3,-1,medium,high,0.75,medium,2,,,,,,counterexample_audit,724821
G,G_00797,flower_cut,semantic_only,1,0,1,0,1,0,0.0,10,3,-1,medium,high,0.75,medium,2,,,,,,counterexample_audit,724821
G,G_00797,flower_cut,posthoc_single,0,0,0,0,1,0,0.03928609,10,3,-1,medium,high,0.75,medium,2,,,,,,counterexample_audit,724821
G,G_00797,flower_cut,soft_penalty_fc,1,0,1,0,1,0,0.03928609,10,3,-1,medium,high,0.75,medium,2,,,,,,counterexample_audit,724821
G,G_00797,flower_cut,observed_sfc,1,0,1,0,1,0,0.08069552,10,3,4,medium,high,0.75,medium,2,0.2,overconfident,0.7,,,counterexample_audit,724821
G,G_00797,flower_cut,risk_aware_sfc,1,0,1,0,1,0,0.08069552,10,3,4,medium,high,0.75,medium,2,0.2,overconfident,0.7,,,counterexample_audit,724821
G,G_00797,flower_cut,abstaining_sfc,1,0,1,0,1,0,0.08069552,10,3,4,medium,high,0.75,medium,2,0.2,overconfident,0.7,,,counterexample_audit,724821
G,G_00798,flower_cut,geometric_fc,1,0,1,0,1,0,0.03970755,10,3,-1,medium,high,0.75,medium,2,,,,,,counterexample_audit,724822
G,G_00798,flower_cut,oracle_sfc,0,0,0,0,1,0,0.0,10,3,-1,medium,high,0.75,medium,2,,,,,,counterexample_audit,724822
G,G_00798,flower_cut,semantic_only,1,0,1,0,1,0,0.0,10,3,-1,medium,high,0.75,medium,2,,,,,,counterexample_audit,724822
G,G_00798,flower_cut,posthoc_single,0,0,0,0,1,0,0.03970755,10,3,-1,medium,high,0.75,medium,2,,,,,,counterexample_audit,724822
G,G_00798,flower_cut,soft_penalty_fc,1,0,1,0,1,0,0.03970755,10,3,-1,medium,high,0.75,medium,2,,,,,,counterexample_audit,724822
G,G_00798,flower_cut,observed_sfc,1,0,1,0,1,0,0.06798857,10,3,5,medium,high,0.75,medium,2,0.2,overconfident,0.7,,,counterexample_audit,724822
G,G_00798,flower_cut,risk_aware_sfc,1,0,1,0,1,0,0.06798857,10,3,5,medium,high,0.75,medium,2,0.2,overconfident,0.7,,,counterexample_audit,724822
G,G_00798,flower_cut,abstaining_sfc,1,0,1,0,1,0,0.06798857,10,3,5,medium,high,0.75,medium,2,0.2,overconfident,0.7,,,counterexample_audit,724822
G,G_00799,flower_cut,geometric_fc,1,0,1,0,1,0,0.03861046,10,3,-1,medium,high,0.75,medium,2,,,,,,counterexample_audit,724823
G,G_00799,flower_cut,oracle_sfc,0,0,0,0,1,0,0.0,10,3,-1,medium,high,0.75,medium,2,,,,,,counterexample_audit,724823
G,G_00799,flower_cut,semantic_only,1,0,1,0,1,0,0.0,10,3,-1,medium,high,0.75,medium,2,,,,,,counterexample_audit,724823
G,G_00799,flower_cut,posthoc_single,0,0,0,0,1,0,0.03861046,10,3,-1,medium,high,0.75,medium,2,,,,,,counterexample_audit,724823
G,G_00799,flower_cut,soft_penalty_fc,1,0,1,0,1,0,0.03861046,10,3,-1,medium,high,0.75,medium,2,,,,,,counterexample_audit,724823
G,G_00799,flower_cut,observed_sfc,1,0,1,0,1,0,0.1187403,10,3,3,medium,high,0.75,medium,2,0.2,overconfident,0.7,,,counterexample_audit,724823
G,G_00799,flower_cut,risk_aware_sfc,1,0,1,0,1,0,0.1187403,10,3,3,medium,high,0.75,medium,2,0.2,overconfident,0.7,,,counterexample_audit,724823
G,G_00799,flower_cut,abstaining_sfc,1,0,1,0,1,0,0.1187403,10,3,3,medium,high,0.75,medium,2,0.2,overconfident,0.7,,,counterexample_audit,724823
G,G_00800,flower_cut,geometric_fc,1,0,1,0,1,0,0.04103689,10,3,-1,medium,high,0.75,medium,2,,,,,,counterexample_audit,724824
G,G_00800,flower_cut,oracle_sfc,0,0,0,0,1,0,0.0,10,3,-1,medium,high,0.75,medium,2,,,,,,counterexample_audit,724824
G,G_00800,flower_cut,semantic_only,1,0,1,0,1,0,0.0,10,3,-1,medium,high,0.75,medium,2,,,,,,counterexample_audit,724824
G,G_00800,flower_cut,posthoc_single,0,0,0,0,1,0,0.04103689,10,3,-1,medium,high,0.75,medium,2,,,,,,counterexample_audit,724824
G,G_00800,flower_cut,soft_penalty_fc,1,0,1,0,1,0,0.04103689,10,3,-1,medium,high,0.75,medium,2,,,,,,counterexample_audit,724824
G,G_00800,flower_cut,observed_sfc,0,0,0,0,1,0,0.0,10,3,3,medium,high,0.75,medium,2,0.2,overconfident,0.7,,,counterexample_audit,724824
G,G_00800,flower_cut,risk_aware_sfc,0,0,0,0,1,0,0.0,10,3,3,medium,high,0.75,medium,2,0.2,overconfident,0.7,,,counterexample_audit,724824
G,G_00800,flower_cut,abstaining_sfc,0,0,0,0,1,0,0.0,10,3,3,medium,high,0.75,medium,2,0.2,overconfident,0.7,,,counterexample_audit,724824
