family,case_id,task,method,accepted,true_legal_certificate,unsafe_false_certificate,missed_true_sfc,geometric_feasible,oracle_sfc_feasible,quality,num_contacts,num_true_allowed,num_observed_allowed,density,allowed_sparsity,trap_strength,friction_band,facets,role_error_rate,confidence_mode,risk_threshold,topk_budget,control,condition,seed
E,E_00001,knife_pass,geometric_fc,1,0,1,0,1,0,0.0405636,12,6,-1,medium,medium,0.25,medium,2,,,,,,ablation,524025
E,E_00001,knife_pass,oracle_sfc,0,0,0,0,1,0,0.0,12,6,-1,medium,medium,0.25,medium,2,,,,,,ablation,524025
E,E_00001,knife_pass,semantic_only,1,0,1,0,1,0,0.0,12,6,-1,medium,medium,0.25,medium,2,,,,,,ablation,524025
E,E_00001,knife_pass,posthoc_single,0,0,0,0,1,0,0.0405636,12,6,-1,medium,medium,0.25,medium,2,,,,,,ablation,524025
E,E_00001,knife_pass,soft_penalty_fc,1,0,1,0,1,0,0.0405636,12,6,-1,medium,medium,0.25,medium,2,,,,,,ablation,524025
E,E_00001_obs,knife_pass,delete_noisy_roles,1,0,1,0,1,0,0.03075803,12,6,7,medium,medium,0.25,medium,2,,,,,,ablation,524025
E,E_00001_auditless,knife_pass,auditless_geometric,1,0,1,0,1,0,0.0405636,12,6,7,medium,medium,0.25,medium,2,,,,,,ablation,524025
E,E_00002,knife_pass,geometric_fc,1,0,1,0,1,0,0.03989474,12,6,-1,medium,medium,0.25,medium,2,,,,,,ablation,524026
E,E_00002,knife_pass,oracle_sfc,0,0,0,0,1,0,0.0,12,6,-1,medium,medium,0.25,medium,2,,,,,,ablation,524026
E,E_00002,knife_pass,semantic_only,1,0,1,0,1,0,0.0,12,6,-1,medium,medium,0.25,medium,2,,,,,,ablation,524026
E,E_00002,knife_pass,posthoc_single,0,0,0,0,1,0,0.03989474,12,6,-1,medium,medium,0.25,medium,2,,,,,,ablation,524026
E,E_00002,knife_pass,soft_penalty_fc,1,0,1,0,1,0,0.03989474,12,6,-1,medium,medium,0.25,medium,2,,,,,,ablation,524026
E,E_00002_obs,knife_pass,delete_noisy_roles,0,0,0,0,1,0,0.0,12,6,6,medium,medium,0.25,medium,2,,,,,,ablation,524026
E,E_00002_auditless,knife_pass,auditless_geometric,1,0,1,0,1,0,0.03989474,12,6,6,medium,medium,0.25,medium,2,,,,,,ablation,524026
E,E_00003,knife_pass,geometric_fc,1,0,1,0,1,0,0.04005384,12,6,-1,medium,medium,0.25,medium,2,,,,,,ablation,524027
E,E_00003,knife_pass,oracle_sfc,0,0,0,0,1,0,0.0,12,6,-1,medium,medium,0.25,medium,2,,,,,,ablation,524027
E,E_00003,knife_pass,semantic_only,1,0,1,0,1,0,0.0,12,6,-1,medium,medium,0.25,medium,2,,,,,,ablation,524027
E,E_00003,knife_pass,posthoc_single,0,0,0,0,1,0,0.04005384,12,6,-1,medium,medium,0.25,medium,2,,,,,,ablation,524027
E,E_00003,knife_pass,soft_penalty_fc,1,0,1,0,1,0,0.04005384,12,6,-1,medium,medium,0.25,medium,2,,,,,,ablation,524027
E,E_00003_obs,knife_pass,delete_noisy_roles,1,0,1,0,1,0,0.0327247,12,6,7,medium,medium,0.25,medium,2,,,,,,ablation,524027
E,E_00003_auditless,knife_pass,auditless_geometric,1,0,1,0,1,0,0.04005384,12,6,7,medium,medium,0.25,medium,2,,,,,,ablation,524027
E,E_00004,knife_pass,geometric_fc,1,0,1,0,1,0,0.03873623,12,6,-1,medium,medium,0.25,medium,2,,,,,,ablation,524028
E,E_00004,knife_pass,oracle_sfc,0,0,0,0,1,0,0.0,12,6,-1,medium,medium,0.25,medium,2,,,,,,ablation,524028
E,E_00004,knife_pass,semantic_only,1,0,1,0,1,0,0.0,12,6,-1,medium,medium,0.25,medium,2,,,,,,ablation,524028
E,E_00004,knife_pass,posthoc_single,0,0,0,0,1,0,0.03873623,12,6,-1,medium,medium,0.25,medium,2,,,,,,ablation,524028
E,E_00004,knife_pass,soft_penalty_fc,1,0,1,0,1,0,0.03873623,12,6,-1,medium,medium,0.25,medium,2,,,,,,ablation,524028
E,E_00004_obs,knife_pass,delete_noisy_roles,1,0,1,0,1,0,0.03118085,12,6,7,medium,medium,0.25,medium,2,,,,,,ablation,524028
E,E_00004_auditless,knife_pass,auditless_geometric,1,0,1,0,1,0,0.03873623,12,6,7,medium,medium,0.25,medium,2,,,,,,ablation,524028
E,E_00005,knife_pass,geometric_fc,1,0,1,0,1,0,0.03753558,12,6,-1,medium,medium,0.25,medium,2,,,,,,ablation,524029
E,E_00005,knife_pass,oracle_sfc,0,0,0,0,1,0,0.0,12,6,-1,medium,medium,0.25,medium,2,,,,,,ablation,524029
E,E_00005,knife_pass,semantic_only,1,0,1,0,1,0,0.0,12,6,-1,medium,medium,0.25,medium,2,,,,,,ablation,524029
E,E_00005,knife_pass,posthoc_single,0,0,0,0,1,0,0.03753558,12,6,-1,medium,medium,0.25,medium,2,,,,,,ablation,524029
E,E_00005,knife_pass,soft_penalty_fc,1,0,1,0,1,0,0.03753558,12,6,-1,medium,medium,0.25,medium,2,,,,,,ablation,524029
E,E_00005_obs,knife_pass,delete_noisy_roles,0,0,0,0,1,0,0.0,12,6,5,medium,medium,0.25,medium,2,,,,,,ablation,524029
E,E_00005_auditless,knife_pass,auditless_geometric,1,0,1,0,1,0,0.03753558,12,6,5,medium,medium,0.25,medium,2,,,,,,ablation,524029
E,E_00006,knife_pass,geometric_fc,1,0,1,0,1,0,0.03928639,12,6,-1,medium,medium,0.25,medium,2,,,,,,ablation,524030
E,E_00006,knife_pass,oracle_sfc,0,0,0,0,1,0,0.0,12,6,-1,medium,medium,0.25,medium,2,,,,,,ablation,524030
E,E_00006,knife_pass,semantic_only,1,0,1,0,1,0,0.0,12,6,-1,medium,medium,0.25,medium,2,,,,,,ablation,524030
E,E_00006,knife_pass,posthoc_single,0,0,0,0,1,0,0.03928639,12,6,-1,medium,medium,0.25,medium,2,,,,,,ablation,524030
E,E_00006,knife_pass,soft_penalty_fc,1,0,1,0,1,0,0.03928639,12,6,-1,medium,medium,0.25,medium,2,,,,,,ablation,524030
E,E_00006_obs,knife_pass,delete_noisy_roles,1,0,1,0,1,0,0.04271799,12,6,6,medium,medium,0.25,medium,2,,,,,,ablation,524030
E,E_00006_auditless,knife_pass,auditless_geometric,1,0,1,0,1,0,0.03928639,12,6,6,medium,medium,0.25,medium,2,,,,,,ablation,524030
E,E_00007,knife_pass,geometric_fc,1,0,1,0,1,0,0.03872361,12,6,-1,medium,medium,0.25,medium,2,,,,,,ablation,524031
E,E_00007,knife_pass,oracle_sfc,0,0,0,0,1,0,0.0,12,6,-1,medium,medium,0.25,medium,2,,,,,,ablation,524031
E,E_00007,knife_pass,semantic_only,1,0,1,0,1,0,0.0,12,6,-1,medium,medium,0.25,medium,2,,,,,,ablation,524031
E,E_00007,knife_pass,posthoc_single,0,0,0,0,1,0,0.03872361,12,6,-1,medium,medium,0.25,medium,2,,,,,,ablation,524031
E,E_00007,knife_pass,soft_penalty_fc,1,0,1,0,1,0,0.03872361,12,6,-1,medium,medium,0.25,medium,2,,,,,,ablation,524031
E,E_00007_obs,knife_pass,delete_noisy_roles,0,0,0,0,1,0,0.0,12,6,6,medium,medium,0.25,medium,2,,,,,,ablation,524031
E,E_00007_auditless,knife_pass,auditless_geometric,1,0,1,0,1,0,0.03872361,12,6,6,medium,medium,0.25,medium,2,,,,,,ablation,524031
E,E_00008,knife_pass,geometric_fc,1,0,1,0,1,0,0.03968035,12,6,-1,medium,medium,0.25,medium,2,,,,,,ablation,524032
E,E_00008,knife_pass,oracle_sfc,0,0,0,0,1,0,0.0,12,6,-1,medium,medium,0.25,medium,2,,,,,,ablation,524032
E,E_00008,knife_pass,semantic_only,1,0,1,0,1,0,0.0,12,6,-1,medium,medium,0.25,medium,2,,,,,,ablation,524032
E,E_00008,knife_pass,posthoc_single,0,0,0,0,1,0,0.03968035,12,6,-1,medium,medium,0.25,medium,2,,,,,,ablation,524032
E,E_00008,knife_pass,soft_penalty_fc,1,0,1,0,1,0,0.03968035,12,6,-1,medium,medium,0.25,medium,2,,,,,,ablation,524032
E,E_00008_obs,knife_pass,delete_noisy_roles,0,0,0,0,1,0,0.0,12,6,5,medium,medium,0.25,medium,2,,,,,,ablation,524032
E,E_00008_auditless,knife_pass,auditless_geometric,1,0,1,0,1,0,0.03968035,12,6,5,medium,medium,0.25,medium,2,,,,,,ablation,524032
E,E_00009,knife_pass,geometric_fc,1,0,1,0,1,0,0.03794468,12,6,-1,medium,medium,0.25,medium,2,,,,,,ablation,524033
E,E_00009,knife_pass,oracle_sfc,0,0,0,0,1,0,0.0,12,6,-1,medium,medium,0.25,medium,2,,,,,,ablation,524033
E,E_00009,knife_pass,semantic_only,1,0,1,0,1,0,0.0,12,6,-1,medium,medium,0.25,medium,2,,,,,,ablation,524033
E,E_00009,knife_pass,posthoc_single,0,0,0,0,1,0,0.03794468,12,6,-1,medium,medium,0.25,medium,2,,,,,,ablation,524033
E,E_00009,knife_pass,soft_penalty_fc,1,0,1,0,1,0,0.03794468,12,6,-1,medium,medium,0.25,medium,2,,,,,,ablation,524033
E,E_00009_obs,knife_pass,delete_noisy_roles,1,0,1,0,1,0,0.028895,12,6,7,medium,medium,0.25,medium,2,,,,,,ablation,524033
E,E_00009_auditless,knife_pass,auditless_geometric,1,0,1,0,1,0,0.03794468,12,6,7,medium,medium,0.25,medium,2,,,,,,ablation,524033
E,E_00010,knife_pass,geometric_fc,1,0,1,0,1,0,0.04026498,12,6,-1,medium,medium,0.25,medium,2,,,,,,ablation,524034
E,E_00010,knife_pass,oracle_sfc,0,0,0,0,1,0,0.0,12,6,-1,medium,medium,0.25,medium,2,,,,,,ablation,524034
E,E_00010,knife_pass,semantic_only,1,0,1,0,1,0,0.0,12,6,-1,medium,medium,0.25,medium,2,,,,,,ablation,524034
E,E_00010,knife_pass,posthoc_single,0,0,0,0,1,0,0.04026498,12,6,-1,medium,medium,0.25,medium,2,,,,,,ablation,524034
E,E_00010,knife_pass,soft_penalty_fc,1,0,1,0,1,0,0.04026498,12,6,-1,medium,medium,0.25,medium,2,,,,,,ablation,524034
E,E_00010_obs,knife_pass,delete_noisy_roles,0,0,0,0,1,0,0.0,12,6,6,medium,medium,0.25,medium,2,,,,,,ablation,524034
E,E_00010_auditless,knife_pass,auditless_geometric,1,0,1,0,1,0,0.04026498,12,6,6,medium,medium,0.25,medium,2,,,,,,ablation,524034
E,E_00011,knife_pass,geometric_fc,1,0,1,0,1,0,0.0379254,12,6,-1,medium,medium,0.25,medium,2,,,,,,ablation,524035
E,E_00011,knife_pass,oracle_sfc,0,0,0,0,1,0,0.0,12,6,-1,medium,medium,0.25,medium,2,,,,,,ablation,524035
E,E_00011,knife_pass,semantic_only,1,0,1,0,1,0,0.0,12,6,-1,medium,medium,0.25,medium,2,,,,,,ablation,524035
E,E_00011,knife_pass,posthoc_single,0,0,0,0,1,0,0.0379254,12,6,-1,medium,medium,0.25,medium,2,,,,,,ablation,524035
E,E_00011,knife_pass,soft_penalty_fc,1,0,1,0,1,0,0.0379254,12,6,-1,medium,medium,0.25,medium,2,,,,,,ablation,524035
E,E_00011_obs,knife_pass,delete_noisy_roles,1,0,1,0,1,0,0.04015626,12,6,7,medium,medium,0.25,medium,2,,,,,,ablation,524035
E,E_00011_auditless,knife_pass,auditless_geometric,1,0,1,0,1,0,0.0379254,12,6,7,medium,medium,0.25,medium,2,,,,,,ablation,524035
E,E_00012,knife_pass,geometric_fc,1,0,1,0,1,0,0.03930533,12,6,-1,medium,medium,0.25,medium,2,,,,,,ablation,524036
E,E_00012,knife_pass,oracle_sfc,0,0,0,0,1,0,0.0,12,6,-1,medium,medium,0.25,medium,2,,,,,,ablation,524036
E,E_00012,knife_pass,semantic_only,1,0,1,0,1,0,0.0,12,6,-1,medium,medium,0.25,medium,2,,,,,,ablation,524036
E,E_00012,knife_pass,posthoc_single,0,0,0,0,1,0,0.03930533,12,6,-1,medium,medium,0.25,medium,2,,,,,,ablation,524036
E,E_00012,knife_pass,soft_penalty_fc,1,0,1,0,1,0,0.03930533,12,6,-1,medium,medium,0.25,medium,2,,,,,,ablation,524036
E,E_00012_obs,knife_pass,delete_noisy_roles,0,0,0,0,1,0,0.0,12,6,6,medium,medium,0.25,medium,2,,,,,,ablation,524036
E,E_00012_auditless,knife_pass,auditless_geometric,1,0,1,0,1,0,0.03930533,12,6,6,medium,medium,0.25,medium,2,,,,,,ablation,524036
E,E_00013,knife_pass,geometric_fc,1,0,1,0,1,0,0.04075822,12,6,-1,medium,medium,0.55,medium,2,,,,,,ablation,524037
E,E_00013,knife_pass,oracle_sfc,0,0,0,0,1,0,0.0,12,6,-1,medium,medium,0.55,medium,2,,,,,,ablation,524037
E,E_00013,knife_pass,semantic_only,1,0,1,0,1,0,0.0,12,6,-1,medium,medium,0.55,medium,2,,,,,,ablation,524037
E,E_00013,knife_pass,posthoc_single,0,0,0,0,1,0,0.04075822,12,6,-1,medium,medium,0.55,medium,2,,,,,,ablation,524037
E,E_00013,knife_pass,soft_penalty_fc,1,0,1,0,1,0,0.04075822,12,6,-1,medium,medium,0.55,medium,2,,,,,,ablation,524037
E,E_00013_obs,knife_pass,delete_noisy_roles,1,0,1,0,1,0,0.05225232,12,6,7,medium,medium,0.55,medium,2,,,,,,ablation,524037
E,E_00013_auditless,knife_pass,auditless_geometric,1,0,1,0,1,0,0.04075822,12,6,7,medium,medium,0.55,medium,2,,,,,,ablation,524037
E,E_00014,knife_pass,geometric_fc,1,0,1,0,1,0,0.03954064,12,6,-1,medium,medium,0.55,medium,2,,,,,,ablation,524038
E,E_00014,knife_pass,oracle_sfc,0,0,0,0,1,0,0.0,12,6,-1,medium,medium,0.55,medium,2,,,,,,ablation,524038
E,E_00014,knife_pass,semantic_only,1,0,1,0,1,0,0.0,12,6,-1,medium,medium,0.55,medium,2,,,,,,ablation,524038
E,E_00014,knife_pass,posthoc_single,0,0,0,0,1,0,0.03954064,12,6,-1,medium,medium,0.55,medium,2,,,,,,ablation,524038
E,E_00014,knife_pass,soft_penalty_fc,1,0,1,0,1,0,0.03954064,12,6,-1,medium,medium,0.55,medium,2,,,,,,ablation,524038
E,E_00014_obs,knife_pass,delete_noisy_roles,0,0,0,0,1,0,0.0,12,6,6,medium,medium,0.55,medium,2,,,,,,ablation,524038
E,E_00014_auditless,knife_pass,auditless_geometric,1,0,1,0,1,0,0.03954064,12,6,6,medium,medium,0.55,medium,2,,,,,,ablation,524038
E,E_00015,knife_pass,geometric_fc,1,0,1,0,1,0,0.03810275,12,6,-1,medium,medium,0.55,medium,2,,,,,,ablation,524039
E,E_00015,knife_pass,oracle_sfc,0,0,0,0,1,0,0.0,12,6,-1,medium,medium,0.55,medium,2,,,,,,ablation,524039
E,E_00015,knife_pass,semantic_only,1,0,1,0,1,0,0.0,12,6,-1,medium,medium,0.55,medium,2,,,,,,ablation,524039
E,E_00015,knife_pass,posthoc_single,0,0,0,0,1,0,0.03810275,12,6,-1,medium,medium,0.55,medium,2,,,,,,ablation,524039
E,E_00015,knife_pass,soft_penalty_fc,1,0,1,0,1,0,0.03810275,12,6,-1,medium,medium,0.55,medium,2,,,,,,ablation,524039
E,E_00015_obs,knife_pass,delete_noisy_roles,0,0,0,0,1,0,0.0,12,6,6,medium,medium,0.55,medium,2,,,,,,ablation,524039
E,E_00015_auditless,knife_pass,auditless_geometric,1,0,1,0,1,0,0.03810275,12,6,6,medium,medium,0.55,medium,2,,,,,,ablation,524039
E,E_00016,knife_pass,geometric_fc,1,0,1,0,1,0,0.04071897,12,6,-1,medium,medium,0.55,medium,2,,,,,,ablation,524040
E,E_00016,knife_pass,oracle_sfc,0,0,0,0,1,0,0.0,12,6,-1,medium,medium,0.55,medium,2,,,,,,ablation,524040
E,E_00016,knife_pass,semantic_only,1,0,1,0,1,0,0.0,12,6,-1,medium,medium,0.55,medium,2,,,,,,ablation,524040
E,E_00016,knife_pass,posthoc_single,0,0,0,0,1,0,0.04071897,12,6,-1,medium,medium,0.55,medium,2,,,,,,ablation,524040
E,E_00016,knife_pass,soft_penalty_fc,1,0,1,0,1,0,0.04071897,12,6,-1,medium,medium,0.55,medium,2,,,,,,ablation,524040
E,E_00016_obs,knife_pass,delete_noisy_roles,0,0,0,0,1,0,0.0,12,6,6,medium,medium,0.55,medium,2,,,,,,ablation,524040
E,E_00016_auditless,knife_pass,auditless_geometric,1,0,1,0,1,0,0.04071897,12,6,6,medium,medium,0.55,medium,2,,,,,,ablation,524040
E,E_00017,knife_pass,geometric_fc,1,0,1,0,1,0,0.03897979,12,6,-1,medium,medium,0.55,medium,2,,,,,,ablation,524041
E,E_00017,knife_pass,oracle_sfc,0,0,0,0,1,0,0.0,12,6,-1,medium,medium,0.55,medium,2,,,,,,ablation,524041
E,E_00017,knife_pass,semantic_only,1,0,1,0,1,0,0.0,12,6,-1,medium,medium,0.55,medium,2,,,,,,ablation,524041
E,E_00017,knife_pass,posthoc_single,0,0,0,0,1,0,0.03897979,12,6,-1,medium,medium,0.55,medium,2,,,,,,ablation,524041
E,E_00017,knife_pass,soft_penalty_fc,1,0,1,0,1,0,0.03897979,12,6,-1,medium,medium,0.55,medium,2,,,,,,ablation,524041
E,E_00017_obs,knife_pass,delete_noisy_roles,0,0,0,0,1,0,0.0,12,6,5,medium,medium,0.55,medium,2,,,,,,ablation,524041
E,E_00017_auditless,knife_pass,auditless_geometric,1,0,1,0,1,0,0.03897979,12,6,5,medium,medium,0.55,medium,2,,,,,,ablation,524041
E,E_00018,knife_pass,geometric_fc,1,0,1,0,1,0,0.03852354,12,6,-1,medium,medium,0.55,medium,2,,,,,,ablation,524042
E,E_00018,knife_pass,oracle_sfc,0,0,0,0,1,0,0.0,12,6,-1,medium,medium,0.55,medium,2,,,,,,ablation,524042
E,E_00018,knife_pass,semantic_only,1,0,1,0,1,0,0.0,12,6,-1,medium,medium,0.55,medium,2,,,,,,ablation,524042
E,E_00018,knife_pass,posthoc_single,0,0,0,0,1,0,0.03852354,12,6,-1,medium,medium,0.55,medium,2,,,,,,ablation,524042
E,E_00018,knife_pass,soft_penalty_fc,1,0,1,0,1,0,0.03852354,12,6,-1,medium,medium,0.55,medium,2,,,,,,ablation,524042
E,E_00018_obs,knife_pass,delete_noisy_roles,0,0,0,0,1,0,0.0,12,6,6,medium,medium,0.55,medium,2,,,,,,ablation,524042
E,E_00018_auditless,knife_pass,auditless_geometric,1,0,1,0,1,0,0.03852354,12,6,6,medium,medium,0.55,medium,2,,,,,,ablation,524042
E,E_00019,knife_pass,geometric_fc,1,0,1,0,1,0,0.03910267,12,6,-1,medium,medium,0.55,medium,2,,,,,,ablation,524043
E,E_00019,knife_pass,oracle_sfc,0,0,0,0,1,0,0.0,12,6,-1,medium,medium,0.55,medium,2,,,,,,ablation,524043
E,E_00019,knife_pass,semantic_only,1,0,1,0,1,0,0.0,12,6,-1,medium,medium,0.55,medium,2,,,,,,ablation,524043
E,E_00019,knife_pass,posthoc_single,0,0,0,0,1,0,0.03910267,12,6,-1,medium,medium,0.55,medium,2,,,,,,ablation,524043
E,E_00019,knife_pass,soft_penalty_fc,1,0,1,0,1,0,0.03910267,12,6,-1,medium,medium,0.55,medium,2,,,,,,ablation,524043
E,E_00019_obs,knife_pass,delete_noisy_roles,1,0,1,0,1,0,0.04016085,12,6,7,medium,medium,0.55,medium,2,,,,,,ablation,524043
E,E_00019_auditless,knife_pass,auditless_geometric,1,0,1,0,1,0,0.03910267,12,6,7,medium,medium,0.55,medium,2,,,,,,ablation,524043
E,E_00020,knife_pass,geometric_fc,1,0,1,0,1,0,0.03882621,12,6,-1,medium,medium,0.55,medium,2,,,,,,ablation,524044
E,E_00020,knife_pass,oracle_sfc,0,0,0,0,1,0,0.0,12,6,-1,medium,medium,0.55,medium,2,,,,,,ablation,524044
E,E_00020,knife_pass,semantic_only,1,0,1,0,1,0,0.0,12,6,-1,medium,medium,0.55,medium,2,,,,,,ablation,524044
E,E_00020,knife_pass,posthoc_single,0,0,0,0,1,0,0.03882621,12,6,-1,medium,medium,0.55,medium,2,,,,,,ablation,524044
E,E_00020,knife_pass,soft_penalty_fc,1,0,1,0,1,0,0.03882621,12,6,-1,medium,medium,0.55,medium,2,,,,,,ablation,524044
E,E_00020_obs,knife_pass,delete_noisy_roles,0,0,0,0,1,0,0.0,12,6,5,medium,medium,0.55,medium,2,,,,,,ablation,524044
E,E_00020_auditless,knife_pass,auditless_geometric,1,0,1,0,1,0,0.03882621,12,6,5,medium,medium,0.55,medium,2,,,,,,ablation,524044
E,E_00021,knife_pass,geometric_fc,1,0,1,0,1,0,0.03746248,12,6,-1,medium,medium,0.55,medium,2,,,,,,ablation,524045
E,E_00021,knife_pass,oracle_sfc,0,0,0,0,1,0,0.0,12,6,-1,medium,medium,0.55,medium,2,,,,,,ablation,524045
E,E_00021,knife_pass,semantic_only,1,0,1,0,1,0,0.0,12,6,-1,medium,medium,0.55,medium,2,,,,,,ablation,524045
E,E_00021,knife_pass,posthoc_single,0,0,0,0,1,0,0.03746248,12,6,-1,medium,medium,0.55,medium,2,,,,,,ablation,524045
E,E_00021,knife_pass,soft_penalty_fc,1,0,1,0,1,0,0.03746248,12,6,-1,medium,medium,0.55,medium,2,,,,,,ablation,524045
E,E_00021_obs,knife_pass,delete_noisy_roles,1,0,1,0,1,0,0.03739647,12,6,7,medium,medium,0.55,medium,2,,,,,,ablation,524045
E,E_00021_auditless,knife_pass,auditless_geometric,1,0,1,0,1,0,0.03746248,12,6,7,medium,medium,0.55,medium,2,,,,,,ablation,524045
E,E_00022,knife_pass,geometric_fc,1,0,1,0,1,0,0.04007415,12,6,-1,medium,medium,0.55,medium,2,,,,,,ablation,524046
E,E_00022,knife_pass,oracle_sfc,0,0,0,0,1,0,0.0,12,6,-1,medium,medium,0.55,medium,2,,,,,,ablation,524046
E,E_00022,knife_pass,semantic_only,1,0,1,0,1,0,0.0,12,6,-1,medium,medium,0.55,medium,2,,,,,,ablation,524046
E,E_00022,knife_pass,posthoc_single,0,0,0,0,1,0,0.04007415,12,6,-1,medium,medium,0.55,medium,2,,,,,,ablation,524046
E,E_00022,knife_pass,soft_penalty_fc,1,0,1,0,1,0,0.04007415,12,6,-1,medium,medium,0.55,medium,2,,,,,,ablation,524046
E,E_00022_obs,knife_pass,delete_noisy_roles,1,0,1,0,1,0,0.0352896,12,6,7,medium,medium,0.55,medium,2,,,,,,ablation,524046
E,E_00022_auditless,knife_pass,auditless_geometric,1,0,1,0,1,0,0.04007415,12,6,7,medium,medium,0.55,medium,2,,,,,,ablation,524046
E,E_00023,knife_pass,geometric_fc,1,0,1,0,1,0,0.03966025,12,6,-1,medium,medium,0.55,medium,2,,,,,,ablation,524047
E,E_00023,knife_pass,oracle_sfc,0,0,0,0,1,0,0.0,12,6,-1,medium,medium,0.55,medium,2,,,,,,ablation,524047
E,E_00023,knife_pass,semantic_only,1,0,1,0,1,0,0.0,12,6,-1,medium,medium,0.55,medium,2,,,,,,ablation,524047
E,E_00023,knife_pass,posthoc_single,0,0,0,0,1,0,0.03966025,12,6,-1,medium,medium,0.55,medium,2,,,,,,ablation,524047
E,E_00023,knife_pass,soft_penalty_fc,1,0,1,0,1,0,0.03966025,12,6,-1,medium,medium,0.55,medium,2,,,,,,ablation,524047
E,E_00023_obs,knife_pass,delete_noisy_roles,0,0,0,0,1,0,0.0,12,6,6,medium,medium,0.55,medium,2,,,,,,ablation,524047
E,E_00023_auditless,knife_pass,auditless_geometric,1,0,1,0,1,0,0.03966025,12,6,6,medium,medium,0.55,medium,2,,,,,,ablation,524047
E,E_00024,knife_pass,geometric_fc,1,0,1,0,1,0,0.03808339,12,6,-1,medium,medium,0.55,medium,2,,,,,,ablation,524048
E,E_00024,knife_pass,oracle_sfc,0,0,0,0,1,0,0.0,12,6,-1,medium,medium,0.55,medium,2,,,,,,ablation,524048
E,E_00024,knife_pass,semantic_only,1,0,1,0,1,0,0.0,12,6,-1,medium,medium,0.55,medium,2,,,,,,ablation,524048
E,E_00024,knife_pass,posthoc_single,0,0,0,0,1,0,0.03808339,12,6,-1,medium,medium,0.55,medium,2,,,,,,ablation,524048
E,E_00024,knife_pass,soft_penalty_fc,1,0,1,0,1,0,0.03808339,12,6,-1,medium,medium,0.55,medium,2,,,,,,ablation,524048
E,E_00024_obs,knife_pass,delete_noisy_roles,0,0,0,0,1,0,0.0,12,6,5,medium,medium,0.55,medium,2,,,,,,ablation,524048
E,E_00024_auditless,knife_pass,auditless_geometric,1,0,1,0,1,0,0.03808339,12,6,5,medium,medium,0.55,medium,2,,,,,,ablation,524048
E,E_00025,knife_pass,geometric_fc,1,0,1,0,1,0,0.03841602,12,6,-1,medium,medium,0.85,medium,2,,,,,,ablation,524049
E,E_00025,knife_pass,oracle_sfc,0,0,0,0,1,0,0.0,12,6,-1,medium,medium,0.85,medium,2,,,,,,ablation,524049
E,E_00025,knife_pass,semantic_only,1,0,1,0,1,0,0.0,12,6,-1,medium,medium,0.85,medium,2,,,,,,ablation,524049
E,E_00025,knife_pass,posthoc_single,0,0,0,0,1,0,0.03841602,12,6,-1,medium,medium,0.85,medium,2,,,,,,ablation,524049
E,E_00025,knife_pass,soft_penalty_fc,1,0,1,0,1,0,0.03841602,12,6,-1,medium,medium,0.85,medium,2,,,,,,ablation,524049
E,E_00025_obs,knife_pass,delete_noisy_roles,0,0,0,0,1,0,0.0,12,6,4,medium,medium,0.85,medium,2,,,,,,ablation,524049
E,E_00025_auditless,knife_pass,auditless_geometric,1,0,1,0,1,0,0.03841602,12,6,4,medium,medium,0.85,medium,2,,,,,,ablation,524049
E,E_00026,knife_pass,geometric_fc,1,0,1,0,1,0,0.03921178,12,6,-1,medium,medium,0.85,medium,2,,,,,,ablation,524050
E,E_00026,knife_pass,oracle_sfc,0,0,0,0,1,0,0.0,12,6,-1,medium,medium,0.85,medium,2,,,,,,ablation,524050
E,E_00026,knife_pass,semantic_only,1,0,1,0,1,0,0.0,12,6,-1,medium,medium,0.85,medium,2,,,,,,ablation,524050
E,E_00026,knife_pass,posthoc_single,0,0,0,0,1,0,0.03921178,12,6,-1,medium,medium,0.85,medium,2,,,,,,ablation,524050
E,E_00026,knife_pass,soft_penalty_fc,1,0,1,0,1,0,0.03921178,12,6,-1,medium,medium,0.85,medium,2,,,,,,ablation,524050
E,E_00026_obs,knife_pass,delete_noisy_roles,1,0,1,0,1,0,0.04321579,12,6,7,medium,medium,0.85,medium,2,,,,,,ablation,524050
E,E_00026_auditless,knife_pass,auditless_geometric,1,0,1,0,1,0,0.03921178,12,6,7,medium,medium,0.85,medium,2,,,,,,ablation,524050
E,E_00027,knife_pass,geometric_fc,1,0,1,0,1,0,0.03718143,12,6,-1,medium,medium,0.85,medium,2,,,,,,ablation,524051
E,E_00027,knife_pass,oracle_sfc,0,0,0,0,1,0,0.0,12,6,-1,medium,medium,0.85,medium,2,,,,,,ablation,524051
E,E_00027,knife_pass,semantic_only,1,0,1,0,1,0,0.0,12,6,-1,medium,medium,0.85,medium,2,,,,,,ablation,524051
E,E_00027,knife_pass,posthoc_single,0,0,0,0,1,0,0.03718143,12,6,-1,medium,medium,0.85,medium,2,,,,,,ablation,524051
E,E_00027,knife_pass,soft_penalty_fc,1,0,1,0,1,0,0.03718143,12,6,-1,medium,medium,0.85,medium,2,,,,,,ablation,524051
E,E_00027_obs,knife_pass,delete_noisy_roles,0,0,0,0,1,0,0.0,12,6,6,medium,medium,0.85,medium,2,,,,,,ablation,524051
E,E_00027_auditless,knife_pass,auditless_geometric,1,0,1,0,1,0,0.03718143,12,6,6,medium,medium,0.85,medium,2,,,,,,ablation,524051
E,E_00028,knife_pass,geometric_fc,1,0,1,0,1,0,0.03916349,12,6,-1,medium,medium,0.85,medium,2,,,,,,ablation,524052
E,E_00028,knife_pass,oracle_sfc,0,0,0,0,1,0,0.0,12,6,-1,medium,medium,0.85,medium,2,,,,,,ablation,524052
E,E_00028,knife_pass,semantic_only,1,0,1,0,1,0,0.0,12,6,-1,medium,medium,0.85,medium,2,,,,,,ablation,524052
E,E_00028,knife_pass,posthoc_single,0,0,0,0,1,0,0.03916349,12,6,-1,medium,medium,0.85,medium,2,,,,,,ablation,524052
E,E_00028,knife_pass,soft_penalty_fc,1,0,1,0,1,0,0.03916349,12,6,-1,medium,medium,0.85,medium,2,,,,,,ablation,524052
E,E_00028_obs,knife_pass,delete_noisy_roles,0,0,0,0,1,0,0.0,12,6,6,medium,medium,0.85,medium,2,,,,,,ablation,524052
E,E_00028_auditless,knife_pass,auditless_geometric,1,0,1,0,1,0,0.03916349,12,6,6,medium,medium,0.85,medium,2,,,,,,ablation,524052
E,E_00029,knife_pass,geometric_fc,1,0,1,0,1,0,0.03924354,12,6,-1,medium,medium,0.85,medium,2,,,,,,ablation,524053
E,E_00029,knife_pass,oracle_sfc,0,0,0,0,1,0,0.0,12,6,-1,medium,medium,0.85,medium,2,,,,,,ablation,524053
E,E_00029,knife_pass,semantic_only,1,0,1,0,1,0,0.0,12,6,-1,medium,medium,0.85,medium,2,,,,,,ablation,524053
E,E_00029,knife_pass,posthoc_single,0,0,0,0,1,0,0.03924354,12,6,-1,medium,medium,0.85,medium,2,,,,,,ablation,524053
E,E_00029,knife_pass,soft_penalty_fc,1,0,1,0,1,0,0.03924354,12,6,-1,medium,medium,0.85,medium,2,,,,,,ablation,524053
E,E_00029_obs,knife_pass,delete_noisy_roles,0,0,0,0,1,0,0.0,12,6,6,medium,medium,0.85,medium,2,,,,,,ablation,524053
E,E_00029_auditless,knife_pass,auditless_geometric,1,0,1,0,1,0,0.03924354,12,6,6,medium,medium,0.85,medium,2,,,,,,ablation,524053
E,E_00030,knife_pass,geometric_fc,1,0,1,0,1,0,0.03890611,12,6,-1,medium,medium,0.85,medium,2,,,,,,ablation,524054
E,E_00030,knife_pass,oracle_sfc,0,0,0,0,1,0,0.0,12,6,-1,medium,medium,0.85,medium,2,,,,,,ablation,524054
E,E_00030,knife_pass,semantic_only,1,0,1,0,1,0,0.0,12,6,-1,medium,medium,0.85,medium,2,,,,,,ablation,524054
E,E_00030,knife_pass,posthoc_single,0,0,0,0,1,0,0.03890611,12,6,-1,medium,medium,0.85,medium,2,,,,,,ablation,524054
E,E_00030,knife_pass,soft_penalty_fc,1,0,1,0,1,0,0.03890611,12,6,-1,medium,medium,0.85,medium,2,,,,,,ablation,524054
E,E_00030_obs,knife_pass,delete_noisy_roles,0,0,0,0,1,0,0.0,12,6,5,medium,medium,0.85,medium,2,,,,,,ablation,524054
E,E_00030_auditless,knife_pass,auditless_geometric,1,0,1,0,1,0,0.03890611,12,6,5,medium,medium,0.85,medium,2,,,,,,ablation,524054
E,E_00031,knife_pass,geometric_fc,1,0,1,0,1,0,0.03897745,12,6,-1,medium,medium,0.85,medium,2,,,,,,ablation,524055
E,E_00031,knife_pass,oracle_sfc,0,0,0,0,1,0,0.0,12,6,-1,medium,medium,0.85,medium,2,,,,,,ablation,524055
E,E_00031,knife_pass,semantic_only,1,0,1,0,1,0,0.0,12,6,-1,medium,medium,0.85,medium,2,,,,,,ablation,524055
E,E_00031,knife_pass,posthoc_single,0,0,0,0,1,0,0.03897745,12,6,-1,medium,medium,0.85,medium,2,,,,,,ablation,524055
E,E_00031,knife_pass,soft_penalty_fc,1,0,1,0,1,0,0.03897745,12,6,-1,medium,medium,0.85,medium,2,,,,,,ablation,524055
E,E_00031_obs,knife_pass,delete_noisy_roles,1,0,1,0,1,0,0.04483901,12,6,6,medium,medium,0.85,medium,2,,,,,,ablation,524055
E,E_00031_auditless,knife_pass,auditless_geometric,1,0,1,0,1,0,0.03897745,12,6,6,medium,medium,0.85,medium,2,,,,,,ablation,524055
E,E_00032,knife_pass,geometric_fc,1,0,1,0,1,0,0.03686951,12,6,-1,medium,medium,0.85,medium,2,,,,,,ablation,524056
E,E_00032,knife_pass,oracle_sfc,0,0,0,0,1,0,0.0,12,6,-1,medium,medium,0.85,medium,2,,,,,,ablation,524056
E,E_00032,knife_pass,semantic_only,1,0,1,0,1,0,0.0,12,6,-1,medium,medium,0.85,medium,2,,,,,,ablation,524056
E,E_00032,knife_pass,posthoc_single,0,0,0,0,1,0,0.03686951,12,6,-1,medium,medium,0.85,medium,2,,,,,,ablation,524056
E,E_00032,knife_pass,soft_penalty_fc,1,0,1,0,1,0,0.03686951,12,6,-1,medium,medium,0.85,medium,2,,,,,,ablation,524056
E,E_00032_obs,knife_pass,delete_noisy_roles,0,0,0,0,1,0,0.0,12,6,5,medium,medium,0.85,medium,2,,,,,,ablation,524056
E,E_00032_auditless,knife_pass,auditless_geometric,1,0,1,0,1,0,0.03686951,12,6,5,medium,medium,0.85,medium,2,,,,,,ablation,524056
E,E_00033,knife_pass,geometric_fc,1,0,1,0,1,0,0.03811899,12,6,-1,medium,medium,0.85,medium,2,,,,,,ablation,524057
E,E_00033,knife_pass,oracle_sfc,0,0,0,0,1,0,0.0,12,6,-1,medium,medium,0.85,medium,2,,,,,,ablation,524057
E,E_00033,knife_pass,semantic_only,1,0,1,0,1,0,0.0,12,6,-1,medium,medium,0.85,medium,2,,,,,,ablation,524057
E,E_00033,knife_pass,posthoc_single,0,0,0,0,1,0,0.03811899,12,6,-1,medium,medium,0.85,medium,2,,,,,,ablation,524057
E,E_00033,knife_pass,soft_penalty_fc,1,0,1,0,1,0,0.03811899,12,6,-1,medium,medium,0.85,medium,2,,,,,,ablation,524057
E,E_00033_obs,knife_pass,delete_noisy_roles,0,0,0,0,1,0,0.0,12,6,5,medium,medium,0.85,medium,2,,,,,,ablation,524057
E,E_00033_auditless,knife_pass,auditless_geometric,1,0,1,0,1,0,0.03811899,12,6,5,medium,medium,0.85,medium,2,,,,,,ablation,524057
E,E_00034,knife_pass,geometric_fc,1,0,1,0,1,0,0.03908737,12,6,-1,medium,medium,0.85,medium,2,,,,,,ablation,524058
E,E_00034,knife_pass,oracle_sfc,0,0,0,0,1,0,0.0,12,6,-1,medium,medium,0.85,medium,2,,,,,,ablation,524058
E,E_00034,knife_pass,semantic_only,1,0,1,0,1,0,0.0,12,6,-1,medium,medium,0.85,medium,2,,,,,,ablation,524058
E,E_00034,knife_pass,posthoc_single,0,0,0,0,1,0,0.03908737,12,6,-1,medium,medium,0.85,medium,2,,,,,,ablation,524058
E,E_00034,knife_pass,soft_penalty_fc,1,0,1,0,1,0,0.03908737,12,6,-1,medium,medium,0.85,medium,2,,,,,,ablation,524058
E,E_00034_obs,knife_pass,delete_noisy_roles,1,0,1,0,1,0,0.03042449,12,6,7,medium,medium,0.85,medium,2,,,,,,ablation,524058
E,E_00034_auditless,knife_pass,auditless_geometric,1,0,1,0,1,0,0.03908737,12,6,7,medium,medium,0.85,medium,2,,,,,,ablation,524058
E,E_00035,knife_pass,geometric_fc,1,0,1,0,1,0,0.03795286,12,6,-1,medium,medium,0.85,medium,2,,,,,,ablation,524059
E,E_00035,knife_pass,oracle_sfc,0,0,0,0,1,0,0.0,12,6,-1,medium,medium,0.85,medium,2,,,,,,ablation,524059
E,E_00035,knife_pass,semantic_only,1,0,1,0,1,0,0.0,12,6,-1,medium,medium,0.85,medium,2,,,,,,ablation,524059
E,E_00035,knife_pass,posthoc_single,0,0,0,0,1,0,0.03795286,12,6,-1,medium,medium,0.85,medium,2,,,,,,ablation,524059
E,E_00035,knife_pass,soft_penalty_fc,1,0,1,0,1,0,0.03795286,12,6,-1,medium,medium,0.85,medium,2,,,,,,ablation,524059
E,E_00035_obs,knife_pass,delete_noisy_roles,0,0,0,0,1,0,0.0,12,6,6,medium,medium,0.85,medium,2,,,,,,ablation,524059
E,E_00035_auditless,knife_pass,auditless_geometric,1,0,1,0,1,0,0.03795286,12,6,6,medium,medium,0.85,medium,2,,,,,,ablation,524059
E,E_00036,knife_pass,geometric_fc,1,0,1,0,1,0,0.03884805,12,6,-1,medium,medium,0.85,medium,2,,,,,,ablation,524060
E,E_00036,knife_pass,oracle_sfc,0,0,0,0,1,0,0.0,12,6,-1,medium,medium,0.85,medium,2,,,,,,ablation,524060
E,E_00036,knife_pass,semantic_only,1,0,1,0,1,0,0.0,12,6,-1,medium,medium,0.85,medium,2,,,,,,ablation,524060
E,E_00036,knife_pass,posthoc_single,0,0,0,0,1,0,0.03884805,12,6,-1,medium,medium,0.85,medium,2,,,,,,ablation,524060
E,E_00036,knife_pass,soft_penalty_fc,1,0,1,0,1,0,0.03884805,12,6,-1,medium,medium,0.85,medium,2,,,,,,ablation,524060
E,E_00036_obs,knife_pass,delete_noisy_roles,0,0,0,0,1,0,0.0,12,6,6,medium,medium,0.85,medium,2,,,,,,ablation,524060
E,E_00036_auditless,knife_pass,auditless_geometric,1,0,1,0,1,0,0.03884805,12,6,6,medium,medium,0.85,medium,2,,,,,,ablation,524060
E,E_00037,mug_serve,geometric_fc,1,0,1,1,1,1,0.03774302,12,8,-1,medium,medium,0.25,medium,2,,,,,,ablation,524061
E,E_00037,mug_serve,oracle_sfc,1,1,0,0,1,1,0.04523441,12,8,-1,medium,medium,0.25,medium,2,,,,,,ablation,524061
E,E_00037,mug_serve,semantic_only,1,1,0,0,1,1,0.0,12,8,-1,medium,medium,0.25,medium,2,,,,,,ablation,524061
E,E_00037,mug_serve,posthoc_single,0,0,0,1,1,1,0.03774302,12,8,-1,medium,medium,0.25,medium,2,,,,,,ablation,524061
E,E_00037,mug_serve,soft_penalty_fc,1,0,1,1,1,1,0.03774302,12,8,-1,medium,medium,0.25,medium,2,,,,,,ablation,524061
E,E_00037_obs,mug_serve,delete_noisy_roles,1,0,1,1,1,1,0.04671064,12,8,9,medium,medium,0.25,medium,2,,,,,,ablation,524061
E,E_00037_auditless,mug_serve,auditless_geometric,1,0,1,1,1,1,0.03774302,12,8,9,medium,medium,0.25,medium,2,,,,,,ablation,524061
E,E_00038,mug_serve,geometric_fc,1,0,1,1,1,1,0.03631132,12,8,-1,medium,medium,0.25,medium,2,,,,,,ablation,524062
E,E_00038,mug_serve,oracle_sfc,1,1,0,0,1,1,0.04811709,12,8,-1,medium,medium,0.25,medium,2,,,,,,ablation,524062
E,E_00038,mug_serve,semantic_only,1,1,0,0,1,1,0.0,12,8,-1,medium,medium,0.25,medium,2,,,,,,ablation,524062
E,E_00038,mug_serve,posthoc_single,0,0,0,1,1,1,0.03631132,12,8,-1,medium,medium,0.25,medium,2,,,,,,ablation,524062
E,E_00038,mug_serve,soft_penalty_fc,1,0,1,1,1,1,0.03631132,12,8,-1,medium,medium,0.25,medium,2,,,,,,ablation,524062
E,E_00038_obs,mug_serve,delete_noisy_roles,1,1,0,0,1,1,0.04811709,12,8,8,medium,medium,0.25,medium,2,,,,,,ablation,524062
E,E_00038_auditless,mug_serve,auditless_geometric,1,0,1,1,1,1,0.03631132,12,8,8,medium,medium,0.25,medium,2,,,,,,ablation,524062
E,E_00039,mug_serve,geometric_fc,1,0,1,1,1,1,0.03632605,12,8,-1,medium,medium,0.25,medium,2,,,,,,ablation,524063
E,E_00039,mug_serve,oracle_sfc,1,1,0,0,1,1,0.04799999,12,8,-1,medium,medium,0.25,medium,2,,,,,,ablation,524063
E,E_00039,mug_serve,semantic_only,1,1,0,0,1,1,0.0,12,8,-1,medium,medium,0.25,medium,2,,,,,,ablation,524063
E,E_00039,mug_serve,posthoc_single,0,0,0,1,1,1,0.03632605,12,8,-1,medium,medium,0.25,medium,2,,,,,,ablation,524063
E,E_00039,mug_serve,soft_penalty_fc,1,0,1,1,1,1,0.03632605,12,8,-1,medium,medium,0.25,medium,2,,,,,,ablation,524063
E,E_00039_obs,mug_serve,delete_noisy_roles,1,1,0,0,1,1,0.04799999,12,8,8,medium,medium,0.25,medium,2,,,,,,ablation,524063
E,E_00039_auditless,mug_serve,auditless_geometric,1,0,1,1,1,1,0.03632605,12,8,8,medium,medium,0.25,medium,2,,,,,,ablation,524063
E,E_00040,mug_serve,geometric_fc,1,0,1,1,1,1,0.03534195,12,8,-1,medium,medium,0.25,medium,2,,,,,,ablation,524064
E,E_00040,mug_serve,oracle_sfc,1,1,0,0,1,1,0.05007113,12,8,-1,medium,medium,0.25,medium,2,,,,,,ablation,524064
E,E_00040,mug_serve,semantic_only,1,1,0,0,1,1,0.0,12,8,-1,medium,medium,0.25,medium,2,,,,,,ablation,524064
E,E_00040,mug_serve,posthoc_single,0,0,0,1,1,1,0.03534195,12,8,-1,medium,medium,0.25,medium,2,,,,,,ablation,524064
E,E_00040,mug_serve,soft_penalty_fc,1,0,1,1,1,1,0.03534195,12,8,-1,medium,medium,0.25,medium,2,,,,,,ablation,524064
E,E_00040_obs,mug_serve,delete_noisy_roles,1,1,0,0,1,1,0.05868699,12,8,6,medium,medium,0.25,medium,2,,,,,,ablation,524064
E,E_00040_auditless,mug_serve,auditless_geometric,1,0,1,1,1,1,0.03534195,12,8,6,medium,medium,0.25,medium,2,,,,,,ablation,524064
E,E_00041,mug_serve,geometric_fc,1,0,1,1,1,1,0.03961237,12,8,-1,medium,medium,0.25,medium,2,,,,,,ablation,524065
E,E_00041,mug_serve,oracle_sfc,1,1,0,0,1,1,0.0397592,12,8,-1,medium,medium,0.25,medium,2,,,,,,ablation,524065
E,E_00041,mug_serve,semantic_only,1,1,0,0,1,1,0.0,12,8,-1,medium,medium,0.25,medium,2,,,,,,ablation,524065
E,E_00041,mug_serve,posthoc_single,0,0,0,1,1,1,0.03961237,12,8,-1,medium,medium,0.25,medium,2,,,,,,ablation,524065
E,E_00041,mug_serve,soft_penalty_fc,1,0,1,1,1,1,0.03961237,12,8,-1,medium,medium,0.25,medium,2,,,,,,ablation,524065
E,E_00041_obs,mug_serve,delete_noisy_roles,1,0,1,1,1,1,0.05140874,12,8,8,medium,medium,0.25,medium,2,,,,,,ablation,524065
E,E_00041_auditless,mug_serve,auditless_geometric,1,0,1,1,1,1,0.03961237,12,8,8,medium,medium,0.25,medium,2,,,,,,ablation,524065
E,E_00042,mug_serve,geometric_fc,1,0,1,1,1,1,0.03640452,12,8,-1,medium,medium,0.25,medium,2,,,,,,ablation,524066
E,E_00042,mug_serve,oracle_sfc,1,1,0,0,1,1,0.04863922,12,8,-1,medium,medium,0.25,medium,2,,,,,,ablation,524066
E,E_00042,mug_serve,semantic_only,1,1,0,0,1,1,0.0,12,8,-1,medium,medium,0.25,medium,2,,,,,,ablation,524066
E,E_00042,mug_serve,posthoc_single,0,0,0,1,1,1,0.03640452,12,8,-1,medium,medium,0.25,medium,2,,,,,,ablation,524066
E,E_00042,mug_serve,soft_penalty_fc,1,0,1,1,1,1,0.03640452,12,8,-1,medium,medium,0.25,medium,2,,,,,,ablation,524066
E,E_00042_obs,mug_serve,delete_noisy_roles,1,0,1,1,1,1,0.05025373,12,8,9,medium,medium,0.25,medium,2,,,,,,ablation,524066
E,E_00042_auditless,mug_serve,auditless_geometric,1,0,1,1,1,1,0.03640452,12,8,9,medium,medium,0.25,medium,2,,,,,,ablation,524066
E,E_00043,mug_serve,geometric_fc,1,0,1,1,1,1,0.03855109,12,8,-1,medium,medium,0.25,medium,2,,,,,,ablation,524067
E,E_00043,mug_serve,oracle_sfc,1,1,0,0,1,1,0.04018759,12,8,-1,medium,medium,0.25,medium,2,,,,,,ablation,524067
E,E_00043,mug_serve,semantic_only,1,1,0,0,1,1,0.0,12,8,-1,medium,medium,0.25,medium,2,,,,,,ablation,524067
E,E_00043,mug_serve,posthoc_single,0,0,0,1,1,1,0.03855109,12,8,-1,medium,medium,0.25,medium,2,,,,,,ablation,524067
E,E_00043,mug_serve,soft_penalty_fc,1,0,1,1,1,1,0.03855109,12,8,-1,medium,medium,0.25,medium,2,,,,,,ablation,524067
E,E_00043_obs,mug_serve,delete_noisy_roles,1,0,1,1,1,1,0.04521017,12,8,9,medium,medium,0.25,medium,2,,,,,,ablation,524067
E,E_00043_auditless,mug_serve,auditless_geometric,1,0,1,1,1,1,0.03855109,12,8,9,medium,medium,0.25,medium,2,,,,,,ablation,524067
E,E_00044,mug_serve,geometric_fc,1,0,1,1,1,1,0.03463838,12,8,-1,medium,medium,0.25,medium,2,,,,,,ablation,524068
E,E_00044,mug_serve,oracle_sfc,1,1,0,0,1,1,0.05170919,12,8,-1,medium,medium,0.25,medium,2,,,,,,ablation,524068
E,E_00044,mug_serve,semantic_only,1,1,0,0,1,1,0.0,12,8,-1,medium,medium,0.25,medium,2,,,,,,ablation,524068
E,E_00044,mug_serve,posthoc_single,0,0,0,1,1,1,0.03463838,12,8,-1,medium,medium,0.25,medium,2,,,,,,ablation,524068
E,E_00044,mug_serve,soft_penalty_fc,1,0,1,1,1,1,0.03463838,12,8,-1,medium,medium,0.25,medium,2,,,,,,ablation,524068
E,E_00044_obs,mug_serve,delete_noisy_roles,1,0,1,1,1,1,0.05345627,12,8,9,medium,medium,0.25,medium,2,,,,,,ablation,524068
E,E_00044_auditless,mug_serve,auditless_geometric,1,0,1,1,1,1,0.03463838,12,8,9,medium,medium,0.25,medium,2,,,,,,ablation,524068
E,E_00045,mug_serve,geometric_fc,1,0,1,1,1,1,0.03256629,12,8,-1,medium,medium,0.25,medium,2,,,,,,ablation,524069
E,E_00045,mug_serve,oracle_sfc,1,1,0,0,1,1,0.05981854,12,8,-1,medium,medium,0.25,medium,2,,,,,,ablation,524069
E,E_00045,mug_serve,semantic_only,1,1,0,0,1,1,0.0,12,8,-1,medium,medium,0.25,medium,2,,,,,,ablation,524069
E,E_00045,mug_serve,posthoc_single,0,0,0,1,1,1,0.03256629,12,8,-1,medium,medium,0.25,medium,2,,,,,,ablation,524069
E,E_00045,mug_serve,soft_penalty_fc,1,0,1,1,1,1,0.03256629,12,8,-1,medium,medium,0.25,medium,2,,,,,,ablation,524069
E,E_00045_obs,mug_serve,delete_noisy_roles,1,1,0,0,1,1,0.05981854,12,8,8,medium,medium,0.25,medium,2,,,,,,ablation,524069
E,E_00045_auditless,mug_serve,auditless_geometric,1,0,1,1,1,1,0.03256629,12,8,8,medium,medium,0.25,medium,2,,,,,,ablation,524069
E,E_00046,mug_serve,geometric_fc,1,0,1,1,1,1,0.03765359,12,8,-1,medium,medium,0.25,medium,2,,,,,,ablation,524070
E,E_00046,mug_serve,oracle_sfc,1,1,0,0,1,1,0.04336804,12,8,-1,medium,medium,0.25,medium,2,,,,,,ablation,524070
E,E_00046,mug_serve,semantic_only,1,1,0,0,1,1,0.0,12,8,-1,medium,medium,0.25,medium,2,,,,,,ablation,524070
E,E_00046,mug_serve,posthoc_single,0,0,0,1,1,1,0.03765359,12,8,-1,medium,medium,0.25,medium,2,,,,,,ablation,524070
E,E_00046,mug_serve,soft_penalty_fc,1,0,1,1,1,1,0.03765359,12,8,-1,medium,medium,0.25,medium,2,,,,,,ablation,524070
E,E_00046_obs,mug_serve,delete_noisy_roles,1,0,1,1,1,1,0.05056823,12,8,9,medium,medium,0.25,medium,2,,,,,,ablation,524070
E,E_00046_auditless,mug_serve,auditless_geometric,1,0,1,1,1,1,0.03765359,12,8,9,medium,medium,0.25,medium,2,,,,,,ablation,524070
E,E_00047,mug_serve,geometric_fc,1,0,1,1,1,1,0.03498026,12,8,-1,medium,medium,0.25,medium,2,,,,,,ablation,524071
E,E_00047,mug_serve,oracle_sfc,1,1,0,0,1,1,0.05069314,12,8,-1,medium,medium,0.25,medium,2,,,,,,ablation,524071
E,E_00047,mug_serve,semantic_only,1,1,0,0,1,1,0.0,12,8,-1,medium,medium,0.25,medium,2,,,,,,ablation,524071
E,E_00047,mug_serve,posthoc_single,0,0,0,1,1,1,0.03498026,12,8,-1,medium,medium,0.25,medium,2,,,,,,ablation,524071
E,E_00047,mug_serve,soft_penalty_fc,1,0,1,1,1,1,0.03498026,12,8,-1,medium,medium,0.25,medium,2,,,,,,ablation,524071
E,E_00047_obs,mug_serve,delete_noisy_roles,1,0,1,1,1,1,0.05257663,12,8,8,medium,medium,0.25,medium,2,,,,,,ablation,524071
E,E_00047_auditless,mug_serve,auditless_geometric,1,0,1,1,1,1,0.03498026,12,8,8,medium,medium,0.25,medium,2,,,,,,ablation,524071
E,E_00048,mug_serve,geometric_fc,1,0,1,1,1,1,0.03998731,12,8,-1,medium,medium,0.25,medium,2,,,,,,ablation,524072
E,E_00048,mug_serve,oracle_sfc,1,1,0,0,1,1,0.03310846,12,8,-1,medium,medium,0.25,medium,2,,,,,,ablation,524072
E,E_00048,mug_serve,semantic_only,1,1,0,0,1,1,0.0,12,8,-1,medium,medium,0.25,medium,2,,,,,,ablation,524072
E,E_00048,mug_serve,posthoc_single,0,0,0,1,1,1,0.03998731,12,8,-1,medium,medium,0.25,medium,2,,,,,,ablation,524072
E,E_00048,mug_serve,soft_penalty_fc,1,0,1,1,1,1,0.03998731,12,8,-1,medium,medium,0.25,medium,2,,,,,,ablation,524072
E,E_00048_obs,mug_serve,delete_noisy_roles,1,1,0,0,1,1,0.04089572,12,8,7,medium,medium,0.25,medium,2,,,,,,ablation,524072
E,E_00048_auditless,mug_serve,auditless_geometric,1,0,1,1,1,1,0.03998731,12,8,7,medium,medium,0.25,medium,2,,,,,,ablation,524072
E,E_00049,mug_serve,geometric_fc,1,0,1,1,1,1,0.03579436,12,8,-1,medium,medium,0.55,medium,2,,,,,,ablation,524073
E,E_00049,mug_serve,oracle_sfc,1,1,0,0,1,1,0.04874693,12,8,-1,medium,medium,0.55,medium,2,,,,,,ablation,524073
E,E_00049,mug_serve,semantic_only,1,1,0,0,1,1,0.0,12,8,-1,medium,medium,0.55,medium,2,,,,,,ablation,524073
E,E_00049,mug_serve,posthoc_single,0,0,0,1,1,1,0.03579436,12,8,-1,medium,medium,0.55,medium,2,,,,,,ablation,524073
E,E_00049,mug_serve,soft_penalty_fc,1,0,1,1,1,1,0.03579436,12,8,-1,medium,medium,0.55,medium,2,,,,,,ablation,524073
E,E_00049_obs,mug_serve,delete_noisy_roles,1,1,0,0,1,1,0.04813184,12,8,7,medium,medium,0.55,medium,2,,,,,,ablation,524073
E,E_00049_auditless,mug_serve,auditless_geometric,1,0,1,1,1,1,0.03579436,12,8,7,medium,medium,0.55,medium,2,,,,,,ablation,524073
E,E_00050,mug_serve,geometric_fc,1,0,1,1,1,1,0.03812476,12,8,-1,medium,medium,0.55,medium,2,,,,,,ablation,524074
E,E_00050,mug_serve,oracle_sfc,1,1,0,0,1,1,0.04322049,12,8,-1,medium,medium,0.55,medium,2,,,,,,ablation,524074
E,E_00050,mug_serve,semantic_only,1,1,0,0,1,1,0.0,12,8,-1,medium,medium,0.55,medium,2,,,,,,ablation,524074
E,E_00050,mug_serve,posthoc_single,0,0,0,1,1,1,0.03812476,12,8,-1,medium,medium,0.55,medium,2,,,,,,ablation,524074
E,E_00050,mug_serve,soft_penalty_fc,1,0,1,1,1,1,0.03812476,12,8,-1,medium,medium,0.55,medium,2,,,,,,ablation,524074
E,E_00050_obs,mug_serve,delete_noisy_roles,1,1,0,0,1,1,0.04519096,12,8,7,medium,medium,0.55,medium,2,,,,,,ablation,524074
E,E_00050_auditless,mug_serve,auditless_geometric,1,0,1,1,1,1,0.03812476,12,8,7,medium,medium,0.55,medium,2,,,,,,ablation,524074
E,E_00051,mug_serve,geometric_fc,1,0,1,1,1,1,0.03559707,12,8,-1,medium,medium,0.55,medium,2,,,,,,ablation,524075
E,E_00051,mug_serve,oracle_sfc,1,1,0,0,1,1,0.04816439,12,8,-1,medium,medium,0.55,medium,2,,,,,,ablation,524075
E,E_00051,mug_serve,semantic_only,1,1,0,0,1,1,0.0,12,8,-1,medium,medium,0.55,medium,2,,,,,,ablation,524075
E,E_00051,mug_serve,posthoc_single,0,0,0,1,1,1,0.03559707,12,8,-1,medium,medium,0.55,medium,2,,,,,,ablation,524075
E,E_00051,mug_serve,soft_penalty_fc,1,0,1,1,1,1,0.03559707,12,8,-1,medium,medium,0.55,medium,2,,,,,,ablation,524075
E,E_00051_obs,mug_serve,delete_noisy_roles,1,1,0,0,1,1,0.04816439,12,8,8,medium,medium,0.55,medium,2,,,,,,ablation,524075
E,E_00051_auditless,mug_serve,auditless_geometric,1,0,1,1,1,1,0.03559707,12,8,8,medium,medium,0.55,medium,2,,,,,,ablation,524075
E,E_00052,mug_serve,geometric_fc,1,0,1,1,1,1,0.03566066,12,8,-1,medium,medium,0.55,medium,2,,,,,,ablation,524076
E,E_00052,mug_serve,oracle_sfc,1,1,0,0,1,1,0.05161074,12,8,-1,medium,medium,0.55,medium,2,,,,,,ablation,524076
E,E_00052,mug_serve,semantic_only,1,1,0,0,1,1,0.0,12,8,-1,medium,medium,0.55,medium,2,,,,,,ablation,524076
E,E_00052,mug_serve,posthoc_single,0,0,0,1,1,1,0.03566066,12,8,-1,medium,medium,0.55,medium,2,,,,,,ablation,524076
E,E_00052,mug_serve,soft_penalty_fc,1,0,1,1,1,1,0.03566066,12,8,-1,medium,medium,0.55,medium,2,,,,,,ablation,524076
E,E_00052_obs,mug_serve,delete_noisy_roles,1,1,0,0,1,1,0.05686068,12,8,7,medium,medium,0.55,medium,2,,,,,,ablation,524076
E,E_00052_auditless,mug_serve,auditless_geometric,1,0,1,1,1,1,0.03566066,12,8,7,medium,medium,0.55,medium,2,,,,,,ablation,524076
E,E_00053,mug_serve,geometric_fc,1,0,1,1,1,1,0.03748281,12,8,-1,medium,medium,0.55,medium,2,,,,,,ablation,524077
E,E_00053,mug_serve,oracle_sfc,1,1,0,0,1,1,0.04360059,12,8,-1,medium,medium,0.55,medium,2,,,,,,ablation,524077
E,E_00053,mug_serve,semantic_only,1,1,0,0,1,1,0.0,12,8,-1,medium,medium,0.55,medium,2,,,,,,ablation,524077
E,E_00053,mug_serve,posthoc_single,0,0,0,1,1,1,0.03748281,12,8,-1,medium,medium,0.55,medium,2,,,,,,ablation,524077
E,E_00053,mug_serve,soft_penalty_fc,1,0,1,1,1,1,0.03748281,12,8,-1,medium,medium,0.55,medium,2,,,,,,ablation,524077
E,E_00053_obs,mug_serve,delete_noisy_roles,1,1,0,0,1,1,0.05485553,12,8,7,medium,medium,0.55,medium,2,,,,,,ablation,524077
E,E_00053_auditless,mug_serve,auditless_geometric,1,0,1,1,1,1,0.03748281,12,8,7,medium,medium,0.55,medium,2,,,,,,ablation,524077
E,E_00054,mug_serve,geometric_fc,1,0,1,1,1,1,0.03891505,12,8,-1,medium,medium,0.55,medium,2,,,,,,ablation,524078
E,E_00054,mug_serve,oracle_sfc,1,1,0,0,1,1,0.04030754,12,8,-1,medium,medium,0.55,medium,2,,,,,,ablation,524078
E,E_00054,mug_serve,semantic_only,1,1,0,0,1,1,0.0,12,8,-1,medium,medium,0.55,medium,2,,,,,,ablation,524078
E,E_00054,mug_serve,posthoc_single,0,0,0,1,1,1,0.03891505,12,8,-1,medium,medium,0.55,medium,2,,,,,,ablation,524078
E,E_00054,mug_serve,soft_penalty_fc,1,0,1,1,1,1,0.03891505,12,8,-1,medium,medium,0.55,medium,2,,,,,,ablation,524078
E,E_00054_obs,mug_serve,delete_noisy_roles,1,0,1,1,1,1,0.04434867,12,8,9,medium,medium,0.55,medium,2,,,,,,ablation,524078
E,E_00054_auditless,mug_serve,auditless_geometric,1,0,1,1,1,1,0.03891505,12,8,9,medium,medium,0.55,medium,2,,,,,,ablation,524078
E,E_00055,mug_serve,geometric_fc,1,0,1,1,1,1,0.03558325,12,8,-1,medium,medium,0.55,medium,2,,,,,,ablation,524079
E,E_00055,mug_serve,oracle_sfc,1,1,0,0,1,1,0.04732623,12,8,-1,medium,medium,0.55,medium,2,,,,,,ablation,524079
E,E_00055,mug_serve,semantic_only,1,1,0,0,1,1,0.0,12,8,-1,medium,medium,0.55,medium,2,,,,,,ablation,524079
E,E_00055,mug_serve,posthoc_single,0,0,0,1,1,1,0.03558325,12,8,-1,medium,medium,0.55,medium,2,,,,,,ablation,524079
E,E_00055,mug_serve,soft_penalty_fc,1,0,1,1,1,1,0.03558325,12,8,-1,medium,medium,0.55,medium,2,,,,,,ablation,524079
E,E_00055_obs,mug_serve,delete_noisy_roles,1,0,1,1,1,1,0.0490827,12,8,10,medium,medium,0.55,medium,2,,,,,,ablation,524079
E,E_00055_auditless,mug_serve,auditless_geometric,1,0,1,1,1,1,0.03558325,12,8,10,medium,medium,0.55,medium,2,,,,,,ablation,524079
E,E_00056,mug_serve,geometric_fc,1,0,1,1,1,1,0.03750884,12,8,-1,medium,medium,0.55,medium,2,,,,,,ablation,524080
E,E_00056,mug_serve,oracle_sfc,1,1,0,0,1,1,0.037272,12,8,-1,medium,medium,0.55,medium,2,,,,,,ablation,524080
E,E_00056,mug_serve,semantic_only,1,1,0,0,1,1,0.0,12,8,-1,medium,medium,0.55,medium,2,,,,,,ablation,524080
E,E_00056,mug_serve,posthoc_single,0,0,0,1,1,1,0.03750884,12,8,-1,medium,medium,0.55,medium,2,,,,,,ablation,524080
E,E_00056,mug_serve,soft_penalty_fc,1,0,1,1,1,1,0.03750884,12,8,-1,medium,medium,0.55,medium,2,,,,,,ablation,524080
E,E_00056_obs,mug_serve,delete_noisy_roles,1,1,0,0,1,1,0.037272,12,8,8,medium,medium,0.55,medium,2,,,,,,ablation,524080
E,E_00056_auditless,mug_serve,auditless_geometric,1,0,1,1,1,1,0.03750884,12,8,8,medium,medium,0.55,medium,2,,,,,,ablation,524080
E,E_00057,mug_serve,geometric_fc,1,0,1,1,1,1,0.03776281,12,8,-1,medium,medium,0.55,medium,2,,,,,,ablation,524081
E,E_00057,mug_serve,oracle_sfc,1,1,0,0,1,1,0.04553328,12,8,-1,medium,medium,0.55,medium,2,,,,,,ablation,524081
E,E_00057,mug_serve,semantic_only,1,1,0,0,1,1,0.0,12,8,-1,medium,medium,0.55,medium,2,,,,,,ablation,524081
E,E_00057,mug_serve,posthoc_single,0,0,0,1,1,1,0.03776281,12,8,-1,medium,medium,0.55,medium,2,,,,,,ablation,524081
E,E_00057,mug_serve,soft_penalty_fc,1,0,1,1,1,1,0.03776281,12,8,-1,medium,medium,0.55,medium,2,,,,,,ablation,524081
E,E_00057_obs,mug_serve,delete_noisy_roles,1,0,1,1,1,1,0.04807292,12,8,9,medium,medium,0.55,medium,2,,,,,,ablation,524081
E,E_00057_auditless,mug_serve,auditless_geometric,1,0,1,1,1,1,0.03776281,12,8,9,medium,medium,0.55,medium,2,,,,,,ablation,524081
E,E_00058,mug_serve,geometric_fc,1,0,1,1,1,1,0.03644766,12,8,-1,medium,medium,0.55,medium,2,,,,,,ablation,524082
E,E_00058,mug_serve,oracle_sfc,1,1,0,0,1,1,0.04401087,12,8,-1,medium,medium,0.55,medium,2,,,,,,ablation,524082
E,E_00058,mug_serve,semantic_only,1,1,0,0,1,1,0.0,12,8,-1,medium,medium,0.55,medium,2,,,,,,ablation,524082
E,E_00058,mug_serve,posthoc_single,0,0,0,1,1,1,0.03644766,12,8,-1,medium,medium,0.55,medium,2,,,,,,ablation,524082
E,E_00058,mug_serve,soft_penalty_fc,1,0,1,1,1,1,0.03644766,12,8,-1,medium,medium,0.55,medium,2,,,,,,ablation,524082
E,E_00058_obs,mug_serve,delete_noisy_roles,1,0,1,1,1,1,0.04808518,12,8,10,medium,medium,0.55,medium,2,,,,,,ablation,524082
E,E_00058_auditless,mug_serve,auditless_geometric,1,0,1,1,1,1,0.03644766,12,8,10,medium,medium,0.55,medium,2,,,,,,ablation,524082
E,E_00059,mug_serve,geometric_fc,1,0,1,1,1,1,0.0358727,12,8,-1,medium,medium,0.55,medium,2,,,,,,ablation,524083
E,E_00059,mug_serve,oracle_sfc,1,1,0,0,1,1,0.04926896,12,8,-1,medium,medium,0.55,medium,2,,,,,,ablation,524083
E,E_00059,mug_serve,semantic_only,1,1,0,0,1,1,0.0,12,8,-1,medium,medium,0.55,medium,2,,,,,,ablation,524083
E,E_00059,mug_serve,posthoc_single,0,0,0,1,1,1,0.0358727,12,8,-1,medium,medium,0.55,medium,2,,,,,,ablation,524083
E,E_00059,mug_serve,soft_penalty_fc,1,0,1,1,1,1,0.0358727,12,8,-1,medium,medium,0.55,medium,2,,,,,,ablation,524083
E,E_00059_obs,mug_serve,delete_noisy_roles,1,1,0,0,1,1,0.04926896,12,8,8,medium,medium,0.55,medium,2,,,,,,ablation,524083
E,E_00059_auditless,mug_serve,auditless_geometric,1,0,1,1,1,1,0.0358727,12,8,8,medium,medium,0.55,medium,2,,,,,,ablation,524083
E,E_00060,mug_serve,geometric_fc,1,0,1,1,1,1,0.03899515,12,8,-1,medium,medium,0.55,medium,2,,,,,,ablation,524084
E,E_00060,mug_serve,oracle_sfc,1,1,0,0,1,1,0.04197411,12,8,-1,medium,medium,0.55,medium,2,,,,,,ablation,524084
E,E_00060,mug_serve,semantic_only,1,1,0,0,1,1,0.0,12,8,-1,medium,medium,0.55,medium,2,,,,,,ablation,524084
E,E_00060,mug_serve,posthoc_single,0,0,0,1,1,1,0.03899515,12,8,-1,medium,medium,0.55,medium,2,,,,,,ablation,524084
E,E_00060,mug_serve,soft_penalty_fc,1,0,1,1,1,1,0.03899515,12,8,-1,medium,medium,0.55,medium,2,,,,,,ablation,524084
E,E_00060_obs,mug_serve,delete_noisy_roles,1,0,1,1,1,1,0.05153844,12,8,9,medium,medium,0.55,medium,2,,,,,,ablation,524084
E,E_00060_auditless,mug_serve,auditless_geometric,1,0,1,1,1,1,0.03899515,12,8,9,medium,medium,0.55,medium,2,,,,,,ablation,524084
E,E_00061,mug_serve,geometric_fc,1,0,1,1,1,1,0.03728445,12,8,-1,medium,medium,0.85,medium,2,,,,,,ablation,524085
E,E_00061,mug_serve,oracle_sfc,1,1,0,0,1,1,0.04391344,12,8,-1,medium,medium,0.85,medium,2,,,,,,ablation,524085
E,E_00061,mug_serve,semantic_only,1,1,0,0,1,1,0.0,12,8,-1,medium,medium,0.85,medium,2,,,,,,ablation,524085
E,E_00061,mug_serve,posthoc_single,0,0,0,1,1,1,0.03728445,12,8,-1,medium,medium,0.85,medium,2,,,,,,ablation,524085
E,E_00061,mug_serve,soft_penalty_fc,1,0,1,1,1,1,0.03728445,12,8,-1,medium,medium,0.85,medium,2,,,,,,ablation,524085
E,E_00061_obs,mug_serve,delete_noisy_roles,1,1,0,0,1,1,0.04391344,12,8,8,medium,medium,0.85,medium,2,,,,,,ablation,524085
E,E_00061_auditless,mug_serve,auditless_geometric,1,0,1,1,1,1,0.03728445,12,8,8,medium,medium,0.85,medium,2,,,,,,ablation,524085
E,E_00062,mug_serve,geometric_fc,1,0,1,1,1,1,0.0365905,12,8,-1,medium,medium,0.85,medium,2,,,,,,ablation,524086
E,E_00062,mug_serve,oracle_sfc,1,1,0,0,1,1,0.04644637,12,8,-1,medium,medium,0.85,medium,2,,,,,,ablation,524086
E,E_00062,mug_serve,semantic_only,1,1,0,0,1,1,0.0,12,8,-1,medium,medium,0.85,medium,2,,,,,,ablation,524086
E,E_00062,mug_serve,posthoc_single,0,0,0,1,1,1,0.0365905,12,8,-1,medium,medium,0.85,medium,2,,,,,,ablation,524086
E,E_00062,mug_serve,soft_penalty_fc,1,0,1,1,1,1,0.0365905,12,8,-1,medium,medium,0.85,medium,2,,,,,,ablation,524086
E,E_00062_obs,mug_serve,delete_noisy_roles,1,1,0,0,1,1,0.04876099,12,8,7,medium,medium,0.85,medium,2,,,,,,ablation,524086
E,E_00062_auditless,mug_serve,auditless_geometric,1,0,1,1,1,1,0.0365905,12,8,7,medium,medium,0.85,medium,2,,,,,,ablation,524086
E,E_00063,mug_serve,geometric_fc,1,0,1,1,1,1,0.03673252,12,8,-1,medium,medium,0.85,medium,2,,,,,,ablation,524087
E,E_00063,mug_serve,oracle_sfc,1,1,0,0,1,1,0.04538751,12,8,-1,medium,medium,0.85,medium,2,,,,,,ablation,524087
E,E_00063,mug_serve,semantic_only,1,1,0,0,1,1,0.0,12,8,-1,medium,medium,0.85,medium,2,,,,,,ablation,524087
E,E_00063,mug_serve,posthoc_single,0,0,0,1,1,1,0.03673252,12,8,-1,medium,medium,0.85,medium,2,,,,,,ablation,524087
E,E_00063,mug_serve,soft_penalty_fc,1,0,1,1,1,1,0.03673252,12,8,-1,medium,medium,0.85,medium,2,,,,,,ablation,524087
E,E_00063_obs,mug_serve,delete_noisy_roles,1,1,0,0,1,1,0.04538751,12,8,8,medium,medium,0.85,medium,2,,,,,,ablation,524087
E,E_00063_auditless,mug_serve,auditless_geometric,1,0,1,1,1,1,0.03673252,12,8,8,medium,medium,0.85,medium,2,,,,,,ablation,524087
E,E_00064,mug_serve,geometric_fc,1,0,1,1,1,1,0.03723151,12,8,-1,medium,medium,0.85,medium,2,,,,,,ablation,524088
E,E_00064,mug_serve,oracle_sfc,1,1,0,0,1,1,0.04462412,12,8,-1,medium,medium,0.85,medium,2,,,,,,ablation,524088
E,E_00064,mug_serve,semantic_only,1,1,0,0,1,1,0.0,12,8,-1,medium,medium,0.85,medium,2,,,,,,ablation,524088
E,E_00064,mug_serve,posthoc_single,0,0,0,1,1,1,0.03723151,12,8,-1,medium,medium,0.85,medium,2,,,,,,ablation,524088
E,E_00064,mug_serve,soft_penalty_fc,1,0,1,1,1,1,0.03723151,12,8,-1,medium,medium,0.85,medium,2,,,,,,ablation,524088
E,E_00064_obs,mug_serve,delete_noisy_roles,1,1,0,0,1,1,0.04462412,12,8,8,medium,medium,0.85,medium,2,,,,,,ablation,524088
E,E_00064_auditless,mug_serve,auditless_geometric,1,0,1,1,1,1,0.03723151,12,8,8,medium,medium,0.85,medium,2,,,,,,ablation,524088
E,E_00065,mug_serve,geometric_fc,1,0,1,1,1,1,0.03888532,12,8,-1,medium,medium,0.85,medium,2,,,,,,ablation,524089
E,E_00065,mug_serve,oracle_sfc,1,1,0,0,1,1,0.0417837,12,8,-1,medium,medium,0.85,medium,2,,,,,,ablation,524089
E,E_00065,mug_serve,semantic_only,1,1,0,0,1,1,0.0,12,8,-1,medium,medium,0.85,medium,2,,,,,,ablation,524089
E,E_00065,mug_serve,posthoc_single,0,0,0,1,1,1,0.03888532,12,8,-1,medium,medium,0.85,medium,2,,,,,,ablation,524089
E,E_00065,mug_serve,soft_penalty_fc,1,0,1,1,1,1,0.03888532,12,8,-1,medium,medium,0.85,medium,2,,,,,,ablation,524089
E,E_00065_obs,mug_serve,delete_noisy_roles,1,1,0,0,1,1,0.05345243,12,8,7,medium,medium,0.85,medium,2,,,,,,ablation,524089
E,E_00065_auditless,mug_serve,auditless_geometric,1,0,1,1,1,1,0.03888532,12,8,7,medium,medium,0.85,medium,2,,,,,,ablation,524089
E,E_00066,mug_serve,geometric_fc,1,0,1,1,1,1,0.03781607,12,8,-1,medium,medium,0.85,medium,2,,,,,,ablation,524090
E,E_00066,mug_serve,oracle_sfc,1,1,0,0,1,1,0.04308211,12,8,-1,medium,medium,0.85,medium,2,,,,,,ablation,524090
E,E_00066,mug_serve,semantic_only,1,1,0,0,1,1,0.0,12,8,-1,medium,medium,0.85,medium,2,,,,,,ablation,524090
E,E_00066,mug_serve,posthoc_single,0,0,0,1,1,1,0.03781607,12,8,-1,medium,medium,0.85,medium,2,,,,,,ablation,524090
E,E_00066,mug_serve,soft_penalty_fc,1,0,1,1,1,1,0.03781607,12,8,-1,medium,medium,0.85,medium,2,,,,,,ablation,524090
E,E_00066_obs,mug_serve,delete_noisy_roles,1,1,0,0,1,1,0.04308211,12,8,8,medium,medium,0.85,medium,2,,,,,,ablation,524090
E,E_00066_auditless,mug_serve,auditless_geometric,1,0,1,1,1,1,0.03781607,12,8,8,medium,medium,0.85,medium,2,,,,,,ablation,524090
E,E_00067,mug_serve,geometric_fc,1,0,1,1,1,1,0.03757122,12,8,-1,medium,medium,0.85,medium,2,,,,,,ablation,524091
E,E_00067,mug_serve,oracle_sfc,1,1,0,0,1,1,0.04485411,12,8,-1,medium,medium,0.85,medium,2,,,,,,ablation,524091
E,E_00067,mug_serve,semantic_only,1,1,0,0,1,1,0.0,12,8,-1,medium,medium,0.85,medium,2,,,,,,ablation,524091
E,E_00067,mug_serve,posthoc_single,0,0,0,1,1,1,0.03757122,12,8,-1,medium,medium,0.85,medium,2,,,,,,ablation,524091
E,E_00067,mug_serve,soft_penalty_fc,1,0,1,1,1,1,0.03757122,12,8,-1,medium,medium,0.85,medium,2,,,,,,ablation,524091
E,E_00067_obs,mug_serve,delete_noisy_roles,1,0,1,1,1,1,0.04792734,12,8,9,medium,medium,0.85,medium,2,,,,,,ablation,524091
E,E_00067_auditless,mug_serve,auditless_geometric,1,0,1,1,1,1,0.03757122,12,8,9,medium,medium,0.85,medium,2,,,,,,ablation,524091
E,E_00068,mug_serve,geometric_fc,1,0,1,1,1,1,0.03673003,12,8,-1,medium,medium,0.85,medium,2,,,,,,ablation,524092
E,E_00068,mug_serve,oracle_sfc,1,1,0,0,1,1,0.04743093,12,8,-1,medium,medium,0.85,medium,2,,,,,,ablation,524092
E,E_00068,mug_serve,semantic_only,1,1,0,0,1,1,0.0,12,8,-1,medium,medium,0.85,medium,2,,,,,,ablation,524092
E,E_00068,mug_serve,posthoc_single,0,0,0,1,1,1,0.03673003,12,8,-1,medium,medium,0.85,medium,2,,,,,,ablation,524092
E,E_00068,mug_serve,soft_penalty_fc,1,0,1,1,1,1,0.03673003,12,8,-1,medium,medium,0.85,medium,2,,,,,,ablation,524092
E,E_00068_obs,mug_serve,delete_noisy_roles,1,1,0,0,1,1,0.04743093,12,8,8,medium,medium,0.85,medium,2,,,,,,ablation,524092
E,E_00068_auditless,mug_serve,auditless_geometric,1,0,1,1,1,1,0.03673003,12,8,8,medium,medium,0.85,medium,2,,,,,,ablation,524092
E,E_00069,mug_serve,geometric_fc,1,0,1,1,1,1,0.03677282,12,8,-1,medium,medium,0.85,medium,2,,,,,,ablation,524093
E,E_00069,mug_serve,oracle_sfc,1,1,0,0,1,1,0.04386285,12,8,-1,medium,medium,0.85,medium,2,,,,,,ablation,524093
E,E_00069,mug_serve,semantic_only,1,1,0,0,1,1,0.0,12,8,-1,medium,medium,0.85,medium,2,,,,,,ablation,524093
E,E_00069,mug_serve,posthoc_single,0,0,0,1,1,1,0.03677282,12,8,-1,medium,medium,0.85,medium,2,,,,,,ablation,524093
E,E_00069,mug_serve,soft_penalty_fc,1,0,1,1,1,1,0.03677282,12,8,-1,medium,medium,0.85,medium,2,,,,,,ablation,524093
E,E_00069_obs,mug_serve,delete_noisy_roles,1,1,0,0,1,1,0.0561523,12,8,7,medium,medium,0.85,medium,2,,,,,,ablation,524093
E,E_00069_auditless,mug_serve,auditless_geometric,1,0,1,1,1,1,0.03677282,12,8,7,medium,medium,0.85,medium,2,,,,,,ablation,524093
E,E_00070,mug_serve,geometric_fc,1,0,1,1,1,1,0.03592834,12,8,-1,medium,medium,0.85,medium,2,,,,,,ablation,524094
E,E_00070,mug_serve,oracle_sfc,1,1,0,0,1,1,0.04804214,12,8,-1,medium,medium,0.85,medium,2,,,,,,ablation,524094
E,E_00070,mug_serve,semantic_only,1,1,0,0,1,1,0.0,12,8,-1,medium,medium,0.85,medium,2,,,,,,ablation,524094
E,E_00070,mug_serve,posthoc_single,0,0,0,1,1,1,0.03592834,12,8,-1,medium,medium,0.85,medium,2,,,,,,ablation,524094
E,E_00070,mug_serve,soft_penalty_fc,1,0,1,1,1,1,0.03592834,12,8,-1,medium,medium,0.85,medium,2,,,,,,ablation,524094
E,E_00070_obs,mug_serve,delete_noisy_roles,1,0,1,1,1,1,0.06079068,12,8,8,medium,medium,0.85,medium,2,,,,,,ablation,524094
E,E_00070_auditless,mug_serve,auditless_geometric,1,0,1,1,1,1,0.03592834,12,8,8,medium,medium,0.85,medium,2,,,,,,ablation,524094
E,E_00071,mug_serve,geometric_fc,1,0,1,1,1,1,0.03716363,12,8,-1,medium,medium,0.85,medium,2,,,,,,ablation,524095
E,E_00071,mug_serve,oracle_sfc,1,1,0,0,1,1,0.04705069,12,8,-1,medium,medium,0.85,medium,2,,,,,,ablation,524095
E,E_00071,mug_serve,semantic_only,1,1,0,0,1,1,0.0,12,8,-1,medium,medium,0.85,medium,2,,,,,,ablation,524095
E,E_00071,mug_serve,posthoc_single,0,0,0,1,1,1,0.03716363,12,8,-1,medium,medium,0.85,medium,2,,,,,,ablation,524095
E,E_00071,mug_serve,soft_penalty_fc,1,0,1,1,1,1,0.03716363,12,8,-1,medium,medium,0.85,medium,2,,,,,,ablation,524095
E,E_00071_obs,mug_serve,delete_noisy_roles,1,0,1,1,1,1,0.04733872,12,8,9,medium,medium,0.85,medium,2,,,,,,ablation,524095
E,E_00071_auditless,mug_serve,auditless_geometric,1,0,1,1,1,1,0.03716363,12,8,9,medium,medium,0.85,medium,2,,,,,,ablation,524095
E,E_00072,mug_serve,geometric_fc,1,0,1,1,1,1,0.03685455,12,8,-1,medium,medium,0.85,medium,2,,,,,,ablation,524096
E,E_00072,mug_serve,oracle_sfc,1,1,0,0,1,1,0.04347449,12,8,-1,medium,medium,0.85,medium,2,,,,,,ablation,524096
E,E_00072,mug_serve,semantic_only,1,1,0,0,1,1,0.0,12,8,-1,medium,medium,0.85,medium,2,,,,,,ablation,524096
E,E_00072,mug_serve,posthoc_single,0,0,0,1,1,1,0.03685455,12,8,-1,medium,medium,0.85,medium,2,,,,,,ablation,524096
E,E_00072,mug_serve,soft_penalty_fc,1,0,1,1,1,1,0.03685455,12,8,-1,medium,medium,0.85,medium,2,,,,,,ablation,524096
E,E_00072_obs,mug_serve,delete_noisy_roles,1,0,1,1,1,1,0.05739442,12,8,8,medium,medium,0.85,medium,2,,,,,,ablation,524096
E,E_00072_auditless,mug_serve,auditless_geometric,1,0,1,1,1,1,0.03685455,12,8,8,medium,medium,0.85,medium,2,,,,,,ablation,524096
E,E_00073,phone_pick,geometric_fc,1,0,1,1,1,1,0.03626806,11,6,-1,medium,medium,0.25,medium,2,,,,,,ablation,524097
E,E_00073,phone_pick,oracle_sfc,1,1,0,0,1,1,0.05352321,11,6,-1,medium,medium,0.25,medium,2,,,,,,ablation,524097
E,E_00073,phone_pick,semantic_only,1,1,0,0,1,1,0.0,11,6,-1,medium,medium,0.25,medium,2,,,,,,ablation,524097
E,E_00073,phone_pick,posthoc_single,0,0,0,1,1,1,0.03626806,11,6,-1,medium,medium,0.25,medium,2,,,,,,ablation,524097
E,E_00073,phone_pick,soft_penalty_fc,1,0,1,1,1,1,0.03626806,11,6,-1,medium,medium,0.25,medium,2,,,,,,ablation,524097
E,E_00073_obs,phone_pick,delete_noisy_roles,1,1,0,0,1,1,0.05352321,11,6,6,medium,medium,0.25,medium,2,,,,,,ablation,524097
E,E_00073_auditless,phone_pick,auditless_geometric,1,0,1,1,1,1,0.03626806,11,6,6,medium,medium,0.25,medium,2,,,,,,ablation,524097
E,E_00074,phone_pick,geometric_fc,1,0,1,1,1,1,0.03769888,11,6,-1,medium,medium,0.25,medium,2,,,,,,ablation,524098
E,E_00074,phone_pick,oracle_sfc,1,1,0,0,1,1,0.05568346,11,6,-1,medium,medium,0.25,medium,2,,,,,,ablation,524098
E,E_00074,phone_pick,semantic_only,1,1,0,0,1,1,0.0,11,6,-1,medium,medium,0.25,medium,2,,,,,,ablation,524098
E,E_00074,phone_pick,posthoc_single,0,0,0,1,1,1,0.03769888,11,6,-1,medium,medium,0.25,medium,2,,,,,,ablation,524098
E,E_00074,phone_pick,soft_penalty_fc,1,0,1,1,1,1,0.03769888,11,6,-1,medium,medium,0.25,medium,2,,,,,,ablation,524098
E,E_00074_obs,phone_pick,delete_noisy_roles,1,1,0,0,1,1,0.05568346,11,6,6,medium,medium,0.25,medium,2,,,,,,ablation,524098
E,E_00074_auditless,phone_pick,auditless_geometric,1,0,1,1,1,1,0.03769888,11,6,6,medium,medium,0.25,medium,2,,,,,,ablation,524098
E,E_00075,phone_pick,geometric_fc,1,0,1,1,1,1,0.036972,11,6,-1,medium,medium,0.25,medium,2,,,,,,ablation,524099
E,E_00075,phone_pick,oracle_sfc,1,1,0,0,1,1,0.05473344,11,6,-1,medium,medium,0.25,medium,2,,,,,,ablation,524099
E,E_00075,phone_pick,semantic_only,1,1,0,0,1,1,0.0,11,6,-1,medium,medium,0.25,medium,2,,,,,,ablation,524099
E,E_00075,phone_pick,posthoc_single,0,0,0,1,1,1,0.036972,11,6,-1,medium,medium,0.25,medium,2,,,,,,ablation,524099
E,E_00075,phone_pick,soft_penalty_fc,1,0,1,1,1,1,0.036972,11,6,-1,medium,medium,0.25,medium,2,,,,,,ablation,524099
E,E_00075_obs,phone_pick,delete_noisy_roles,1,1,0,0,1,1,0.05473344,11,6,6,medium,medium,0.25,medium,2,,,,,,ablation,524099
E,E_00075_auditless,phone_pick,auditless_geometric,1,0,1,1,1,1,0.036972,11,6,6,medium,medium,0.25,medium,2,,,,,,ablation,524099
E,E_00076,phone_pick,geometric_fc,1,0,1,1,1,1,0.03854609,11,6,-1,medium,medium,0.25,medium,2,,,,,,ablation,524100
E,E_00076,phone_pick,oracle_sfc,1,1,0,0,1,1,0.04649192,11,6,-1,medium,medium,0.25,medium,2,,,,,,ablation,524100
E,E_00076,phone_pick,semantic_only,1,1,0,0,1,1,0.0,11,6,-1,medium,medium,0.25,medium,2,,,,,,ablation,524100
E,E_00076,phone_pick,posthoc_single,0,0,0,1,1,1,0.03854609,11,6,-1,medium,medium,0.25,medium,2,,,,,,ablation,524100
E,E_00076,phone_pick,soft_penalty_fc,1,0,1,1,1,1,0.03854609,11,6,-1,medium,medium,0.25,medium,2,,,,,,ablation,524100
E,E_00076_obs,phone_pick,delete_noisy_roles,1,1,0,0,1,1,0.05945908,11,6,5,medium,medium,0.25,medium,2,,,,,,ablation,524100
E,E_00076_auditless,phone_pick,auditless_geometric,1,0,1,1,1,1,0.03854609,11,6,5,medium,medium,0.25,medium,2,,,,,,ablation,524100
E,E_00077,phone_pick,geometric_fc,1,0,1,1,1,1,0.03654677,11,6,-1,medium,medium,0.25,medium,2,,,,,,ablation,524101
E,E_00077,phone_pick,oracle_sfc,1,1,0,0,1,1,0.0576446,11,6,-1,medium,medium,0.25,medium,2,,,,,,ablation,524101
E,E_00077,phone_pick,semantic_only,1,1,0,0,1,1,0.0,11,6,-1,medium,medium,0.25,medium,2,,,,,,ablation,524101
E,E_00077,phone_pick,posthoc_single,0,0,0,1,1,1,0.03654677,11,6,-1,medium,medium,0.25,medium,2,,,,,,ablation,524101
E,E_00077,phone_pick,soft_penalty_fc,1,0,1,1,1,1,0.03654677,11,6,-1,medium,medium,0.25,medium,2,,,,,,ablation,524101
E,E_00077_obs,phone_pick,delete_noisy_roles,1,1,0,0,1,1,0.0576446,11,6,6,medium,medium,0.25,medium,2,,,,,,ablation,524101
E,E_00077_auditless,phone_pick,auditless_geometric,1,0,1,1,1,1,0.03654677,11,6,6,medium,medium,0.25,medium,2,,,,,,ablation,524101
E,E_00078,phone_pick,geometric_fc,1,0,1,1,1,1,0.03634809,11,6,-1,medium,medium,0.25,medium,2,,,,,,ablation,524102
E,E_00078,phone_pick,oracle_sfc,1,1,0,0,1,1,0.05919376,11,6,-1,medium,medium,0.25,medium,2,,,,,,ablation,524102
E,E_00078,phone_pick,semantic_only,1,1,0,0,1,1,0.0,11,6,-1,medium,medium,0.25,medium,2,,,,,,ablation,524102
E,E_00078,phone_pick,posthoc_single,0,0,0,1,1,1,0.03634809,11,6,-1,medium,medium,0.25,medium,2,,,,,,ablation,524102
E,E_00078,phone_pick,soft_penalty_fc,1,0,1,1,1,1,0.03634809,11,6,-1,medium,medium,0.25,medium,2,,,,,,ablation,524102
E,E_00078_obs,phone_pick,delete_noisy_roles,1,0,1,1,1,1,0.06418745,11,6,7,medium,medium,0.25,medium,2,,,,,,ablation,524102
E,E_00078_auditless,phone_pick,auditless_geometric,1,0,1,1,1,1,0.03634809,11,6,7,medium,medium,0.25,medium,2,,,,,,ablation,524102
E,E_00079,phone_pick,geometric_fc,1,0,1,1,1,1,0.03632398,11,6,-1,medium,medium,0.25,medium,2,,,,,,ablation,524103
E,E_00079,phone_pick,oracle_sfc,1,1,0,0,1,1,0.0574817,11,6,-1,medium,medium,0.25,medium,2,,,,,,ablation,524103
E,E_00079,phone_pick,semantic_only,1,1,0,0,1,1,0.0,11,6,-1,medium,medium,0.25,medium,2,,,,,,ablation,524103
E,E_00079,phone_pick,posthoc_single,0,0,0,1,1,1,0.03632398,11,6,-1,medium,medium,0.25,medium,2,,,,,,ablation,524103
E,E_00079,phone_pick,soft_penalty_fc,1,0,1,1,1,1,0.03632398,11,6,-1,medium,medium,0.25,medium,2,,,,,,ablation,524103
E,E_00079_obs,phone_pick,delete_noisy_roles,1,1,0,0,1,1,0.0574817,11,6,6,medium,medium,0.25,medium,2,,,,,,ablation,524103
E,E_00079_auditless,phone_pick,auditless_geometric,1,0,1,1,1,1,0.03632398,11,6,6,medium,medium,0.25,medium,2,,,,,,ablation,524103
E,E_00080,phone_pick,geometric_fc,1,0,1,1,1,1,0.03715485,11,6,-1,medium,medium,0.25,medium,2,,,,,,ablation,524104
E,E_00080,phone_pick,oracle_sfc,1,1,0,0,1,1,0.05708378,11,6,-1,medium,medium,0.25,medium,2,,,,,,ablation,524104
E,E_00080,phone_pick,semantic_only,1,1,0,0,1,1,0.0,11,6,-1,medium,medium,0.25,medium,2,,,,,,ablation,524104
E,E_00080,phone_pick,posthoc_single,0,0,0,1,1,1,0.03715485,11,6,-1,medium,medium,0.25,medium,2,,,,,,ablation,524104
E,E_00080,phone_pick,soft_penalty_fc,1,0,1,1,1,1,0.03715485,11,6,-1,medium,medium,0.25,medium,2,,,,,,ablation,524104
E,E_00080_obs,phone_pick,delete_noisy_roles,1,1,0,0,1,1,0.05717043,11,6,5,medium,medium,0.25,medium,2,,,,,,ablation,524104
E,E_00080_auditless,phone_pick,auditless_geometric,1,0,1,1,1,1,0.03715485,11,6,5,medium,medium,0.25,medium,2,,,,,,ablation,524104
E,E_00081,phone_pick,geometric_fc,1,0,1,1,1,1,0.03617578,11,6,-1,medium,medium,0.25,medium,2,,,,,,ablation,524105
E,E_00081,phone_pick,oracle_sfc,1,1,0,0,1,1,0.05134536,11,6,-1,medium,medium,0.25,medium,2,,,,,,ablation,524105
E,E_00081,phone_pick,semantic_only,1,1,0,0,1,1,0.0,11,6,-1,medium,medium,0.25,medium,2,,,,,,ablation,524105
E,E_00081,phone_pick,posthoc_single,0,0,0,1,1,1,0.03617578,11,6,-1,medium,medium,0.25,medium,2,,,,,,ablation,524105
E,E_00081,phone_pick,soft_penalty_fc,1,0,1,1,1,1,0.03617578,11,6,-1,medium,medium,0.25,medium,2,,,,,,ablation,524105
E,E_00081_obs,phone_pick,delete_noisy_roles,1,1,0,0,1,1,0.05134536,11,6,6,medium,medium,0.25,medium,2,,,,,,ablation,524105
E,E_00081_auditless,phone_pick,auditless_geometric,1,0,1,1,1,1,0.03617578,11,6,6,medium,medium,0.25,medium,2,,,,,,ablation,524105
E,E_00082,phone_pick,geometric_fc,1,0,1,1,1,1,0.0363251,11,6,-1,medium,medium,0.25,medium,2,,,,,,ablation,524106
E,E_00082,phone_pick,oracle_sfc,1,1,0,0,1,1,0.06090187,11,6,-1,medium,medium,0.25,medium,2,,,,,,ablation,524106
E,E_00082,phone_pick,semantic_only,1,1,0,0,1,1,0.0,11,6,-1,medium,medium,0.25,medium,2,,,,,,ablation,524106
E,E_00082,phone_pick,posthoc_single,0,0,0,1,1,1,0.0363251,11,6,-1,medium,medium,0.25,medium,2,,,,,,ablation,524106
E,E_00082,phone_pick,soft_penalty_fc,1,0,1,1,1,1,0.0363251,11,6,-1,medium,medium,0.25,medium,2,,,,,,ablation,524106
E,E_00082_obs,phone_pick,delete_noisy_roles,1,1,0,0,1,1,0.06090187,11,6,6,medium,medium,0.25,medium,2,,,,,,ablation,524106
E,E_00082_auditless,phone_pick,auditless_geometric,1,0,1,1,1,1,0.0363251,11,6,6,medium,medium,0.25,medium,2,,,,,,ablation,524106
E,E_00083,phone_pick,geometric_fc,1,0,1,1,1,1,0.03820542,11,6,-1,medium,medium,0.25,medium,2,,,,,,ablation,524107
E,E_00083,phone_pick,oracle_sfc,1,1,0,0,1,1,0.04182546,11,6,-1,medium,medium,0.25,medium,2,,,,,,ablation,524107
E,E_00083,phone_pick,semantic_only,1,1,0,0,1,1,0.0,11,6,-1,medium,medium,0.25,medium,2,,,,,,ablation,524107
E,E_00083,phone_pick,posthoc_single,0,0,0,1,1,1,0.03820542,11,6,-1,medium,medium,0.25,medium,2,,,,,,ablation,524107
E,E_00083,phone_pick,soft_penalty_fc,1,0,1,1,1,1,0.03820542,11,6,-1,medium,medium,0.25,medium,2,,,,,,ablation,524107
E,E_00083_obs,phone_pick,delete_noisy_roles,1,0,1,1,1,1,0.05952617,11,6,7,medium,medium,0.25,medium,2,,,,,,ablation,524107
E,E_00083_auditless,phone_pick,auditless_geometric,1,0,1,1,1,1,0.03820542,11,6,7,medium,medium,0.25,medium,2,,,,,,ablation,524107
E,E_00084,phone_pick,geometric_fc,1,0,1,1,1,1,0.03739284,11,6,-1,medium,medium,0.25,medium,2,,,,,,ablation,524108
E,E_00084,phone_pick,oracle_sfc,1,1,0,0,1,1,0.05724549,11,6,-1,medium,medium,0.25,medium,2,,,,,,ablation,524108
E,E_00084,phone_pick,semantic_only,1,1,0,0,1,1,0.0,11,6,-1,medium,medium,0.25,medium,2,,,,,,ablation,524108
E,E_00084,phone_pick,posthoc_single,0,0,0,1,1,1,0.03739284,11,6,-1,medium,medium,0.25,medium,2,,,,,,ablation,524108
E,E_00084,phone_pick,soft_penalty_fc,1,0,1,1,1,1,0.03739284,11,6,-1,medium,medium,0.25,medium,2,,,,,,ablation,524108
E,E_00084_obs,phone_pick,delete_noisy_roles,1,0,1,1,1,1,0.0627562,11,6,7,medium,medium,0.25,medium,2,,,,,,ablation,524108
E,E_00084_auditless,phone_pick,auditless_geometric,1,0,1,1,1,1,0.03739284,11,6,7,medium,medium,0.25,medium,2,,,,,,ablation,524108
E,E_00085,phone_pick,geometric_fc,1,0,1,1,1,1,0.03773752,11,6,-1,medium,medium,0.55,medium,2,,,,,,ablation,524109
E,E_00085,phone_pick,oracle_sfc,1,1,0,0,1,1,0.046331,11,6,-1,medium,medium,0.55,medium,2,,,,,,ablation,524109
E,E_00085,phone_pick,semantic_only,1,1,0,0,1,1,0.0,11,6,-1,medium,medium,0.55,medium,2,,,,,,ablation,524109
E,E_00085,phone_pick,posthoc_single,0,0,0,1,1,1,0.03773752,11,6,-1,medium,medium,0.55,medium,2,,,,,,ablation,524109
E,E_00085,phone_pick,soft_penalty_fc,1,0,1,1,1,1,0.03773752,11,6,-1,medium,medium,0.55,medium,2,,,,,,ablation,524109
E,E_00085_obs,phone_pick,delete_noisy_roles,1,0,1,1,1,1,0.06042429,11,6,7,medium,medium,0.55,medium,2,,,,,,ablation,524109
E,E_00085_auditless,phone_pick,auditless_geometric,1,0,1,1,1,1,0.03773752,11,6,7,medium,medium,0.55,medium,2,,,,,,ablation,524109
E,E_00086,phone_pick,geometric_fc,1,0,1,1,1,1,0.03672563,11,6,-1,medium,medium,0.55,medium,2,,,,,,ablation,524110
E,E_00086,phone_pick,oracle_sfc,1,1,0,0,1,1,0.05335818,11,6,-1,medium,medium,0.55,medium,2,,,,,,ablation,524110
E,E_00086,phone_pick,semantic_only,1,1,0,0,1,1,0.0,11,6,-1,medium,medium,0.55,medium,2,,,,,,ablation,524110
E,E_00086,phone_pick,posthoc_single,0,0,0,1,1,1,0.03672563,11,6,-1,medium,medium,0.55,medium,2,,,,,,ablation,524110
E,E_00086,phone_pick,soft_penalty_fc,1,0,1,1,1,1,0.03672563,11,6,-1,medium,medium,0.55,medium,2,,,,,,ablation,524110
E,E_00086_obs,phone_pick,delete_noisy_roles,1,1,0,0,1,1,0.05335818,11,6,6,medium,medium,0.55,medium,2,,,,,,ablation,524110
E,E_00086_auditless,phone_pick,auditless_geometric,1,0,1,1,1,1,0.03672563,11,6,6,medium,medium,0.55,medium,2,,,,,,ablation,524110
E,E_00087,phone_pick,geometric_fc,1,0,1,1,1,1,0.03742452,11,6,-1,medium,medium,0.55,medium,2,,,,,,ablation,524111
E,E_00087,phone_pick,oracle_sfc,1,1,0,0,1,1,0.05596206,11,6,-1,medium,medium,0.55,medium,2,,,,,,ablation,524111
E,E_00087,phone_pick,semantic_only,1,1,0,0,1,1,0.0,11,6,-1,medium,medium,0.55,medium,2,,,,,,ablation,524111
E,E_00087,phone_pick,posthoc_single,0,0,0,1,1,1,0.03742452,11,6,-1,medium,medium,0.55,medium,2,,,,,,ablation,524111
E,E_00087,phone_pick,soft_penalty_fc,1,0,1,1,1,1,0.03742452,11,6,-1,medium,medium,0.55,medium,2,,,,,,ablation,524111
E,E_00087_obs,phone_pick,delete_noisy_roles,1,1,0,0,1,1,0.05596206,11,6,6,medium,medium,0.55,medium,2,,,,,,ablation,524111
E,E_00087_auditless,phone_pick,auditless_geometric,1,0,1,1,1,1,0.03742452,11,6,6,medium,medium,0.55,medium,2,,,,,,ablation,524111
E,E_00088,phone_pick,geometric_fc,1,0,1,1,1,1,0.03723825,11,6,-1,medium,medium,0.55,medium,2,,,,,,ablation,524112
E,E_00088,phone_pick,oracle_sfc,1,1,0,0,1,1,0.05726149,11,6,-1,medium,medium,0.55,medium,2,,,,,,ablation,524112
E,E_00088,phone_pick,semantic_only,1,1,0,0,1,1,0.0,11,6,-1,medium,medium,0.55,medium,2,,,,,,ablation,524112
E,E_00088,phone_pick,posthoc_single,0,0,0,1,1,1,0.03723825,11,6,-1,medium,medium,0.55,medium,2,,,,,,ablation,524112
E,E_00088,phone_pick,soft_penalty_fc,1,0,1,1,1,1,0.03723825,11,6,-1,medium,medium,0.55,medium,2,,,,,,ablation,524112
E,E_00088_obs,phone_pick,delete_noisy_roles,1,1,0,0,1,1,0.05726149,11,6,6,medium,medium,0.55,medium,2,,,,,,ablation,524112
E,E_00088_auditless,phone_pick,auditless_geometric,1,0,1,1,1,1,0.03723825,11,6,6,medium,medium,0.55,medium,2,,,,,,ablation,524112
E,E_00089,phone_pick,geometric_fc,1,0,1,1,1,1,0.03921112,11,6,-1,medium,medium,0.55,medium,2,,,,,,ablation,524113
E,E_00089,phone_pick,oracle_sfc,1,1,0,0,1,1,0.05593956,11,6,-1,medium,medium,0.55,medium,2,,,,,,ablation,524113
E,E_00089,phone_pick,semantic_only,1,1,0,0,1,1,0.0,11,6,-1,medium,medium,0.55,medium,2,,,,,,ablation,524113
E,E_00089,phone_pick,posthoc_single,0,0,0,1,1,1,0.03921112,11,6,-1,medium,medium,0.55,medium,2,,,,,,ablation,524113
E,E_00089,phone_pick,soft_penalty_fc,1,0,1,1,1,1,0.03921112,11,6,-1,medium,medium,0.55,medium,2,,,,,,ablation,524113
E,E_00089_obs,phone_pick,delete_noisy_roles,1,1,0,0,1,1,0.05770763,11,6,5,medium,medium,0.55,medium,2,,,,,,ablation,524113
E,E_00089_auditless,phone_pick,auditless_geometric,1,0,1,1,1,1,0.03921112,11,6,5,medium,medium,0.55,medium,2,,,,,,ablation,524113
E,E_00090,phone_pick,geometric_fc,1,0,1,1,1,1,0.03719108,11,6,-1,medium,medium,0.55,medium,2,,,,,,ablation,524114
E,E_00090,phone_pick,oracle_sfc,1,1,0,0,1,1,0.05120394,11,6,-1,medium,medium,0.55,medium,2,,,,,,ablation,524114
E,E_00090,phone_pick,semantic_only,1,1,0,0,1,1,0.0,11,6,-1,medium,medium,0.55,medium,2,,,,,,ablation,524114
E,E_00090,phone_pick,posthoc_single,0,0,0,1,1,1,0.03719108,11,6,-1,medium,medium,0.55,medium,2,,,,,,ablation,524114
E,E_00090,phone_pick,soft_penalty_fc,1,0,1,1,1,1,0.03719108,11,6,-1,medium,medium,0.55,medium,2,,,,,,ablation,524114
E,E_00090_obs,phone_pick,delete_noisy_roles,1,1,0,0,1,1,0.05120394,11,6,6,medium,medium,0.55,medium,2,,,,,,ablation,524114
E,E_00090_auditless,phone_pick,auditless_geometric,1,0,1,1,1,1,0.03719108,11,6,6,medium,medium,0.55,medium,2,,,,,,ablation,524114
E,E_00091,phone_pick,geometric_fc,1,0,1,1,1,1,0.03606738,11,6,-1,medium,medium,0.55,medium,2,,,,,,ablation,524115
E,E_00091,phone_pick,oracle_sfc,1,1,0,0,1,1,0.05226054,11,6,-1,medium,medium,0.55,medium,2,,,,,,ablation,524115
E,E_00091,phone_pick,semantic_only,1,1,0,0,1,1,0.0,11,6,-1,medium,medium,0.55,medium,2,,,,,,ablation,524115
E,E_00091,phone_pick,posthoc_single,0,0,0,1,1,1,0.03606738,11,6,-1,medium,medium,0.55,medium,2,,,,,,ablation,524115
E,E_00091,phone_pick,soft_penalty_fc,1,0,1,1,1,1,0.03606738,11,6,-1,medium,medium,0.55,medium,2,,,,,,ablation,524115
E,E_00091_obs,phone_pick,delete_noisy_roles,1,1,0,0,1,1,0.05226054,11,6,6,medium,medium,0.55,medium,2,,,,,,ablation,524115
E,E_00091_auditless,phone_pick,auditless_geometric,1,0,1,1,1,1,0.03606738,11,6,6,medium,medium,0.55,medium,2,,,,,,ablation,524115
E,E_00092,phone_pick,geometric_fc,1,0,1,1,1,1,0.03803959,11,6,-1,medium,medium,0.55,medium,2,,,,,,ablation,524116
E,E_00092,phone_pick,oracle_sfc,1,1,0,0,1,1,0.05231233,11,6,-1,medium,medium,0.55,medium,2,,,,,,ablation,524116
E,E_00092,phone_pick,semantic_only,1,1,0,0,1,1,0.0,11,6,-1,medium,medium,0.55,medium,2,,,,,,ablation,524116
E,E_00092,phone_pick,posthoc_single,0,0,0,1,1,1,0.03803959,11,6,-1,medium,medium,0.55,medium,2,,,,,,ablation,524116
E,E_00092,phone_pick,soft_penalty_fc,1,0,1,1,1,1,0.03803959,11,6,-1,medium,medium,0.55,medium,2,,,,,,ablation,524116
E,E_00092_obs,phone_pick,delete_noisy_roles,1,1,0,0,1,1,0.07772582,11,6,4,medium,medium,0.55,medium,2,,,,,,ablation,524116
E,E_00092_auditless,phone_pick,auditless_geometric,1,0,1,1,1,1,0.03803959,11,6,4,medium,medium,0.55,medium,2,,,,,,ablation,524116
E,E_00093,phone_pick,geometric_fc,1,0,1,1,1,1,0.0370882,11,6,-1,medium,medium,0.55,medium,2,,,,,,ablation,524117
E,E_00093,phone_pick,oracle_sfc,1,1,0,0,1,1,0.05818958,11,6,-1,medium,medium,0.55,medium,2,,,,,,ablation,524117
E,E_00093,phone_pick,semantic_only,1,1,0,0,1,1,0.0,11,6,-1,medium,medium,0.55,medium,2,,,,,,ablation,524117
E,E_00093,phone_pick,posthoc_single,0,0,0,1,1,1,0.0370882,11,6,-1,medium,medium,0.55,medium,2,,,,,,ablation,524117
E,E_00093,phone_pick,soft_penalty_fc,1,0,1,1,1,1,0.0370882,11,6,-1,medium,medium,0.55,medium,2,,,,,,ablation,524117
E,E_00093_obs,phone_pick,delete_noisy_roles,1,1,0,0,1,1,0.05818958,11,6,6,medium,medium,0.55,medium,2,,,,,,ablation,524117
E,E_00093_auditless,phone_pick,auditless_geometric,1,0,1,1,1,1,0.0370882,11,6,6,medium,medium,0.55,medium,2,,,,,,ablation,524117
E,E_00094,phone_pick,geometric_fc,1,0,1,1,1,1,0.03765368,11,6,-1,medium,medium,0.55,medium,2,,,,,,ablation,524118
E,E_00094,phone_pick,oracle_sfc,1,1,0,0,1,1,0.05196062,11,6,-1,medium,medium,0.55,medium,2,,,,,,ablation,524118
E,E_00094,phone_pick,semantic_only,1,1,0,0,1,1,0.0,11,6,-1,medium,medium,0.55,medium,2,,,,,,ablation,524118
E,E_00094,phone_pick,posthoc_single,0,0,0,1,1,1,0.03765368,11,6,-1,medium,medium,0.55,medium,2,,,,,,ablation,524118
E,E_00094,phone_pick,soft_penalty_fc,1,0,1,1,1,1,0.03765368,11,6,-1,medium,medium,0.55,medium,2,,,,,,ablation,524118
E,E_00094_obs,phone_pick,delete_noisy_roles,1,0,1,1,1,1,0.0581849,11,6,7,medium,medium,0.55,medium,2,,,,,,ablation,524118
E,E_00094_auditless,phone_pick,auditless_geometric,1,0,1,1,1,1,0.03765368,11,6,7,medium,medium,0.55,medium,2,,,,,,ablation,524118
E,E_00095,phone_pick,geometric_fc,1,0,1,1,1,1,0.03725234,11,6,-1,medium,medium,0.55,medium,2,,,,,,ablation,524119
E,E_00095,phone_pick,oracle_sfc,1,1,0,0,1,1,0.05041942,11,6,-1,medium,medium,0.55,medium,2,,,,,,ablation,524119
E,E_00095,phone_pick,semantic_only,1,1,0,0,1,1,0.0,11,6,-1,medium,medium,0.55,medium,2,,,,,,ablation,524119
E,E_00095,phone_pick,posthoc_single,0,0,0,1,1,1,0.03725234,11,6,-1,medium,medium,0.55,medium,2,,,,,,ablation,524119
E,E_00095,phone_pick,soft_penalty_fc,1,0,1,1,1,1,0.03725234,11,6,-1,medium,medium,0.55,medium,2,,,,,,ablation,524119
E,E_00095_obs,phone_pick,delete_noisy_roles,1,1,0,0,1,1,0.07046971,11,6,5,medium,medium,0.55,medium,2,,,,,,ablation,524119
E,E_00095_auditless,phone_pick,auditless_geometric,1,0,1,1,1,1,0.03725234,11,6,5,medium,medium,0.55,medium,2,,,,,,ablation,524119
E,E_00096,phone_pick,geometric_fc,1,0,1,1,1,1,0.03846134,11,6,-1,medium,medium,0.55,medium,2,,,,,,ablation,524120
E,E_00096,phone_pick,oracle_sfc,1,1,0,0,1,1,0.0501476,11,6,-1,medium,medium,0.55,medium,2,,,,,,ablation,524120
E,E_00096,phone_pick,semantic_only,1,1,0,0,1,1,0.0,11,6,-1,medium,medium,0.55,medium,2,,,,,,ablation,524120
E,E_00096,phone_pick,posthoc_single,0,0,0,1,1,1,0.03846134,11,6,-1,medium,medium,0.55,medium,2,,,,,,ablation,524120
E,E_00096,phone_pick,soft_penalty_fc,1,0,1,1,1,1,0.03846134,11,6,-1,medium,medium,0.55,medium,2,,,,,,ablation,524120
E,E_00096_obs,phone_pick,delete_noisy_roles,1,0,1,1,1,1,0.07791478,11,6,5,medium,medium,0.55,medium,2,,,,,,ablation,524120
E,E_00096_auditless,phone_pick,auditless_geometric,1,0,1,1,1,1,0.03846134,11,6,5,medium,medium,0.55,medium,2,,,,,,ablation,524120
E,E_00097,phone_pick,geometric_fc,1,0,1,1,1,1,0.03803147,11,6,-1,medium,medium,0.85,medium,2,,,,,,ablation,524121
E,E_00097,phone_pick,oracle_sfc,1,1,0,0,1,1,0.05567419,11,6,-1,medium,medium,0.85,medium,2,,,,,,ablation,524121
E,E_00097,phone_pick,semantic_only,1,1,0,0,1,1,0.0,11,6,-1,medium,medium,0.85,medium,2,,,,,,ablation,524121
E,E_00097,phone_pick,posthoc_single,0,0,0,1,1,1,0.03803147,11,6,-1,medium,medium,0.85,medium,2,,,,,,ablation,524121
E,E_00097,phone_pick,soft_penalty_fc,1,0,1,1,1,1,0.03803147,11,6,-1,medium,medium,0.85,medium,2,,,,,,ablation,524121
E,E_00097_obs,phone_pick,delete_noisy_roles,1,0,1,1,1,1,0.06211904,11,6,7,medium,medium,0.85,medium,2,,,,,,ablation,524121
E,E_00097_auditless,phone_pick,auditless_geometric,1,0,1,1,1,1,0.03803147,11,6,7,medium,medium,0.85,medium,2,,,,,,ablation,524121
E,E_00098,phone_pick,geometric_fc,1,0,1,1,1,1,0.03759434,11,6,-1,medium,medium,0.85,medium,2,,,,,,ablation,524122
E,E_00098,phone_pick,oracle_sfc,1,1,0,0,1,1,0.05270421,11,6,-1,medium,medium,0.85,medium,2,,,,,,ablation,524122
E,E_00098,phone_pick,semantic_only,1,1,0,0,1,1,0.0,11,6,-1,medium,medium,0.85,medium,2,,,,,,ablation,524122
E,E_00098,phone_pick,posthoc_single,0,0,0,1,1,1,0.03759434,11,6,-1,medium,medium,0.85,medium,2,,,,,,ablation,524122
E,E_00098,phone_pick,soft_penalty_fc,1,0,1,1,1,1,0.03759434,11,6,-1,medium,medium,0.85,medium,2,,,,,,ablation,524122
E,E_00098_obs,phone_pick,delete_noisy_roles,1,1,0,0,1,1,0.05270421,11,6,6,medium,medium,0.85,medium,2,,,,,,ablation,524122
E,E_00098_auditless,phone_pick,auditless_geometric,1,0,1,1,1,1,0.03759434,11,6,6,medium,medium,0.85,medium,2,,,,,,ablation,524122
E,E_00099,phone_pick,geometric_fc,1,0,1,1,1,1,0.03849848,11,6,-1,medium,medium,0.85,medium,2,,,,,,ablation,524123
E,E_00099,phone_pick,oracle_sfc,1,1,0,0,1,1,0.05202992,11,6,-1,medium,medium,0.85,medium,2,,,,,,ablation,524123
E,E_00099,phone_pick,semantic_only,1,1,0,0,1,1,0.0,11,6,-1,medium,medium,0.85,medium,2,,,,,,ablation,524123
E,E_00099,phone_pick,posthoc_single,0,0,0,1,1,1,0.03849848,11,6,-1,medium,medium,0.85,medium,2,,,,,,ablation,524123
E,E_00099,phone_pick,soft_penalty_fc,1,0,1,1,1,1,0.03849848,11,6,-1,medium,medium,0.85,medium,2,,,,,,ablation,524123
E,E_00099_obs,phone_pick,delete_noisy_roles,1,1,0,0,1,1,0.05141915,11,6,5,medium,medium,0.85,medium,2,,,,,,ablation,524123
E,E_00099_auditless,phone_pick,auditless_geometric,1,0,1,1,1,1,0.03849848,11,6,5,medium,medium,0.85,medium,2,,,,,,ablation,524123
E,E_00100,phone_pick,geometric_fc,1,0,1,1,1,1,0.03806224,11,6,-1,medium,medium,0.85,medium,2,,,,,,ablation,524124
E,E_00100,phone_pick,oracle_sfc,1,1,0,0,1,1,0.05649025,11,6,-1,medium,medium,0.85,medium,2,,,,,,ablation,524124
E,E_00100,phone_pick,semantic_only,1,1,0,0,1,1,0.0,11,6,-1,medium,medium,0.85,medium,2,,,,,,ablation,524124
E,E_00100,phone_pick,posthoc_single,0,0,0,1,1,1,0.03806224,11,6,-1,medium,medium,0.85,medium,2,,,,,,ablation,524124
E,E_00100,phone_pick,soft_penalty_fc,1,0,1,1,1,1,0.03806224,11,6,-1,medium,medium,0.85,medium,2,,,,,,ablation,524124
E,E_00100_obs,phone_pick,delete_noisy_roles,1,1,0,0,1,1,0.05773913,11,6,5,medium,medium,0.85,medium,2,,,,,,ablation,524124
E,E_00100_auditless,phone_pick,auditless_geometric,1,0,1,1,1,1,0.03806224,11,6,5,medium,medium,0.85,medium,2,,,,,,ablation,524124
E,E_00101,phone_pick,geometric_fc,1,0,1,1,1,1,0.03696557,11,6,-1,medium,medium,0.85,medium,2,,,,,,ablation,524125
E,E_00101,phone_pick,oracle_sfc,1,1,0,0,1,1,0.05680728,11,6,-1,medium,medium,0.85,medium,2,,,,,,ablation,524125
E,E_00101,phone_pick,semantic_only,1,1,0,0,1,1,0.0,11,6,-1,medium,medium,0.85,medium,2,,,,,,ablation,524125
E,E_00101,phone_pick,posthoc_single,0,0,0,1,1,1,0.03696557,11,6,-1,medium,medium,0.85,medium,2,,,,,,ablation,524125
E,E_00101,phone_pick,soft_penalty_fc,1,0,1,1,1,1,0.03696557,11,6,-1,medium,medium,0.85,medium,2,,,,,,ablation,524125
E,E_00101_obs,phone_pick,delete_noisy_roles,1,1,0,0,1,1,0.05680728,11,6,6,medium,medium,0.85,medium,2,,,,,,ablation,524125
E,E_00101_auditless,phone_pick,auditless_geometric,1,0,1,1,1,1,0.03696557,11,6,6,medium,medium,0.85,medium,2,,,,,,ablation,524125
E,E_00102,phone_pick,geometric_fc,1,0,1,1,1,1,0.03818604,11,6,-1,medium,medium,0.85,medium,2,,,,,,ablation,524126
E,E_00102,phone_pick,oracle_sfc,1,1,0,0,1,1,0.052664,11,6,-1,medium,medium,0.85,medium,2,,,,,,ablation,524126
E,E_00102,phone_pick,semantic_only,1,1,0,0,1,1,0.0,11,6,-1,medium,medium,0.85,medium,2,,,,,,ablation,524126
E,E_00102,phone_pick,posthoc_single,0,0,0,1,1,1,0.03818604,11,6,-1,medium,medium,0.85,medium,2,,,,,,ablation,524126
E,E_00102,phone_pick,soft_penalty_fc,1,0,1,1,1,1,0.03818604,11,6,-1,medium,medium,0.85,medium,2,,,,,,ablation,524126
E,E_00102_obs,phone_pick,delete_noisy_roles,1,1,0,0,1,1,0.052664,11,6,6,medium,medium,0.85,medium,2,,,,,,ablation,524126
E,E_00102_auditless,phone_pick,auditless_geometric,1,0,1,1,1,1,0.03818604,11,6,6,medium,medium,0.85,medium,2,,,,,,ablation,524126
E,E_00103,phone_pick,geometric_fc,1,0,1,1,1,1,0.037313,11,6,-1,medium,medium,0.85,medium,2,,,,,,ablation,524127
E,E_00103,phone_pick,oracle_sfc,1,1,0,0,1,1,0.05925095,11,6,-1,medium,medium,0.85,medium,2,,,,,,ablation,524127
E,E_00103,phone_pick,semantic_only,1,1,0,0,1,1,0.0,11,6,-1,medium,medium,0.85,medium,2,,,,,,ablation,524127
E,E_00103,phone_pick,posthoc_single,0,0,0,1,1,1,0.037313,11,6,-1,medium,medium,0.85,medium,2,,,,,,ablation,524127
E,E_00103,phone_pick,soft_penalty_fc,1,0,1,1,1,1,0.037313,11,6,-1,medium,medium,0.85,medium,2,,,,,,ablation,524127
E,E_00103_obs,phone_pick,delete_noisy_roles,1,1,0,0,1,1,0.05925095,11,6,6,medium,medium,0.85,medium,2,,,,,,ablation,524127
E,E_00103_auditless,phone_pick,auditless_geometric,1,0,1,1,1,1,0.037313,11,6,6,medium,medium,0.85,medium,2,,,,,,ablation,524127
E,E_00104,phone_pick,geometric_fc,1,0,1,1,1,1,0.03905409,11,6,-1,medium,medium,0.85,medium,2,,,,,,ablation,524128
E,E_00104,phone_pick,oracle_sfc,1,1,0,0,1,1,0.04825355,11,6,-1,medium,medium,0.85,medium,2,,,,,,ablation,524128
E,E_00104,phone_pick,semantic_only,1,1,0,0,1,1,0.0,11,6,-1,medium,medium,0.85,medium,2,,,,,,ablation,524128
E,E_00104,phone_pick,posthoc_single,0,0,0,1,1,1,0.03905409,11,6,-1,medium,medium,0.85,medium,2,,,,,,ablation,524128
E,E_00104,phone_pick,soft_penalty_fc,1,0,1,1,1,1,0.03905409,11,6,-1,medium,medium,0.85,medium,2,,,,,,ablation,524128
E,E_00104_obs,phone_pick,delete_noisy_roles,1,1,0,0,1,1,0.04825355,11,6,6,medium,medium,0.85,medium,2,,,,,,ablation,524128
E,E_00104_auditless,phone_pick,auditless_geometric,1,0,1,1,1,1,0.03905409,11,6,6,medium,medium,0.85,medium,2,,,,,,ablation,524128
E,E_00105,phone_pick,geometric_fc,1,0,1,1,1,1,0.03723161,11,6,-1,medium,medium,0.85,medium,2,,,,,,ablation,524129
E,E_00105,phone_pick,oracle_sfc,1,1,0,0,1,1,0.05175905,11,6,-1,medium,medium,0.85,medium,2,,,,,,ablation,524129
E,E_00105,phone_pick,semantic_only,1,1,0,0,1,1,0.0,11,6,-1,medium,medium,0.85,medium,2,,,,,,ablation,524129
E,E_00105,phone_pick,posthoc_single,0,0,0,1,1,1,0.03723161,11,6,-1,medium,medium,0.85,medium,2,,,,,,ablation,524129
E,E_00105,phone_pick,soft_penalty_fc,1,0,1,1,1,1,0.03723161,11,6,-1,medium,medium,0.85,medium,2,,,,,,ablation,524129
E,E_00105_obs,phone_pick,delete_noisy_roles,1,1,0,0,1,1,0.05175905,11,6,6,medium,medium,0.85,medium,2,,,,,,ablation,524129
E,E_00105_auditless,phone_pick,auditless_geometric,1,0,1,1,1,1,0.03723161,11,6,6,medium,medium,0.85,medium,2,,,,,,ablation,524129
E,E_00106,phone_pick,geometric_fc,1,0,1,1,1,1,0.03779982,11,6,-1,medium,medium,0.85,medium,2,,,,,,ablation,524130
E,E_00106,phone_pick,oracle_sfc,1,1,0,0,1,1,0.05406718,11,6,-1,medium,medium,0.85,medium,2,,,,,,ablation,524130
E,E_00106,phone_pick,semantic_only,1,1,0,0,1,1,0.0,11,6,-1,medium,medium,0.85,medium,2,,,,,,ablation,524130
E,E_00106,phone_pick,posthoc_single,0,0,0,1,1,1,0.03779982,11,6,-1,medium,medium,0.85,medium,2,,,,,,ablation,524130
E,E_00106,phone_pick,soft_penalty_fc,1,0,1,1,1,1,0.03779982,11,6,-1,medium,medium,0.85,medium,2,,,,,,ablation,524130
E,E_00106_obs,phone_pick,delete_noisy_roles,1,1,0,0,1,1,0.05406718,11,6,6,medium,medium,0.85,medium,2,,,,,,ablation,524130
E,E_00106_auditless,phone_pick,auditless_geometric,1,0,1,1,1,1,0.03779982,11,6,6,medium,medium,0.85,medium,2,,,,,,ablation,524130
E,E_00107,phone_pick,geometric_fc,1,0,1,1,1,1,0.03859961,11,6,-1,medium,medium,0.85,medium,2,,,,,,ablation,524131
E,E_00107,phone_pick,oracle_sfc,1,1,0,0,1,1,0.05520471,11,6,-1,medium,medium,0.85,medium,2,,,,,,ablation,524131
E,E_00107,phone_pick,semantic_only,1,1,0,0,1,1,0.0,11,6,-1,medium,medium,0.85,medium,2,,,,,,ablation,524131
E,E_00107,phone_pick,posthoc_single,0,0,0,1,1,1,0.03859961,11,6,-1,medium,medium,0.85,medium,2,,,,,,ablation,524131
E,E_00107,phone_pick,soft_penalty_fc,1,0,1,1,1,1,0.03859961,11,6,-1,medium,medium,0.85,medium,2,,,,,,ablation,524131
E,E_00107_obs,phone_pick,delete_noisy_roles,1,1,0,0,1,1,0.05877644,11,6,5,medium,medium,0.85,medium,2,,,,,,ablation,524131
E,E_00107_auditless,phone_pick,auditless_geometric,1,0,1,1,1,1,0.03859961,11,6,5,medium,medium,0.85,medium,2,,,,,,ablation,524131
E,E_00108,phone_pick,geometric_fc,1,0,1,1,1,1,0.03752742,11,6,-1,medium,medium,0.85,medium,2,,,,,,ablation,524132
E,E_00108,phone_pick,oracle_sfc,1,1,0,0,1,1,0.05519448,11,6,-1,medium,medium,0.85,medium,2,,,,,,ablation,524132
E,E_00108,phone_pick,semantic_only,1,1,0,0,1,1,0.0,11,6,-1,medium,medium,0.85,medium,2,,,,,,ablation,524132
E,E_00108,phone_pick,posthoc_single,0,0,0,1,1,1,0.03752742,11,6,-1,medium,medium,0.85,medium,2,,,,,,ablation,524132
E,E_00108,phone_pick,soft_penalty_fc,1,0,1,1,1,1,0.03752742,11,6,-1,medium,medium,0.85,medium,2,,,,,,ablation,524132
E,E_00108_obs,phone_pick,delete_noisy_roles,1,0,1,1,1,1,0.05867824,11,6,7,medium,medium,0.85,medium,2,,,,,,ablation,524132
E,E_00108_auditless,phone_pick,auditless_geometric,1,0,1,1,1,1,0.03752742,11,6,7,medium,medium,0.85,medium,2,,,,,,ablation,524132
E,E_00109,spray_bottle_use,geometric_fc,1,0,1,1,1,1,0.03338979,12,7,-1,medium,medium,0.25,medium,2,,,,,,ablation,524133
E,E_00109,spray_bottle_use,oracle_sfc,1,1,0,0,1,1,0.01769454,12,7,-1,medium,medium,0.25,medium,2,,,,,,ablation,524133
E,E_00109,spray_bottle_use,semantic_only,1,1,0,0,1,1,0.0,12,7,-1,medium,medium,0.25,medium,2,,,,,,ablation,524133
E,E_00109,spray_bottle_use,posthoc_single,0,0,0,1,1,1,0.03338979,12,7,-1,medium,medium,0.25,medium,2,,,,,,ablation,524133
E,E_00109,spray_bottle_use,soft_penalty_fc,1,0,1,1,1,1,0.03338979,12,7,-1,medium,medium,0.25,medium,2,,,,,,ablation,524133
E,E_00109_obs,spray_bottle_use,delete_noisy_roles,1,0,1,1,1,1,0.04075073,12,7,8,medium,medium,0.25,medium,2,,,,,,ablation,524133
E,E_00109_auditless,spray_bottle_use,auditless_geometric,1,0,1,1,1,1,0.03338979,12,7,8,medium,medium,0.25,medium,2,,,,,,ablation,524133
E,E_00110,spray_bottle_use,geometric_fc,1,0,1,1,1,1,0.03203815,12,7,-1,medium,medium,0.25,medium,2,,,,,,ablation,524134
E,E_00110,spray_bottle_use,oracle_sfc,1,1,0,0,1,1,0.02449248,12,7,-1,medium,medium,0.25,medium,2,,,,,,ablation,524134
E,E_00110,spray_bottle_use,semantic_only,1,1,0,0,1,1,0.0,12,7,-1,medium,medium,0.25,medium,2,,,,,,ablation,524134
E,E_00110,spray_bottle_use,posthoc_single,0,0,0,1,1,1,0.03203815,12,7,-1,medium,medium,0.25,medium,2,,,,,,ablation,524134
E,E_00110,spray_bottle_use,soft_penalty_fc,1,0,1,1,1,1,0.03203815,12,7,-1,medium,medium,0.25,medium,2,,,,,,ablation,524134
E,E_00110_obs,spray_bottle_use,delete_noisy_roles,1,0,1,1,1,1,0.0493924,12,7,7,medium,medium,0.25,medium,2,,,,,,ablation,524134
E,E_00110_auditless,spray_bottle_use,auditless_geometric,1,0,1,1,1,1,0.03203815,12,7,7,medium,medium,0.25,medium,2,,,,,,ablation,524134
E,E_00111,spray_bottle_use,geometric_fc,1,0,1,1,1,1,0.0350963,12,7,-1,medium,medium,0.25,medium,2,,,,,,ablation,524135
E,E_00111,spray_bottle_use,oracle_sfc,1,1,0,0,1,1,0.01743652,12,7,-1,medium,medium,0.25,medium,2,,,,,,ablation,524135
E,E_00111,spray_bottle_use,semantic_only,1,1,0,0,1,1,0.0,12,7,-1,medium,medium,0.25,medium,2,,,,,,ablation,524135
E,E_00111,spray_bottle_use,posthoc_single,0,0,0,1,1,1,0.0350963,12,7,-1,medium,medium,0.25,medium,2,,,,,,ablation,524135
E,E_00111,spray_bottle_use,soft_penalty_fc,1,0,1,1,1,1,0.0350963,12,7,-1,medium,medium,0.25,medium,2,,,,,,ablation,524135
E,E_00111_obs,spray_bottle_use,delete_noisy_roles,1,1,0,0,1,1,0.01743652,12,7,7,medium,medium,0.25,medium,2,,,,,,ablation,524135
E,E_00111_auditless,spray_bottle_use,auditless_geometric,1,0,1,1,1,1,0.0350963,12,7,7,medium,medium,0.25,medium,2,,,,,,ablation,524135
E,E_00112,spray_bottle_use,geometric_fc,1,0,1,1,1,1,0.0359701,12,7,-1,medium,medium,0.25,medium,2,,,,,,ablation,524136
E,E_00112,spray_bottle_use,oracle_sfc,1,1,0,0,1,1,0.03153988,12,7,-1,medium,medium,0.25,medium,2,,,,,,ablation,524136
E,E_00112,spray_bottle_use,semantic_only,1,1,0,0,1,1,0.0,12,7,-1,medium,medium,0.25,medium,2,,,,,,ablation,524136
E,E_00112,spray_bottle_use,posthoc_single,0,0,0,1,1,1,0.0359701,12,7,-1,medium,medium,0.25,medium,2,,,,,,ablation,524136
E,E_00112,spray_bottle_use,soft_penalty_fc,1,0,1,1,1,1,0.0359701,12,7,-1,medium,medium,0.25,medium,2,,,,,,ablation,524136
E,E_00112_obs,spray_bottle_use,delete_noisy_roles,1,1,0,0,1,1,0.03153988,12,7,7,medium,medium,0.25,medium,2,,,,,,ablation,524136
E,E_00112_auditless,spray_bottle_use,auditless_geometric,1,0,1,1,1,1,0.0359701,12,7,7,medium,medium,0.25,medium,2,,,,,,ablation,524136
E,E_00113,spray_bottle_use,geometric_fc,1,0,1,1,1,1,0.03159416,12,7,-1,medium,medium,0.25,medium,2,,,,,,ablation,524137
E,E_00113,spray_bottle_use,oracle_sfc,1,1,0,0,1,1,0.03157145,12,7,-1,medium,medium,0.25,medium,2,,,,,,ablation,524137
E,E_00113,spray_bottle_use,semantic_only,1,1,0,0,1,1,0.0,12,7,-1,medium,medium,0.25,medium,2,,,,,,ablation,524137
E,E_00113,spray_bottle_use,posthoc_single,0,0,0,1,1,1,0.03159416,12,7,-1,medium,medium,0.25,medium,2,,,,,,ablation,524137
E,E_00113,spray_bottle_use,soft_penalty_fc,1,0,1,1,1,1,0.03159416,12,7,-1,medium,medium,0.25,medium,2,,,,,,ablation,524137
E,E_00113_obs,spray_bottle_use,delete_noisy_roles,1,1,0,0,1,1,0.03157145,12,7,7,medium,medium,0.25,medium,2,,,,,,ablation,524137
E,E_00113_auditless,spray_bottle_use,auditless_geometric,1,0,1,1,1,1,0.03159416,12,7,7,medium,medium,0.25,medium,2,,,,,,ablation,524137
E,E_00114,spray_bottle_use,geometric_fc,1,0,1,1,1,1,0.0304431,12,7,-1,medium,medium,0.25,medium,2,,,,,,ablation,524138
E,E_00114,spray_bottle_use,oracle_sfc,1,1,0,0,1,1,0.03119808,12,7,-1,medium,medium,0.25,medium,2,,,,,,ablation,524138
E,E_00114,spray_bottle_use,semantic_only,1,1,0,0,1,1,0.0,12,7,-1,medium,medium,0.25,medium,2,,,,,,ablation,524138
E,E_00114,spray_bottle_use,posthoc_single,0,0,0,1,1,1,0.0304431,12,7,-1,medium,medium,0.25,medium,2,,,,,,ablation,524138
E,E_00114,spray_bottle_use,soft_penalty_fc,1,0,1,1,1,1,0.0304431,12,7,-1,medium,medium,0.25,medium,2,,,,,,ablation,524138
E,E_00114_obs,spray_bottle_use,delete_noisy_roles,1,1,0,0,1,1,0.02839214,12,7,6,medium,medium,0.25,medium,2,,,,,,ablation,524138
E,E_00114_auditless,spray_bottle_use,auditless_geometric,1,0,1,1,1,1,0.0304431,12,7,6,medium,medium,0.25,medium,2,,,,,,ablation,524138
E,E_00115,spray_bottle_use,geometric_fc,1,0,1,1,1,1,0.03330672,12,7,-1,medium,medium,0.25,medium,2,,,,,,ablation,524139
E,E_00115,spray_bottle_use,oracle_sfc,1,1,0,0,1,1,0.01712554,12,7,-1,medium,medium,0.25,medium,2,,,,,,ablation,524139
E,E_00115,spray_bottle_use,semantic_only,1,1,0,0,1,1,0.0,12,7,-1,medium,medium,0.25,medium,2,,,,,,ablation,524139
E,E_00115,spray_bottle_use,posthoc_single,0,0,0,1,1,1,0.03330672,12,7,-1,medium,medium,0.25,medium,2,,,,,,ablation,524139
E,E_00115,spray_bottle_use,soft_penalty_fc,1,0,1,1,1,1,0.03330672,12,7,-1,medium,medium,0.25,medium,2,,,,,,ablation,524139
E,E_00115_obs,spray_bottle_use,delete_noisy_roles,1,0,1,1,1,1,0.04038374,12,7,8,medium,medium,0.25,medium,2,,,,,,ablation,524139
E,E_00115_auditless,spray_bottle_use,auditless_geometric,1,0,1,1,1,1,0.03330672,12,7,8,medium,medium,0.25,medium,2,,,,,,ablation,524139
E,E_00116,spray_bottle_use,geometric_fc,1,0,1,1,1,1,0.03369594,12,7,-1,medium,medium,0.25,medium,2,,,,,,ablation,524140
E,E_00116,spray_bottle_use,oracle_sfc,1,1,0,0,1,1,0.01874728,12,7,-1,medium,medium,0.25,medium,2,,,,,,ablation,524140
E,E_00116,spray_bottle_use,semantic_only,1,1,0,0,1,1,0.0,12,7,-1,medium,medium,0.25,medium,2,,,,,,ablation,524140
E,E_00116,spray_bottle_use,posthoc_single,0,0,0,1,1,1,0.03369594,12,7,-1,medium,medium,0.25,medium,2,,,,,,ablation,524140
E,E_00116,spray_bottle_use,soft_penalty_fc,1,0,1,1,1,1,0.03369594,12,7,-1,medium,medium,0.25,medium,2,,,,,,ablation,524140
E,E_00116_obs,spray_bottle_use,delete_noisy_roles,1,1,0,0,1,1,0.01874728,12,7,7,medium,medium,0.25,medium,2,,,,,,ablation,524140
E,E_00116_auditless,spray_bottle_use,auditless_geometric,1,0,1,1,1,1,0.03369594,12,7,7,medium,medium,0.25,medium,2,,,,,,ablation,524140
E,E_00117,spray_bottle_use,geometric_fc,1,0,1,1,1,1,0.03536869,12,7,-1,medium,medium,0.25,medium,2,,,,,,ablation,524141
E,E_00117,spray_bottle_use,oracle_sfc,1,1,0,0,1,1,0.0195862,12,7,-1,medium,medium,0.25,medium,2,,,,,,ablation,524141
E,E_00117,spray_bottle_use,semantic_only,1,1,0,0,1,1,0.0,12,7,-1,medium,medium,0.25,medium,2,,,,,,ablation,524141
E,E_00117,spray_bottle_use,posthoc_single,0,0,0,1,1,1,0.03536869,12,7,-1,medium,medium,0.25,medium,2,,,,,,ablation,524141
E,E_00117,spray_bottle_use,soft_penalty_fc,1,0,1,1,1,1,0.03536869,12,7,-1,medium,medium,0.25,medium,2,,,,,,ablation,524141
E,E_00117_obs,spray_bottle_use,delete_noisy_roles,1,0,1,1,1,1,0.04168287,12,7,8,medium,medium,0.25,medium,2,,,,,,ablation,524141
E,E_00117_auditless,spray_bottle_use,auditless_geometric,1,0,1,1,1,1,0.03536869,12,7,8,medium,medium,0.25,medium,2,,,,,,ablation,524141
E,E_00118,spray_bottle_use,geometric_fc,1,0,1,1,1,1,0.03360995,12,7,-1,medium,medium,0.25,medium,2,,,,,,ablation,524142
E,E_00118,spray_bottle_use,oracle_sfc,1,1,0,0,1,1,0.02967123,12,7,-1,medium,medium,0.25,medium,2,,,,,,ablation,524142
E,E_00118,spray_bottle_use,semantic_only,1,1,0,0,1,1,0.0,12,7,-1,medium,medium,0.25,medium,2,,,,,,ablation,524142
E,E_00118,spray_bottle_use,posthoc_single,0,0,0,1,1,1,0.03360995,12,7,-1,medium,medium,0.25,medium,2,,,,,,ablation,524142
E,E_00118,spray_bottle_use,soft_penalty_fc,1,0,1,1,1,1,0.03360995,12,7,-1,medium,medium,0.25,medium,2,,,,,,ablation,524142
E,E_00118_obs,spray_bottle_use,delete_noisy_roles,1,0,1,1,1,1,0.04638549,12,7,8,medium,medium,0.25,medium,2,,,,,,ablation,524142
E,E_00118_auditless,spray_bottle_use,auditless_geometric,1,0,1,1,1,1,0.03360995,12,7,8,medium,medium,0.25,medium,2,,,,,,ablation,524142
E,E_00119,spray_bottle_use,geometric_fc,1,0,1,1,1,1,0.03362059,12,7,-1,medium,medium,0.25,medium,2,,,,,,ablation,524143
E,E_00119,spray_bottle_use,oracle_sfc,1,1,0,0,1,1,0.03277513,12,7,-1,medium,medium,0.25,medium,2,,,,,,ablation,524143
E,E_00119,spray_bottle_use,semantic_only,1,1,0,0,1,1,0.0,12,7,-1,medium,medium,0.25,medium,2,,,,,,ablation,524143
E,E_00119,spray_bottle_use,posthoc_single,0,0,0,1,1,1,0.03362059,12,7,-1,medium,medium,0.25,medium,2,,,,,,ablation,524143
E,E_00119,spray_bottle_use,soft_penalty_fc,1,0,1,1,1,1,0.03362059,12,7,-1,medium,medium,0.25,medium,2,,,,,,ablation,524143
E,E_00119_obs,spray_bottle_use,delete_noisy_roles,1,0,1,1,1,1,0.04499166,12,7,8,medium,medium,0.25,medium,2,,,,,,ablation,524143
E,E_00119_auditless,spray_bottle_use,auditless_geometric,1,0,1,1,1,1,0.03362059,12,7,8,medium,medium,0.25,medium,2,,,,,,ablation,524143
E,E_00120,spray_bottle_use,geometric_fc,1,0,1,1,1,1,0.03158113,12,7,-1,medium,medium,0.25,medium,2,,,,,,ablation,524144
E,E_00120,spray_bottle_use,oracle_sfc,1,1,0,0,1,1,0.0416614,12,7,-1,medium,medium,0.25,medium,2,,,,,,ablation,524144
E,E_00120,spray_bottle_use,semantic_only,1,1,0,0,1,1,0.0,12,7,-1,medium,medium,0.25,medium,2,,,,,,ablation,524144
E,E_00120,spray_bottle_use,posthoc_single,0,0,0,1,1,1,0.03158113,12,7,-1,medium,medium,0.25,medium,2,,,,,,ablation,524144
E,E_00120,spray_bottle_use,soft_penalty_fc,1,0,1,1,1,1,0.03158113,12,7,-1,medium,medium,0.25,medium,2,,,,,,ablation,524144
E,E_00120_obs,spray_bottle_use,delete_noisy_roles,1,0,1,1,1,1,0.0389022,12,7,7,medium,medium,0.25,medium,2,,,,,,ablation,524144
E,E_00120_auditless,spray_bottle_use,auditless_geometric,1,0,1,1,1,1,0.03158113,12,7,7,medium,medium,0.25,medium,2,,,,,,ablation,524144
E,E_00121,spray_bottle_use,geometric_fc,1,0,1,1,1,1,0.03215425,12,7,-1,medium,medium,0.55,medium,2,,,,,,ablation,524145
E,E_00121,spray_bottle_use,oracle_sfc,1,1,0,0,1,1,0.02585811,12,7,-1,medium,medium,0.55,medium,2,,,,,,ablation,524145
E,E_00121,spray_bottle_use,semantic_only,1,1,0,0,1,1,0.0,12,7,-1,medium,medium,0.55,medium,2,,,,,,ablation,524145
E,E_00121,spray_bottle_use,posthoc_single,0,0,0,1,1,1,0.03215425,12,7,-1,medium,medium,0.55,medium,2,,,,,,ablation,524145
E,E_00121,spray_bottle_use,soft_penalty_fc,1,0,1,1,1,1,0.03215425,12,7,-1,medium,medium,0.55,medium,2,,,,,,ablation,524145
E,E_00121_obs,spray_bottle_use,delete_noisy_roles,1,0,1,1,1,1,0.04146513,12,7,8,medium,medium,0.55,medium,2,,,,,,ablation,524145
E,E_00121_auditless,spray_bottle_use,auditless_geometric,1,0,1,1,1,1,0.03215425,12,7,8,medium,medium,0.55,medium,2,,,,,,ablation,524145
E,E_00122,spray_bottle_use,geometric_fc,1,0,1,1,1,1,0.03504088,12,7,-1,medium,medium,0.55,medium,2,,,,,,ablation,524146
E,E_00122,spray_bottle_use,oracle_sfc,1,1,0,0,1,1,0.02371152,12,7,-1,medium,medium,0.55,medium,2,,,,,,ablation,524146
E,E_00122,spray_bottle_use,semantic_only,1,1,0,0,1,1,0.0,12,7,-1,medium,medium,0.55,medium,2,,,,,,ablation,524146
E,E_00122,spray_bottle_use,posthoc_single,0,0,0,1,1,1,0.03504088,12,7,-1,medium,medium,0.55,medium,2,,,,,,ablation,524146
E,E_00122,spray_bottle_use,soft_penalty_fc,1,0,1,1,1,1,0.03504088,12,7,-1,medium,medium,0.55,medium,2,,,,,,ablation,524146
E,E_00122_obs,spray_bottle_use,delete_noisy_roles,1,0,1,1,1,1,0.05109395,12,7,7,medium,medium,0.55,medium,2,,,,,,ablation,524146
E,E_00122_auditless,spray_bottle_use,auditless_geometric,1,0,1,1,1,1,0.03504088,12,7,7,medium,medium,0.55,medium,2,,,,,,ablation,524146
E,E_00123,spray_bottle_use,geometric_fc,1,0,1,1,1,1,0.03724726,12,7,-1,medium,medium,0.55,medium,2,,,,,,ablation,524147
E,E_00123,spray_bottle_use,oracle_sfc,1,1,0,0,1,1,0.01461107,12,7,-1,medium,medium,0.55,medium,2,,,,,,ablation,524147
E,E_00123,spray_bottle_use,semantic_only,1,1,0,0,1,1,0.0,12,7,-1,medium,medium,0.55,medium,2,,,,,,ablation,524147
E,E_00123,spray_bottle_use,posthoc_single,0,0,0,1,1,1,0.03724726,12,7,-1,medium,medium,0.55,medium,2,,,,,,ablation,524147
E,E_00123,spray_bottle_use,soft_penalty_fc,1,0,1,1,1,1,0.03724726,12,7,-1,medium,medium,0.55,medium,2,,,,,,ablation,524147
E,E_00123_obs,spray_bottle_use,delete_noisy_roles,1,0,1,1,1,1,0.0390357,12,7,8,medium,medium,0.55,medium,2,,,,,,ablation,524147
E,E_00123_auditless,spray_bottle_use,auditless_geometric,1,0,1,1,1,1,0.03724726,12,7,8,medium,medium,0.55,medium,2,,,,,,ablation,524147
E,E_00124,spray_bottle_use,geometric_fc,1,0,1,1,1,1,0.03312133,12,7,-1,medium,medium,0.55,medium,2,,,,,,ablation,524148
E,E_00124,spray_bottle_use,oracle_sfc,1,1,0,0,1,1,0.0274897,12,7,-1,medium,medium,0.55,medium,2,,,,,,ablation,524148
E,E_00124,spray_bottle_use,semantic_only,1,1,0,0,1,1,0.0,12,7,-1,medium,medium,0.55,medium,2,,,,,,ablation,524148
E,E_00124,spray_bottle_use,posthoc_single,0,0,0,1,1,1,0.03312133,12,7,-1,medium,medium,0.55,medium,2,,,,,,ablation,524148
E,E_00124,spray_bottle_use,soft_penalty_fc,1,0,1,1,1,1,0.03312133,12,7,-1,medium,medium,0.55,medium,2,,,,,,ablation,524148
E,E_00124_obs,spray_bottle_use,delete_noisy_roles,1,1,0,0,1,1,0.0274897,12,7,7,medium,medium,0.55,medium,2,,,,,,ablation,524148
E,E_00124_auditless,spray_bottle_use,auditless_geometric,1,0,1,1,1,1,0.03312133,12,7,7,medium,medium,0.55,medium,2,,,,,,ablation,524148
E,E_00125,spray_bottle_use,geometric_fc,1,0,1,1,1,1,0.03482822,12,7,-1,medium,medium,0.55,medium,2,,,,,,ablation,524149
E,E_00125,spray_bottle_use,oracle_sfc,1,1,0,0,1,1,0.0021586,12,7,-1,medium,medium,0.55,medium,2,,,,,,ablation,524149
E,E_00125,spray_bottle_use,semantic_only,1,1,0,0,1,1,0.0,12,7,-1,medium,medium,0.55,medium,2,,,,,,ablation,524149
E,E_00125,spray_bottle_use,posthoc_single,0,0,0,1,1,1,0.03482822,12,7,-1,medium,medium,0.55,medium,2,,,,,,ablation,524149
E,E_00125,spray_bottle_use,soft_penalty_fc,1,0,1,1,1,1,0.03482822,12,7,-1,medium,medium,0.55,medium,2,,,,,,ablation,524149
E,E_00125_obs,spray_bottle_use,delete_noisy_roles,1,1,0,0,1,1,0.0021586,12,7,7,medium,medium,0.55,medium,2,,,,,,ablation,524149
E,E_00125_auditless,spray_bottle_use,auditless_geometric,1,0,1,1,1,1,0.03482822,12,7,7,medium,medium,0.55,medium,2,,,,,,ablation,524149
E,E_00126,spray_bottle_use,geometric_fc,1,0,1,1,1,1,0.03210885,12,7,-1,medium,medium,0.55,medium,2,,,,,,ablation,524150
E,E_00126,spray_bottle_use,oracle_sfc,1,1,0,0,1,1,0.02803627,12,7,-1,medium,medium,0.55,medium,2,,,,,,ablation,524150
E,E_00126,spray_bottle_use,semantic_only,1,1,0,0,1,1,0.0,12,7,-1,medium,medium,0.55,medium,2,,,,,,ablation,524150
E,E_00126,spray_bottle_use,posthoc_single,0,0,0,1,1,1,0.03210885,12,7,-1,medium,medium,0.55,medium,2,,,,,,ablation,524150
E,E_00126,spray_bottle_use,soft_penalty_fc,1,0,1,1,1,1,0.03210885,12,7,-1,medium,medium,0.55,medium,2,,,,,,ablation,524150
E,E_00126_obs,spray_bottle_use,delete_noisy_roles,1,1,0,0,1,1,0.02803627,12,7,7,medium,medium,0.55,medium,2,,,,,,ablation,524150
E,E_00126_auditless,spray_bottle_use,auditless_geometric,1,0,1,1,1,1,0.03210885,12,7,7,medium,medium,0.55,medium,2,,,,,,ablation,524150
E,E_00127,spray_bottle_use,geometric_fc,1,0,1,1,1,1,0.03283191,12,7,-1,medium,medium,0.55,medium,2,,,,,,ablation,524151
E,E_00127,spray_bottle_use,oracle_sfc,1,1,0,0,1,1,0.01486811,12,7,-1,medium,medium,0.55,medium,2,,,,,,ablation,524151
E,E_00127,spray_bottle_use,semantic_only,1,1,0,0,1,1,0.0,12,7,-1,medium,medium,0.55,medium,2,,,,,,ablation,524151
E,E_00127,spray_bottle_use,posthoc_single,0,0,0,1,1,1,0.03283191,12,7,-1,medium,medium,0.55,medium,2,,,,,,ablation,524151
E,E_00127,spray_bottle_use,soft_penalty_fc,1,0,1,1,1,1,0.03283191,12,7,-1,medium,medium,0.55,medium,2,,,,,,ablation,524151
E,E_00127_obs,spray_bottle_use,delete_noisy_roles,1,1,0,0,1,1,0.01545187,12,7,6,medium,medium,0.55,medium,2,,,,,,ablation,524151
E,E_00127_auditless,spray_bottle_use,auditless_geometric,1,0,1,1,1,1,0.03283191,12,7,6,medium,medium,0.55,medium,2,,,,,,ablation,524151
E,E_00128,spray_bottle_use,geometric_fc,1,0,1,1,1,1,0.03160822,12,7,-1,medium,medium,0.55,medium,2,,,,,,ablation,524152
E,E_00128,spray_bottle_use,oracle_sfc,1,1,0,0,1,1,0.02922293,12,7,-1,medium,medium,0.55,medium,2,,,,,,ablation,524152
E,E_00128,spray_bottle_use,semantic_only,1,1,0,0,1,1,0.0,12,7,-1,medium,medium,0.55,medium,2,,,,,,ablation,524152
E,E_00128,spray_bottle_use,posthoc_single,0,0,0,1,1,1,0.03160822,12,7,-1,medium,medium,0.55,medium,2,,,,,,ablation,524152
E,E_00128,spray_bottle_use,soft_penalty_fc,1,0,1,1,1,1,0.03160822,12,7,-1,medium,medium,0.55,medium,2,,,,,,ablation,524152
E,E_00128_obs,spray_bottle_use,delete_noisy_roles,1,1,0,0,1,1,0.03633002,12,7,6,medium,medium,0.55,medium,2,,,,,,ablation,524152
E,E_00128_auditless,spray_bottle_use,auditless_geometric,1,0,1,1,1,1,0.03160822,12,7,6,medium,medium,0.55,medium,2,,,,,,ablation,524152
E,E_00129,spray_bottle_use,geometric_fc,1,0,1,1,1,1,0.03410157,12,7,-1,medium,medium,0.55,medium,2,,,,,,ablation,524153
E,E_00129,spray_bottle_use,oracle_sfc,1,1,0,0,1,1,0.01586346,12,7,-1,medium,medium,0.55,medium,2,,,,,,ablation,524153
E,E_00129,spray_bottle_use,semantic_only,1,1,0,0,1,1,0.0,12,7,-1,medium,medium,0.55,medium,2,,,,,,ablation,524153
E,E_00129,spray_bottle_use,posthoc_single,0,0,0,1,1,1,0.03410157,12,7,-1,medium,medium,0.55,medium,2,,,,,,ablation,524153
E,E_00129,spray_bottle_use,soft_penalty_fc,1,0,1,1,1,1,0.03410157,12,7,-1,medium,medium,0.55,medium,2,,,,,,ablation,524153
E,E_00129_obs,spray_bottle_use,delete_noisy_roles,1,0,1,1,1,1,0.04865229,12,7,8,medium,medium,0.55,medium,2,,,,,,ablation,524153
E,E_00129_auditless,spray_bottle_use,auditless_geometric,1,0,1,1,1,1,0.03410157,12,7,8,medium,medium,0.55,medium,2,,,,,,ablation,524153
E,E_00130,spray_bottle_use,geometric_fc,1,0,1,1,1,1,0.0339521,12,7,-1,medium,medium,0.55,medium,2,,,,,,ablation,524154
E,E_00130,spray_bottle_use,oracle_sfc,1,1,0,0,1,1,0.00592654,12,7,-1,medium,medium,0.55,medium,2,,,,,,ablation,524154
E,E_00130,spray_bottle_use,semantic_only,1,1,0,0,1,1,0.0,12,7,-1,medium,medium,0.55,medium,2,,,,,,ablation,524154
E,E_00130,spray_bottle_use,posthoc_single,0,0,0,1,1,1,0.0339521,12,7,-1,medium,medium,0.55,medium,2,,,,,,ablation,524154
E,E_00130,spray_bottle_use,soft_penalty_fc,1,0,1,1,1,1,0.0339521,12,7,-1,medium,medium,0.55,medium,2,,,,,,ablation,524154
E,E_00130_obs,spray_bottle_use,delete_noisy_roles,1,1,0,0,1,1,0.00592654,12,7,7,medium,medium,0.55,medium,2,,,,,,ablation,524154
E,E_00130_auditless,spray_bottle_use,auditless_geometric,1,0,1,1,1,1,0.0339521,12,7,7,medium,medium,0.55,medium,2,,,,,,ablation,524154
E,E_00131,spray_bottle_use,geometric_fc,1,0,1,1,1,1,0.0332982,12,7,-1,medium,medium,0.55,medium,2,,,,,,ablation,524155
E,E_00131,spray_bottle_use,oracle_sfc,1,1,0,0,1,1,0.03694741,12,7,-1,medium,medium,0.55,medium,2,,,,,,ablation,524155
E,E_00131,spray_bottle_use,semantic_only,1,1,0,0,1,1,0.0,12,7,-1,medium,medium,0.55,medium,2,,,,,,ablation,524155
E,E_00131,spray_bottle_use,posthoc_single,0,0,0,1,1,1,0.0332982,12,7,-1,medium,medium,0.55,medium,2,,,,,,ablation,524155
E,E_00131,spray_bottle_use,soft_penalty_fc,1,0,1,1,1,1,0.0332982,12,7,-1,medium,medium,0.55,medium,2,,,,,,ablation,524155
E,E_00131_obs,spray_bottle_use,delete_noisy_roles,1,0,1,1,1,1,0.04665993,12,7,8,medium,medium,0.55,medium,2,,,,,,ablation,524155
E,E_00131_auditless,spray_bottle_use,auditless_geometric,1,0,1,1,1,1,0.0332982,12,7,8,medium,medium,0.55,medium,2,,,,,,ablation,524155
E,E_00132,spray_bottle_use,geometric_fc,1,0,1,1,1,1,0.0320028,12,7,-1,medium,medium,0.55,medium,2,,,,,,ablation,524156
E,E_00132,spray_bottle_use,oracle_sfc,1,1,0,0,1,1,0.02738566,12,7,-1,medium,medium,0.55,medium,2,,,,,,ablation,524156
E,E_00132,spray_bottle_use,semantic_only,1,1,0,0,1,1,0.0,12,7,-1,medium,medium,0.55,medium,2,,,,,,ablation,524156
E,E_00132,spray_bottle_use,posthoc_single,0,0,0,1,1,1,0.0320028,12,7,-1,medium,medium,0.55,medium,2,,,,,,ablation,524156
E,E_00132,spray_bottle_use,soft_penalty_fc,1,0,1,1,1,1,0.0320028,12,7,-1,medium,medium,0.55,medium,2,,,,,,ablation,524156
E,E_00132_obs,spray_bottle_use,delete_noisy_roles,1,0,1,1,1,1,0.03957503,12,7,8,medium,medium,0.55,medium,2,,,,,,ablation,524156
E,E_00132_auditless,spray_bottle_use,auditless_geometric,1,0,1,1,1,1,0.0320028,12,7,8,medium,medium,0.55,medium,2,,,,,,ablation,524156
E,E_00133,spray_bottle_use,geometric_fc,1,0,1,1,1,1,0.0321007,12,7,-1,medium,medium,0.85,medium,2,,,,,,ablation,524157
E,E_00133,spray_bottle_use,oracle_sfc,1,1,0,0,1,1,0.01626784,12,7,-1,medium,medium,0.85,medium,2,,,,,,ablation,524157
E,E_00133,spray_bottle_use,semantic_only,1,1,0,0,1,1,0.0,12,7,-1,medium,medium,0.85,medium,2,,,,,,ablation,524157
E,E_00133,spray_bottle_use,posthoc_single,0,0,0,1,1,1,0.0321007,12,7,-1,medium,medium,0.85,medium,2,,,,,,ablation,524157
E,E_00133,spray_bottle_use,soft_penalty_fc,1,0,1,1,1,1,0.0321007,12,7,-1,medium,medium,0.85,medium,2,,,,,,ablation,524157
E,E_00133_obs,spray_bottle_use,delete_noisy_roles,1,1,0,0,1,1,0.02055355,12,7,6,medium,medium,0.85,medium,2,,,,,,ablation,524157
E,E_00133_auditless,spray_bottle_use,auditless_geometric,1,0,1,1,1,1,0.0321007,12,7,6,medium,medium,0.85,medium,2,,,,,,ablation,524157
E,E_00134,spray_bottle_use,geometric_fc,1,0,1,1,1,1,0.03446507,12,7,-1,medium,medium,0.85,medium,2,,,,,,ablation,524158
E,E_00134,spray_bottle_use,oracle_sfc,1,1,0,0,1,1,0.01263751,12,7,-1,medium,medium,0.85,medium,2,,,,,,ablation,524158
E,E_00134,spray_bottle_use,semantic_only,1,1,0,0,1,1,0.0,12,7,-1,medium,medium,0.85,medium,2,,,,,,ablation,524158
E,E_00134,spray_bottle_use,posthoc_single,0,0,0,1,1,1,0.03446507,12,7,-1,medium,medium,0.85,medium,2,,,,,,ablation,524158
E,E_00134,spray_bottle_use,soft_penalty_fc,1,0,1,1,1,1,0.03446507,12,7,-1,medium,medium,0.85,medium,2,,,,,,ablation,524158
E,E_00134_obs,spray_bottle_use,delete_noisy_roles,1,0,1,1,1,1,0.03695959,12,7,8,medium,medium,0.85,medium,2,,,,,,ablation,524158
E,E_00134_auditless,spray_bottle_use,auditless_geometric,1,0,1,1,1,1,0.03446507,12,7,8,medium,medium,0.85,medium,2,,,,,,ablation,524158
E,E_00135,spray_bottle_use,geometric_fc,1,0,1,1,1,1,0.03257545,12,7,-1,medium,medium,0.85,medium,2,,,,,,ablation,524159
E,E_00135,spray_bottle_use,oracle_sfc,1,1,0,0,1,1,0.00744982,12,7,-1,medium,medium,0.85,medium,2,,,,,,ablation,524159
E,E_00135,spray_bottle_use,semantic_only,1,1,0,0,1,1,0.0,12,7,-1,medium,medium,0.85,medium,2,,,,,,ablation,524159
E,E_00135,spray_bottle_use,posthoc_single,0,0,0,1,1,1,0.03257545,12,7,-1,medium,medium,0.85,medium,2,,,,,,ablation,524159
E,E_00135,spray_bottle_use,soft_penalty_fc,1,0,1,1,1,1,0.03257545,12,7,-1,medium,medium,0.85,medium,2,,,,,,ablation,524159
E,E_00135_obs,spray_bottle_use,delete_noisy_roles,0,0,0,1,1,1,0.0,12,7,6,medium,medium,0.85,medium,2,,,,,,ablation,524159
E,E_00135_auditless,spray_bottle_use,auditless_geometric,1,0,1,1,1,1,0.03257545,12,7,6,medium,medium,0.85,medium,2,,,,,,ablation,524159
E,E_00136,spray_bottle_use,geometric_fc,1,0,1,1,1,1,0.03440407,12,7,-1,medium,medium,0.85,medium,2,,,,,,ablation,524160
E,E_00136,spray_bottle_use,oracle_sfc,1,1,0,0,1,1,0.02067301,12,7,-1,medium,medium,0.85,medium,2,,,,,,ablation,524160
E,E_00136,spray_bottle_use,semantic_only,1,1,0,0,1,1,0.0,12,7,-1,medium,medium,0.85,medium,2,,,,,,ablation,524160
E,E_00136,spray_bottle_use,posthoc_single,0,0,0,1,1,1,0.03440407,12,7,-1,medium,medium,0.85,medium,2,,,,,,ablation,524160
E,E_00136,spray_bottle_use,soft_penalty_fc,1,0,1,1,1,1,0.03440407,12,7,-1,medium,medium,0.85,medium,2,,,,,,ablation,524160
E,E_00136_obs,spray_bottle_use,delete_noisy_roles,1,1,0,0,1,1,0.02067301,12,7,7,medium,medium,0.85,medium,2,,,,,,ablation,524160
E,E_00136_auditless,spray_bottle_use,auditless_geometric,1,0,1,1,1,1,0.03440407,12,7,7,medium,medium,0.85,medium,2,,,,,,ablation,524160
E,E_00137,spray_bottle_use,geometric_fc,1,0,1,1,1,1,0.03149683,12,7,-1,medium,medium,0.85,medium,2,,,,,,ablation,524161
E,E_00137,spray_bottle_use,oracle_sfc,1,1,0,0,1,1,0.02138989,12,7,-1,medium,medium,0.85,medium,2,,,,,,ablation,524161
E,E_00137,spray_bottle_use,semantic_only,1,1,0,0,1,1,0.0,12,7,-1,medium,medium,0.85,medium,2,,,,,,ablation,524161
E,E_00137,spray_bottle_use,posthoc_single,0,0,0,1,1,1,0.03149683,12,7,-1,medium,medium,0.85,medium,2,,,,,,ablation,524161
E,E_00137,spray_bottle_use,soft_penalty_fc,1,0,1,1,1,1,0.03149683,12,7,-1,medium,medium,0.85,medium,2,,,,,,ablation,524161
E,E_00137_obs,spray_bottle_use,delete_noisy_roles,1,1,0,0,1,1,0.02138989,12,7,7,medium,medium,0.85,medium,2,,,,,,ablation,524161
E,E_00137_auditless,spray_bottle_use,auditless_geometric,1,0,1,1,1,1,0.03149683,12,7,7,medium,medium,0.85,medium,2,,,,,,ablation,524161
E,E_00138,spray_bottle_use,geometric_fc,1,0,1,1,1,1,0.03383747,12,7,-1,medium,medium,0.85,medium,2,,,,,,ablation,524162
E,E_00138,spray_bottle_use,oracle_sfc,1,1,0,0,1,1,0.01392995,12,7,-1,medium,medium,0.85,medium,2,,,,,,ablation,524162
E,E_00138,spray_bottle_use,semantic_only,1,1,0,0,1,1,0.0,12,7,-1,medium,medium,0.85,medium,2,,,,,,ablation,524162
E,E_00138,spray_bottle_use,posthoc_single,0,0,0,1,1,1,0.03383747,12,7,-1,medium,medium,0.85,medium,2,,,,,,ablation,524162
E,E_00138,spray_bottle_use,soft_penalty_fc,1,0,1,1,1,1,0.03383747,12,7,-1,medium,medium,0.85,medium,2,,,,,,ablation,524162
E,E_00138_obs,spray_bottle_use,delete_noisy_roles,1,0,1,1,1,1,0.04216359,12,7,8,medium,medium,0.85,medium,2,,,,,,ablation,524162
E,E_00138_auditless,spray_bottle_use,auditless_geometric,1,0,1,1,1,1,0.03383747,12,7,8,medium,medium,0.85,medium,2,,,,,,ablation,524162
E,E_00139,spray_bottle_use,geometric_fc,1,0,1,1,1,1,0.0356867,12,7,-1,medium,medium,0.85,medium,2,,,,,,ablation,524163
E,E_00139,spray_bottle_use,oracle_sfc,1,1,0,0,1,1,0.01108531,12,7,-1,medium,medium,0.85,medium,2,,,,,,ablation,524163
E,E_00139,spray_bottle_use,semantic_only,1,1,0,0,1,1,0.0,12,7,-1,medium,medium,0.85,medium,2,,,,,,ablation,524163
E,E_00139,spray_bottle_use,posthoc_single,0,0,0,1,1,1,0.0356867,12,7,-1,medium,medium,0.85,medium,2,,,,,,ablation,524163
E,E_00139,spray_bottle_use,soft_penalty_fc,1,0,1,1,1,1,0.0356867,12,7,-1,medium,medium,0.85,medium,2,,,,,,ablation,524163
E,E_00139_obs,spray_bottle_use,delete_noisy_roles,1,1,0,0,1,1,0.01388338,12,7,6,medium,medium,0.85,medium,2,,,,,,ablation,524163
E,E_00139_auditless,spray_bottle_use,auditless_geometric,1,0,1,1,1,1,0.0356867,12,7,6,medium,medium,0.85,medium,2,,,,,,ablation,524163
E,E_00140,spray_bottle_use,geometric_fc,1,0,1,1,1,1,0.03536931,12,7,-1,medium,medium,0.85,medium,2,,,,,,ablation,524164
E,E_00140,spray_bottle_use,oracle_sfc,1,1,0,0,1,1,0.01667425,12,7,-1,medium,medium,0.85,medium,2,,,,,,ablation,524164
E,E_00140,spray_bottle_use,semantic_only,1,1,0,0,1,1,0.0,12,7,-1,medium,medium,0.85,medium,2,,,,,,ablation,524164
E,E_00140,spray_bottle_use,posthoc_single,0,0,0,1,1,1,0.03536931,12,7,-1,medium,medium,0.85,medium,2,,,,,,ablation,524164
E,E_00140,spray_bottle_use,soft_penalty_fc,1,0,1,1,1,1,0.03536931,12,7,-1,medium,medium,0.85,medium,2,,,,,,ablation,524164
E,E_00140_obs,spray_bottle_use,delete_noisy_roles,1,1,0,0,1,1,0.02117475,12,7,6,medium,medium,0.85,medium,2,,,,,,ablation,524164
E,E_00140_auditless,spray_bottle_use,auditless_geometric,1,0,1,1,1,1,0.03536931,12,7,6,medium,medium,0.85,medium,2,,,,,,ablation,524164
E,E_00141,spray_bottle_use,geometric_fc,1,0,1,1,1,1,0.03281185,12,7,-1,medium,medium,0.85,medium,2,,,,,,ablation,524165
E,E_00141,spray_bottle_use,oracle_sfc,1,1,0,0,1,1,0.02732997,12,7,-1,medium,medium,0.85,medium,2,,,,,,ablation,524165
E,E_00141,spray_bottle_use,semantic_only,1,1,0,0,1,1,0.0,12,7,-1,medium,medium,0.85,medium,2,,,,,,ablation,524165
E,E_00141,spray_bottle_use,posthoc_single,0,0,0,1,1,1,0.03281185,12,7,-1,medium,medium,0.85,medium,2,,,,,,ablation,524165
E,E_00141,spray_bottle_use,soft_penalty_fc,1,0,1,1,1,1,0.03281185,12,7,-1,medium,medium,0.85,medium,2,,,,,,ablation,524165
E,E_00141_obs,spray_bottle_use,delete_noisy_roles,1,0,1,1,1,1,0.0493612,12,7,7,medium,medium,0.85,medium,2,,,,,,ablation,524165
E,E_00141_auditless,spray_bottle_use,auditless_geometric,1,0,1,1,1,1,0.03281185,12,7,7,medium,medium,0.85,medium,2,,,,,,ablation,524165
E,E_00142,spray_bottle_use,geometric_fc,1,0,1,1,1,1,0.03193255,12,7,-1,medium,medium,0.85,medium,2,,,,,,ablation,524166
E,E_00142,spray_bottle_use,oracle_sfc,1,1,0,0,1,1,0.02420128,12,7,-1,medium,medium,0.85,medium,2,,,,,,ablation,524166
E,E_00142,spray_bottle_use,semantic_only,1,1,0,0,1,1,0.0,12,7,-1,medium,medium,0.85,medium,2,,,,,,ablation,524166
E,E_00142,spray_bottle_use,posthoc_single,0,0,0,1,1,1,0.03193255,12,7,-1,medium,medium,0.85,medium,2,,,,,,ablation,524166
E,E_00142,spray_bottle_use,soft_penalty_fc,1,0,1,1,1,1,0.03193255,12,7,-1,medium,medium,0.85,medium,2,,,,,,ablation,524166
E,E_00142_obs,spray_bottle_use,delete_noisy_roles,1,1,0,0,1,1,0.02420128,12,7,7,medium,medium,0.85,medium,2,,,,,,ablation,524166
E,E_00142_auditless,spray_bottle_use,auditless_geometric,1,0,1,1,1,1,0.03193255,12,7,7,medium,medium,0.85,medium,2,,,,,,ablation,524166
E,E_00143,spray_bottle_use,geometric_fc,1,0,1,1,1,1,0.03302429,12,7,-1,medium,medium,0.85,medium,2,,,,,,ablation,524167
E,E_00143,spray_bottle_use,oracle_sfc,1,1,0,0,1,1,0.0213773,12,7,-1,medium,medium,0.85,medium,2,,,,,,ablation,524167
E,E_00143,spray_bottle_use,semantic_only,1,1,0,0,1,1,0.0,12,7,-1,medium,medium,0.85,medium,2,,,,,,ablation,524167
E,E_00143,spray_bottle_use,posthoc_single,0,0,0,1,1,1,0.03302429,12,7,-1,medium,medium,0.85,medium,2,,,,,,ablation,524167
E,E_00143,spray_bottle_use,soft_penalty_fc,1,0,1,1,1,1,0.03302429,12,7,-1,medium,medium,0.85,medium,2,,,,,,ablation,524167
E,E_00143_obs,spray_bottle_use,delete_noisy_roles,1,1,0,0,1,1,0.0213773,12,7,7,medium,medium,0.85,medium,2,,,,,,ablation,524167
E,E_00143_auditless,spray_bottle_use,auditless_geometric,1,0,1,1,1,1,0.03302429,12,7,7,medium,medium,0.85,medium,2,,,,,,ablation,524167
E,E_00144,spray_bottle_use,geometric_fc,1,0,1,1,1,1,0.03366659,12,7,-1,medium,medium,0.85,medium,2,,,,,,ablation,524168
E,E_00144,spray_bottle_use,oracle_sfc,1,1,0,0,1,1,0.01736248,12,7,-1,medium,medium,0.85,medium,2,,,,,,ablation,524168
E,E_00144,spray_bottle_use,semantic_only,1,1,0,0,1,1,0.0,12,7,-1,medium,medium,0.85,medium,2,,,,,,ablation,524168
E,E_00144,spray_bottle_use,posthoc_single,0,0,0,1,1,1,0.03366659,12,7,-1,medium,medium,0.85,medium,2,,,,,,ablation,524168
E,E_00144,spray_bottle_use,soft_penalty_fc,1,0,1,1,1,1,0.03366659,12,7,-1,medium,medium,0.85,medium,2,,,,,,ablation,524168
E,E_00144_obs,spray_bottle_use,delete_noisy_roles,1,0,1,1,1,1,0.04161974,12,7,8,medium,medium,0.85,medium,2,,,,,,ablation,524168
E,E_00144_auditless,spray_bottle_use,auditless_geometric,1,0,1,1,1,1,0.03366659,12,7,8,medium,medium,0.85,medium,2,,,,,,ablation,524168
E,E_00145,apple_pick,geometric_fc,1,0,1,1,1,1,0.04416139,10,6,-1,medium,medium,0.25,medium,2,,,,,,ablation,524169
E,E_00145,apple_pick,oracle_sfc,1,1,0,0,1,1,0.00929437,10,6,-1,medium,medium,0.25,medium,2,,,,,,ablation,524169
E,E_00145,apple_pick,semantic_only,1,1,0,0,1,1,0.0,10,6,-1,medium,medium,0.25,medium,2,,,,,,ablation,524169
E,E_00145,apple_pick,posthoc_single,0,0,0,1,1,1,0.04416139,10,6,-1,medium,medium,0.25,medium,2,,,,,,ablation,524169
E,E_00145,apple_pick,soft_penalty_fc,1,0,1,1,1,1,0.04416139,10,6,-1,medium,medium,0.25,medium,2,,,,,,ablation,524169
E,E_00145_obs,apple_pick,delete_noisy_roles,1,1,0,0,1,1,0.00929437,10,6,6,medium,medium,0.25,medium,2,,,,,,ablation,524169
E,E_00145_auditless,apple_pick,auditless_geometric,1,0,1,1,1,1,0.04416139,10,6,6,medium,medium,0.25,medium,2,,,,,,ablation,524169
E,E_00146,apple_pick,geometric_fc,1,0,1,0,1,0,0.04466884,10,6,-1,medium,medium,0.25,medium,2,,,,,,ablation,524170
E,E_00146,apple_pick,oracle_sfc,0,0,0,0,1,0,0.0,10,6,-1,medium,medium,0.25,medium,2,,,,,,ablation,524170
E,E_00146,apple_pick,semantic_only,1,0,1,0,1,0,0.0,10,6,-1,medium,medium,0.25,medium,2,,,,,,ablation,524170
E,E_00146,apple_pick,posthoc_single,0,0,0,0,1,0,0.04466884,10,6,-1,medium,medium,0.25,medium,2,,,,,,ablation,524170
E,E_00146,apple_pick,soft_penalty_fc,1,0,1,0,1,0,0.04466884,10,6,-1,medium,medium,0.25,medium,2,,,,,,ablation,524170
E,E_00146_obs,apple_pick,delete_noisy_roles,0,0,0,0,1,0,0.0,10,6,5,medium,medium,0.25,medium,2,,,,,,ablation,524170
E,E_00146_auditless,apple_pick,auditless_geometric,1,0,1,0,1,0,0.04466884,10,6,5,medium,medium,0.25,medium,2,,,,,,ablation,524170
E,E_00147,apple_pick,geometric_fc,1,0,1,1,1,1,0.04563428,10,6,-1,medium,medium,0.25,medium,2,,,,,,ablation,524171
E,E_00147,apple_pick,oracle_sfc,1,1,0,0,1,1,0.01205375,10,6,-1,medium,medium,0.25,medium,2,,,,,,ablation,524171
E,E_00147,apple_pick,semantic_only,1,1,0,0,1,1,0.0,10,6,-1,medium,medium,0.25,medium,2,,,,,,ablation,524171
E,E_00147,apple_pick,posthoc_single,0,0,0,1,1,1,0.04563428,10,6,-1,medium,medium,0.25,medium,2,,,,,,ablation,524171
E,E_00147,apple_pick,soft_penalty_fc,1,0,1,1,1,1,0.04563428,10,6,-1,medium,medium,0.25,medium,2,,,,,,ablation,524171
E,E_00147_obs,apple_pick,delete_noisy_roles,1,1,0,0,1,1,0.01205375,10,6,6,medium,medium,0.25,medium,2,,,,,,ablation,524171
E,E_00147_auditless,apple_pick,auditless_geometric,1,0,1,1,1,1,0.04563428,10,6,6,medium,medium,0.25,medium,2,,,,,,ablation,524171
E,E_00148,apple_pick,geometric_fc,1,0,1,0,1,0,0.04190127,10,6,-1,medium,medium,0.25,medium,2,,,,,,ablation,524172
E,E_00148,apple_pick,oracle_sfc,0,0,0,0,1,0,0.0,10,6,-1,medium,medium,0.25,medium,2,,,,,,ablation,524172
E,E_00148,apple_pick,semantic_only,1,0,1,0,1,0,0.0,10,6,-1,medium,medium,0.25,medium,2,,,,,,ablation,524172
E,E_00148,apple_pick,posthoc_single,0,0,0,0,1,0,0.04190127,10,6,-1,medium,medium,0.25,medium,2,,,,,,ablation,524172
E,E_00148,apple_pick,soft_penalty_fc,1,0,1,0,1,0,0.04190127,10,6,-1,medium,medium,0.25,medium,2,,,,,,ablation,524172
E,E_00148_obs,apple_pick,delete_noisy_roles,0,0,0,0,1,0,0.0,10,6,4,medium,medium,0.25,medium,2,,,,,,ablation,524172
E,E_00148_auditless,apple_pick,auditless_geometric,1,0,1,0,1,0,0.04190127,10,6,4,medium,medium,0.25,medium,2,,,,,,ablation,524172
E,E_00149,apple_pick,geometric_fc,1,0,1,1,1,1,0.04210144,10,6,-1,medium,medium,0.25,medium,2,,,,,,ablation,524173
E,E_00149,apple_pick,oracle_sfc,1,1,0,0,1,1,0.0221449,10,6,-1,medium,medium,0.25,medium,2,,,,,,ablation,524173
E,E_00149,apple_pick,semantic_only,1,1,0,0,1,1,0.0,10,6,-1,medium,medium,0.25,medium,2,,,,,,ablation,524173
E,E_00149,apple_pick,posthoc_single,0,0,0,1,1,1,0.04210144,10,6,-1,medium,medium,0.25,medium,2,,,,,,ablation,524173
E,E_00149,apple_pick,soft_penalty_fc,1,0,1,1,1,1,0.04210144,10,6,-1,medium,medium,0.25,medium,2,,,,,,ablation,524173
E,E_00149_obs,apple_pick,delete_noisy_roles,1,1,0,0,1,1,0.02509113,10,6,5,medium,medium,0.25,medium,2,,,,,,ablation,524173
E,E_00149_auditless,apple_pick,auditless_geometric,1,0,1,1,1,1,0.04210144,10,6,5,medium,medium,0.25,medium,2,,,,,,ablation,524173
E,E_00150,apple_pick,geometric_fc,1,0,1,1,1,1,0.04790679,10,6,-1,medium,medium,0.25,medium,2,,,,,,ablation,524174
E,E_00150,apple_pick,oracle_sfc,1,1,0,0,1,1,0.00572705,10,6,-1,medium,medium,0.25,medium,2,,,,,,ablation,524174
E,E_00150,apple_pick,semantic_only,1,1,0,0,1,1,0.0,10,6,-1,medium,medium,0.25,medium,2,,,,,,ablation,524174
E,E_00150,apple_pick,posthoc_single,0,0,0,1,1,1,0.04790679,10,6,-1,medium,medium,0.25,medium,2,,,,,,ablation,524174
E,E_00150,apple_pick,soft_penalty_fc,1,0,1,1,1,1,0.04790679,10,6,-1,medium,medium,0.25,medium,2,,,,,,ablation,524174
E,E_00150_obs,apple_pick,delete_noisy_roles,1,1,0,0,1,1,0.00572705,10,6,6,medium,medium,0.25,medium,2,,,,,,ablation,524174
E,E_00150_auditless,apple_pick,auditless_geometric,1,0,1,1,1,1,0.04790679,10,6,6,medium,medium,0.25,medium,2,,,,,,ablation,524174
E,E_00151,apple_pick,geometric_fc,1,0,1,1,1,1,0.04544742,10,6,-1,medium,medium,0.25,medium,2,,,,,,ablation,524175
E,E_00151,apple_pick,oracle_sfc,1,1,0,0,1,1,0.04458449,10,6,-1,medium,medium,0.25,medium,2,,,,,,ablation,524175
E,E_00151,apple_pick,semantic_only,1,1,0,0,1,1,0.0,10,6,-1,medium,medium,0.25,medium,2,,,,,,ablation,524175
E,E_00151,apple_pick,posthoc_single,0,0,0,1,1,1,0.04544742,10,6,-1,medium,medium,0.25,medium,2,,,,,,ablation,524175
E,E_00151,apple_pick,soft_penalty_fc,1,0,1,1,1,1,0.04544742,10,6,-1,medium,medium,0.25,medium,2,,,,,,ablation,524175
E,E_00151_obs,apple_pick,delete_noisy_roles,1,1,0,0,1,1,0.05161091,10,6,5,medium,medium,0.25,medium,2,,,,,,ablation,524175
E,E_00151_auditless,apple_pick,auditless_geometric,1,0,1,1,1,1,0.04544742,10,6,5,medium,medium,0.25,medium,2,,,,,,ablation,524175
E,E_00152,apple_pick,geometric_fc,1,0,1,1,1,1,0.04581226,10,6,-1,medium,medium,0.25,medium,2,,,,,,ablation,524176
E,E_00152,apple_pick,oracle_sfc,1,1,0,0,1,1,0.00811616,10,6,-1,medium,medium,0.25,medium,2,,,,,,ablation,524176
E,E_00152,apple_pick,semantic_only,1,1,0,0,1,1,0.0,10,6,-1,medium,medium,0.25,medium,2,,,,,,ablation,524176
E,E_00152,apple_pick,posthoc_single,0,0,0,1,1,1,0.04581226,10,6,-1,medium,medium,0.25,medium,2,,,,,,ablation,524176
E,E_00152,apple_pick,soft_penalty_fc,1,0,1,1,1,1,0.04581226,10,6,-1,medium,medium,0.25,medium,2,,,,,,ablation,524176
E,E_00152_obs,apple_pick,delete_noisy_roles,1,0,1,1,1,1,0.04589652,10,6,7,medium,medium,0.25,medium,2,,,,,,ablation,524176
E,E_00152_auditless,apple_pick,auditless_geometric,1,0,1,1,1,1,0.04581226,10,6,7,medium,medium,0.25,medium,2,,,,,,ablation,524176
E,E_00153,apple_pick,geometric_fc,1,0,1,0,1,0,0.04602493,10,6,-1,medium,medium,0.25,medium,2,,,,,,ablation,524177
E,E_00153,apple_pick,oracle_sfc,0,0,0,0,1,0,0.0,10,6,-1,medium,medium,0.25,medium,2,,,,,,ablation,524177
E,E_00153,apple_pick,semantic_only,1,0,1,0,1,0,0.0,10,6,-1,medium,medium,0.25,medium,2,,,,,,ablation,524177
E,E_00153,apple_pick,posthoc_single,0,0,0,0,1,0,0.04602493,10,6,-1,medium,medium,0.25,medium,2,,,,,,ablation,524177
E,E_00153,apple_pick,soft_penalty_fc,1,0,1,0,1,0,0.04602493,10,6,-1,medium,medium,0.25,medium,2,,,,,,ablation,524177
E,E_00153_obs,apple_pick,delete_noisy_roles,0,0,0,0,1,0,0.0,10,6,6,medium,medium,0.25,medium,2,,,,,,ablation,524177
E,E_00153_auditless,apple_pick,auditless_geometric,1,0,1,0,1,0,0.04602493,10,6,6,medium,medium,0.25,medium,2,,,,,,ablation,524177
E,E_00154,apple_pick,geometric_fc,1,0,1,1,1,1,0.04710318,10,6,-1,medium,medium,0.25,medium,2,,,,,,ablation,524178
E,E_00154,apple_pick,oracle_sfc,1,1,0,0,1,1,0.03426318,10,6,-1,medium,medium,0.25,medium,2,,,,,,ablation,524178
E,E_00154,apple_pick,semantic_only,1,1,0,0,1,1,0.0,10,6,-1,medium,medium,0.25,medium,2,,,,,,ablation,524178
E,E_00154,apple_pick,posthoc_single,0,0,0,1,1,1,0.04710318,10,6,-1,medium,medium,0.25,medium,2,,,,,,ablation,524178
E,E_00154,apple_pick,soft_penalty_fc,1,0,1,1,1,1,0.04710318,10,6,-1,medium,medium,0.25,medium,2,,,,,,ablation,524178
E,E_00154_obs,apple_pick,delete_noisy_roles,1,0,1,1,1,1,0.0521061,10,6,7,medium,medium,0.25,medium,2,,,,,,ablation,524178
E,E_00154_auditless,apple_pick,auditless_geometric,1,0,1,1,1,1,0.04710318,10,6,7,medium,medium,0.25,medium,2,,,,,,ablation,524178
E,E_00155,apple_pick,geometric_fc,1,0,1,1,1,1,0.0422504,10,6,-1,medium,medium,0.25,medium,2,,,,,,ablation,524179
E,E_00155,apple_pick,oracle_sfc,1,1,0,0,1,1,0.00479852,10,6,-1,medium,medium,0.25,medium,2,,,,,,ablation,524179
E,E_00155,apple_pick,semantic_only,1,1,0,0,1,1,0.0,10,6,-1,medium,medium,0.25,medium,2,,,,,,ablation,524179
E,E_00155,apple_pick,posthoc_single,0,0,0,1,1,1,0.0422504,10,6,-1,medium,medium,0.25,medium,2,,,,,,ablation,524179
E,E_00155,apple_pick,soft_penalty_fc,1,0,1,1,1,1,0.0422504,10,6,-1,medium,medium,0.25,medium,2,,,,,,ablation,524179
E,E_00155_obs,apple_pick,delete_noisy_roles,1,1,0,0,1,1,0.00479852,10,6,6,medium,medium,0.25,medium,2,,,,,,ablation,524179
E,E_00155_auditless,apple_pick,auditless_geometric,1,0,1,1,1,1,0.0422504,10,6,6,medium,medium,0.25,medium,2,,,,,,ablation,524179
E,E_00156,apple_pick,geometric_fc,1,0,1,1,1,1,0.04553384,10,6,-1,medium,medium,0.25,medium,2,,,,,,ablation,524180
E,E_00156,apple_pick,oracle_sfc,1,1,0,0,1,1,0.00674689,10,6,-1,medium,medium,0.25,medium,2,,,,,,ablation,524180
E,E_00156,apple_pick,semantic_only,1,1,0,0,1,1,0.0,10,6,-1,medium,medium,0.25,medium,2,,,,,,ablation,524180
E,E_00156,apple_pick,posthoc_single,0,0,0,1,1,1,0.04553384,10,6,-1,medium,medium,0.25,medium,2,,,,,,ablation,524180
E,E_00156,apple_pick,soft_penalty_fc,1,0,1,1,1,1,0.04553384,10,6,-1,medium,medium,0.25,medium,2,,,,,,ablation,524180
E,E_00156_obs,apple_pick,delete_noisy_roles,1,1,0,0,1,1,0.00862114,10,6,5,medium,medium,0.25,medium,2,,,,,,ablation,524180
E,E_00156_auditless,apple_pick,auditless_geometric,1,0,1,1,1,1,0.04553384,10,6,5,medium,medium,0.25,medium,2,,,,,,ablation,524180
E,E_00157,apple_pick,geometric_fc,1,0,1,0,1,0,0.04305255,10,6,-1,medium,medium,0.55,medium,2,,,,,,ablation,524181
E,E_00157,apple_pick,oracle_sfc,0,0,0,0,1,0,0.0,10,6,-1,medium,medium,0.55,medium,2,,,,,,ablation,524181
E,E_00157,apple_pick,semantic_only,1,0,1,0,1,0,0.0,10,6,-1,medium,medium,0.55,medium,2,,,,,,ablation,524181
E,E_00157,apple_pick,posthoc_single,0,0,0,0,1,0,0.04305255,10,6,-1,medium,medium,0.55,medium,2,,,,,,ablation,524181
E,E_00157,apple_pick,soft_penalty_fc,1,0,1,0,1,0,0.04305255,10,6,-1,medium,medium,0.55,medium,2,,,,,,ablation,524181
E,E_00157_obs,apple_pick,delete_noisy_roles,0,0,0,0,1,0,0.0,10,6,6,medium,medium,0.55,medium,2,,,,,,ablation,524181
E,E_00157_auditless,apple_pick,auditless_geometric,1,0,1,0,1,0,0.04305255,10,6,6,medium,medium,0.55,medium,2,,,,,,ablation,524181
E,E_00158,apple_pick,geometric_fc,1,0,1,0,1,0,0.04647469,10,6,-1,medium,medium,0.55,medium,2,,,,,,ablation,524182
E,E_00158,apple_pick,oracle_sfc,0,0,0,0,1,0,0.0,10,6,-1,medium,medium,0.55,medium,2,,,,,,ablation,524182
E,E_00158,apple_pick,semantic_only,1,0,1,0,1,0,0.0,10,6,-1,medium,medium,0.55,medium,2,,,,,,ablation,524182
E,E_00158,apple_pick,posthoc_single,0,0,0,0,1,0,0.04647469,10,6,-1,medium,medium,0.55,medium,2,,,,,,ablation,524182
E,E_00158,apple_pick,soft_penalty_fc,1,0,1,0,1,0,0.04647469,10,6,-1,medium,medium,0.55,medium,2,,,,,,ablation,524182
E,E_00158_obs,apple_pick,delete_noisy_roles,1,0,1,0,1,0,0.04640501,10,6,7,medium,medium,0.55,medium,2,,,,,,ablation,524182
E,E_00158_auditless,apple_pick,auditless_geometric,1,0,1,0,1,0,0.04647469,10,6,7,medium,medium,0.55,medium,2,,,,,,ablation,524182
E,E_00159,apple_pick,geometric_fc,1,0,1,1,1,1,0.04641625,10,6,-1,medium,medium,0.55,medium,2,,,,,,ablation,524183
E,E_00159,apple_pick,oracle_sfc,1,1,0,0,1,1,0.01965033,10,6,-1,medium,medium,0.55,medium,2,,,,,,ablation,524183
E,E_00159,apple_pick,semantic_only,1,1,0,0,1,1,0.0,10,6,-1,medium,medium,0.55,medium,2,,,,,,ablation,524183
E,E_00159,apple_pick,posthoc_single,0,0,0,1,1,1,0.04641625,10,6,-1,medium,medium,0.55,medium,2,,,,,,ablation,524183
E,E_00159,apple_pick,soft_penalty_fc,1,0,1,1,1,1,0.04641625,10,6,-1,medium,medium,0.55,medium,2,,,,,,ablation,524183
E,E_00159_obs,apple_pick,delete_noisy_roles,1,0,1,1,1,1,0.05371068,10,6,7,medium,medium,0.55,medium,2,,,,,,ablation,524183
E,E_00159_auditless,apple_pick,auditless_geometric,1,0,1,1,1,1,0.04641625,10,6,7,medium,medium,0.55,medium,2,,,,,,ablation,524183
E,E_00160,apple_pick,geometric_fc,1,0,1,0,1,0,0.04360956,10,6,-1,medium,medium,0.55,medium,2,,,,,,ablation,524184
E,E_00160,apple_pick,oracle_sfc,0,0,0,0,1,0,0.0,10,6,-1,medium,medium,0.55,medium,2,,,,,,ablation,524184
E,E_00160,apple_pick,semantic_only,1,0,1,0,1,0,0.0,10,6,-1,medium,medium,0.55,medium,2,,,,,,ablation,524184
E,E_00160,apple_pick,posthoc_single,0,0,0,0,1,0,0.04360956,10,6,-1,medium,medium,0.55,medium,2,,,,,,ablation,524184
E,E_00160,apple_pick,soft_penalty_fc,1,0,1,0,1,0,0.04360956,10,6,-1,medium,medium,0.55,medium,2,,,,,,ablation,524184
E,E_00160_obs,apple_pick,delete_noisy_roles,1,0,1,0,1,0,0.04731575,10,6,7,medium,medium,0.55,medium,2,,,,,,ablation,524184
E,E_00160_auditless,apple_pick,auditless_geometric,1,0,1,0,1,0,0.04360956,10,6,7,medium,medium,0.55,medium,2,,,,,,ablation,524184
E,E_00161,apple_pick,geometric_fc,1,0,1,1,1,1,0.04395922,10,6,-1,medium,medium,0.55,medium,2,,,,,,ablation,524185
E,E_00161,apple_pick,oracle_sfc,1,1,0,0,1,1,0.01217807,10,6,-1,medium,medium,0.55,medium,2,,,,,,ablation,524185
E,E_00161,apple_pick,semantic_only,1,1,0,0,1,1,0.0,10,6,-1,medium,medium,0.55,medium,2,,,,,,ablation,524185
E,E_00161,apple_pick,posthoc_single,0,0,0,1,1,1,0.04395922,10,6,-1,medium,medium,0.55,medium,2,,,,,,ablation,524185
E,E_00161,apple_pick,soft_penalty_fc,1,0,1,1,1,1,0.04395922,10,6,-1,medium,medium,0.55,medium,2,,,,,,ablation,524185
E,E_00161_obs,apple_pick,delete_noisy_roles,1,1,0,0,1,1,0.00192467,10,6,5,medium,medium,0.55,medium,2,,,,,,ablation,524185
E,E_00161_auditless,apple_pick,auditless_geometric,1,0,1,1,1,1,0.04395922,10,6,5,medium,medium,0.55,medium,2,,,,,,ablation,524185
E,E_00162,apple_pick,geometric_fc,1,0,1,1,1,1,0.04759944,10,6,-1,medium,medium,0.55,medium,2,,,,,,ablation,524186
E,E_00162,apple_pick,oracle_sfc,1,1,0,0,1,1,0.00767752,10,6,-1,medium,medium,0.55,medium,2,,,,,,ablation,524186
E,E_00162,apple_pick,semantic_only,1,1,0,0,1,1,0.0,10,6,-1,medium,medium,0.55,medium,2,,,,,,ablation,524186
E,E_00162,apple_pick,posthoc_single,0,0,0,1,1,1,0.04759944,10,6,-1,medium,medium,0.55,medium,2,,,,,,ablation,524186
E,E_00162,apple_pick,soft_penalty_fc,1,0,1,1,1,1,0.04759944,10,6,-1,medium,medium,0.55,medium,2,,,,,,ablation,524186
E,E_00162_obs,apple_pick,delete_noisy_roles,1,1,0,0,1,1,0.00767752,10,6,6,medium,medium,0.55,medium,2,,,,,,ablation,524186
E,E_00162_auditless,apple_pick,auditless_geometric,1,0,1,1,1,1,0.04759944,10,6,6,medium,medium,0.55,medium,2,,,,,,ablation,524186
E,E_00163,apple_pick,geometric_fc,1,0,1,1,1,1,0.04375432,10,6,-1,medium,medium,0.55,medium,2,,,,,,ablation,524187
E,E_00163,apple_pick,oracle_sfc,1,1,0,0,1,1,0.0057974,10,6,-1,medium,medium,0.55,medium,2,,,,,,ablation,524187
E,E_00163,apple_pick,semantic_only,1,1,0,0,1,1,0.0,10,6,-1,medium,medium,0.55,medium,2,,,,,,ablation,524187
E,E_00163,apple_pick,posthoc_single,0,0,0,1,1,1,0.04375432,10,6,-1,medium,medium,0.55,medium,2,,,,,,ablation,524187
E,E_00163,apple_pick,soft_penalty_fc,1,0,1,1,1,1,0.04375432,10,6,-1,medium,medium,0.55,medium,2,,,,,,ablation,524187
E,E_00163_obs,apple_pick,delete_noisy_roles,1,1,0,0,1,1,0.0057974,10,6,6,medium,medium,0.55,medium,2,,,,,,ablation,524187
E,E_00163_auditless,apple_pick,auditless_geometric,1,0,1,1,1,1,0.04375432,10,6,6,medium,medium,0.55,medium,2,,,,,,ablation,524187
E,E_00164,apple_pick,geometric_fc,1,0,1,0,1,0,0.04360223,10,6,-1,medium,medium,0.55,medium,2,,,,,,ablation,524188
E,E_00164,apple_pick,oracle_sfc,0,0,0,0,1,0,0.0,10,6,-1,medium,medium,0.55,medium,2,,,,,,ablation,524188
E,E_00164,apple_pick,semantic_only,1,0,1,0,1,0,0.0,10,6,-1,medium,medium,0.55,medium,2,,,,,,ablation,524188
E,E_00164,apple_pick,posthoc_single,0,0,0,0,1,0,0.04360223,10,6,-1,medium,medium,0.55,medium,2,,,,,,ablation,524188
E,E_00164,apple_pick,soft_penalty_fc,1,0,1,0,1,0,0.04360223,10,6,-1,medium,medium,0.55,medium,2,,,,,,ablation,524188
E,E_00164_obs,apple_pick,delete_noisy_roles,0,0,0,0,1,0,0.0,10,6,6,medium,medium,0.55,medium,2,,,,,,ablation,524188
E,E_00164_auditless,apple_pick,auditless_geometric,1,0,1,0,1,0,0.04360223,10,6,6,medium,medium,0.55,medium,2,,,,,,ablation,524188
E,E_00165,apple_pick,geometric_fc,1,0,1,1,1,1,0.04676056,10,6,-1,medium,medium,0.55,medium,2,,,,,,ablation,524189
E,E_00165,apple_pick,oracle_sfc,1,1,0,0,1,1,0.01915956,10,6,-1,medium,medium,0.55,medium,2,,,,,,ablation,524189
E,E_00165,apple_pick,semantic_only,1,1,0,0,1,1,0.0,10,6,-1,medium,medium,0.55,medium,2,,,,,,ablation,524189
E,E_00165,apple_pick,posthoc_single,0,0,0,1,1,1,0.04676056,10,6,-1,medium,medium,0.55,medium,2,,,,,,ablation,524189
E,E_00165,apple_pick,soft_penalty_fc,1,0,1,1,1,1,0.04676056,10,6,-1,medium,medium,0.55,medium,2,,,,,,ablation,524189
E,E_00165_obs,apple_pick,delete_noisy_roles,1,1,0,0,1,1,0.01915956,10,6,6,medium,medium,0.55,medium,2,,,,,,ablation,524189
E,E_00165_auditless,apple_pick,auditless_geometric,1,0,1,1,1,1,0.04676056,10,6,6,medium,medium,0.55,medium,2,,,,,,ablation,524189
E,E_00166,apple_pick,geometric_fc,1,0,1,1,1,1,0.04603015,10,6,-1,medium,medium,0.55,medium,2,,,,,,ablation,524190
E,E_00166,apple_pick,oracle_sfc,1,1,0,0,1,1,0.02231823,10,6,-1,medium,medium,0.55,medium,2,,,,,,ablation,524190
E,E_00166,apple_pick,semantic_only,1,1,0,0,1,1,0.0,10,6,-1,medium,medium,0.55,medium,2,,,,,,ablation,524190
E,E_00166,apple_pick,posthoc_single,0,0,0,1,1,1,0.04603015,10,6,-1,medium,medium,0.55,medium,2,,,,,,ablation,524190
E,E_00166,apple_pick,soft_penalty_fc,1,0,1,1,1,1,0.04603015,10,6,-1,medium,medium,0.55,medium,2,,,,,,ablation,524190
E,E_00166_obs,apple_pick,delete_noisy_roles,1,1,0,0,1,1,0.02231823,10,6,6,medium,medium,0.55,medium,2,,,,,,ablation,524190
E,E_00166_auditless,apple_pick,auditless_geometric,1,0,1,1,1,1,0.04603015,10,6,6,medium,medium,0.55,medium,2,,,,,,ablation,524190
E,E_00167,apple_pick,geometric_fc,1,0,1,1,1,1,0.04647093,10,6,-1,medium,medium,0.55,medium,2,,,,,,ablation,524191
E,E_00167,apple_pick,oracle_sfc,1,1,0,0,1,1,0.00402416,10,6,-1,medium,medium,0.55,medium,2,,,,,,ablation,524191
E,E_00167,apple_pick,semantic_only,1,1,0,0,1,1,0.0,10,6,-1,medium,medium,0.55,medium,2,,,,,,ablation,524191
E,E_00167,apple_pick,posthoc_single,0,0,0,1,1,1,0.04647093,10,6,-1,medium,medium,0.55,medium,2,,,,,,ablation,524191
E,E_00167,apple_pick,soft_penalty_fc,1,0,1,1,1,1,0.04647093,10,6,-1,medium,medium,0.55,medium,2,,,,,,ablation,524191
E,E_00167_obs,apple_pick,delete_noisy_roles,1,1,0,0,1,1,0.00402416,10,6,6,medium,medium,0.55,medium,2,,,,,,ablation,524191
E,E_00167_auditless,apple_pick,auditless_geometric,1,0,1,1,1,1,0.04647093,10,6,6,medium,medium,0.55,medium,2,,,,,,ablation,524191
E,E_00168,apple_pick,geometric_fc,1,0,1,0,1,0,0.04406866,10,6,-1,medium,medium,0.55,medium,2,,,,,,ablation,524192
E,E_00168,apple_pick,oracle_sfc,0,0,0,0,1,0,0.0,10,6,-1,medium,medium,0.55,medium,2,,,,,,ablation,524192
E,E_00168,apple_pick,semantic_only,1,0,1,0,1,0,0.0,10,6,-1,medium,medium,0.55,medium,2,,,,,,ablation,524192
E,E_00168,apple_pick,posthoc_single,0,0,0,0,1,0,0.04406866,10,6,-1,medium,medium,0.55,medium,2,,,,,,ablation,524192
E,E_00168,apple_pick,soft_penalty_fc,1,0,1,0,1,0,0.04406866,10,6,-1,medium,medium,0.55,medium,2,,,,,,ablation,524192
E,E_00168_obs,apple_pick,delete_noisy_roles,0,0,0,0,1,0,0.0,10,6,4,medium,medium,0.55,medium,2,,,,,,ablation,524192
E,E_00168_auditless,apple_pick,auditless_geometric,1,0,1,0,1,0,0.04406866,10,6,4,medium,medium,0.55,medium,2,,,,,,ablation,524192
E,E_00169,apple_pick,geometric_fc,1,0,1,1,1,1,0.04476316,10,6,-1,medium,medium,0.85,medium,2,,,,,,ablation,524193
E,E_00169,apple_pick,oracle_sfc,1,1,0,0,1,1,0.00604282,10,6,-1,medium,medium,0.85,medium,2,,,,,,ablation,524193
E,E_00169,apple_pick,semantic_only,1,1,0,0,1,1,0.0,10,6,-1,medium,medium,0.85,medium,2,,,,,,ablation,524193
E,E_00169,apple_pick,posthoc_single,0,0,0,1,1,1,0.04476316,10,6,-1,medium,medium,0.85,medium,2,,,,,,ablation,524193
E,E_00169,apple_pick,soft_penalty_fc,1,0,1,1,1,1,0.04476316,10,6,-1,medium,medium,0.85,medium,2,,,,,,ablation,524193
E,E_00169_obs,apple_pick,delete_noisy_roles,1,1,0,0,1,1,0.00604282,10,6,6,medium,medium,0.85,medium,2,,,,,,ablation,524193
E,E_00169_auditless,apple_pick,auditless_geometric,1,0,1,1,1,1,0.04476316,10,6,6,medium,medium,0.85,medium,2,,,,,,ablation,524193
E,E_00170,apple_pick,geometric_fc,1,0,1,1,1,1,0.04822068,10,6,-1,medium,medium,0.85,medium,2,,,,,,ablation,524194
E,E_00170,apple_pick,oracle_sfc,1,1,0,0,1,1,0.01569658,10,6,-1,medium,medium,0.85,medium,2,,,,,,ablation,524194
E,E_00170,apple_pick,semantic_only,1,1,0,0,1,1,0.0,10,6,-1,medium,medium,0.85,medium,2,,,,,,ablation,524194
E,E_00170,apple_pick,posthoc_single,0,0,0,1,1,1,0.04822068,10,6,-1,medium,medium,0.85,medium,2,,,,,,ablation,524194
E,E_00170,apple_pick,soft_penalty_fc,1,0,1,1,1,1,0.04822068,10,6,-1,medium,medium,0.85,medium,2,,,,,,ablation,524194
E,E_00170_obs,apple_pick,delete_noisy_roles,1,0,1,1,1,1,0.04777612,10,6,7,medium,medium,0.85,medium,2,,,,,,ablation,524194
E,E_00170_auditless,apple_pick,auditless_geometric,1,0,1,1,1,1,0.04822068,10,6,7,medium,medium,0.85,medium,2,,,,,,ablation,524194
E,E_00171,apple_pick,geometric_fc,1,0,1,0,1,0,0.04623849,10,6,-1,medium,medium,0.85,medium,2,,,,,,ablation,524195
E,E_00171,apple_pick,oracle_sfc,0,0,0,0,1,0,0.0,10,6,-1,medium,medium,0.85,medium,2,,,,,,ablation,524195
E,E_00171,apple_pick,semantic_only,1,0,1,0,1,0,0.0,10,6,-1,medium,medium,0.85,medium,2,,,,,,ablation,524195
E,E_00171,apple_pick,posthoc_single,0,0,0,0,1,0,0.04623849,10,6,-1,medium,medium,0.85,medium,2,,,,,,ablation,524195
E,E_00171,apple_pick,soft_penalty_fc,1,0,1,0,1,0,0.04623849,10,6,-1,medium,medium,0.85,medium,2,,,,,,ablation,524195
E,E_00171_obs,apple_pick,delete_noisy_roles,0,0,0,0,1,0,0.0,10,6,6,medium,medium,0.85,medium,2,,,,,,ablation,524195
E,E_00171_auditless,apple_pick,auditless_geometric,1,0,1,0,1,0,0.04623849,10,6,6,medium,medium,0.85,medium,2,,,,,,ablation,524195
E,E_00172,apple_pick,geometric_fc,1,0,1,0,1,0,0.04131341,10,6,-1,medium,medium,0.85,medium,2,,,,,,ablation,524196
E,E_00172,apple_pick,oracle_sfc,0,0,0,0,1,0,0.0,10,6,-1,medium,medium,0.85,medium,2,,,,,,ablation,524196
E,E_00172,apple_pick,semantic_only,1,0,1,0,1,0,0.0,10,6,-1,medium,medium,0.85,medium,2,,,,,,ablation,524196
E,E_00172,apple_pick,posthoc_single,0,0,0,0,1,0,0.04131341,10,6,-1,medium,medium,0.85,medium,2,,,,,,ablation,524196
E,E_00172,apple_pick,soft_penalty_fc,1,0,1,0,1,0,0.04131341,10,6,-1,medium,medium,0.85,medium,2,,,,,,ablation,524196
E,E_00172_obs,apple_pick,delete_noisy_roles,1,0,1,0,1,0,0.05630928,10,6,7,medium,medium,0.85,medium,2,,,,,,ablation,524196
E,E_00172_auditless,apple_pick,auditless_geometric,1,0,1,0,1,0,0.04131341,10,6,7,medium,medium,0.85,medium,2,,,,,,ablation,524196
E,E_00173,apple_pick,geometric_fc,1,0,1,1,1,1,0.0479856,10,6,-1,medium,medium,0.85,medium,2,,,,,,ablation,524197
E,E_00173,apple_pick,oracle_sfc,1,1,0,0,1,1,0.006739,10,6,-1,medium,medium,0.85,medium,2,,,,,,ablation,524197
E,E_00173,apple_pick,semantic_only,1,1,0,0,1,1,0.0,10,6,-1,medium,medium,0.85,medium,2,,,,,,ablation,524197
E,E_00173,apple_pick,posthoc_single,0,0,0,1,1,1,0.0479856,10,6,-1,medium,medium,0.85,medium,2,,,,,,ablation,524197
E,E_00173,apple_pick,soft_penalty_fc,1,0,1,1,1,1,0.0479856,10,6,-1,medium,medium,0.85,medium,2,,,,,,ablation,524197
E,E_00173_obs,apple_pick,delete_noisy_roles,1,1,0,0,1,1,0.00866159,10,6,5,medium,medium,0.85,medium,2,,,,,,ablation,524197
E,E_00173_auditless,apple_pick,auditless_geometric,1,0,1,1,1,1,0.0479856,10,6,5,medium,medium,0.85,medium,2,,,,,,ablation,524197
E,E_00174,apple_pick,geometric_fc,1,0,1,0,1,0,0.04415896,10,6,-1,medium,medium,0.85,medium,2,,,,,,ablation,524198
E,E_00174,apple_pick,oracle_sfc,0,0,0,0,1,0,0.0,10,6,-1,medium,medium,0.85,medium,2,,,,,,ablation,524198
E,E_00174,apple_pick,semantic_only,1,0,1,0,1,0,0.0,10,6,-1,medium,medium,0.85,medium,2,,,,,,ablation,524198
E,E_00174,apple_pick,posthoc_single,0,0,0,0,1,0,0.04415896,10,6,-1,medium,medium,0.85,medium,2,,,,,,ablation,524198
E,E_00174,apple_pick,soft_penalty_fc,1,0,1,0,1,0,0.04415896,10,6,-1,medium,medium,0.85,medium,2,,,,,,ablation,524198
E,E_00174_obs,apple_pick,delete_noisy_roles,0,0,0,0,1,0,0.0,10,6,4,medium,medium,0.85,medium,2,,,,,,ablation,524198
E,E_00174_auditless,apple_pick,auditless_geometric,1,0,1,0,1,0,0.04415896,10,6,4,medium,medium,0.85,medium,2,,,,,,ablation,524198
E,E_00175,apple_pick,geometric_fc,1,0,1,1,1,1,0.04439552,10,6,-1,medium,medium,0.85,medium,2,,,,,,ablation,524199
E,E_00175,apple_pick,oracle_sfc,1,1,0,0,1,1,0.01366487,10,6,-1,medium,medium,0.85,medium,2,,,,,,ablation,524199
E,E_00175,apple_pick,semantic_only,1,1,0,0,1,1,0.0,10,6,-1,medium,medium,0.85,medium,2,,,,,,ablation,524199
E,E_00175,apple_pick,posthoc_single,0,0,0,1,1,1,0.04439552,10,6,-1,medium,medium,0.85,medium,2,,,,,,ablation,524199
E,E_00175,apple_pick,soft_penalty_fc,1,0,1,1,1,1,0.04439552,10,6,-1,medium,medium,0.85,medium,2,,,,,,ablation,524199
E,E_00175_obs,apple_pick,delete_noisy_roles,0,0,0,1,1,1,0.0,10,6,5,medium,medium,0.85,medium,2,,,,,,ablation,524199
E,E_00175_auditless,apple_pick,auditless_geometric,1,0,1,1,1,1,0.04439552,10,6,5,medium,medium,0.85,medium,2,,,,,,ablation,524199
E,E_00176,apple_pick,geometric_fc,1,0,1,1,1,1,0.04574557,10,6,-1,medium,medium,0.85,medium,2,,,,,,ablation,524200
E,E_00176,apple_pick,oracle_sfc,1,1,0,0,1,1,0.00149122,10,6,-1,medium,medium,0.85,medium,2,,,,,,ablation,524200
E,E_00176,apple_pick,semantic_only,1,1,0,0,1,1,0.0,10,6,-1,medium,medium,0.85,medium,2,,,,,,ablation,524200
E,E_00176,apple_pick,posthoc_single,0,0,0,1,1,1,0.04574557,10,6,-1,medium,medium,0.85,medium,2,,,,,,ablation,524200
E,E_00176,apple_pick,soft_penalty_fc,1,0,1,1,1,1,0.04574557,10,6,-1,medium,medium,0.85,medium,2,,,,,,ablation,524200
E,E_00176_obs,apple_pick,delete_noisy_roles,1,1,0,0,1,1,0.00149122,10,6,6,medium,medium,0.85,medium,2,,,,,,ablation,524200
E,E_00176_auditless,apple_pick,auditless_geometric,1,0,1,1,1,1,0.04574557,10,6,6,medium,medium,0.85,medium,2,,,,,,ablation,524200
E,E_00177,apple_pick,geometric_fc,1,0,1,1,1,1,0.04952652,10,6,-1,medium,medium,0.85,medium,2,,,,,,ablation,524201
E,E_00177,apple_pick,oracle_sfc,1,1,0,0,1,1,0.03130383,10,6,-1,medium,medium,0.85,medium,2,,,,,,ablation,524201
E,E_00177,apple_pick,semantic_only,1,1,0,0,1,1,0.0,10,6,-1,medium,medium,0.85,medium,2,,,,,,ablation,524201
E,E_00177,apple_pick,posthoc_single,0,0,0,1,1,1,0.04952652,10,6,-1,medium,medium,0.85,medium,2,,,,,,ablation,524201
E,E_00177,apple_pick,soft_penalty_fc,1,0,1,1,1,1,0.04952652,10,6,-1,medium,medium,0.85,medium,2,,,,,,ablation,524201
E,E_00177_obs,apple_pick,delete_noisy_roles,1,1,0,0,1,1,0.03130383,10,6,6,medium,medium,0.85,medium,2,,,,,,ablation,524201
E,E_00177_auditless,apple_pick,auditless_geometric,1,0,1,1,1,1,0.04952652,10,6,6,medium,medium,0.85,medium,2,,,,,,ablation,524201
E,E_00178,apple_pick,geometric_fc,1,0,1,1,1,1,0.04143328,10,6,-1,medium,medium,0.85,medium,2,,,,,,ablation,524202
E,E_00178,apple_pick,oracle_sfc,1,1,0,0,1,1,0.00396997,10,6,-1,medium,medium,0.85,medium,2,,,,,,ablation,524202
E,E_00178,apple_pick,semantic_only,1,1,0,0,1,1,0.0,10,6,-1,medium,medium,0.85,medium,2,,,,,,ablation,524202
E,E_00178,apple_pick,posthoc_single,0,0,0,1,1,1,0.04143328,10,6,-1,medium,medium,0.85,medium,2,,,,,,ablation,524202
E,E_00178,apple_pick,soft_penalty_fc,1,0,1,1,1,1,0.04143328,10,6,-1,medium,medium,0.85,medium,2,,,,,,ablation,524202
E,E_00178_obs,apple_pick,delete_noisy_roles,1,1,0,0,1,1,0.00396997,10,6,6,medium,medium,0.85,medium,2,,,,,,ablation,524202
E,E_00178_auditless,apple_pick,auditless_geometric,1,0,1,1,1,1,0.04143328,10,6,6,medium,medium,0.85,medium,2,,,,,,ablation,524202
E,E_00179,apple_pick,geometric_fc,1,0,1,0,1,0,0.0453901,10,6,-1,medium,medium,0.85,medium,2,,,,,,ablation,524203
E,E_00179,apple_pick,oracle_sfc,0,0,0,0,1,0,0.0,10,6,-1,medium,medium,0.85,medium,2,,,,,,ablation,524203
E,E_00179,apple_pick,semantic_only,1,0,1,0,1,0,0.0,10,6,-1,medium,medium,0.85,medium,2,,,,,,ablation,524203
E,E_00179,apple_pick,posthoc_single,0,0,0,0,1,0,0.0453901,10,6,-1,medium,medium,0.85,medium,2,,,,,,ablation,524203
E,E_00179,apple_pick,soft_penalty_fc,1,0,1,0,1,0,0.0453901,10,6,-1,medium,medium,0.85,medium,2,,,,,,ablation,524203
E,E_00179_obs,apple_pick,delete_noisy_roles,0,0,0,0,1,0,0.0,10,6,6,medium,medium,0.85,medium,2,,,,,,ablation,524203
E,E_00179_auditless,apple_pick,auditless_geometric,1,0,1,0,1,0,0.0453901,10,6,6,medium,medium,0.85,medium,2,,,,,,ablation,524203
E,E_00180,apple_pick,geometric_fc,1,0,1,1,1,1,0.04576537,10,6,-1,medium,medium,0.85,medium,2,,,,,,ablation,524204
E,E_00180,apple_pick,oracle_sfc,1,1,0,0,1,1,0.01700553,10,6,-1,medium,medium,0.85,medium,2,,,,,,ablation,524204
E,E_00180,apple_pick,semantic_only,1,1,0,0,1,1,0.0,10,6,-1,medium,medium,0.85,medium,2,,,,,,ablation,524204
E,E_00180,apple_pick,posthoc_single,0,0,0,1,1,1,0.04576537,10,6,-1,medium,medium,0.85,medium,2,,,,,,ablation,524204
E,E_00180,apple_pick,soft_penalty_fc,1,0,1,1,1,1,0.04576537,10,6,-1,medium,medium,0.85,medium,2,,,,,,ablation,524204
E,E_00180_obs,apple_pick,delete_noisy_roles,1,1,0,0,1,1,0.01700553,10,6,6,medium,medium,0.85,medium,2,,,,,,ablation,524204
E,E_00180_auditless,apple_pick,auditless_geometric,1,0,1,1,1,1,0.04576537,10,6,6,medium,medium,0.85,medium,2,,,,,,ablation,524204
E,E_00181,scissors_pass,geometric_fc,1,0,1,0,1,0,0.03771773,10,5,-1,medium,medium,0.25,medium,2,,,,,,ablation,524205
E,E_00181,scissors_pass,oracle_sfc,0,0,0,0,1,0,0.0,10,5,-1,medium,medium,0.25,medium,2,,,,,,ablation,524205
E,E_00181,scissors_pass,semantic_only,1,0,1,0,1,0,0.0,10,5,-1,medium,medium,0.25,medium,2,,,,,,ablation,524205
E,E_00181,scissors_pass,posthoc_single,0,0,0,0,1,0,0.03771773,10,5,-1,medium,medium,0.25,medium,2,,,,,,ablation,524205
E,E_00181,scissors_pass,soft_penalty_fc,1,0,1,0,1,0,0.03771773,10,5,-1,medium,medium,0.25,medium,2,,,,,,ablation,524205
E,E_00181_obs,scissors_pass,delete_noisy_roles,0,0,0,0,1,0,0.0,10,5,5,medium,medium,0.25,medium,2,,,,,,ablation,524205
E,E_00181_auditless,scissors_pass,auditless_geometric,1,0,1,0,1,0,0.03771773,10,5,5,medium,medium,0.25,medium,2,,,,,,ablation,524205
E,E_00182,scissors_pass,geometric_fc,1,0,1,0,1,0,0.03241278,10,5,-1,medium,medium,0.25,medium,2,,,,,,ablation,524206
E,E_00182,scissors_pass,oracle_sfc,0,0,0,0,1,0,0.0,10,5,-1,medium,medium,0.25,medium,2,,,,,,ablation,524206
E,E_00182,scissors_pass,semantic_only,1,0,1,0,1,0,0.0,10,5,-1,medium,medium,0.25,medium,2,,,,,,ablation,524206
E,E_00182,scissors_pass,posthoc_single,0,0,0,0,1,0,0.03241278,10,5,-1,medium,medium,0.25,medium,2,,,,,,ablation,524206
E,E_00182,scissors_pass,soft_penalty_fc,1,0,1,0,1,0,0.03241278,10,5,-1,medium,medium,0.25,medium,2,,,,,,ablation,524206
E,E_00182_obs,scissors_pass,delete_noisy_roles,0,0,0,0,1,0,0.0,10,5,5,medium,medium,0.25,medium,2,,,,,,ablation,524206
E,E_00182_auditless,scissors_pass,auditless_geometric,1,0,1,0,1,0,0.03241278,10,5,5,medium,medium,0.25,medium,2,,,,,,ablation,524206
E,E_00183,scissors_pass,geometric_fc,1,0,1,0,1,0,0.03772341,10,5,-1,medium,medium,0.25,medium,2,,,,,,ablation,524207
E,E_00183,scissors_pass,oracle_sfc,0,0,0,0,1,0,0.0,10,5,-1,medium,medium,0.25,medium,2,,,,,,ablation,524207
E,E_00183,scissors_pass,semantic_only,1,0,1,0,1,0,0.0,10,5,-1,medium,medium,0.25,medium,2,,,,,,ablation,524207
E,E_00183,scissors_pass,posthoc_single,0,0,0,0,1,0,0.03772341,10,5,-1,medium,medium,0.25,medium,2,,,,,,ablation,524207
E,E_00183,scissors_pass,soft_penalty_fc,1,0,1,0,1,0,0.03772341,10,5,-1,medium,medium,0.25,medium,2,,,,,,ablation,524207
E,E_00183_obs,scissors_pass,delete_noisy_roles,0,0,0,0,1,0,0.0,10,5,5,medium,medium,0.25,medium,2,,,,,,ablation,524207
E,E_00183_auditless,scissors_pass,auditless_geometric,1,0,1,0,1,0,0.03772341,10,5,5,medium,medium,0.25,medium,2,,,,,,ablation,524207
E,E_00184,scissors_pass,geometric_fc,1,0,1,0,1,0,0.04263342,10,5,-1,medium,medium,0.25,medium,2,,,,,,ablation,524208
E,E_00184,scissors_pass,oracle_sfc,0,0,0,0,1,0,0.0,10,5,-1,medium,medium,0.25,medium,2,,,,,,ablation,524208
E,E_00184,scissors_pass,semantic_only,1,0,1,0,1,0,0.0,10,5,-1,medium,medium,0.25,medium,2,,,,,,ablation,524208
E,E_00184,scissors_pass,posthoc_single,0,0,0,0,1,0,0.04263342,10,5,-1,medium,medium,0.25,medium,2,,,,,,ablation,524208
E,E_00184,scissors_pass,soft_penalty_fc,1,0,1,0,1,0,0.04263342,10,5,-1,medium,medium,0.25,medium,2,,,,,,ablation,524208
E,E_00184_obs,scissors_pass,delete_noisy_roles,0,0,0,0,1,0,0.0,10,5,3,medium,medium,0.25,medium,2,,,,,,ablation,524208
E,E_00184_auditless,scissors_pass,auditless_geometric,1,0,1,0,1,0,0.04263342,10,5,3,medium,medium,0.25,medium,2,,,,,,ablation,524208
E,E_00185,scissors_pass,geometric_fc,1,0,1,0,1,0,0.03877901,10,5,-1,medium,medium,0.25,medium,2,,,,,,ablation,524209
E,E_00185,scissors_pass,oracle_sfc,0,0,0,0,1,0,0.0,10,5,-1,medium,medium,0.25,medium,2,,,,,,ablation,524209
E,E_00185,scissors_pass,semantic_only,1,0,1,0,1,0,0.0,10,5,-1,medium,medium,0.25,medium,2,,,,,,ablation,524209
E,E_00185,scissors_pass,posthoc_single,0,0,0,0,1,0,0.03877901,10,5,-1,medium,medium,0.25,medium,2,,,,,,ablation,524209
E,E_00185,scissors_pass,soft_penalty_fc,1,0,1,0,1,0,0.03877901,10,5,-1,medium,medium,0.25,medium,2,,,,,,ablation,524209
E,E_00185_obs,scissors_pass,delete_noisy_roles,0,0,0,0,1,0,0.0,10,5,5,medium,medium,0.25,medium,2,,,,,,ablation,524209
E,E_00185_auditless,scissors_pass,auditless_geometric,1,0,1,0,1,0,0.03877901,10,5,5,medium,medium,0.25,medium,2,,,,,,ablation,524209
E,E_00186,scissors_pass,geometric_fc,1,0,1,0,1,0,0.03647624,10,5,-1,medium,medium,0.25,medium,2,,,,,,ablation,524210
E,E_00186,scissors_pass,oracle_sfc,0,0,0,0,1,0,0.0,10,5,-1,medium,medium,0.25,medium,2,,,,,,ablation,524210
E,E_00186,scissors_pass,semantic_only,1,0,1,0,1,0,0.0,10,5,-1,medium,medium,0.25,medium,2,,,,,,ablation,524210
E,E_00186,scissors_pass,posthoc_single,0,0,0,0,1,0,0.03647624,10,5,-1,medium,medium,0.25,medium,2,,,,,,ablation,524210
E,E_00186,scissors_pass,soft_penalty_fc,1,0,1,0,1,0,0.03647624,10,5,-1,medium,medium,0.25,medium,2,,,,,,ablation,524210
E,E_00186_obs,scissors_pass,delete_noisy_roles,0,0,0,0,1,0,0.0,10,5,5,medium,medium,0.25,medium,2,,,,,,ablation,524210
E,E_00186_auditless,scissors_pass,auditless_geometric,1,0,1,0,1,0,0.03647624,10,5,5,medium,medium,0.25,medium,2,,,,,,ablation,524210
E,E_00187,scissors_pass,geometric_fc,1,0,1,0,1,0,0.03984948,10,5,-1,medium,medium,0.25,medium,2,,,,,,ablation,524211
E,E_00187,scissors_pass,oracle_sfc,0,0,0,0,1,0,0.0,10,5,-1,medium,medium,0.25,medium,2,,,,,,ablation,524211
E,E_00187,scissors_pass,semantic_only,1,0,1,0,1,0,0.0,10,5,-1,medium,medium,0.25,medium,2,,,,,,ablation,524211
E,E_00187,scissors_pass,posthoc_single,0,0,0,0,1,0,0.03984948,10,5,-1,medium,medium,0.25,medium,2,,,,,,ablation,524211
E,E_00187,scissors_pass,soft_penalty_fc,1,0,1,0,1,0,0.03984948,10,5,-1,medium,medium,0.25,medium,2,,,,,,ablation,524211
E,E_00187_obs,scissors_pass,delete_noisy_roles,0,0,0,0,1,0,0.0,10,5,4,medium,medium,0.25,medium,2,,,,,,ablation,524211
E,E_00187_auditless,scissors_pass,auditless_geometric,1,0,1,0,1,0,0.03984948,10,5,4,medium,medium,0.25,medium,2,,,,,,ablation,524211
E,E_00188,scissors_pass,geometric_fc,1,0,1,0,1,0,0.04217703,10,5,-1,medium,medium,0.25,medium,2,,,,,,ablation,524212
E,E_00188,scissors_pass,oracle_sfc,0,0,0,0,1,0,0.0,10,5,-1,medium,medium,0.25,medium,2,,,,,,ablation,524212
E,E_00188,scissors_pass,semantic_only,1,0,1,0,1,0,0.0,10,5,-1,medium,medium,0.25,medium,2,,,,,,ablation,524212
E,E_00188,scissors_pass,posthoc_single,0,0,0,0,1,0,0.04217703,10,5,-1,medium,medium,0.25,medium,2,,,,,,ablation,524212
E,E_00188,scissors_pass,soft_penalty_fc,1,0,1,0,1,0,0.04217703,10,5,-1,medium,medium,0.25,medium,2,,,,,,ablation,524212
E,E_00188_obs,scissors_pass,delete_noisy_roles,0,0,0,0,1,0,0.0,10,5,5,medium,medium,0.25,medium,2,,,,,,ablation,524212
E,E_00188_auditless,scissors_pass,auditless_geometric,1,0,1,0,1,0,0.04217703,10,5,5,medium,medium,0.25,medium,2,,,,,,ablation,524212
E,E_00189,scissors_pass,geometric_fc,1,0,1,0,1,0,0.04304687,10,5,-1,medium,medium,0.25,medium,2,,,,,,ablation,524213
E,E_00189,scissors_pass,oracle_sfc,0,0,0,0,1,0,0.0,10,5,-1,medium,medium,0.25,medium,2,,,,,,ablation,524213
E,E_00189,scissors_pass,semantic_only,1,0,1,0,1,0,0.0,10,5,-1,medium,medium,0.25,medium,2,,,,,,ablation,524213
E,E_00189,scissors_pass,posthoc_single,0,0,0,0,1,0,0.04304687,10,5,-1,medium,medium,0.25,medium,2,,,,,,ablation,524213
E,E_00189,scissors_pass,soft_penalty_fc,1,0,1,0,1,0,0.04304687,10,5,-1,medium,medium,0.25,medium,2,,,,,,ablation,524213
E,E_00189_obs,scissors_pass,delete_noisy_roles,0,0,0,0,1,0,0.0,10,5,4,medium,medium,0.25,medium,2,,,,,,ablation,524213
E,E_00189_auditless,scissors_pass,auditless_geometric,1,0,1,0,1,0,0.04304687,10,5,4,medium,medium,0.25,medium,2,,,,,,ablation,524213
E,E_00190,scissors_pass,geometric_fc,1,0,1,0,1,0,0.04027326,10,5,-1,medium,medium,0.25,medium,2,,,,,,ablation,524214
E,E_00190,scissors_pass,oracle_sfc,0,0,0,0,1,0,0.0,10,5,-1,medium,medium,0.25,medium,2,,,,,,ablation,524214
E,E_00190,scissors_pass,semantic_only,1,0,1,0,1,0,0.0,10,5,-1,medium,medium,0.25,medium,2,,,,,,ablation,524214
E,E_00190,scissors_pass,posthoc_single,0,0,0,0,1,0,0.04027326,10,5,-1,medium,medium,0.25,medium,2,,,,,,ablation,524214
E,E_00190,scissors_pass,soft_penalty_fc,1,0,1,0,1,0,0.04027326,10,5,-1,medium,medium,0.25,medium,2,,,,,,ablation,524214
E,E_00190_obs,scissors_pass,delete_noisy_roles,1,0,1,0,1,0,0.03847351,10,5,6,medium,medium,0.25,medium,2,,,,,,ablation,524214
E,E_00190_auditless,scissors_pass,auditless_geometric,1,0,1,0,1,0,0.04027326,10,5,6,medium,medium,0.25,medium,2,,,,,,ablation,524214
E,E_00191,scissors_pass,geometric_fc,1,0,1,0,1,0,0.04244953,10,5,-1,medium,medium,0.25,medium,2,,,,,,ablation,524215
E,E_00191,scissors_pass,oracle_sfc,0,0,0,0,1,0,0.0,10,5,-1,medium,medium,0.25,medium,2,,,,,,ablation,524215
E,E_00191,scissors_pass,semantic_only,1,0,1,0,1,0,0.0,10,5,-1,medium,medium,0.25,medium,2,,,,,,ablation,524215
E,E_00191,scissors_pass,posthoc_single,0,0,0,0,1,0,0.04244953,10,5,-1,medium,medium,0.25,medium,2,,,,,,ablation,524215
E,E_00191,scissors_pass,soft_penalty_fc,1,0,1,0,1,0,0.04244953,10,5,-1,medium,medium,0.25,medium,2,,,,,,ablation,524215
E,E_00191_obs,scissors_pass,delete_noisy_roles,0,0,0,0,1,0,0.0,10,5,5,medium,medium,0.25,medium,2,,,,,,ablation,524215
E,E_00191_auditless,scissors_pass,auditless_geometric,1,0,1,0,1,0,0.04244953,10,5,5,medium,medium,0.25,medium,2,,,,,,ablation,524215
E,E_00192,scissors_pass,geometric_fc,1,0,1,0,1,0,0.03637027,10,5,-1,medium,medium,0.25,medium,2,,,,,,ablation,524216
E,E_00192,scissors_pass,oracle_sfc,0,0,0,0,1,0,0.0,10,5,-1,medium,medium,0.25,medium,2,,,,,,ablation,524216
E,E_00192,scissors_pass,semantic_only,1,0,1,0,1,0,0.0,10,5,-1,medium,medium,0.25,medium,2,,,,,,ablation,524216
E,E_00192,scissors_pass,posthoc_single,0,0,0,0,1,0,0.03637027,10,5,-1,medium,medium,0.25,medium,2,,,,,,ablation,524216
E,E_00192,scissors_pass,soft_penalty_fc,1,0,1,0,1,0,0.03637027,10,5,-1,medium,medium,0.25,medium,2,,,,,,ablation,524216
E,E_00192_obs,scissors_pass,delete_noisy_roles,0,0,0,0,1,0,0.0,10,5,5,medium,medium,0.25,medium,2,,,,,,ablation,524216
E,E_00192_auditless,scissors_pass,auditless_geometric,1,0,1,0,1,0,0.03637027,10,5,5,medium,medium,0.25,medium,2,,,,,,ablation,524216
E,E_00193,scissors_pass,geometric_fc,1,0,1,0,1,0,0.04256706,10,5,-1,medium,medium,0.55,medium,2,,,,,,ablation,524217
E,E_00193,scissors_pass,oracle_sfc,0,0,0,0,1,0,0.0,10,5,-1,medium,medium,0.55,medium,2,,,,,,ablation,524217
E,E_00193,scissors_pass,semantic_only,1,0,1,0,1,0,0.0,10,5,-1,medium,medium,0.55,medium,2,,,,,,ablation,524217
E,E_00193,scissors_pass,posthoc_single,0,0,0,0,1,0,0.04256706,10,5,-1,medium,medium,0.55,medium,2,,,,,,ablation,524217
E,E_00193,scissors_pass,soft_penalty_fc,1,0,1,0,1,0,0.04256706,10,5,-1,medium,medium,0.55,medium,2,,,,,,ablation,524217
E,E_00193_obs,scissors_pass,delete_noisy_roles,0,0,0,0,1,0,0.0,10,5,4,medium,medium,0.55,medium,2,,,,,,ablation,524217
E,E_00193_auditless,scissors_pass,auditless_geometric,1,0,1,0,1,0,0.04256706,10,5,4,medium,medium,0.55,medium,2,,,,,,ablation,524217
E,E_00194,scissors_pass,geometric_fc,1,0,1,0,1,0,0.04014287,10,5,-1,medium,medium,0.55,medium,2,,,,,,ablation,524218
E,E_00194,scissors_pass,oracle_sfc,0,0,0,0,1,0,0.0,10,5,-1,medium,medium,0.55,medium,2,,,,,,ablation,524218
E,E_00194,scissors_pass,semantic_only,1,0,1,0,1,0,0.0,10,5,-1,medium,medium,0.55,medium,2,,,,,,ablation,524218
E,E_00194,scissors_pass,posthoc_single,0,0,0,0,1,0,0.04014287,10,5,-1,medium,medium,0.55,medium,2,,,,,,ablation,524218
E,E_00194,scissors_pass,soft_penalty_fc,1,0,1,0,1,0,0.04014287,10,5,-1,medium,medium,0.55,medium,2,,,,,,ablation,524218
E,E_00194_obs,scissors_pass,delete_noisy_roles,0,0,0,0,1,0,0.0,10,5,4,medium,medium,0.55,medium,2,,,,,,ablation,524218
E,E_00194_auditless,scissors_pass,auditless_geometric,1,0,1,0,1,0,0.04014287,10,5,4,medium,medium,0.55,medium,2,,,,,,ablation,524218
E,E_00195,scissors_pass,geometric_fc,1,0,1,0,1,0,0.03428334,10,5,-1,medium,medium,0.55,medium,2,,,,,,ablation,524219
E,E_00195,scissors_pass,oracle_sfc,0,0,0,0,1,0,0.0,10,5,-1,medium,medium,0.55,medium,2,,,,,,ablation,524219
E,E_00195,scissors_pass,semantic_only,1,0,1,0,1,0,0.0,10,5,-1,medium,medium,0.55,medium,2,,,,,,ablation,524219
E,E_00195,scissors_pass,posthoc_single,0,0,0,0,1,0,0.03428334,10,5,-1,medium,medium,0.55,medium,2,,,,,,ablation,524219
E,E_00195,scissors_pass,soft_penalty_fc,1,0,1,0,1,0,0.03428334,10,5,-1,medium,medium,0.55,medium,2,,,,,,ablation,524219
E,E_00195_obs,scissors_pass,delete_noisy_roles,0,0,0,0,1,0,0.0,10,5,4,medium,medium,0.55,medium,2,,,,,,ablation,524219
E,E_00195_auditless,scissors_pass,auditless_geometric,1,0,1,0,1,0,0.03428334,10,5,4,medium,medium,0.55,medium,2,,,,,,ablation,524219
E,E_00196,scissors_pass,geometric_fc,1,0,1,0,1,0,0.04269371,10,5,-1,medium,medium,0.55,medium,2,,,,,,ablation,524220
E,E_00196,scissors_pass,oracle_sfc,0,0,0,0,1,0,0.0,10,5,-1,medium,medium,0.55,medium,2,,,,,,ablation,524220
E,E_00196,scissors_pass,semantic_only,1,0,1,0,1,0,0.0,10,5,-1,medium,medium,0.55,medium,2,,,,,,ablation,524220
E,E_00196,scissors_pass,posthoc_single,0,0,0,0,1,0,0.04269371,10,5,-1,medium,medium,0.55,medium,2,,,,,,ablation,524220
E,E_00196,scissors_pass,soft_penalty_fc,1,0,1,0,1,0,0.04269371,10,5,-1,medium,medium,0.55,medium,2,,,,,,ablation,524220
E,E_00196_obs,scissors_pass,delete_noisy_roles,0,0,0,0,1,0,0.0,10,5,5,medium,medium,0.55,medium,2,,,,,,ablation,524220
E,E_00196_auditless,scissors_pass,auditless_geometric,1,0,1,0,1,0,0.04269371,10,5,5,medium,medium,0.55,medium,2,,,,,,ablation,524220
E,E_00197,scissors_pass,geometric_fc,1,0,1,0,1,0,0.04029997,10,5,-1,medium,medium,0.55,medium,2,,,,,,ablation,524221
E,E_00197,scissors_pass,oracle_sfc,0,0,0,0,1,0,0.0,10,5,-1,medium,medium,0.55,medium,2,,,,,,ablation,524221
E,E_00197,scissors_pass,semantic_only,1,0,1,0,1,0,0.0,10,5,-1,medium,medium,0.55,medium,2,,,,,,ablation,524221
E,E_00197,scissors_pass,posthoc_single,0,0,0,0,1,0,0.04029997,10,5,-1,medium,medium,0.55,medium,2,,,,,,ablation,524221
E,E_00197,scissors_pass,soft_penalty_fc,1,0,1,0,1,0,0.04029997,10,5,-1,medium,medium,0.55,medium,2,,,,,,ablation,524221
E,E_00197_obs,scissors_pass,delete_noisy_roles,0,0,0,0,1,0,0.0,10,5,5,medium,medium,0.55,medium,2,,,,,,ablation,524221
E,E_00197_auditless,scissors_pass,auditless_geometric,1,0,1,0,1,0,0.04029997,10,5,5,medium,medium,0.55,medium,2,,,,,,ablation,524221
E,E_00198,scissors_pass,geometric_fc,1,0,1,0,1,0,0.04243706,10,5,-1,medium,medium,0.55,medium,2,,,,,,ablation,524222
E,E_00198,scissors_pass,oracle_sfc,0,0,0,0,1,0,0.0,10,5,-1,medium,medium,0.55,medium,2,,,,,,ablation,524222
E,E_00198,scissors_pass,semantic_only,1,0,1,0,1,0,0.0,10,5,-1,medium,medium,0.55,medium,2,,,,,,ablation,524222
E,E_00198,scissors_pass,posthoc_single,0,0,0,0,1,0,0.04243706,10,5,-1,medium,medium,0.55,medium,2,,,,,,ablation,524222
E,E_00198,scissors_pass,soft_penalty_fc,1,0,1,0,1,0,0.04243706,10,5,-1,medium,medium,0.55,medium,2,,,,,,ablation,524222
E,E_00198_obs,scissors_pass,delete_noisy_roles,1,0,1,0,1,0,0.04040746,10,5,6,medium,medium,0.55,medium,2,,,,,,ablation,524222
E,E_00198_auditless,scissors_pass,auditless_geometric,1,0,1,0,1,0,0.04243706,10,5,6,medium,medium,0.55,medium,2,,,,,,ablation,524222
E,E_00199,scissors_pass,geometric_fc,1,0,1,0,1,0,0.03963095,10,5,-1,medium,medium,0.55,medium,2,,,,,,ablation,524223
E,E_00199,scissors_pass,oracle_sfc,0,0,0,0,1,0,0.0,10,5,-1,medium,medium,0.55,medium,2,,,,,,ablation,524223
E,E_00199,scissors_pass,semantic_only,1,0,1,0,1,0,0.0,10,5,-1,medium,medium,0.55,medium,2,,,,,,ablation,524223
E,E_00199,scissors_pass,posthoc_single,0,0,0,0,1,0,0.03963095,10,5,-1,medium,medium,0.55,medium,2,,,,,,ablation,524223
E,E_00199,scissors_pass,soft_penalty_fc,1,0,1,0,1,0,0.03963095,10,5,-1,medium,medium,0.55,medium,2,,,,,,ablation,524223
E,E_00199_obs,scissors_pass,delete_noisy_roles,0,0,0,0,1,0,0.0,10,5,5,medium,medium,0.55,medium,2,,,,,,ablation,524223
E,E_00199_auditless,scissors_pass,auditless_geometric,1,0,1,0,1,0,0.03963095,10,5,5,medium,medium,0.55,medium,2,,,,,,ablation,524223
E,E_00200,scissors_pass,geometric_fc,1,0,1,0,1,0,0.03930676,10,5,-1,medium,medium,0.55,medium,2,,,,,,ablation,524224
E,E_00200,scissors_pass,oracle_sfc,0,0,0,0,1,0,0.0,10,5,-1,medium,medium,0.55,medium,2,,,,,,ablation,524224
E,E_00200,scissors_pass,semantic_only,1,0,1,0,1,0,0.0,10,5,-1,medium,medium,0.55,medium,2,,,,,,ablation,524224
E,E_00200,scissors_pass,posthoc_single,0,0,0,0,1,0,0.03930676,10,5,-1,medium,medium,0.55,medium,2,,,,,,ablation,524224
E,E_00200,scissors_pass,soft_penalty_fc,1,0,1,0,1,0,0.03930676,10,5,-1,medium,medium,0.55,medium,2,,,,,,ablation,524224
E,E_00200_obs,scissors_pass,delete_noisy_roles,1,0,1,0,1,0,0.04719502,10,5,6,medium,medium,0.55,medium,2,,,,,,ablation,524224
E,E_00200_auditless,scissors_pass,auditless_geometric,1,0,1,0,1,0,0.03930676,10,5,6,medium,medium,0.55,medium,2,,,,,,ablation,524224
E,E_00201,scissors_pass,geometric_fc,1,0,1,0,1,0,0.04008849,10,5,-1,medium,medium,0.55,medium,2,,,,,,ablation,524225
E,E_00201,scissors_pass,oracle_sfc,0,0,0,0,1,0,0.0,10,5,-1,medium,medium,0.55,medium,2,,,,,,ablation,524225
E,E_00201,scissors_pass,semantic_only,1,0,1,0,1,0,0.0,10,5,-1,medium,medium,0.55,medium,2,,,,,,ablation,524225
E,E_00201,scissors_pass,posthoc_single,0,0,0,0,1,0,0.04008849,10,5,-1,medium,medium,0.55,medium,2,,,,,,ablation,524225
E,E_00201,scissors_pass,soft_penalty_fc,1,0,1,0,1,0,0.04008849,10,5,-1,medium,medium,0.55,medium,2,,,,,,ablation,524225
E,E_00201_obs,scissors_pass,delete_noisy_roles,0,0,0,0,1,0,0.0,10,5,4,medium,medium,0.55,medium,2,,,,,,ablation,524225
E,E_00201_auditless,scissors_pass,auditless_geometric,1,0,1,0,1,0,0.04008849,10,5,4,medium,medium,0.55,medium,2,,,,,,ablation,524225
E,E_00202,scissors_pass,geometric_fc,1,0,1,0,1,0,0.03789975,10,5,-1,medium,medium,0.55,medium,2,,,,,,ablation,524226
E,E_00202,scissors_pass,oracle_sfc,0,0,0,0,1,0,0.0,10,5,-1,medium,medium,0.55,medium,2,,,,,,ablation,524226
E,E_00202,scissors_pass,semantic_only,1,0,1,0,1,0,0.0,10,5,-1,medium,medium,0.55,medium,2,,,,,,ablation,524226
E,E_00202,scissors_pass,posthoc_single,0,0,0,0,1,0,0.03789975,10,5,-1,medium,medium,0.55,medium,2,,,,,,ablation,524226
E,E_00202,scissors_pass,soft_penalty_fc,1,0,1,0,1,0,0.03789975,10,5,-1,medium,medium,0.55,medium,2,,,,,,ablation,524226
E,E_00202_obs,scissors_pass,delete_noisy_roles,0,0,0,0,1,0,0.0,10,5,5,medium,medium,0.55,medium,2,,,,,,ablation,524226
E,E_00202_auditless,scissors_pass,auditless_geometric,1,0,1,0,1,0,0.03789975,10,5,5,medium,medium,0.55,medium,2,,,,,,ablation,524226
E,E_00203,scissors_pass,geometric_fc,1,0,1,0,1,0,0.0469867,10,5,-1,medium,medium,0.55,medium,2,,,,,,ablation,524227
E,E_00203,scissors_pass,oracle_sfc,0,0,0,0,1,0,0.0,10,5,-1,medium,medium,0.55,medium,2,,,,,,ablation,524227
E,E_00203,scissors_pass,semantic_only,1,0,1,0,1,0,0.0,10,5,-1,medium,medium,0.55,medium,2,,,,,,ablation,524227
E,E_00203,scissors_pass,posthoc_single,0,0,0,0,1,0,0.0469867,10,5,-1,medium,medium,0.55,medium,2,,,,,,ablation,524227
E,E_00203,scissors_pass,soft_penalty_fc,1,0,1,0,1,0,0.0469867,10,5,-1,medium,medium,0.55,medium,2,,,,,,ablation,524227
E,E_00203_obs,scissors_pass,delete_noisy_roles,1,0,1,0,1,0,0.05127985,10,5,6,medium,medium,0.55,medium,2,,,,,,ablation,524227
E,E_00203_auditless,scissors_pass,auditless_geometric,1,0,1,0,1,0,0.0469867,10,5,6,medium,medium,0.55,medium,2,,,,,,ablation,524227
E,E_00204,scissors_pass,geometric_fc,1,0,1,0,1,0,0.04045072,10,5,-1,medium,medium,0.55,medium,2,,,,,,ablation,524228
E,E_00204,scissors_pass,oracle_sfc,0,0,0,0,1,0,0.0,10,5,-1,medium,medium,0.55,medium,2,,,,,,ablation,524228
E,E_00204,scissors_pass,semantic_only,1,0,1,0,1,0,0.0,10,5,-1,medium,medium,0.55,medium,2,,,,,,ablation,524228
E,E_00204,scissors_pass,posthoc_single,0,0,0,0,1,0,0.04045072,10,5,-1,medium,medium,0.55,medium,2,,,,,,ablation,524228
E,E_00204,scissors_pass,soft_penalty_fc,1,0,1,0,1,0,0.04045072,10,5,-1,medium,medium,0.55,medium,2,,,,,,ablation,524228
E,E_00204_obs,scissors_pass,delete_noisy_roles,0,0,0,0,1,0,0.0,10,5,5,medium,medium,0.55,medium,2,,,,,,ablation,524228
E,E_00204_auditless,scissors_pass,auditless_geometric,1,0,1,0,1,0,0.04045072,10,5,5,medium,medium,0.55,medium,2,,,,,,ablation,524228
E,E_00205,scissors_pass,geometric_fc,1,0,1,0,1,0,0.04147843,10,5,-1,medium,medium,0.85,medium,2,,,,,,ablation,524229
E,E_00205,scissors_pass,oracle_sfc,0,0,0,0,1,0,0.0,10,5,-1,medium,medium,0.85,medium,2,,,,,,ablation,524229
E,E_00205,scissors_pass,semantic_only,1,0,1,0,1,0,0.0,10,5,-1,medium,medium,0.85,medium,2,,,,,,ablation,524229
E,E_00205,scissors_pass,posthoc_single,0,0,0,0,1,0,0.04147843,10,5,-1,medium,medium,0.85,medium,2,,,,,,ablation,524229
E,E_00205,scissors_pass,soft_penalty_fc,1,0,1,0,1,0,0.04147843,10,5,-1,medium,medium,0.85,medium,2,,,,,,ablation,524229
E,E_00205_obs,scissors_pass,delete_noisy_roles,0,0,0,0,1,0,0.0,10,5,5,medium,medium,0.85,medium,2,,,,,,ablation,524229
E,E_00205_auditless,scissors_pass,auditless_geometric,1,0,1,0,1,0,0.04147843,10,5,5,medium,medium,0.85,medium,2,,,,,,ablation,524229
E,E_00206,scissors_pass,geometric_fc,1,0,1,0,1,0,0.03975561,10,5,-1,medium,medium,0.85,medium,2,,,,,,ablation,524230
E,E_00206,scissors_pass,oracle_sfc,0,0,0,0,1,0,0.0,10,5,-1,medium,medium,0.85,medium,2,,,,,,ablation,524230
E,E_00206,scissors_pass,semantic_only,1,0,1,0,1,0,0.0,10,5,-1,medium,medium,0.85,medium,2,,,,,,ablation,524230
E,E_00206,scissors_pass,posthoc_single,0,0,0,0,1,0,0.03975561,10,5,-1,medium,medium,0.85,medium,2,,,,,,ablation,524230
E,E_00206,scissors_pass,soft_penalty_fc,1,0,1,0,1,0,0.03975561,10,5,-1,medium,medium,0.85,medium,2,,,,,,ablation,524230
E,E_00206_obs,scissors_pass,delete_noisy_roles,0,0,0,0,1,0,0.0,10,5,5,medium,medium,0.85,medium,2,,,,,,ablation,524230
E,E_00206_auditless,scissors_pass,auditless_geometric,1,0,1,0,1,0,0.03975561,10,5,5,medium,medium,0.85,medium,2,,,,,,ablation,524230
E,E_00207,scissors_pass,geometric_fc,1,0,1,0,1,0,0.04256404,10,5,-1,medium,medium,0.85,medium,2,,,,,,ablation,524231
E,E_00207,scissors_pass,oracle_sfc,0,0,0,0,1,0,0.0,10,5,-1,medium,medium,0.85,medium,2,,,,,,ablation,524231
E,E_00207,scissors_pass,semantic_only,1,0,1,0,1,0,0.0,10,5,-1,medium,medium,0.85,medium,2,,,,,,ablation,524231
E,E_00207,scissors_pass,posthoc_single,0,0,0,0,1,0,0.04256404,10,5,-1,medium,medium,0.85,medium,2,,,,,,ablation,524231
E,E_00207,scissors_pass,soft_penalty_fc,1,0,1,0,1,0,0.04256404,10,5,-1,medium,medium,0.85,medium,2,,,,,,ablation,524231
E,E_00207_obs,scissors_pass,delete_noisy_roles,0,0,0,0,1,0,0.0,10,5,5,medium,medium,0.85,medium,2,,,,,,ablation,524231
E,E_00207_auditless,scissors_pass,auditless_geometric,1,0,1,0,1,0,0.04256404,10,5,5,medium,medium,0.85,medium,2,,,,,,ablation,524231
E,E_00208,scissors_pass,geometric_fc,1,0,1,0,1,0,0.03742886,10,5,-1,medium,medium,0.85,medium,2,,,,,,ablation,524232
E,E_00208,scissors_pass,oracle_sfc,0,0,0,0,1,0,0.0,10,5,-1,medium,medium,0.85,medium,2,,,,,,ablation,524232
E,E_00208,scissors_pass,semantic_only,1,0,1,0,1,0,0.0,10,5,-1,medium,medium,0.85,medium,2,,,,,,ablation,524232
E,E_00208,scissors_pass,posthoc_single,0,0,0,0,1,0,0.03742886,10,5,-1,medium,medium,0.85,medium,2,,,,,,ablation,524232
E,E_00208,scissors_pass,soft_penalty_fc,1,0,1,0,1,0,0.03742886,10,5,-1,medium,medium,0.85,medium,2,,,,,,ablation,524232
E,E_00208_obs,scissors_pass,delete_noisy_roles,1,0,1,0,1,0,0.04884973,10,5,6,medium,medium,0.85,medium,2,,,,,,ablation,524232
E,E_00208_auditless,scissors_pass,auditless_geometric,1,0,1,0,1,0,0.03742886,10,5,6,medium,medium,0.85,medium,2,,,,,,ablation,524232
E,E_00209,scissors_pass,geometric_fc,1,0,1,0,1,0,0.03504713,10,5,-1,medium,medium,0.85,medium,2,,,,,,ablation,524233
E,E_00209,scissors_pass,oracle_sfc,0,0,0,0,1,0,0.0,10,5,-1,medium,medium,0.85,medium,2,,,,,,ablation,524233
E,E_00209,scissors_pass,semantic_only,1,0,1,0,1,0,0.0,10,5,-1,medium,medium,0.85,medium,2,,,,,,ablation,524233
E,E_00209,scissors_pass,posthoc_single,0,0,0,0,1,0,0.03504713,10,5,-1,medium,medium,0.85,medium,2,,,,,,ablation,524233
E,E_00209,scissors_pass,soft_penalty_fc,1,0,1,0,1,0,0.03504713,10,5,-1,medium,medium,0.85,medium,2,,,,,,ablation,524233
E,E_00209_obs,scissors_pass,delete_noisy_roles,1,0,1,0,1,0,0.02985262,10,5,6,medium,medium,0.85,medium,2,,,,,,ablation,524233
E,E_00209_auditless,scissors_pass,auditless_geometric,1,0,1,0,1,0,0.03504713,10,5,6,medium,medium,0.85,medium,2,,,,,,ablation,524233
E,E_00210,scissors_pass,geometric_fc,1,0,1,0,1,0,0.04056641,10,5,-1,medium,medium,0.85,medium,2,,,,,,ablation,524234
E,E_00210,scissors_pass,oracle_sfc,0,0,0,0,1,0,0.0,10,5,-1,medium,medium,0.85,medium,2,,,,,,ablation,524234
E,E_00210,scissors_pass,semantic_only,1,0,1,0,1,0,0.0,10,5,-1,medium,medium,0.85,medium,2,,,,,,ablation,524234
E,E_00210,scissors_pass,posthoc_single,0,0,0,0,1,0,0.04056641,10,5,-1,medium,medium,0.85,medium,2,,,,,,ablation,524234
E,E_00210,scissors_pass,soft_penalty_fc,1,0,1,0,1,0,0.04056641,10,5,-1,medium,medium,0.85,medium,2,,,,,,ablation,524234
E,E_00210_obs,scissors_pass,delete_noisy_roles,0,0,0,0,1,0,0.0,10,5,5,medium,medium,0.85,medium,2,,,,,,ablation,524234
E,E_00210_auditless,scissors_pass,auditless_geometric,1,0,1,0,1,0,0.04056641,10,5,5,medium,medium,0.85,medium,2,,,,,,ablation,524234
E,E_00211,scissors_pass,geometric_fc,1,0,1,0,1,0,0.04076102,10,5,-1,medium,medium,0.85,medium,2,,,,,,ablation,524235
E,E_00211,scissors_pass,oracle_sfc,0,0,0,0,1,0,0.0,10,5,-1,medium,medium,0.85,medium,2,,,,,,ablation,524235
E,E_00211,scissors_pass,semantic_only,1,0,1,0,1,0,0.0,10,5,-1,medium,medium,0.85,medium,2,,,,,,ablation,524235
E,E_00211,scissors_pass,posthoc_single,0,0,0,0,1,0,0.04076102,10,5,-1,medium,medium,0.85,medium,2,,,,,,ablation,524235
E,E_00211,scissors_pass,soft_penalty_fc,1,0,1,0,1,0,0.04076102,10,5,-1,medium,medium,0.85,medium,2,,,,,,ablation,524235
E,E_00211_obs,scissors_pass,delete_noisy_roles,0,0,0,0,1,0,0.0,10,5,5,medium,medium,0.85,medium,2,,,,,,ablation,524235
E,E_00211_auditless,scissors_pass,auditless_geometric,1,0,1,0,1,0,0.04076102,10,5,5,medium,medium,0.85,medium,2,,,,,,ablation,524235
E,E_00212,scissors_pass,geometric_fc,1,0,1,0,1,0,0.04398009,10,5,-1,medium,medium,0.85,medium,2,,,,,,ablation,524236
E,E_00212,scissors_pass,oracle_sfc,0,0,0,0,1,0,0.0,10,5,-1,medium,medium,0.85,medium,2,,,,,,ablation,524236
E,E_00212,scissors_pass,semantic_only,1,0,1,0,1,0,0.0,10,5,-1,medium,medium,0.85,medium,2,,,,,,ablation,524236
E,E_00212,scissors_pass,posthoc_single,0,0,0,0,1,0,0.04398009,10,5,-1,medium,medium,0.85,medium,2,,,,,,ablation,524236
E,E_00212,scissors_pass,soft_penalty_fc,1,0,1,0,1,0,0.04398009,10,5,-1,medium,medium,0.85,medium,2,,,,,,ablation,524236
E,E_00212_obs,scissors_pass,delete_noisy_roles,1,0,1,0,1,0,0.02192534,10,5,6,medium,medium,0.85,medium,2,,,,,,ablation,524236
E,E_00212_auditless,scissors_pass,auditless_geometric,1,0,1,0,1,0,0.04398009,10,5,6,medium,medium,0.85,medium,2,,,,,,ablation,524236
E,E_00213,scissors_pass,geometric_fc,1,0,1,0,1,0,0.03842833,10,5,-1,medium,medium,0.85,medium,2,,,,,,ablation,524237
E,E_00213,scissors_pass,oracle_sfc,0,0,0,0,1,0,0.0,10,5,-1,medium,medium,0.85,medium,2,,,,,,ablation,524237
E,E_00213,scissors_pass,semantic_only,1,0,1,0,1,0,0.0,10,5,-1,medium,medium,0.85,medium,2,,,,,,ablation,524237
E,E_00213,scissors_pass,posthoc_single,0,0,0,0,1,0,0.03842833,10,5,-1,medium,medium,0.85,medium,2,,,,,,ablation,524237
E,E_00213,scissors_pass,soft_penalty_fc,1,0,1,0,1,0,0.03842833,10,5,-1,medium,medium,0.85,medium,2,,,,,,ablation,524237
E,E_00213_obs,scissors_pass,delete_noisy_roles,0,0,0,0,1,0,0.0,10,5,5,medium,medium,0.85,medium,2,,,,,,ablation,524237
E,E_00213_auditless,scissors_pass,auditless_geometric,1,0,1,0,1,0,0.03842833,10,5,5,medium,medium,0.85,medium,2,,,,,,ablation,524237
E,E_00214,scissors_pass,geometric_fc,1,0,1,0,1,0,0.03610578,10,5,-1,medium,medium,0.85,medium,2,,,,,,ablation,524238
E,E_00214,scissors_pass,oracle_sfc,0,0,0,0,1,0,0.0,10,5,-1,medium,medium,0.85,medium,2,,,,,,ablation,524238
E,E_00214,scissors_pass,semantic_only,1,0,1,0,1,0,0.0,10,5,-1,medium,medium,0.85,medium,2,,,,,,ablation,524238
E,E_00214,scissors_pass,posthoc_single,0,0,0,0,1,0,0.03610578,10,5,-1,medium,medium,0.85,medium,2,,,,,,ablation,524238
E,E_00214,scissors_pass,soft_penalty_fc,1,0,1,0,1,0,0.03610578,10,5,-1,medium,medium,0.85,medium,2,,,,,,ablation,524238
E,E_00214_obs,scissors_pass,delete_noisy_roles,0,0,0,0,1,0,0.0,10,5,5,medium,medium,0.85,medium,2,,,,,,ablation,524238
E,E_00214_auditless,scissors_pass,auditless_geometric,1,0,1,0,1,0,0.03610578,10,5,5,medium,medium,0.85,medium,2,,,,,,ablation,524238
E,E_00215,scissors_pass,geometric_fc,1,0,1,0,1,0,0.04234314,10,5,-1,medium,medium,0.85,medium,2,,,,,,ablation,524239
E,E_00215,scissors_pass,oracle_sfc,0,0,0,0,1,0,0.0,10,5,-1,medium,medium,0.85,medium,2,,,,,,ablation,524239
E,E_00215,scissors_pass,semantic_only,1,0,1,0,1,0,0.0,10,5,-1,medium,medium,0.85,medium,2,,,,,,ablation,524239
E,E_00215,scissors_pass,posthoc_single,0,0,0,0,1,0,0.04234314,10,5,-1,medium,medium,0.85,medium,2,,,,,,ablation,524239
E,E_00215,scissors_pass,soft_penalty_fc,1,0,1,0,1,0,0.04234314,10,5,-1,medium,medium,0.85,medium,2,,,,,,ablation,524239
E,E_00215_obs,scissors_pass,delete_noisy_roles,0,0,0,0,1,0,0.0,10,5,5,medium,medium,0.85,medium,2,,,,,,ablation,524239
E,E_00215_auditless,scissors_pass,auditless_geometric,1,0,1,0,1,0,0.04234314,10,5,5,medium,medium,0.85,medium,2,,,,,,ablation,524239
E,E_00216,scissors_pass,geometric_fc,1,0,1,0,1,0,0.04082448,10,5,-1,medium,medium,0.85,medium,2,,,,,,ablation,524240
E,E_00216,scissors_pass,oracle_sfc,0,0,0,0,1,0,0.0,10,5,-1,medium,medium,0.85,medium,2,,,,,,ablation,524240
E,E_00216,scissors_pass,semantic_only,1,0,1,0,1,0,0.0,10,5,-1,medium,medium,0.85,medium,2,,,,,,ablation,524240
E,E_00216,scissors_pass,posthoc_single,0,0,0,0,1,0,0.04082448,10,5,-1,medium,medium,0.85,medium,2,,,,,,ablation,524240
E,E_00216,scissors_pass,soft_penalty_fc,1,0,1,0,1,0,0.04082448,10,5,-1,medium,medium,0.85,medium,2,,,,,,ablation,524240
E,E_00216_obs,scissors_pass,delete_noisy_roles,1,0,1,0,1,0,0.02249871,10,5,6,medium,medium,0.85,medium,2,,,,,,ablation,524240
E,E_00216_auditless,scissors_pass,auditless_geometric,1,0,1,0,1,0,0.04082448,10,5,6,medium,medium,0.85,medium,2,,,,,,ablation,524240
E,E_00217,syringe_handoff,geometric_fc,1,0,1,0,1,0,0.03989778,11,6,-1,medium,medium,0.25,medium,2,,,,,,ablation,524241
E,E_00217,syringe_handoff,oracle_sfc,0,0,0,0,1,0,0.0,11,6,-1,medium,medium,0.25,medium,2,,,,,,ablation,524241
E,E_00217,syringe_handoff,semantic_only,1,0,1,0,1,0,0.0,11,6,-1,medium,medium,0.25,medium,2,,,,,,ablation,524241
E,E_00217,syringe_handoff,posthoc_single,0,0,0,0,1,0,0.03989778,11,6,-1,medium,medium,0.25,medium,2,,,,,,ablation,524241
E,E_00217,syringe_handoff,soft_penalty_fc,1,0,1,0,1,0,0.03989778,11,6,-1,medium,medium,0.25,medium,2,,,,,,ablation,524241
E,E_00217_obs,syringe_handoff,delete_noisy_roles,0,0,0,0,1,0,0.0,11,6,6,medium,medium,0.25,medium,2,,,,,,ablation,524241
E,E_00217_auditless,syringe_handoff,auditless_geometric,1,0,1,0,1,0,0.03989778,11,6,6,medium,medium,0.25,medium,2,,,,,,ablation,524241
E,E_00218,syringe_handoff,geometric_fc,1,0,1,0,1,0,0.04006976,11,6,-1,medium,medium,0.25,medium,2,,,,,,ablation,524242
E,E_00218,syringe_handoff,oracle_sfc,0,0,0,0,1,0,0.0,11,6,-1,medium,medium,0.25,medium,2,,,,,,ablation,524242
E,E_00218,syringe_handoff,semantic_only,1,0,1,0,1,0,0.0,11,6,-1,medium,medium,0.25,medium,2,,,,,,ablation,524242
E,E_00218,syringe_handoff,posthoc_single,0,0,0,0,1,0,0.04006976,11,6,-1,medium,medium,0.25,medium,2,,,,,,ablation,524242
E,E_00218,syringe_handoff,soft_penalty_fc,1,0,1,0,1,0,0.04006976,11,6,-1,medium,medium,0.25,medium,2,,,,,,ablation,524242
E,E_00218_obs,syringe_handoff,delete_noisy_roles,1,0,1,0,1,0,0.04075942,11,6,6,medium,medium,0.25,medium,2,,,,,,ablation,524242
E,E_00218_auditless,syringe_handoff,auditless_geometric,1,0,1,0,1,0,0.04006976,11,6,6,medium,medium,0.25,medium,2,,,,,,ablation,524242
E,E_00219,syringe_handoff,geometric_fc,1,0,1,0,1,0,0.03968857,11,6,-1,medium,medium,0.25,medium,2,,,,,,ablation,524243
E,E_00219,syringe_handoff,oracle_sfc,0,0,0,0,1,0,0.0,11,6,-1,medium,medium,0.25,medium,2,,,,,,ablation,524243
E,E_00219,syringe_handoff,semantic_only,1,0,1,0,1,0,0.0,11,6,-1,medium,medium,0.25,medium,2,,,,,,ablation,524243
E,E_00219,syringe_handoff,posthoc_single,0,0,0,0,1,0,0.03968857,11,6,-1,medium,medium,0.25,medium,2,,,,,,ablation,524243
E,E_00219,syringe_handoff,soft_penalty_fc,1,0,1,0,1,0,0.03968857,11,6,-1,medium,medium,0.25,medium,2,,,,,,ablation,524243
E,E_00219_obs,syringe_handoff,delete_noisy_roles,1,0,1,0,1,0,0.03915139,11,6,7,medium,medium,0.25,medium,2,,,,,,ablation,524243
E,E_00219_auditless,syringe_handoff,auditless_geometric,1,0,1,0,1,0,0.03968857,11,6,7,medium,medium,0.25,medium,2,,,,,,ablation,524243
E,E_00220,syringe_handoff,geometric_fc,1,0,1,0,1,0,0.03883594,11,6,-1,medium,medium,0.25,medium,2,,,,,,ablation,524244
E,E_00220,syringe_handoff,oracle_sfc,0,0,0,0,1,0,0.0,11,6,-1,medium,medium,0.25,medium,2,,,,,,ablation,524244
E,E_00220,syringe_handoff,semantic_only,1,0,1,0,1,0,0.0,11,6,-1,medium,medium,0.25,medium,2,,,,,,ablation,524244
E,E_00220,syringe_handoff,posthoc_single,0,0,0,0,1,0,0.03883594,11,6,-1,medium,medium,0.25,medium,2,,,,,,ablation,524244
E,E_00220,syringe_handoff,soft_penalty_fc,1,0,1,0,1,0,0.03883594,11,6,-1,medium,medium,0.25,medium,2,,,,,,ablation,524244
E,E_00220_obs,syringe_handoff,delete_noisy_roles,0,0,0,0,1,0,0.0,11,6,6,medium,medium,0.25,medium,2,,,,,,ablation,524244
E,E_00220_auditless,syringe_handoff,auditless_geometric,1,0,1,0,1,0,0.03883594,11,6,6,medium,medium,0.25,medium,2,,,,,,ablation,524244
E,E_00221,syringe_handoff,geometric_fc,1,0,1,0,1,0,0.04163993,11,6,-1,medium,medium,0.25,medium,2,,,,,,ablation,524245
E,E_00221,syringe_handoff,oracle_sfc,0,0,0,0,1,0,0.0,11,6,-1,medium,medium,0.25,medium,2,,,,,,ablation,524245
E,E_00221,syringe_handoff,semantic_only,1,0,1,0,1,0,0.0,11,6,-1,medium,medium,0.25,medium,2,,,,,,ablation,524245
E,E_00221,syringe_handoff,posthoc_single,0,0,0,0,1,0,0.04163993,11,6,-1,medium,medium,0.25,medium,2,,,,,,ablation,524245
E,E_00221,syringe_handoff,soft_penalty_fc,1,0,1,0,1,0,0.04163993,11,6,-1,medium,medium,0.25,medium,2,,,,,,ablation,524245
E,E_00221_obs,syringe_handoff,delete_noisy_roles,0,0,0,0,1,0,0.0,11,6,6,medium,medium,0.25,medium,2,,,,,,ablation,524245
E,E_00221_auditless,syringe_handoff,auditless_geometric,1,0,1,0,1,0,0.04163993,11,6,6,medium,medium,0.25,medium,2,,,,,,ablation,524245
E,E_00222,syringe_handoff,geometric_fc,1,0,1,0,1,0,0.04067041,11,6,-1,medium,medium,0.25,medium,2,,,,,,ablation,524246
E,E_00222,syringe_handoff,oracle_sfc,0,0,0,0,1,0,0.0,11,6,-1,medium,medium,0.25,medium,2,,,,,,ablation,524246
E,E_00222,syringe_handoff,semantic_only,1,0,1,0,1,0,0.0,11,6,-1,medium,medium,0.25,medium,2,,,,,,ablation,524246
E,E_00222,syringe_handoff,posthoc_single,0,0,0,0,1,0,0.04067041,11,6,-1,medium,medium,0.25,medium,2,,,,,,ablation,524246
E,E_00222,syringe_handoff,soft_penalty_fc,1,0,1,0,1,0,0.04067041,11,6,-1,medium,medium,0.25,medium,2,,,,,,ablation,524246
E,E_00222_obs,syringe_handoff,delete_noisy_roles,1,0,1,0,1,0,0.03638624,11,6,7,medium,medium,0.25,medium,2,,,,,,ablation,524246
E,E_00222_auditless,syringe_handoff,auditless_geometric,1,0,1,0,1,0,0.04067041,11,6,7,medium,medium,0.25,medium,2,,,,,,ablation,524246
E,E_00223,syringe_handoff,geometric_fc,1,0,1,0,1,0,0.04010744,11,6,-1,medium,medium,0.25,medium,2,,,,,,ablation,524247
E,E_00223,syringe_handoff,oracle_sfc,0,0,0,0,1,0,0.0,11,6,-1,medium,medium,0.25,medium,2,,,,,,ablation,524247
E,E_00223,syringe_handoff,semantic_only,1,0,1,0,1,0,0.0,11,6,-1,medium,medium,0.25,medium,2,,,,,,ablation,524247
E,E_00223,syringe_handoff,posthoc_single,0,0,0,0,1,0,0.04010744,11,6,-1,medium,medium,0.25,medium,2,,,,,,ablation,524247
E,E_00223,syringe_handoff,soft_penalty_fc,1,0,1,0,1,0,0.04010744,11,6,-1,medium,medium,0.25,medium,2,,,,,,ablation,524247
E,E_00223_obs,syringe_handoff,delete_noisy_roles,1,0,1,0,1,0,0.03640806,11,6,6,medium,medium,0.25,medium,2,,,,,,ablation,524247
E,E_00223_auditless,syringe_handoff,auditless_geometric,1,0,1,0,1,0,0.04010744,11,6,6,medium,medium,0.25,medium,2,,,,,,ablation,524247
E,E_00224,syringe_handoff,geometric_fc,1,0,1,0,1,0,0.0414141,11,6,-1,medium,medium,0.25,medium,2,,,,,,ablation,524248
E,E_00224,syringe_handoff,oracle_sfc,0,0,0,0,1,0,0.0,11,6,-1,medium,medium,0.25,medium,2,,,,,,ablation,524248
E,E_00224,syringe_handoff,semantic_only,1,0,1,0,1,0,0.0,11,6,-1,medium,medium,0.25,medium,2,,,,,,ablation,524248
E,E_00224,syringe_handoff,posthoc_single,0,0,0,0,1,0,0.0414141,11,6,-1,medium,medium,0.25,medium,2,,,,,,ablation,524248
E,E_00224,syringe_handoff,soft_penalty_fc,1,0,1,0,1,0,0.0414141,11,6,-1,medium,medium,0.25,medium,2,,,,,,ablation,524248
E,E_00224_obs,syringe_handoff,delete_noisy_roles,0,0,0,0,1,0,0.0,11,6,6,medium,medium,0.25,medium,2,,,,,,ablation,524248
E,E_00224_auditless,syringe_handoff,auditless_geometric,1,0,1,0,1,0,0.0414141,11,6,6,medium,medium,0.25,medium,2,,,,,,ablation,524248
E,E_00225,syringe_handoff,geometric_fc,1,0,1,0,1,0,0.04112771,11,6,-1,medium,medium,0.25,medium,2,,,,,,ablation,524249
E,E_00225,syringe_handoff,oracle_sfc,0,0,0,0,1,0,0.0,11,6,-1,medium,medium,0.25,medium,2,,,,,,ablation,524249
E,E_00225,syringe_handoff,semantic_only,1,0,1,0,1,0,0.0,11,6,-1,medium,medium,0.25,medium,2,,,,,,ablation,524249
E,E_00225,syringe_handoff,posthoc_single,0,0,0,0,1,0,0.04112771,11,6,-1,medium,medium,0.25,medium,2,,,,,,ablation,524249
E,E_00225,syringe_handoff,soft_penalty_fc,1,0,1,0,1,0,0.04112771,11,6,-1,medium,medium,0.25,medium,2,,,,,,ablation,524249
E,E_00225_obs,syringe_handoff,delete_noisy_roles,1,0,1,0,1,0,0.03557384,11,6,7,medium,medium,0.25,medium,2,,,,,,ablation,524249
E,E_00225_auditless,syringe_handoff,auditless_geometric,1,0,1,0,1,0,0.04112771,11,6,7,medium,medium,0.25,medium,2,,,,,,ablation,524249
E,E_00226,syringe_handoff,geometric_fc,1,0,1,0,1,0,0.04005061,11,6,-1,medium,medium,0.25,medium,2,,,,,,ablation,524250
E,E_00226,syringe_handoff,oracle_sfc,0,0,0,0,1,0,0.0,11,6,-1,medium,medium,0.25,medium,2,,,,,,ablation,524250
E,E_00226,syringe_handoff,semantic_only,1,0,1,0,1,0,0.0,11,6,-1,medium,medium,0.25,medium,2,,,,,,ablation,524250
E,E_00226,syringe_handoff,posthoc_single,0,0,0,0,1,0,0.04005061,11,6,-1,medium,medium,0.25,medium,2,,,,,,ablation,524250
E,E_00226,syringe_handoff,soft_penalty_fc,1,0,1,0,1,0,0.04005061,11,6,-1,medium,medium,0.25,medium,2,,,,,,ablation,524250
E,E_00226_obs,syringe_handoff,delete_noisy_roles,1,0,1,0,1,0,0.03483815,11,6,7,medium,medium,0.25,medium,2,,,,,,ablation,524250
E,E_00226_auditless,syringe_handoff,auditless_geometric,1,0,1,0,1,0,0.04005061,11,6,7,medium,medium,0.25,medium,2,,,,,,ablation,524250
E,E_00227,syringe_handoff,geometric_fc,1,0,1,0,1,0,0.04081558,11,6,-1,medium,medium,0.25,medium,2,,,,,,ablation,524251
E,E_00227,syringe_handoff,oracle_sfc,0,0,0,0,1,0,0.0,11,6,-1,medium,medium,0.25,medium,2,,,,,,ablation,524251
E,E_00227,syringe_handoff,semantic_only,1,0,1,0,1,0,0.0,11,6,-1,medium,medium,0.25,medium,2,,,,,,ablation,524251
E,E_00227,syringe_handoff,posthoc_single,0,0,0,0,1,0,0.04081558,11,6,-1,medium,medium,0.25,medium,2,,,,,,ablation,524251
E,E_00227,syringe_handoff,soft_penalty_fc,1,0,1,0,1,0,0.04081558,11,6,-1,medium,medium,0.25,medium,2,,,,,,ablation,524251
E,E_00227_obs,syringe_handoff,delete_noisy_roles,0,0,0,0,1,0,0.0,11,6,6,medium,medium,0.25,medium,2,,,,,,ablation,524251
E,E_00227_auditless,syringe_handoff,auditless_geometric,1,0,1,0,1,0,0.04081558,11,6,6,medium,medium,0.25,medium,2,,,,,,ablation,524251
E,E_00228,syringe_handoff,geometric_fc,1,0,1,0,1,0,0.03990029,11,6,-1,medium,medium,0.25,medium,2,,,,,,ablation,524252
E,E_00228,syringe_handoff,oracle_sfc,0,0,0,0,1,0,0.0,11,6,-1,medium,medium,0.25,medium,2,,,,,,ablation,524252
E,E_00228,syringe_handoff,semantic_only,1,0,1,0,1,0,0.0,11,6,-1,medium,medium,0.25,medium,2,,,,,,ablation,524252
E,E_00228,syringe_handoff,posthoc_single,0,0,0,0,1,0,0.03990029,11,6,-1,medium,medium,0.25,medium,2,,,,,,ablation,524252
E,E_00228,syringe_handoff,soft_penalty_fc,1,0,1,0,1,0,0.03990029,11,6,-1,medium,medium,0.25,medium,2,,,,,,ablation,524252
E,E_00228_obs,syringe_handoff,delete_noisy_roles,0,0,0,0,1,0,0.0,11,6,6,medium,medium,0.25,medium,2,,,,,,ablation,524252
E,E_00228_auditless,syringe_handoff,auditless_geometric,1,0,1,0,1,0,0.03990029,11,6,6,medium,medium,0.25,medium,2,,,,,,ablation,524252
E,E_00229,syringe_handoff,geometric_fc,1,0,1,0,1,0,0.03872839,11,6,-1,medium,medium,0.55,medium,2,,,,,,ablation,524253
E,E_00229,syringe_handoff,oracle_sfc,0,0,0,0,1,0,0.0,11,6,-1,medium,medium,0.55,medium,2,,,,,,ablation,524253
E,E_00229,syringe_handoff,semantic_only,1,0,1,0,1,0,0.0,11,6,-1,medium,medium,0.55,medium,2,,,,,,ablation,524253
E,E_00229,syringe_handoff,posthoc_single,0,0,0,0,1,0,0.03872839,11,6,-1,medium,medium,0.55,medium,2,,,,,,ablation,524253
E,E_00229,syringe_handoff,soft_penalty_fc,1,0,1,0,1,0,0.03872839,11,6,-1,medium,medium,0.55,medium,2,,,,,,ablation,524253
E,E_00229_obs,syringe_handoff,delete_noisy_roles,0,0,0,0,1,0,0.0,11,6,5,medium,medium,0.55,medium,2,,,,,,ablation,524253
E,E_00229_auditless,syringe_handoff,auditless_geometric,1,0,1,0,1,0,0.03872839,11,6,5,medium,medium,0.55,medium,2,,,,,,ablation,524253
E,E_00230,syringe_handoff,geometric_fc,1,0,1,0,1,0,0.03992709,11,6,-1,medium,medium,0.55,medium,2,,,,,,ablation,524254
E,E_00230,syringe_handoff,oracle_sfc,0,0,0,0,1,0,0.0,11,6,-1,medium,medium,0.55,medium,2,,,,,,ablation,524254
E,E_00230,syringe_handoff,semantic_only,1,0,1,0,1,0,0.0,11,6,-1,medium,medium,0.55,medium,2,,,,,,ablation,524254
E,E_00230,syringe_handoff,posthoc_single,0,0,0,0,1,0,0.03992709,11,6,-1,medium,medium,0.55,medium,2,,,,,,ablation,524254
E,E_00230,syringe_handoff,soft_penalty_fc,1,0,1,0,1,0,0.03992709,11,6,-1,medium,medium,0.55,medium,2,,,,,,ablation,524254
E,E_00230_obs,syringe_handoff,delete_noisy_roles,0,0,0,0,1,0,0.0,11,6,5,medium,medium,0.55,medium,2,,,,,,ablation,524254
E,E_00230_auditless,syringe_handoff,auditless_geometric,1,0,1,0,1,0,0.03992709,11,6,5,medium,medium,0.55,medium,2,,,,,,ablation,524254
E,E_00231,syringe_handoff,geometric_fc,1,0,1,0,1,0,0.04016938,11,6,-1,medium,medium,0.55,medium,2,,,,,,ablation,524255
E,E_00231,syringe_handoff,oracle_sfc,0,0,0,0,1,0,0.0,11,6,-1,medium,medium,0.55,medium,2,,,,,,ablation,524255
E,E_00231,syringe_handoff,semantic_only,1,0,1,0,1,0,0.0,11,6,-1,medium,medium,0.55,medium,2,,,,,,ablation,524255
E,E_00231,syringe_handoff,posthoc_single,0,0,0,0,1,0,0.04016938,11,6,-1,medium,medium,0.55,medium,2,,,,,,ablation,524255
E,E_00231,syringe_handoff,soft_penalty_fc,1,0,1,0,1,0,0.04016938,11,6,-1,medium,medium,0.55,medium,2,,,,,,ablation,524255
E,E_00231_obs,syringe_handoff,delete_noisy_roles,1,0,1,0,1,0,0.03616552,11,6,7,medium,medium,0.55,medium,2,,,,,,ablation,524255
E,E_00231_auditless,syringe_handoff,auditless_geometric,1,0,1,0,1,0,0.04016938,11,6,7,medium,medium,0.55,medium,2,,,,,,ablation,524255
E,E_00232,syringe_handoff,geometric_fc,1,0,1,0,1,0,0.03912379,11,6,-1,medium,medium,0.55,medium,2,,,,,,ablation,524256
E,E_00232,syringe_handoff,oracle_sfc,0,0,0,0,1,0,0.0,11,6,-1,medium,medium,0.55,medium,2,,,,,,ablation,524256
E,E_00232,syringe_handoff,semantic_only,1,0,1,0,1,0,0.0,11,6,-1,medium,medium,0.55,medium,2,,,,,,ablation,524256
E,E_00232,syringe_handoff,posthoc_single,0,0,0,0,1,0,0.03912379,11,6,-1,medium,medium,0.55,medium,2,,,,,,ablation,524256
E,E_00232,syringe_handoff,soft_penalty_fc,1,0,1,0,1,0,0.03912379,11,6,-1,medium,medium,0.55,medium,2,,,,,,ablation,524256
E,E_00232_obs,syringe_handoff,delete_noisy_roles,0,0,0,0,1,0,0.0,11,6,6,medium,medium,0.55,medium,2,,,,,,ablation,524256
E,E_00232_auditless,syringe_handoff,auditless_geometric,1,0,1,0,1,0,0.03912379,11,6,6,medium,medium,0.55,medium,2,,,,,,ablation,524256
E,E_00233,syringe_handoff,geometric_fc,1,0,1,0,1,0,0.04007839,11,6,-1,medium,medium,0.55,medium,2,,,,,,ablation,524257
E,E_00233,syringe_handoff,oracle_sfc,0,0,0,0,1,0,0.0,11,6,-1,medium,medium,0.55,medium,2,,,,,,ablation,524257
E,E_00233,syringe_handoff,semantic_only,1,0,1,0,1,0,0.0,11,6,-1,medium,medium,0.55,medium,2,,,,,,ablation,524257
E,E_00233,syringe_handoff,posthoc_single,0,0,0,0,1,0,0.04007839,11,6,-1,medium,medium,0.55,medium,2,,,,,,ablation,524257
E,E_00233,syringe_handoff,soft_penalty_fc,1,0,1,0,1,0,0.04007839,11,6,-1,medium,medium,0.55,medium,2,,,,,,ablation,524257
E,E_00233_obs,syringe_handoff,delete_noisy_roles,1,0,1,0,1,0,0.03030835,11,6,6,medium,medium,0.55,medium,2,,,,,,ablation,524257
E,E_00233_auditless,syringe_handoff,auditless_geometric,1,0,1,0,1,0,0.04007839,11,6,6,medium,medium,0.55,medium,2,,,,,,ablation,524257
E,E_00234,syringe_handoff,geometric_fc,1,0,1,0,1,0,0.0400878,11,6,-1,medium,medium,0.55,medium,2,,,,,,ablation,524258
E,E_00234,syringe_handoff,oracle_sfc,0,0,0,0,1,0,0.0,11,6,-1,medium,medium,0.55,medium,2,,,,,,ablation,524258
E,E_00234,syringe_handoff,semantic_only,1,0,1,0,1,0,0.0,11,6,-1,medium,medium,0.55,medium,2,,,,,,ablation,524258
E,E_00234,syringe_handoff,posthoc_single,0,0,0,0,1,0,0.0400878,11,6,-1,medium,medium,0.55,medium,2,,,,,,ablation,524258
E,E_00234,syringe_handoff,soft_penalty_fc,1,0,1,0,1,0,0.0400878,11,6,-1,medium,medium,0.55,medium,2,,,,,,ablation,524258
E,E_00234_obs,syringe_handoff,delete_noisy_roles,0,0,0,0,1,0,0.0,11,6,6,medium,medium,0.55,medium,2,,,,,,ablation,524258
E,E_00234_auditless,syringe_handoff,auditless_geometric,1,0,1,0,1,0,0.0400878,11,6,6,medium,medium,0.55,medium,2,,,,,,ablation,524258
E,E_00235,syringe_handoff,geometric_fc,1,0,1,0,1,0,0.04067727,11,6,-1,medium,medium,0.55,medium,2,,,,,,ablation,524259
E,E_00235,syringe_handoff,oracle_sfc,0,0,0,0,1,0,0.0,11,6,-1,medium,medium,0.55,medium,2,,,,,,ablation,524259
E,E_00235,syringe_handoff,semantic_only,1,0,1,0,1,0,0.0,11,6,-1,medium,medium,0.55,medium,2,,,,,,ablation,524259
E,E_00235,syringe_handoff,posthoc_single,0,0,0,0,1,0,0.04067727,11,6,-1,medium,medium,0.55,medium,2,,,,,,ablation,524259
E,E_00235,syringe_handoff,soft_penalty_fc,1,0,1,0,1,0,0.04067727,11,6,-1,medium,medium,0.55,medium,2,,,,,,ablation,524259
E,E_00235_obs,syringe_handoff,delete_noisy_roles,0,0,0,0,1,0,0.0,11,6,6,medium,medium,0.55,medium,2,,,,,,ablation,524259
E,E_00235_auditless,syringe_handoff,auditless_geometric,1,0,1,0,1,0,0.04067727,11,6,6,medium,medium,0.55,medium,2,,,,,,ablation,524259
E,E_00236,syringe_handoff,geometric_fc,1,0,1,0,1,0,0.03949454,11,6,-1,medium,medium,0.55,medium,2,,,,,,ablation,524260
E,E_00236,syringe_handoff,oracle_sfc,0,0,0,0,1,0,0.0,11,6,-1,medium,medium,0.55,medium,2,,,,,,ablation,524260
E,E_00236,syringe_handoff,semantic_only,1,0,1,0,1,0,0.0,11,6,-1,medium,medium,0.55,medium,2,,,,,,ablation,524260
E,E_00236,syringe_handoff,posthoc_single,0,0,0,0,1,0,0.03949454,11,6,-1,medium,medium,0.55,medium,2,,,,,,ablation,524260
E,E_00236,syringe_handoff,soft_penalty_fc,1,0,1,0,1,0,0.03949454,11,6,-1,medium,medium,0.55,medium,2,,,,,,ablation,524260
E,E_00236_obs,syringe_handoff,delete_noisy_roles,0,0,0,0,1,0,0.0,11,6,6,medium,medium,0.55,medium,2,,,,,,ablation,524260
E,E_00236_auditless,syringe_handoff,auditless_geometric,1,0,1,0,1,0,0.03949454,11,6,6,medium,medium,0.55,medium,2,,,,,,ablation,524260
E,E_00237,syringe_handoff,geometric_fc,1,0,1,0,1,0,0.03906765,11,6,-1,medium,medium,0.55,medium,2,,,,,,ablation,524261
E,E_00237,syringe_handoff,oracle_sfc,0,0,0,0,1,0,0.0,11,6,-1,medium,medium,0.55,medium,2,,,,,,ablation,524261
E,E_00237,syringe_handoff,semantic_only,1,0,1,0,1,0,0.0,11,6,-1,medium,medium,0.55,medium,2,,,,,,ablation,524261
E,E_00237,syringe_handoff,posthoc_single,0,0,0,0,1,0,0.03906765,11,6,-1,medium,medium,0.55,medium,2,,,,,,ablation,524261
E,E_00237,syringe_handoff,soft_penalty_fc,1,0,1,0,1,0,0.03906765,11,6,-1,medium,medium,0.55,medium,2,,,,,,ablation,524261
E,E_00237_obs,syringe_handoff,delete_noisy_roles,0,0,0,0,1,0,0.0,11,6,5,medium,medium,0.55,medium,2,,,,,,ablation,524261
E,E_00237_auditless,syringe_handoff,auditless_geometric,1,0,1,0,1,0,0.03906765,11,6,5,medium,medium,0.55,medium,2,,,,,,ablation,524261
E,E_00238,syringe_handoff,geometric_fc,1,0,1,0,1,0,0.04070065,11,6,-1,medium,medium,0.55,medium,2,,,,,,ablation,524262
E,E_00238,syringe_handoff,oracle_sfc,0,0,0,0,1,0,0.0,11,6,-1,medium,medium,0.55,medium,2,,,,,,ablation,524262
E,E_00238,syringe_handoff,semantic_only,1,0,1,0,1,0,0.0,11,6,-1,medium,medium,0.55,medium,2,,,,,,ablation,524262
E,E_00238,syringe_handoff,posthoc_single,0,0,0,0,1,0,0.04070065,11,6,-1,medium,medium,0.55,medium,2,,,,,,ablation,524262
E,E_00238,syringe_handoff,soft_penalty_fc,1,0,1,0,1,0,0.04070065,11,6,-1,medium,medium,0.55,medium,2,,,,,,ablation,524262
E,E_00238_obs,syringe_handoff,delete_noisy_roles,1,0,1,0,1,0,0.04829914,11,6,6,medium,medium,0.55,medium,2,,,,,,ablation,524262
E,E_00238_auditless,syringe_handoff,auditless_geometric,1,0,1,0,1,0,0.04070065,11,6,6,medium,medium,0.55,medium,2,,,,,,ablation,524262
E,E_00239,syringe_handoff,geometric_fc,1,0,1,0,1,0,0.03966788,11,6,-1,medium,medium,0.55,medium,2,,,,,,ablation,524263
E,E_00239,syringe_handoff,oracle_sfc,0,0,0,0,1,0,0.0,11,6,-1,medium,medium,0.55,medium,2,,,,,,ablation,524263
E,E_00239,syringe_handoff,semantic_only,1,0,1,0,1,0,0.0,11,6,-1,medium,medium,0.55,medium,2,,,,,,ablation,524263
E,E_00239,syringe_handoff,posthoc_single,0,0,0,0,1,0,0.03966788,11,6,-1,medium,medium,0.55,medium,2,,,,,,ablation,524263
E,E_00239,syringe_handoff,soft_penalty_fc,1,0,1,0,1,0,0.03966788,11,6,-1,medium,medium,0.55,medium,2,,,,,,ablation,524263
E,E_00239_obs,syringe_handoff,delete_noisy_roles,0,0,0,0,1,0,0.0,11,6,6,medium,medium,0.55,medium,2,,,,,,ablation,524263
E,E_00239_auditless,syringe_handoff,auditless_geometric,1,0,1,0,1,0,0.03966788,11,6,6,medium,medium,0.55,medium,2,,,,,,ablation,524263
E,E_00240,syringe_handoff,geometric_fc,1,0,1,0,1,0,0.03948867,11,6,-1,medium,medium,0.55,medium,2,,,,,,ablation,524264
E,E_00240,syringe_handoff,oracle_sfc,0,0,0,0,1,0,0.0,11,6,-1,medium,medium,0.55,medium,2,,,,,,ablation,524264
E,E_00240,syringe_handoff,semantic_only,1,0,1,0,1,0,0.0,11,6,-1,medium,medium,0.55,medium,2,,,,,,ablation,524264
E,E_00240,syringe_handoff,posthoc_single,0,0,0,0,1,0,0.03948867,11,6,-1,medium,medium,0.55,medium,2,,,,,,ablation,524264
E,E_00240,syringe_handoff,soft_penalty_fc,1,0,1,0,1,0,0.03948867,11,6,-1,medium,medium,0.55,medium,2,,,,,,ablation,524264
E,E_00240_obs,syringe_handoff,delete_noisy_roles,0,0,0,0,1,0,0.0,11,6,6,medium,medium,0.55,medium,2,,,,,,ablation,524264
E,E_00240_auditless,syringe_handoff,auditless_geometric,1,0,1,0,1,0,0.03948867,11,6,6,medium,medium,0.55,medium,2,,,,,,ablation,524264
E,E_00241,syringe_handoff,geometric_fc,1,0,1,0,1,0,0.03809419,11,6,-1,medium,medium,0.85,medium,2,,,,,,ablation,524265
E,E_00241,syringe_handoff,oracle_sfc,0,0,0,0,1,0,0.0,11,6,-1,medium,medium,0.85,medium,2,,,,,,ablation,524265
E,E_00241,syringe_handoff,semantic_only,1,0,1,0,1,0,0.0,11,6,-1,medium,medium,0.85,medium,2,,,,,,ablation,524265
E,E_00241,syringe_handoff,posthoc_single,0,0,0,0,1,0,0.03809419,11,6,-1,medium,medium,0.85,medium,2,,,,,,ablation,524265
E,E_00241,syringe_handoff,soft_penalty_fc,1,0,1,0,1,0,0.03809419,11,6,-1,medium,medium,0.85,medium,2,,,,,,ablation,524265
E,E_00241_obs,syringe_handoff,delete_noisy_roles,0,0,0,0,1,0,0.0,11,6,5,medium,medium,0.85,medium,2,,,,,,ablation,524265
E,E_00241_auditless,syringe_handoff,auditless_geometric,1,0,1,0,1,0,0.03809419,11,6,5,medium,medium,0.85,medium,2,,,,,,ablation,524265
E,E_00242,syringe_handoff,geometric_fc,1,0,1,0,1,0,0.03886311,11,6,-1,medium,medium,0.85,medium,2,,,,,,ablation,524266
E,E_00242,syringe_handoff,oracle_sfc,0,0,0,0,1,0,0.0,11,6,-1,medium,medium,0.85,medium,2,,,,,,ablation,524266
E,E_00242,syringe_handoff,semantic_only,1,0,1,0,1,0,0.0,11,6,-1,medium,medium,0.85,medium,2,,,,,,ablation,524266
E,E_00242,syringe_handoff,posthoc_single,0,0,0,0,1,0,0.03886311,11,6,-1,medium,medium,0.85,medium,2,,,,,,ablation,524266
E,E_00242,syringe_handoff,soft_penalty_fc,1,0,1,0,1,0,0.03886311,11,6,-1,medium,medium,0.85,medium,2,,,,,,ablation,524266
E,E_00242_obs,syringe_handoff,delete_noisy_roles,1,0,1,0,1,0,0.03075666,11,6,7,medium,medium,0.85,medium,2,,,,,,ablation,524266
E,E_00242_auditless,syringe_handoff,auditless_geometric,1,0,1,0,1,0,0.03886311,11,6,7,medium,medium,0.85,medium,2,,,,,,ablation,524266
E,E_00243,syringe_handoff,geometric_fc,1,0,1,0,1,0,0.03954701,11,6,-1,medium,medium,0.85,medium,2,,,,,,ablation,524267
E,E_00243,syringe_handoff,oracle_sfc,0,0,0,0,1,0,0.0,11,6,-1,medium,medium,0.85,medium,2,,,,,,ablation,524267
E,E_00243,syringe_handoff,semantic_only,1,0,1,0,1,0,0.0,11,6,-1,medium,medium,0.85,medium,2,,,,,,ablation,524267
E,E_00243,syringe_handoff,posthoc_single,0,0,0,0,1,0,0.03954701,11,6,-1,medium,medium,0.85,medium,2,,,,,,ablation,524267
E,E_00243,syringe_handoff,soft_penalty_fc,1,0,1,0,1,0,0.03954701,11,6,-1,medium,medium,0.85,medium,2,,,,,,ablation,524267
E,E_00243_obs,syringe_handoff,delete_noisy_roles,1,0,1,0,1,0,0.04213948,11,6,7,medium,medium,0.85,medium,2,,,,,,ablation,524267
E,E_00243_auditless,syringe_handoff,auditless_geometric,1,0,1,0,1,0,0.03954701,11,6,7,medium,medium,0.85,medium,2,,,,,,ablation,524267
E,E_00244,syringe_handoff,geometric_fc,1,0,1,0,1,0,0.04038765,11,6,-1,medium,medium,0.85,medium,2,,,,,,ablation,524268
E,E_00244,syringe_handoff,oracle_sfc,0,0,0,0,1,0,0.0,11,6,-1,medium,medium,0.85,medium,2,,,,,,ablation,524268
E,E_00244,syringe_handoff,semantic_only,1,0,1,0,1,0,0.0,11,6,-1,medium,medium,0.85,medium,2,,,,,,ablation,524268
E,E_00244,syringe_handoff,posthoc_single,0,0,0,0,1,0,0.04038765,11,6,-1,medium,medium,0.85,medium,2,,,,,,ablation,524268
E,E_00244,syringe_handoff,soft_penalty_fc,1,0,1,0,1,0,0.04038765,11,6,-1,medium,medium,0.85,medium,2,,,,,,ablation,524268
E,E_00244_obs,syringe_handoff,delete_noisy_roles,0,0,0,0,1,0,0.0,11,6,5,medium,medium,0.85,medium,2,,,,,,ablation,524268
E,E_00244_auditless,syringe_handoff,auditless_geometric,1,0,1,0,1,0,0.04038765,11,6,5,medium,medium,0.85,medium,2,,,,,,ablation,524268
E,E_00245,syringe_handoff,geometric_fc,1,0,1,0,1,0,0.04032396,11,6,-1,medium,medium,0.85,medium,2,,,,,,ablation,524269
E,E_00245,syringe_handoff,oracle_sfc,0,0,0,0,1,0,0.0,11,6,-1,medium,medium,0.85,medium,2,,,,,,ablation,524269
E,E_00245,syringe_handoff,semantic_only,1,0,1,0,1,0,0.0,11,6,-1,medium,medium,0.85,medium,2,,,,,,ablation,524269
E,E_00245,syringe_handoff,posthoc_single,0,0,0,0,1,0,0.04032396,11,6,-1,medium,medium,0.85,medium,2,,,,,,ablation,524269
E,E_00245,syringe_handoff,soft_penalty_fc,1,0,1,0,1,0,0.04032396,11,6,-1,medium,medium,0.85,medium,2,,,,,,ablation,524269
E,E_00245_obs,syringe_handoff,delete_noisy_roles,1,0,1,0,1,0,0.03934481,11,6,7,medium,medium,0.85,medium,2,,,,,,ablation,524269
E,E_00245_auditless,syringe_handoff,auditless_geometric,1,0,1,0,1,0,0.04032396,11,6,7,medium,medium,0.85,medium,2,,,,,,ablation,524269
E,E_00246,syringe_handoff,geometric_fc,1,0,1,0,1,0,0.03847399,11,6,-1,medium,medium,0.85,medium,2,,,,,,ablation,524270
E,E_00246,syringe_handoff,oracle_sfc,0,0,0,0,1,0,0.0,11,6,-1,medium,medium,0.85,medium,2,,,,,,ablation,524270
E,E_00246,syringe_handoff,semantic_only,1,0,1,0,1,0,0.0,11,6,-1,medium,medium,0.85,medium,2,,,,,,ablation,524270
E,E_00246,syringe_handoff,posthoc_single,0,0,0,0,1,0,0.03847399,11,6,-1,medium,medium,0.85,medium,2,,,,,,ablation,524270
E,E_00246,syringe_handoff,soft_penalty_fc,1,0,1,0,1,0,0.03847399,11,6,-1,medium,medium,0.85,medium,2,,,,,,ablation,524270
E,E_00246_obs,syringe_handoff,delete_noisy_roles,0,0,0,0,1,0,0.0,11,6,5,medium,medium,0.85,medium,2,,,,,,ablation,524270
E,E_00246_auditless,syringe_handoff,auditless_geometric,1,0,1,0,1,0,0.03847399,11,6,5,medium,medium,0.85,medium,2,,,,,,ablation,524270
E,E_00247,syringe_handoff,geometric_fc,1,0,1,0,1,0,0.03887358,11,6,-1,medium,medium,0.85,medium,2,,,,,,ablation,524271
E,E_00247,syringe_handoff,oracle_sfc,0,0,0,0,1,0,0.0,11,6,-1,medium,medium,0.85,medium,2,,,,,,ablation,524271
E,E_00247,syringe_handoff,semantic_only,1,0,1,0,1,0,0.0,11,6,-1,medium,medium,0.85,medium,2,,,,,,ablation,524271
E,E_00247,syringe_handoff,posthoc_single,0,0,0,0,1,0,0.03887358,11,6,-1,medium,medium,0.85,medium,2,,,,,,ablation,524271
E,E_00247,syringe_handoff,soft_penalty_fc,1,0,1,0,1,0,0.03887358,11,6,-1,medium,medium,0.85,medium,2,,,,,,ablation,524271
E,E_00247_obs,syringe_handoff,delete_noisy_roles,0,0,0,0,1,0,0.0,11,6,6,medium,medium,0.85,medium,2,,,,,,ablation,524271
E,E_00247_auditless,syringe_handoff,auditless_geometric,1,0,1,0,1,0,0.03887358,11,6,6,medium,medium,0.85,medium,2,,,,,,ablation,524271
E,E_00248,syringe_handoff,geometric_fc,1,0,1,0,1,0,0.03955369,11,6,-1,medium,medium,0.85,medium,2,,,,,,ablation,524272
E,E_00248,syringe_handoff,oracle_sfc,0,0,0,0,1,0,0.0,11,6,-1,medium,medium,0.85,medium,2,,,,,,ablation,524272
E,E_00248,syringe_handoff,semantic_only,1,0,1,0,1,0,0.0,11,6,-1,medium,medium,0.85,medium,2,,,,,,ablation,524272
E,E_00248,syringe_handoff,posthoc_single,0,0,0,0,1,0,0.03955369,11,6,-1,medium,medium,0.85,medium,2,,,,,,ablation,524272
E,E_00248,syringe_handoff,soft_penalty_fc,1,0,1,0,1,0,0.03955369,11,6,-1,medium,medium,0.85,medium,2,,,,,,ablation,524272
E,E_00248_obs,syringe_handoff,delete_noisy_roles,1,0,1,0,1,0,0.04130294,11,6,6,medium,medium,0.85,medium,2,,,,,,ablation,524272
E,E_00248_auditless,syringe_handoff,auditless_geometric,1,0,1,0,1,0,0.03955369,11,6,6,medium,medium,0.85,medium,2,,,,,,ablation,524272
E,E_00249,syringe_handoff,geometric_fc,1,0,1,0,1,0,0.04058561,11,6,-1,medium,medium,0.85,medium,2,,,,,,ablation,524273
E,E_00249,syringe_handoff,oracle_sfc,0,0,0,0,1,0,0.0,11,6,-1,medium,medium,0.85,medium,2,,,,,,ablation,524273
E,E_00249,syringe_handoff,semantic_only,1,0,1,0,1,0,0.0,11,6,-1,medium,medium,0.85,medium,2,,,,,,ablation,524273
E,E_00249,syringe_handoff,posthoc_single,0,0,0,0,1,0,0.04058561,11,6,-1,medium,medium,0.85,medium,2,,,,,,ablation,524273
E,E_00249,syringe_handoff,soft_penalty_fc,1,0,1,0,1,0,0.04058561,11,6,-1,medium,medium,0.85,medium,2,,,,,,ablation,524273
E,E_00249_obs,syringe_handoff,delete_noisy_roles,0,0,0,0,1,0,0.0,11,6,6,medium,medium,0.85,medium,2,,,,,,ablation,524273
E,E_00249_auditless,syringe_handoff,auditless_geometric,1,0,1,0,1,0,0.04058561,11,6,6,medium,medium,0.85,medium,2,,,,,,ablation,524273
E,E_00250,syringe_handoff,geometric_fc,1,0,1,0,1,0,0.03960195,11,6,-1,medium,medium,0.85,medium,2,,,,,,ablation,524274
E,E_00250,syringe_handoff,oracle_sfc,0,0,0,0,1,0,0.0,11,6,-1,medium,medium,0.85,medium,2,,,,,,ablation,524274
E,E_00250,syringe_handoff,semantic_only,1,0,1,0,1,0,0.0,11,6,-1,medium,medium,0.85,medium,2,,,,,,ablation,524274
E,E_00250,syringe_handoff,posthoc_single,0,0,0,0,1,0,0.03960195,11,6,-1,medium,medium,0.85,medium,2,,,,,,ablation,524274
E,E_00250,syringe_handoff,soft_penalty_fc,1,0,1,0,1,0,0.03960195,11,6,-1,medium,medium,0.85,medium,2,,,,,,ablation,524274
E,E_00250_obs,syringe_handoff,delete_noisy_roles,0,0,0,0,1,0,0.0,11,6,6,medium,medium,0.85,medium,2,,,,,,ablation,524274
E,E_00250_auditless,syringe_handoff,auditless_geometric,1,0,1,0,1,0,0.03960195,11,6,6,medium,medium,0.85,medium,2,,,,,,ablation,524274
E,E_00251,syringe_handoff,geometric_fc,1,0,1,0,1,0,0.03907534,11,6,-1,medium,medium,0.85,medium,2,,,,,,ablation,524275
E,E_00251,syringe_handoff,oracle_sfc,0,0,0,0,1,0,0.0,11,6,-1,medium,medium,0.85,medium,2,,,,,,ablation,524275
E,E_00251,syringe_handoff,semantic_only,1,0,1,0,1,0,0.0,11,6,-1,medium,medium,0.85,medium,2,,,,,,ablation,524275
E,E_00251,syringe_handoff,posthoc_single,0,0,0,0,1,0,0.03907534,11,6,-1,medium,medium,0.85,medium,2,,,,,,ablation,524275
E,E_00251,syringe_handoff,soft_penalty_fc,1,0,1,0,1,0,0.03907534,11,6,-1,medium,medium,0.85,medium,2,,,,,,ablation,524275
E,E_00251_obs,syringe_handoff,delete_noisy_roles,0,0,0,0,1,0,0.0,11,6,6,medium,medium,0.85,medium,2,,,,,,ablation,524275
E,E_00251_auditless,syringe_handoff,auditless_geometric,1,0,1,0,1,0,0.03907534,11,6,6,medium,medium,0.85,medium,2,,,,,,ablation,524275
E,E_00252,syringe_handoff,geometric_fc,1,0,1,0,1,0,0.03992855,11,6,-1,medium,medium,0.85,medium,2,,,,,,ablation,524276
E,E_00252,syringe_handoff,oracle_sfc,0,0,0,0,1,0,0.0,11,6,-1,medium,medium,0.85,medium,2,,,,,,ablation,524276
E,E_00252,syringe_handoff,semantic_only,1,0,1,0,1,0,0.0,11,6,-1,medium,medium,0.85,medium,2,,,,,,ablation,524276
E,E_00252,syringe_handoff,posthoc_single,0,0,0,0,1,0,0.03992855,11,6,-1,medium,medium,0.85,medium,2,,,,,,ablation,524276
E,E_00252,syringe_handoff,soft_penalty_fc,1,0,1,0,1,0,0.03992855,11,6,-1,medium,medium,0.85,medium,2,,,,,,ablation,524276
E,E_00252_obs,syringe_handoff,delete_noisy_roles,0,0,0,0,1,0,0.0,11,6,6,medium,medium,0.85,medium,2,,,,,,ablation,524276
E,E_00252_auditless,syringe_handoff,auditless_geometric,1,0,1,0,1,0,0.03992855,11,6,6,medium,medium,0.85,medium,2,,,,,,ablation,524276
E,E_00253,pan_carry,geometric_fc,1,0,1,1,1,1,0.0319113,14,7,-1,medium,medium,0.25,medium,2,,,,,,ablation,524277
E,E_00253,pan_carry,oracle_sfc,1,1,0,0,1,1,0.00046633,14,7,-1,medium,medium,0.25,medium,2,,,,,,ablation,524277
E,E_00253,pan_carry,semantic_only,1,1,0,0,1,1,0.0,14,7,-1,medium,medium,0.25,medium,2,,,,,,ablation,524277
E,E_00253,pan_carry,posthoc_single,0,0,0,1,1,1,0.0319113,14,7,-1,medium,medium,0.25,medium,2,,,,,,ablation,524277
E,E_00253,pan_carry,soft_penalty_fc,1,0,1,1,1,1,0.0319113,14,7,-1,medium,medium,0.25,medium,2,,,,,,ablation,524277
E,E_00253_obs,pan_carry,delete_noisy_roles,1,1,0,0,1,1,0.00046633,14,7,7,medium,medium,0.25,medium,2,,,,,,ablation,524277
E,E_00253_auditless,pan_carry,auditless_geometric,1,0,1,1,1,1,0.0319113,14,7,7,medium,medium,0.25,medium,2,,,,,,ablation,524277
E,E_00254,pan_carry,geometric_fc,1,0,1,0,1,0,0.03361305,14,7,-1,medium,medium,0.25,medium,2,,,,,,ablation,524278
E,E_00254,pan_carry,oracle_sfc,0,0,0,0,1,0,0.0,14,7,-1,medium,medium,0.25,medium,2,,,,,,ablation,524278
E,E_00254,pan_carry,semantic_only,1,0,1,0,1,0,0.0,14,7,-1,medium,medium,0.25,medium,2,,,,,,ablation,524278
E,E_00254,pan_carry,posthoc_single,0,0,0,0,1,0,0.03361305,14,7,-1,medium,medium,0.25,medium,2,,,,,,ablation,524278
E,E_00254,pan_carry,soft_penalty_fc,1,0,1,0,1,0,0.03361305,14,7,-1,medium,medium,0.25,medium,2,,,,,,ablation,524278
E,E_00254_obs,pan_carry,delete_noisy_roles,0,0,0,0,1,0,0.0,14,7,7,medium,medium,0.25,medium,2,,,,,,ablation,524278
E,E_00254_auditless,pan_carry,auditless_geometric,1,0,1,0,1,0,0.03361305,14,7,7,medium,medium,0.25,medium,2,,,,,,ablation,524278
E,E_00255,pan_carry,geometric_fc,1,0,1,0,1,0,0.03272743,14,7,-1,medium,medium,0.25,medium,2,,,,,,ablation,524279
E,E_00255,pan_carry,oracle_sfc,0,0,0,0,1,0,0.0,14,7,-1,medium,medium,0.25,medium,2,,,,,,ablation,524279
E,E_00255,pan_carry,semantic_only,1,0,1,0,1,0,0.0,14,7,-1,medium,medium,0.25,medium,2,,,,,,ablation,524279
E,E_00255,pan_carry,posthoc_single,0,0,0,0,1,0,0.03272743,14,7,-1,medium,medium,0.25,medium,2,,,,,,ablation,524279
E,E_00255,pan_carry,soft_penalty_fc,1,0,1,0,1,0,0.03272743,14,7,-1,medium,medium,0.25,medium,2,,,,,,ablation,524279
E,E_00255_obs,pan_carry,delete_noisy_roles,1,0,1,0,1,0,0.0325362,14,7,8,medium,medium,0.25,medium,2,,,,,,ablation,524279
E,E_00255_auditless,pan_carry,auditless_geometric,1,0,1,0,1,0,0.03272743,14,7,8,medium,medium,0.25,medium,2,,,,,,ablation,524279
E,E_00256,pan_carry,geometric_fc,1,0,1,1,1,1,0.03404279,14,7,-1,medium,medium,0.25,medium,2,,,,,,ablation,524280
E,E_00256,pan_carry,oracle_sfc,1,1,0,0,1,1,0.00094984,14,7,-1,medium,medium,0.25,medium,2,,,,,,ablation,524280
E,E_00256,pan_carry,semantic_only,1,1,0,0,1,1,0.0,14,7,-1,medium,medium,0.25,medium,2,,,,,,ablation,524280
E,E_00256,pan_carry,posthoc_single,0,0,0,1,1,1,0.03404279,14,7,-1,medium,medium,0.25,medium,2,,,,,,ablation,524280
E,E_00256,pan_carry,soft_penalty_fc,1,0,1,1,1,1,0.03404279,14,7,-1,medium,medium,0.25,medium,2,,,,,,ablation,524280
E,E_00256_obs,pan_carry,delete_noisy_roles,1,0,1,1,1,1,0.04060665,14,7,7,medium,medium,0.25,medium,2,,,,,,ablation,524280
E,E_00256_auditless,pan_carry,auditless_geometric,1,0,1,1,1,1,0.03404279,14,7,7,medium,medium,0.25,medium,2,,,,,,ablation,524280
E,E_00257,pan_carry,geometric_fc,1,0,1,0,1,0,0.03327761,14,7,-1,medium,medium,0.25,medium,2,,,,,,ablation,524281
E,E_00257,pan_carry,oracle_sfc,0,0,0,0,1,0,0.0,14,7,-1,medium,medium,0.25,medium,2,,,,,,ablation,524281
E,E_00257,pan_carry,semantic_only,1,0,1,0,1,0,0.0,14,7,-1,medium,medium,0.25,medium,2,,,,,,ablation,524281
E,E_00257,pan_carry,posthoc_single,0,0,0,0,1,0,0.03327761,14,7,-1,medium,medium,0.25,medium,2,,,,,,ablation,524281
E,E_00257,pan_carry,soft_penalty_fc,1,0,1,0,1,0,0.03327761,14,7,-1,medium,medium,0.25,medium,2,,,,,,ablation,524281
E,E_00257_obs,pan_carry,delete_noisy_roles,1,0,1,0,1,0,0.04202144,14,7,6,medium,medium,0.25,medium,2,,,,,,ablation,524281
E,E_00257_auditless,pan_carry,auditless_geometric,1,0,1,0,1,0,0.03327761,14,7,6,medium,medium,0.25,medium,2,,,,,,ablation,524281
E,E_00258,pan_carry,geometric_fc,1,0,1,0,1,0,0.03472053,14,7,-1,medium,medium,0.25,medium,2,,,,,,ablation,524282
E,E_00258,pan_carry,oracle_sfc,0,0,0,0,1,0,0.0,14,7,-1,medium,medium,0.25,medium,2,,,,,,ablation,524282
E,E_00258,pan_carry,semantic_only,1,0,1,0,1,0,0.0,14,7,-1,medium,medium,0.25,medium,2,,,,,,ablation,524282
E,E_00258,pan_carry,posthoc_single,0,0,0,0,1,0,0.03472053,14,7,-1,medium,medium,0.25,medium,2,,,,,,ablation,524282
E,E_00258,pan_carry,soft_penalty_fc,1,0,1,0,1,0,0.03472053,14,7,-1,medium,medium,0.25,medium,2,,,,,,ablation,524282
E,E_00258_obs,pan_carry,delete_noisy_roles,1,0,1,0,1,0,0.03368108,14,7,7,medium,medium,0.25,medium,2,,,,,,ablation,524282
E,E_00258_auditless,pan_carry,auditless_geometric,1,0,1,0,1,0,0.03472053,14,7,7,medium,medium,0.25,medium,2,,,,,,ablation,524282
E,E_00259,pan_carry,geometric_fc,1,0,1,1,1,1,0.03292563,14,7,-1,medium,medium,0.25,medium,2,,,,,,ablation,524283
E,E_00259,pan_carry,oracle_sfc,1,1,0,0,1,1,0.00012893,14,7,-1,medium,medium,0.25,medium,2,,,,,,ablation,524283
E,E_00259,pan_carry,semantic_only,1,1,0,0,1,1,0.0,14,7,-1,medium,medium,0.25,medium,2,,,,,,ablation,524283
E,E_00259,pan_carry,posthoc_single,0,0,0,1,1,1,0.03292563,14,7,-1,medium,medium,0.25,medium,2,,,,,,ablation,524283
E,E_00259,pan_carry,soft_penalty_fc,1,0,1,1,1,1,0.03292563,14,7,-1,medium,medium,0.25,medium,2,,,,,,ablation,524283
E,E_00259_obs,pan_carry,delete_noisy_roles,1,0,1,1,1,1,0.02871093,14,7,8,medium,medium,0.25,medium,2,,,,,,ablation,524283
E,E_00259_auditless,pan_carry,auditless_geometric,1,0,1,1,1,1,0.03292563,14,7,8,medium,medium,0.25,medium,2,,,,,,ablation,524283
E,E_00260,pan_carry,geometric_fc,1,0,1,0,1,0,0.03119903,14,7,-1,medium,medium,0.25,medium,2,,,,,,ablation,524284
E,E_00260,pan_carry,oracle_sfc,0,0,0,0,1,0,0.0,14,7,-1,medium,medium,0.25,medium,2,,,,,,ablation,524284
E,E_00260,pan_carry,semantic_only,1,0,1,0,1,0,0.0,14,7,-1,medium,medium,0.25,medium,2,,,,,,ablation,524284
E,E_00260,pan_carry,posthoc_single,0,0,0,0,1,0,0.03119903,14,7,-1,medium,medium,0.25,medium,2,,,,,,ablation,524284
E,E_00260,pan_carry,soft_penalty_fc,1,0,1,0,1,0,0.03119903,14,7,-1,medium,medium,0.25,medium,2,,,,,,ablation,524284
E,E_00260_obs,pan_carry,delete_noisy_roles,1,0,1,0,1,0,0.03186133,14,7,7,medium,medium,0.25,medium,2,,,,,,ablation,524284
E,E_00260_auditless,pan_carry,auditless_geometric,1,0,1,0,1,0,0.03119903,14,7,7,medium,medium,0.25,medium,2,,,,,,ablation,524284
E,E_00261,pan_carry,geometric_fc,1,0,1,1,1,1,0.03375934,14,7,-1,medium,medium,0.25,medium,2,,,,,,ablation,524285
E,E_00261,pan_carry,oracle_sfc,1,1,0,0,1,1,0.00883721,14,7,-1,medium,medium,0.25,medium,2,,,,,,ablation,524285
E,E_00261,pan_carry,semantic_only,1,1,0,0,1,1,0.0,14,7,-1,medium,medium,0.25,medium,2,,,,,,ablation,524285
E,E_00261,pan_carry,posthoc_single,0,0,0,1,1,1,0.03375934,14,7,-1,medium,medium,0.25,medium,2,,,,,,ablation,524285
E,E_00261,pan_carry,soft_penalty_fc,1,0,1,1,1,1,0.03375934,14,7,-1,medium,medium,0.25,medium,2,,,,,,ablation,524285
E,E_00261_obs,pan_carry,delete_noisy_roles,1,1,0,0,1,1,0.01002936,14,7,6,medium,medium,0.25,medium,2,,,,,,ablation,524285
E,E_00261_auditless,pan_carry,auditless_geometric,1,0,1,1,1,1,0.03375934,14,7,6,medium,medium,0.25,medium,2,,,,,,ablation,524285
E,E_00262,pan_carry,geometric_fc,1,0,1,1,1,1,0.03368719,14,7,-1,medium,medium,0.25,medium,2,,,,,,ablation,524286
E,E_00262,pan_carry,oracle_sfc,1,1,0,0,1,1,0.00143889,14,7,-1,medium,medium,0.25,medium,2,,,,,,ablation,524286
E,E_00262,pan_carry,semantic_only,1,1,0,0,1,1,0.0,14,7,-1,medium,medium,0.25,medium,2,,,,,,ablation,524286
E,E_00262,pan_carry,posthoc_single,0,0,0,1,1,1,0.03368719,14,7,-1,medium,medium,0.25,medium,2,,,,,,ablation,524286
E,E_00262,pan_carry,soft_penalty_fc,1,0,1,1,1,1,0.03368719,14,7,-1,medium,medium,0.25,medium,2,,,,,,ablation,524286
E,E_00262_obs,pan_carry,delete_noisy_roles,1,1,0,0,1,1,0.00143889,14,7,7,medium,medium,0.25,medium,2,,,,,,ablation,524286
E,E_00262_auditless,pan_carry,auditless_geometric,1,0,1,1,1,1,0.03368719,14,7,7,medium,medium,0.25,medium,2,,,,,,ablation,524286
E,E_00263,pan_carry,geometric_fc,1,0,1,1,1,1,0.03382762,14,7,-1,medium,medium,0.25,medium,2,,,,,,ablation,524287
E,E_00263,pan_carry,oracle_sfc,1,1,0,0,1,1,0.01022774,14,7,-1,medium,medium,0.25,medium,2,,,,,,ablation,524287
E,E_00263,pan_carry,semantic_only,1,1,0,0,1,1,0.0,14,7,-1,medium,medium,0.25,medium,2,,,,,,ablation,524287
E,E_00263,pan_carry,posthoc_single,0,0,0,1,1,1,0.03382762,14,7,-1,medium,medium,0.25,medium,2,,,,,,ablation,524287
E,E_00263,pan_carry,soft_penalty_fc,1,0,1,1,1,1,0.03382762,14,7,-1,medium,medium,0.25,medium,2,,,,,,ablation,524287
E,E_00263_obs,pan_carry,delete_noisy_roles,1,1,0,0,1,1,0.00603841,14,7,6,medium,medium,0.25,medium,2,,,,,,ablation,524287
E,E_00263_auditless,pan_carry,auditless_geometric,1,0,1,1,1,1,0.03382762,14,7,6,medium,medium,0.25,medium,2,,,,,,ablation,524287
E,E_00264,pan_carry,geometric_fc,1,0,1,1,1,1,0.0342968,14,7,-1,medium,medium,0.25,medium,2,,,,,,ablation,524288
E,E_00264,pan_carry,oracle_sfc,1,1,0,0,1,1,0.01091292,14,7,-1,medium,medium,0.25,medium,2,,,,,,ablation,524288
E,E_00264,pan_carry,semantic_only,1,1,0,0,1,1,0.0,14,7,-1,medium,medium,0.25,medium,2,,,,,,ablation,524288
E,E_00264,pan_carry,posthoc_single,0,0,0,1,1,1,0.0342968,14,7,-1,medium,medium,0.25,medium,2,,,,,,ablation,524288
E,E_00264,pan_carry,soft_penalty_fc,1,0,1,1,1,1,0.0342968,14,7,-1,medium,medium,0.25,medium,2,,,,,,ablation,524288
E,E_00264_obs,pan_carry,delete_noisy_roles,1,1,0,0,1,1,0.01091292,14,7,7,medium,medium,0.25,medium,2,,,,,,ablation,524288
E,E_00264_auditless,pan_carry,auditless_geometric,1,0,1,1,1,1,0.0342968,14,7,7,medium,medium,0.25,medium,2,,,,,,ablation,524288
E,E_00265,pan_carry,geometric_fc,1,0,1,0,1,0,0.03275309,14,7,-1,medium,medium,0.55,medium,2,,,,,,ablation,524289
E,E_00265,pan_carry,oracle_sfc,0,0,0,0,1,0,0.0,14,7,-1,medium,medium,0.55,medium,2,,,,,,ablation,524289
E,E_00265,pan_carry,semantic_only,1,0,1,0,1,0,0.0,14,7,-1,medium,medium,0.55,medium,2,,,,,,ablation,524289
E,E_00265,pan_carry,posthoc_single,0,0,0,0,1,0,0.03275309,14,7,-1,medium,medium,0.55,medium,2,,,,,,ablation,524289
E,E_00265,pan_carry,soft_penalty_fc,1,0,1,0,1,0,0.03275309,14,7,-1,medium,medium,0.55,medium,2,,,,,,ablation,524289
E,E_00265_obs,pan_carry,delete_noisy_roles,0,0,0,0,1,0,0.0,14,7,7,medium,medium,0.55,medium,2,,,,,,ablation,524289
E,E_00265_auditless,pan_carry,auditless_geometric,1,0,1,0,1,0,0.03275309,14,7,7,medium,medium,0.55,medium,2,,,,,,ablation,524289
E,E_00266,pan_carry,geometric_fc,1,0,1,0,1,0,0.03390448,14,7,-1,medium,medium,0.55,medium,2,,,,,,ablation,524290
E,E_00266,pan_carry,oracle_sfc,0,0,0,0,1,0,0.0,14,7,-1,medium,medium,0.55,medium,2,,,,,,ablation,524290
E,E_00266,pan_carry,semantic_only,1,0,1,0,1,0,0.0,14,7,-1,medium,medium,0.55,medium,2,,,,,,ablation,524290
E,E_00266,pan_carry,posthoc_single,0,0,0,0,1,0,0.03390448,14,7,-1,medium,medium,0.55,medium,2,,,,,,ablation,524290
E,E_00266,pan_carry,soft_penalty_fc,1,0,1,0,1,0,0.03390448,14,7,-1,medium,medium,0.55,medium,2,,,,,,ablation,524290
E,E_00266_obs,pan_carry,delete_noisy_roles,0,0,0,0,1,0,0.0,14,7,6,medium,medium,0.55,medium,2,,,,,,ablation,524290
E,E_00266_auditless,pan_carry,auditless_geometric,1,0,1,0,1,0,0.03390448,14,7,6,medium,medium,0.55,medium,2,,,,,,ablation,524290
E,E_00267,pan_carry,geometric_fc,1,0,1,0,1,0,0.03320963,14,7,-1,medium,medium,0.55,medium,2,,,,,,ablation,524291
E,E_00267,pan_carry,oracle_sfc,0,0,0,0,1,0,0.0,14,7,-1,medium,medium,0.55,medium,2,,,,,,ablation,524291
E,E_00267,pan_carry,semantic_only,1,0,1,0,1,0,0.0,14,7,-1,medium,medium,0.55,medium,2,,,,,,ablation,524291
E,E_00267,pan_carry,posthoc_single,0,0,0,0,1,0,0.03320963,14,7,-1,medium,medium,0.55,medium,2,,,,,,ablation,524291
E,E_00267,pan_carry,soft_penalty_fc,1,0,1,0,1,0,0.03320963,14,7,-1,medium,medium,0.55,medium,2,,,,,,ablation,524291
E,E_00267_obs,pan_carry,delete_noisy_roles,1,0,1,0,1,0,0.03206094,14,7,8,medium,medium,0.55,medium,2,,,,,,ablation,524291
E,E_00267_auditless,pan_carry,auditless_geometric,1,0,1,0,1,0,0.03320963,14,7,8,medium,medium,0.55,medium,2,,,,,,ablation,524291
E,E_00268,pan_carry,geometric_fc,1,0,1,0,1,0,0.03255654,14,7,-1,medium,medium,0.55,medium,2,,,,,,ablation,524292
E,E_00268,pan_carry,oracle_sfc,0,0,0,0,1,0,0.0,14,7,-1,medium,medium,0.55,medium,2,,,,,,ablation,524292
E,E_00268,pan_carry,semantic_only,1,0,1,0,1,0,0.0,14,7,-1,medium,medium,0.55,medium,2,,,,,,ablation,524292
E,E_00268,pan_carry,posthoc_single,0,0,0,0,1,0,0.03255654,14,7,-1,medium,medium,0.55,medium,2,,,,,,ablation,524292
E,E_00268,pan_carry,soft_penalty_fc,1,0,1,0,1,0,0.03255654,14,7,-1,medium,medium,0.55,medium,2,,,,,,ablation,524292
E,E_00268_obs,pan_carry,delete_noisy_roles,0,0,0,0,1,0,0.0,14,7,7,medium,medium,0.55,medium,2,,,,,,ablation,524292
E,E_00268_auditless,pan_carry,auditless_geometric,1,0,1,0,1,0,0.03255654,14,7,7,medium,medium,0.55,medium,2,,,,,,ablation,524292
E,E_00269,pan_carry,geometric_fc,1,0,1,0,1,0,0.03468256,14,7,-1,medium,medium,0.55,medium,2,,,,,,ablation,524293
E,E_00269,pan_carry,oracle_sfc,0,0,0,0,1,0,0.0,14,7,-1,medium,medium,0.55,medium,2,,,,,,ablation,524293
E,E_00269,pan_carry,semantic_only,1,0,1,0,1,0,0.0,14,7,-1,medium,medium,0.55,medium,2,,,,,,ablation,524293
E,E_00269,pan_carry,posthoc_single,0,0,0,0,1,0,0.03468256,14,7,-1,medium,medium,0.55,medium,2,,,,,,ablation,524293
E,E_00269,pan_carry,soft_penalty_fc,1,0,1,0,1,0,0.03468256,14,7,-1,medium,medium,0.55,medium,2,,,,,,ablation,524293
E,E_00269_obs,pan_carry,delete_noisy_roles,1,0,1,0,1,0,0.03504764,14,7,8,medium,medium,0.55,medium,2,,,,,,ablation,524293
E,E_00269_auditless,pan_carry,auditless_geometric,1,0,1,0,1,0,0.03468256,14,7,8,medium,medium,0.55,medium,2,,,,,,ablation,524293
E,E_00270,pan_carry,geometric_fc,1,0,1,1,1,1,0.03310698,14,7,-1,medium,medium,0.55,medium,2,,,,,,ablation,524294
E,E_00270,pan_carry,oracle_sfc,1,1,0,0,1,1,0.00329531,14,7,-1,medium,medium,0.55,medium,2,,,,,,ablation,524294
E,E_00270,pan_carry,semantic_only,1,1,0,0,1,1,0.0,14,7,-1,medium,medium,0.55,medium,2,,,,,,ablation,524294
E,E_00270,pan_carry,posthoc_single,0,0,0,1,1,1,0.03310698,14,7,-1,medium,medium,0.55,medium,2,,,,,,ablation,524294
E,E_00270,pan_carry,soft_penalty_fc,1,0,1,1,1,1,0.03310698,14,7,-1,medium,medium,0.55,medium,2,,,,,,ablation,524294
E,E_00270_obs,pan_carry,delete_noisy_roles,1,0,1,1,1,1,0.03558674,14,7,7,medium,medium,0.55,medium,2,,,,,,ablation,524294
E,E_00270_auditless,pan_carry,auditless_geometric,1,0,1,1,1,1,0.03310698,14,7,7,medium,medium,0.55,medium,2,,,,,,ablation,524294
E,E_00271,pan_carry,geometric_fc,1,0,1,0,1,0,0.03303461,14,7,-1,medium,medium,0.55,medium,2,,,,,,ablation,524295
E,E_00271,pan_carry,oracle_sfc,0,0,0,0,1,0,0.0,14,7,-1,medium,medium,0.55,medium,2,,,,,,ablation,524295
E,E_00271,pan_carry,semantic_only,1,0,1,0,1,0,0.0,14,7,-1,medium,medium,0.55,medium,2,,,,,,ablation,524295
E,E_00271,pan_carry,posthoc_single,0,0,0,0,1,0,0.03303461,14,7,-1,medium,medium,0.55,medium,2,,,,,,ablation,524295
E,E_00271,pan_carry,soft_penalty_fc,1,0,1,0,1,0,0.03303461,14,7,-1,medium,medium,0.55,medium,2,,,,,,ablation,524295
E,E_00271_obs,pan_carry,delete_noisy_roles,0,0,0,0,1,0,0.0,14,7,6,medium,medium,0.55,medium,2,,,,,,ablation,524295
E,E_00271_auditless,pan_carry,auditless_geometric,1,0,1,0,1,0,0.03303461,14,7,6,medium,medium,0.55,medium,2,,,,,,ablation,524295
E,E_00272,pan_carry,geometric_fc,1,0,1,0,1,0,0.03204123,14,7,-1,medium,medium,0.55,medium,2,,,,,,ablation,524296
E,E_00272,pan_carry,oracle_sfc,0,0,0,0,1,0,0.0,14,7,-1,medium,medium,0.55,medium,2,,,,,,ablation,524296
E,E_00272,pan_carry,semantic_only,1,0,1,0,1,0,0.0,14,7,-1,medium,medium,0.55,medium,2,,,,,,ablation,524296
E,E_00272,pan_carry,posthoc_single,0,0,0,0,1,0,0.03204123,14,7,-1,medium,medium,0.55,medium,2,,,,,,ablation,524296
E,E_00272,pan_carry,soft_penalty_fc,1,0,1,0,1,0,0.03204123,14,7,-1,medium,medium,0.55,medium,2,,,,,,ablation,524296
E,E_00272_obs,pan_carry,delete_noisy_roles,1,0,1,0,1,0,0.0323271,14,7,7,medium,medium,0.55,medium,2,,,,,,ablation,524296
E,E_00272_auditless,pan_carry,auditless_geometric,1,0,1,0,1,0,0.03204123,14,7,7,medium,medium,0.55,medium,2,,,,,,ablation,524296
E,E_00273,pan_carry,geometric_fc,1,0,1,0,1,0,0.03460823,14,7,-1,medium,medium,0.55,medium,2,,,,,,ablation,524297
E,E_00273,pan_carry,oracle_sfc,0,0,0,0,1,0,0.0,14,7,-1,medium,medium,0.55,medium,2,,,,,,ablation,524297
E,E_00273,pan_carry,semantic_only,1,0,1,0,1,0,0.0,14,7,-1,medium,medium,0.55,medium,2,,,,,,ablation,524297
E,E_00273,pan_carry,posthoc_single,0,0,0,0,1,0,0.03460823,14,7,-1,medium,medium,0.55,medium,2,,,,,,ablation,524297
E,E_00273,pan_carry,soft_penalty_fc,1,0,1,0,1,0,0.03460823,14,7,-1,medium,medium,0.55,medium,2,,,,,,ablation,524297
E,E_00273_obs,pan_carry,delete_noisy_roles,0,0,0,0,1,0,0.0,14,7,7,medium,medium,0.55,medium,2,,,,,,ablation,524297
E,E_00273_auditless,pan_carry,auditless_geometric,1,0,1,0,1,0,0.03460823,14,7,7,medium,medium,0.55,medium,2,,,,,,ablation,524297
E,E_00274,pan_carry,geometric_fc,1,0,1,0,1,0,0.03387885,14,7,-1,medium,medium,0.55,medium,2,,,,,,ablation,524298
E,E_00274,pan_carry,oracle_sfc,0,0,0,0,1,0,0.0,14,7,-1,medium,medium,0.55,medium,2,,,,,,ablation,524298
E,E_00274,pan_carry,semantic_only,1,0,1,0,1,0,0.0,14,7,-1,medium,medium,0.55,medium,2,,,,,,ablation,524298
E,E_00274,pan_carry,posthoc_single,0,0,0,0,1,0,0.03387885,14,7,-1,medium,medium,0.55,medium,2,,,,,,ablation,524298
E,E_00274,pan_carry,soft_penalty_fc,1,0,1,0,1,0,0.03387885,14,7,-1,medium,medium,0.55,medium,2,,,,,,ablation,524298
E,E_00274_obs,pan_carry,delete_noisy_roles,0,0,0,0,1,0,0.0,14,7,5,medium,medium,0.55,medium,2,,,,,,ablation,524298
E,E_00274_auditless,pan_carry,auditless_geometric,1,0,1,0,1,0,0.03387885,14,7,5,medium,medium,0.55,medium,2,,,,,,ablation,524298
E,E_00275,pan_carry,geometric_fc,1,0,1,0,1,0,0.03379641,14,7,-1,medium,medium,0.55,medium,2,,,,,,ablation,524299
E,E_00275,pan_carry,oracle_sfc,0,0,0,0,1,0,0.0,14,7,-1,medium,medium,0.55,medium,2,,,,,,ablation,524299
E,E_00275,pan_carry,semantic_only,1,0,1,0,1,0,0.0,14,7,-1,medium,medium,0.55,medium,2,,,,,,ablation,524299
E,E_00275,pan_carry,posthoc_single,0,0,0,0,1,0,0.03379641,14,7,-1,medium,medium,0.55,medium,2,,,,,,ablation,524299
E,E_00275,pan_carry,soft_penalty_fc,1,0,1,0,1,0,0.03379641,14,7,-1,medium,medium,0.55,medium,2,,,,,,ablation,524299
E,E_00275_obs,pan_carry,delete_noisy_roles,1,0,1,0,1,0,0.03521327,14,7,8,medium,medium,0.55,medium,2,,,,,,ablation,524299
E,E_00275_auditless,pan_carry,auditless_geometric,1,0,1,0,1,0,0.03379641,14,7,8,medium,medium,0.55,medium,2,,,,,,ablation,524299
E,E_00276,pan_carry,geometric_fc,1,0,1,0,1,0,0.03076678,14,7,-1,medium,medium,0.55,medium,2,,,,,,ablation,524300
E,E_00276,pan_carry,oracle_sfc,0,0,0,0,1,0,0.0,14,7,-1,medium,medium,0.55,medium,2,,,,,,ablation,524300
E,E_00276,pan_carry,semantic_only,1,0,1,0,1,0,0.0,14,7,-1,medium,medium,0.55,medium,2,,,,,,ablation,524300
E,E_00276,pan_carry,posthoc_single,0,0,0,0,1,0,0.03076678,14,7,-1,medium,medium,0.55,medium,2,,,,,,ablation,524300
E,E_00276,pan_carry,soft_penalty_fc,1,0,1,0,1,0,0.03076678,14,7,-1,medium,medium,0.55,medium,2,,,,,,ablation,524300
E,E_00276_obs,pan_carry,delete_noisy_roles,1,0,1,0,1,0,0.0354941,14,7,8,medium,medium,0.55,medium,2,,,,,,ablation,524300
E,E_00276_auditless,pan_carry,auditless_geometric,1,0,1,0,1,0,0.03076678,14,7,8,medium,medium,0.55,medium,2,,,,,,ablation,524300
E,E_00277,pan_carry,geometric_fc,1,0,1,0,1,0,0.0343823,14,7,-1,medium,medium,0.85,medium,2,,,,,,ablation,524301
E,E_00277,pan_carry,oracle_sfc,0,0,0,0,1,0,0.0,14,7,-1,medium,medium,0.85,medium,2,,,,,,ablation,524301
E,E_00277,pan_carry,semantic_only,1,0,1,0,1,0,0.0,14,7,-1,medium,medium,0.85,medium,2,,,,,,ablation,524301
E,E_00277,pan_carry,posthoc_single,0,0,0,0,1,0,0.0343823,14,7,-1,medium,medium,0.85,medium,2,,,,,,ablation,524301
E,E_00277,pan_carry,soft_penalty_fc,1,0,1,0,1,0,0.0343823,14,7,-1,medium,medium,0.85,medium,2,,,,,,ablation,524301
E,E_00277_obs,pan_carry,delete_noisy_roles,1,0,1,0,1,0,0.03353824,14,7,8,medium,medium,0.85,medium,2,,,,,,ablation,524301
E,E_00277_auditless,pan_carry,auditless_geometric,1,0,1,0,1,0,0.0343823,14,7,8,medium,medium,0.85,medium,2,,,,,,ablation,524301
E,E_00278,pan_carry,geometric_fc,1,0,1,0,1,0,0.03275734,14,7,-1,medium,medium,0.85,medium,2,,,,,,ablation,524302
E,E_00278,pan_carry,oracle_sfc,0,0,0,0,1,0,0.0,14,7,-1,medium,medium,0.85,medium,2,,,,,,ablation,524302
E,E_00278,pan_carry,semantic_only,1,0,1,0,1,0,0.0,14,7,-1,medium,medium,0.85,medium,2,,,,,,ablation,524302
E,E_00278,pan_carry,posthoc_single,0,0,0,0,1,0,0.03275734,14,7,-1,medium,medium,0.85,medium,2,,,,,,ablation,524302
E,E_00278,pan_carry,soft_penalty_fc,1,0,1,0,1,0,0.03275734,14,7,-1,medium,medium,0.85,medium,2,,,,,,ablation,524302
E,E_00278_obs,pan_carry,delete_noisy_roles,0,0,0,0,1,0,0.0,14,7,6,medium,medium,0.85,medium,2,,,,,,ablation,524302
E,E_00278_auditless,pan_carry,auditless_geometric,1,0,1,0,1,0,0.03275734,14,7,6,medium,medium,0.85,medium,2,,,,,,ablation,524302
E,E_00279,pan_carry,geometric_fc,1,0,1,0,1,0,0.03493329,14,7,-1,medium,medium,0.85,medium,2,,,,,,ablation,524303
E,E_00279,pan_carry,oracle_sfc,0,0,0,0,1,0,0.0,14,7,-1,medium,medium,0.85,medium,2,,,,,,ablation,524303
E,E_00279,pan_carry,semantic_only,1,0,1,0,1,0,0.0,14,7,-1,medium,medium,0.85,medium,2,,,,,,ablation,524303
E,E_00279,pan_carry,posthoc_single,0,0,0,0,1,0,0.03493329,14,7,-1,medium,medium,0.85,medium,2,,,,,,ablation,524303
E,E_00279,pan_carry,soft_penalty_fc,1,0,1,0,1,0,0.03493329,14,7,-1,medium,medium,0.85,medium,2,,,,,,ablation,524303
E,E_00279_obs,pan_carry,delete_noisy_roles,0,0,0,0,1,0,0.0,14,7,7,medium,medium,0.85,medium,2,,,,,,ablation,524303
E,E_00279_auditless,pan_carry,auditless_geometric,1,0,1,0,1,0,0.03493329,14,7,7,medium,medium,0.85,medium,2,,,,,,ablation,524303
E,E_00280,pan_carry,geometric_fc,1,0,1,0,1,0,0.03181754,14,7,-1,medium,medium,0.85,medium,2,,,,,,ablation,524304
E,E_00280,pan_carry,oracle_sfc,0,0,0,0,1,0,0.0,14,7,-1,medium,medium,0.85,medium,2,,,,,,ablation,524304
E,E_00280,pan_carry,semantic_only,1,0,1,0,1,0,0.0,14,7,-1,medium,medium,0.85,medium,2,,,,,,ablation,524304
E,E_00280,pan_carry,posthoc_single,0,0,0,0,1,0,0.03181754,14,7,-1,medium,medium,0.85,medium,2,,,,,,ablation,524304
E,E_00280,pan_carry,soft_penalty_fc,1,0,1,0,1,0,0.03181754,14,7,-1,medium,medium,0.85,medium,2,,,,,,ablation,524304
E,E_00280_obs,pan_carry,delete_noisy_roles,1,0,1,0,1,0,0.038648,14,7,7,medium,medium,0.85,medium,2,,,,,,ablation,524304
E,E_00280_auditless,pan_carry,auditless_geometric,1,0,1,0,1,0,0.03181754,14,7,7,medium,medium,0.85,medium,2,,,,,,ablation,524304
E,E_00281,pan_carry,geometric_fc,1,0,1,0,1,0,0.03338302,14,7,-1,medium,medium,0.85,medium,2,,,,,,ablation,524305
E,E_00281,pan_carry,oracle_sfc,0,0,0,0,1,0,0.0,14,7,-1,medium,medium,0.85,medium,2,,,,,,ablation,524305
E,E_00281,pan_carry,semantic_only,1,0,1,0,1,0,0.0,14,7,-1,medium,medium,0.85,medium,2,,,,,,ablation,524305
E,E_00281,pan_carry,posthoc_single,0,0,0,0,1,0,0.03338302,14,7,-1,medium,medium,0.85,medium,2,,,,,,ablation,524305
E,E_00281,pan_carry,soft_penalty_fc,1,0,1,0,1,0,0.03338302,14,7,-1,medium,medium,0.85,medium,2,,,,,,ablation,524305
E,E_00281_obs,pan_carry,delete_noisy_roles,1,0,1,0,1,0,0.03502135,14,7,8,medium,medium,0.85,medium,2,,,,,,ablation,524305
E,E_00281_auditless,pan_carry,auditless_geometric,1,0,1,0,1,0,0.03338302,14,7,8,medium,medium,0.85,medium,2,,,,,,ablation,524305
E,E_00282,pan_carry,geometric_fc,1,0,1,0,1,0,0.03468629,14,7,-1,medium,medium,0.85,medium,2,,,,,,ablation,524306
E,E_00282,pan_carry,oracle_sfc,0,0,0,0,1,0,0.0,14,7,-1,medium,medium,0.85,medium,2,,,,,,ablation,524306
E,E_00282,pan_carry,semantic_only,1,0,1,0,1,0,0.0,14,7,-1,medium,medium,0.85,medium,2,,,,,,ablation,524306
E,E_00282,pan_carry,posthoc_single,0,0,0,0,1,0,0.03468629,14,7,-1,medium,medium,0.85,medium,2,,,,,,ablation,524306
E,E_00282,pan_carry,soft_penalty_fc,1,0,1,0,1,0,0.03468629,14,7,-1,medium,medium,0.85,medium,2,,,,,,ablation,524306
E,E_00282_obs,pan_carry,delete_noisy_roles,0,0,0,0,1,0,0.0,14,7,5,medium,medium,0.85,medium,2,,,,,,ablation,524306
E,E_00282_auditless,pan_carry,auditless_geometric,1,0,1,0,1,0,0.03468629,14,7,5,medium,medium,0.85,medium,2,,,,,,ablation,524306
E,E_00283,pan_carry,geometric_fc,1,0,1,0,1,0,0.03303408,14,7,-1,medium,medium,0.85,medium,2,,,,,,ablation,524307
E,E_00283,pan_carry,oracle_sfc,0,0,0,0,1,0,0.0,14,7,-1,medium,medium,0.85,medium,2,,,,,,ablation,524307
E,E_00283,pan_carry,semantic_only,1,0,1,0,1,0,0.0,14,7,-1,medium,medium,0.85,medium,2,,,,,,ablation,524307
E,E_00283,pan_carry,posthoc_single,0,0,0,0,1,0,0.03303408,14,7,-1,medium,medium,0.85,medium,2,,,,,,ablation,524307
E,E_00283,pan_carry,soft_penalty_fc,1,0,1,0,1,0,0.03303408,14,7,-1,medium,medium,0.85,medium,2,,,,,,ablation,524307
E,E_00283_obs,pan_carry,delete_noisy_roles,0,0,0,0,1,0,0.0,14,7,7,medium,medium,0.85,medium,2,,,,,,ablation,524307
E,E_00283_auditless,pan_carry,auditless_geometric,1,0,1,0,1,0,0.03303408,14,7,7,medium,medium,0.85,medium,2,,,,,,ablation,524307
E,E_00284,pan_carry,geometric_fc,1,0,1,0,1,0,0.03426384,14,7,-1,medium,medium,0.85,medium,2,,,,,,ablation,524308
E,E_00284,pan_carry,oracle_sfc,0,0,0,0,1,0,0.0,14,7,-1,medium,medium,0.85,medium,2,,,,,,ablation,524308
E,E_00284,pan_carry,semantic_only,1,0,1,0,1,0,0.0,14,7,-1,medium,medium,0.85,medium,2,,,,,,ablation,524308
E,E_00284,pan_carry,posthoc_single,0,0,0,0,1,0,0.03426384,14,7,-1,medium,medium,0.85,medium,2,,,,,,ablation,524308
E,E_00284,pan_carry,soft_penalty_fc,1,0,1,0,1,0,0.03426384,14,7,-1,medium,medium,0.85,medium,2,,,,,,ablation,524308
E,E_00284_obs,pan_carry,delete_noisy_roles,0,0,0,0,1,0,0.0,14,7,6,medium,medium,0.85,medium,2,,,,,,ablation,524308
E,E_00284_auditless,pan_carry,auditless_geometric,1,0,1,0,1,0,0.03426384,14,7,6,medium,medium,0.85,medium,2,,,,,,ablation,524308
E,E_00285,pan_carry,geometric_fc,1,0,1,0,1,0,0.03294625,14,7,-1,medium,medium,0.85,medium,2,,,,,,ablation,524309
E,E_00285,pan_carry,oracle_sfc,0,0,0,0,1,0,0.0,14,7,-1,medium,medium,0.85,medium,2,,,,,,ablation,524309
E,E_00285,pan_carry,semantic_only,1,0,1,0,1,0,0.0,14,7,-1,medium,medium,0.85,medium,2,,,,,,ablation,524309
E,E_00285,pan_carry,posthoc_single,0,0,0,0,1,0,0.03294625,14,7,-1,medium,medium,0.85,medium,2,,,,,,ablation,524309
E,E_00285,pan_carry,soft_penalty_fc,1,0,1,0,1,0,0.03294625,14,7,-1,medium,medium,0.85,medium,2,,,,,,ablation,524309
E,E_00285_obs,pan_carry,delete_noisy_roles,0,0,0,0,1,0,0.0,14,7,7,medium,medium,0.85,medium,2,,,,,,ablation,524309
E,E_00285_auditless,pan_carry,auditless_geometric,1,0,1,0,1,0,0.03294625,14,7,7,medium,medium,0.85,medium,2,,,,,,ablation,524309
E,E_00286,pan_carry,geometric_fc,1,0,1,0,1,0,0.03205813,14,7,-1,medium,medium,0.85,medium,2,,,,,,ablation,524310
E,E_00286,pan_carry,oracle_sfc,0,0,0,0,1,0,0.0,14,7,-1,medium,medium,0.85,medium,2,,,,,,ablation,524310
E,E_00286,pan_carry,semantic_only,1,0,1,0,1,0,0.0,14,7,-1,medium,medium,0.85,medium,2,,,,,,ablation,524310
E,E_00286,pan_carry,posthoc_single,0,0,0,0,1,0,0.03205813,14,7,-1,medium,medium,0.85,medium,2,,,,,,ablation,524310
E,E_00286,pan_carry,soft_penalty_fc,1,0,1,0,1,0,0.03205813,14,7,-1,medium,medium,0.85,medium,2,,,,,,ablation,524310
E,E_00286_obs,pan_carry,delete_noisy_roles,0,0,0,0,1,0,0.0,14,7,7,medium,medium,0.85,medium,2,,,,,,ablation,524310
E,E_00286_auditless,pan_carry,auditless_geometric,1,0,1,0,1,0,0.03205813,14,7,7,medium,medium,0.85,medium,2,,,,,,ablation,524310
E,E_00287,pan_carry,geometric_fc,1,0,1,0,1,0,0.03363588,14,7,-1,medium,medium,0.85,medium,2,,,,,,ablation,524311
E,E_00287,pan_carry,oracle_sfc,0,0,0,0,1,0,0.0,14,7,-1,medium,medium,0.85,medium,2,,,,,,ablation,524311
E,E_00287,pan_carry,semantic_only,1,0,1,0,1,0,0.0,14,7,-1,medium,medium,0.85,medium,2,,,,,,ablation,524311
E,E_00287,pan_carry,posthoc_single,0,0,0,0,1,0,0.03363588,14,7,-1,medium,medium,0.85,medium,2,,,,,,ablation,524311
E,E_00287,pan_carry,soft_penalty_fc,1,0,1,0,1,0,0.03363588,14,7,-1,medium,medium,0.85,medium,2,,,,,,ablation,524311
E,E_00287_obs,pan_carry,delete_noisy_roles,1,0,1,0,1,0,0.03198162,14,7,7,medium,medium,0.85,medium,2,,,,,,ablation,524311
E,E_00287_auditless,pan_carry,auditless_geometric,1,0,1,0,1,0,0.03363588,14,7,7,medium,medium,0.85,medium,2,,,,,,ablation,524311
E,E_00288,pan_carry,geometric_fc,1,0,1,0,1,0,0.03344791,14,7,-1,medium,medium,0.85,medium,2,,,,,,ablation,524312
E,E_00288,pan_carry,oracle_sfc,0,0,0,0,1,0,0.0,14,7,-1,medium,medium,0.85,medium,2,,,,,,ablation,524312
E,E_00288,pan_carry,semantic_only,1,0,1,0,1,0,0.0,14,7,-1,medium,medium,0.85,medium,2,,,,,,ablation,524312
E,E_00288,pan_carry,posthoc_single,0,0,0,0,1,0,0.03344791,14,7,-1,medium,medium,0.85,medium,2,,,,,,ablation,524312
E,E_00288,pan_carry,soft_penalty_fc,1,0,1,0,1,0,0.03344791,14,7,-1,medium,medium,0.85,medium,2,,,,,,ablation,524312
E,E_00288_obs,pan_carry,delete_noisy_roles,0,0,0,0,1,0,0.0,14,7,7,medium,medium,0.85,medium,2,,,,,,ablation,524312
E,E_00288_auditless,pan_carry,auditless_geometric,1,0,1,0,1,0,0.03344791,14,7,7,medium,medium,0.85,medium,2,,,,,,ablation,524312
E,E_00289,tablet_pickup,geometric_fc,1,0,1,1,1,1,0.04124358,11,6,-1,medium,medium,0.25,medium,2,,,,,,ablation,524313
E,E_00289,tablet_pickup,oracle_sfc,1,1,0,0,1,1,0.00785903,11,6,-1,medium,medium,0.25,medium,2,,,,,,ablation,524313
E,E_00289,tablet_pickup,semantic_only,1,1,0,0,1,1,0.0,11,6,-1,medium,medium,0.25,medium,2,,,,,,ablation,524313
E,E_00289,tablet_pickup,posthoc_single,0,0,0,1,1,1,0.04124358,11,6,-1,medium,medium,0.25,medium,2,,,,,,ablation,524313
E,E_00289,tablet_pickup,soft_penalty_fc,1,0,1,1,1,1,0.04124358,11,6,-1,medium,medium,0.25,medium,2,,,,,,ablation,524313
E,E_00289_obs,tablet_pickup,delete_noisy_roles,1,1,0,0,1,1,0.01104334,11,6,5,medium,medium,0.25,medium,2,,,,,,ablation,524313
E,E_00289_auditless,tablet_pickup,auditless_geometric,1,0,1,1,1,1,0.04124358,11,6,5,medium,medium,0.25,medium,2,,,,,,ablation,524313
E,E_00290,tablet_pickup,geometric_fc,1,0,1,0,1,0,0.03715271,11,6,-1,medium,medium,0.25,medium,2,,,,,,ablation,524314
E,E_00290,tablet_pickup,oracle_sfc,0,0,0,0,1,0,0.0,11,6,-1,medium,medium,0.25,medium,2,,,,,,ablation,524314
E,E_00290,tablet_pickup,semantic_only,1,0,1,0,1,0,0.0,11,6,-1,medium,medium,0.25,medium,2,,,,,,ablation,524314
E,E_00290,tablet_pickup,posthoc_single,0,0,0,0,1,0,0.03715271,11,6,-1,medium,medium,0.25,medium,2,,,,,,ablation,524314
E,E_00290,tablet_pickup,soft_penalty_fc,1,0,1,0,1,0,0.03715271,11,6,-1,medium,medium,0.25,medium,2,,,,,,ablation,524314
E,E_00290_obs,tablet_pickup,delete_noisy_roles,1,0,1,0,1,0,0.0378779,11,6,7,medium,medium,0.25,medium,2,,,,,,ablation,524314
E,E_00290_auditless,tablet_pickup,auditless_geometric,1,0,1,0,1,0,0.03715271,11,6,7,medium,medium,0.25,medium,2,,,,,,ablation,524314
E,E_00291,tablet_pickup,geometric_fc,1,0,1,0,1,0,0.03877833,11,6,-1,medium,medium,0.25,medium,2,,,,,,ablation,524315
E,E_00291,tablet_pickup,oracle_sfc,0,0,0,0,1,0,0.0,11,6,-1,medium,medium,0.25,medium,2,,,,,,ablation,524315
E,E_00291,tablet_pickup,semantic_only,1,0,1,0,1,0,0.0,11,6,-1,medium,medium,0.25,medium,2,,,,,,ablation,524315
E,E_00291,tablet_pickup,posthoc_single,0,0,0,0,1,0,0.03877833,11,6,-1,medium,medium,0.25,medium,2,,,,,,ablation,524315
E,E_00291,tablet_pickup,soft_penalty_fc,1,0,1,0,1,0,0.03877833,11,6,-1,medium,medium,0.25,medium,2,,,,,,ablation,524315
E,E_00291_obs,tablet_pickup,delete_noisy_roles,0,0,0,0,1,0,0.0,11,6,6,medium,medium,0.25,medium,2,,,,,,ablation,524315
E,E_00291_auditless,tablet_pickup,auditless_geometric,1,0,1,0,1,0,0.03877833,11,6,6,medium,medium,0.25,medium,2,,,,,,ablation,524315
E,E_00292,tablet_pickup,geometric_fc,1,0,1,0,1,0,0.04080038,11,6,-1,medium,medium,0.25,medium,2,,,,,,ablation,524316
E,E_00292,tablet_pickup,oracle_sfc,0,0,0,0,1,0,0.0,11,6,-1,medium,medium,0.25,medium,2,,,,,,ablation,524316
E,E_00292,tablet_pickup,semantic_only,1,0,1,0,1,0,0.0,11,6,-1,medium,medium,0.25,medium,2,,,,,,ablation,524316
E,E_00292,tablet_pickup,posthoc_single,0,0,0,0,1,0,0.04080038,11,6,-1,medium,medium,0.25,medium,2,,,,,,ablation,524316
E,E_00292,tablet_pickup,soft_penalty_fc,1,0,1,0,1,0,0.04080038,11,6,-1,medium,medium,0.25,medium,2,,,,,,ablation,524316
E,E_00292_obs,tablet_pickup,delete_noisy_roles,0,0,0,0,1,0,0.0,11,6,5,medium,medium,0.25,medium,2,,,,,,ablation,524316
E,E_00292_auditless,tablet_pickup,auditless_geometric,1,0,1,0,1,0,0.04080038,11,6,5,medium,medium,0.25,medium,2,,,,,,ablation,524316
E,E_00293,tablet_pickup,geometric_fc,1,0,1,0,1,0,0.04051959,11,6,-1,medium,medium,0.25,medium,2,,,,,,ablation,524317
E,E_00293,tablet_pickup,oracle_sfc,0,0,0,0,1,0,0.0,11,6,-1,medium,medium,0.25,medium,2,,,,,,ablation,524317
E,E_00293,tablet_pickup,semantic_only,1,0,1,0,1,0,0.0,11,6,-1,medium,medium,0.25,medium,2,,,,,,ablation,524317
E,E_00293,tablet_pickup,posthoc_single,0,0,0,0,1,0,0.04051959,11,6,-1,medium,medium,0.25,medium,2,,,,,,ablation,524317
E,E_00293,tablet_pickup,soft_penalty_fc,1,0,1,0,1,0,0.04051959,11,6,-1,medium,medium,0.25,medium,2,,,,,,ablation,524317
E,E_00293_obs,tablet_pickup,delete_noisy_roles,0,0,0,0,1,0,0.0,11,6,5,medium,medium,0.25,medium,2,,,,,,ablation,524317
E,E_00293_auditless,tablet_pickup,auditless_geometric,1,0,1,0,1,0,0.04051959,11,6,5,medium,medium,0.25,medium,2,,,,,,ablation,524317
E,E_00294,tablet_pickup,geometric_fc,1,0,1,0,1,0,0.04061525,11,6,-1,medium,medium,0.25,medium,2,,,,,,ablation,524318
E,E_00294,tablet_pickup,oracle_sfc,0,0,0,0,1,0,0.0,11,6,-1,medium,medium,0.25,medium,2,,,,,,ablation,524318
E,E_00294,tablet_pickup,semantic_only,1,0,1,0,1,0,0.0,11,6,-1,medium,medium,0.25,medium,2,,,,,,ablation,524318
E,E_00294,tablet_pickup,posthoc_single,0,0,0,0,1,0,0.04061525,11,6,-1,medium,medium,0.25,medium,2,,,,,,ablation,524318
E,E_00294,tablet_pickup,soft_penalty_fc,1,0,1,0,1,0,0.04061525,11,6,-1,medium,medium,0.25,medium,2,,,,,,ablation,524318
E,E_00294_obs,tablet_pickup,delete_noisy_roles,0,0,0,0,1,0,0.0,11,6,5,medium,medium,0.25,medium,2,,,,,,ablation,524318
E,E_00294_auditless,tablet_pickup,auditless_geometric,1,0,1,0,1,0,0.04061525,11,6,5,medium,medium,0.25,medium,2,,,,,,ablation,524318
E,E_00295,tablet_pickup,geometric_fc,1,0,1,0,1,0,0.03972238,11,6,-1,medium,medium,0.25,medium,2,,,,,,ablation,524319
E,E_00295,tablet_pickup,oracle_sfc,0,0,0,0,1,0,0.0,11,6,-1,medium,medium,0.25,medium,2,,,,,,ablation,524319
E,E_00295,tablet_pickup,semantic_only,1,0,1,0,1,0,0.0,11,6,-1,medium,medium,0.25,medium,2,,,,,,ablation,524319
E,E_00295,tablet_pickup,posthoc_single,0,0,0,0,1,0,0.03972238,11,6,-1,medium,medium,0.25,medium,2,,,,,,ablation,524319
E,E_00295,tablet_pickup,soft_penalty_fc,1,0,1,0,1,0,0.03972238,11,6,-1,medium,medium,0.25,medium,2,,,,,,ablation,524319
E,E_00295_obs,tablet_pickup,delete_noisy_roles,0,0,0,0,1,0,0.0,11,6,6,medium,medium,0.25,medium,2,,,,,,ablation,524319
E,E_00295_auditless,tablet_pickup,auditless_geometric,1,0,1,0,1,0,0.03972238,11,6,6,medium,medium,0.25,medium,2,,,,,,ablation,524319
E,E_00296,tablet_pickup,geometric_fc,1,0,1,0,1,0,0.03835827,11,6,-1,medium,medium,0.25,medium,2,,,,,,ablation,524320
E,E_00296,tablet_pickup,oracle_sfc,0,0,0,0,1,0,0.0,11,6,-1,medium,medium,0.25,medium,2,,,,,,ablation,524320
E,E_00296,tablet_pickup,semantic_only,1,0,1,0,1,0,0.0,11,6,-1,medium,medium,0.25,medium,2,,,,,,ablation,524320
E,E_00296,tablet_pickup,posthoc_single,0,0,0,0,1,0,0.03835827,11,6,-1,medium,medium,0.25,medium,2,,,,,,ablation,524320
E,E_00296,tablet_pickup,soft_penalty_fc,1,0,1,0,1,0,0.03835827,11,6,-1,medium,medium,0.25,medium,2,,,,,,ablation,524320
E,E_00296_obs,tablet_pickup,delete_noisy_roles,0,0,0,0,1,0,0.0,11,6,6,medium,medium,0.25,medium,2,,,,,,ablation,524320
E,E_00296_auditless,tablet_pickup,auditless_geometric,1,0,1,0,1,0,0.03835827,11,6,6,medium,medium,0.25,medium,2,,,,,,ablation,524320
E,E_00297,tablet_pickup,geometric_fc,1,0,1,0,1,0,0.03779093,11,6,-1,medium,medium,0.25,medium,2,,,,,,ablation,524321
E,E_00297,tablet_pickup,oracle_sfc,0,0,0,0,1,0,0.0,11,6,-1,medium,medium,0.25,medium,2,,,,,,ablation,524321
E,E_00297,tablet_pickup,semantic_only,1,0,1,0,1,0,0.0,11,6,-1,medium,medium,0.25,medium,2,,,,,,ablation,524321
E,E_00297,tablet_pickup,posthoc_single,0,0,0,0,1,0,0.03779093,11,6,-1,medium,medium,0.25,medium,2,,,,,,ablation,524321
E,E_00297,tablet_pickup,soft_penalty_fc,1,0,1,0,1,0,0.03779093,11,6,-1,medium,medium,0.25,medium,2,,,,,,ablation,524321
E,E_00297_obs,tablet_pickup,delete_noisy_roles,0,0,0,0,1,0,0.0,11,6,5,medium,medium,0.25,medium,2,,,,,,ablation,524321
E,E_00297_auditless,tablet_pickup,auditless_geometric,1,0,1,0,1,0,0.03779093,11,6,5,medium,medium,0.25,medium,2,,,,,,ablation,524321
E,E_00298,tablet_pickup,geometric_fc,1,0,1,0,1,0,0.04007657,11,6,-1,medium,medium,0.25,medium,2,,,,,,ablation,524322
E,E_00298,tablet_pickup,oracle_sfc,0,0,0,0,1,0,0.0,11,6,-1,medium,medium,0.25,medium,2,,,,,,ablation,524322
E,E_00298,tablet_pickup,semantic_only,1,0,1,0,1,0,0.0,11,6,-1,medium,medium,0.25,medium,2,,,,,,ablation,524322
E,E_00298,tablet_pickup,posthoc_single,0,0,0,0,1,0,0.04007657,11,6,-1,medium,medium,0.25,medium,2,,,,,,ablation,524322
E,E_00298,tablet_pickup,soft_penalty_fc,1,0,1,0,1,0,0.04007657,11,6,-1,medium,medium,0.25,medium,2,,,,,,ablation,524322
E,E_00298_obs,tablet_pickup,delete_noisy_roles,0,0,0,0,1,0,0.0,11,6,4,medium,medium,0.25,medium,2,,,,,,ablation,524322
E,E_00298_auditless,tablet_pickup,auditless_geometric,1,0,1,0,1,0,0.04007657,11,6,4,medium,medium,0.25,medium,2,,,,,,ablation,524322
E,E_00299,tablet_pickup,geometric_fc,1,0,1,0,1,0,0.03946494,11,6,-1,medium,medium,0.25,medium,2,,,,,,ablation,524323
E,E_00299,tablet_pickup,oracle_sfc,0,0,0,0,1,0,0.0,11,6,-1,medium,medium,0.25,medium,2,,,,,,ablation,524323
E,E_00299,tablet_pickup,semantic_only,1,0,1,0,1,0,0.0,11,6,-1,medium,medium,0.25,medium,2,,,,,,ablation,524323
E,E_00299,tablet_pickup,posthoc_single,0,0,0,0,1,0,0.03946494,11,6,-1,medium,medium,0.25,medium,2,,,,,,ablation,524323
E,E_00299,tablet_pickup,soft_penalty_fc,1,0,1,0,1,0,0.03946494,11,6,-1,medium,medium,0.25,medium,2,,,,,,ablation,524323
E,E_00299_obs,tablet_pickup,delete_noisy_roles,0,0,0,0,1,0,0.0,11,6,6,medium,medium,0.25,medium,2,,,,,,ablation,524323
E,E_00299_auditless,tablet_pickup,auditless_geometric,1,0,1,0,1,0,0.03946494,11,6,6,medium,medium,0.25,medium,2,,,,,,ablation,524323
E,E_00300,tablet_pickup,geometric_fc,1,0,1,0,1,0,0.038735,11,6,-1,medium,medium,0.25,medium,2,,,,,,ablation,524324
E,E_00300,tablet_pickup,oracle_sfc,0,0,0,0,1,0,0.0,11,6,-1,medium,medium,0.25,medium,2,,,,,,ablation,524324
E,E_00300,tablet_pickup,semantic_only,1,0,1,0,1,0,0.0,11,6,-1,medium,medium,0.25,medium,2,,,,,,ablation,524324
E,E_00300,tablet_pickup,posthoc_single,0,0,0,0,1,0,0.038735,11,6,-1,medium,medium,0.25,medium,2,,,,,,ablation,524324
E,E_00300,tablet_pickup,soft_penalty_fc,1,0,1,0,1,0,0.038735,11,6,-1,medium,medium,0.25,medium,2,,,,,,ablation,524324
E,E_00300_obs,tablet_pickup,delete_noisy_roles,0,0,0,0,1,0,0.0,11,6,6,medium,medium,0.25,medium,2,,,,,,ablation,524324
E,E_00300_auditless,tablet_pickup,auditless_geometric,1,0,1,0,1,0,0.038735,11,6,6,medium,medium,0.25,medium,2,,,,,,ablation,524324
E,E_00301,tablet_pickup,geometric_fc,1,0,1,0,1,0,0.04038432,11,6,-1,medium,medium,0.55,medium,2,,,,,,ablation,524325
E,E_00301,tablet_pickup,oracle_sfc,0,0,0,0,1,0,0.0,11,6,-1,medium,medium,0.55,medium,2,,,,,,ablation,524325
E,E_00301,tablet_pickup,semantic_only,1,0,1,0,1,0,0.0,11,6,-1,medium,medium,0.55,medium,2,,,,,,ablation,524325
E,E_00301,tablet_pickup,posthoc_single,0,0,0,0,1,0,0.04038432,11,6,-1,medium,medium,0.55,medium,2,,,,,,ablation,524325
E,E_00301,tablet_pickup,soft_penalty_fc,1,0,1,0,1,0,0.04038432,11,6,-1,medium,medium,0.55,medium,2,,,,,,ablation,524325
E,E_00301_obs,tablet_pickup,delete_noisy_roles,0,0,0,0,1,0,0.0,11,6,6,medium,medium,0.55,medium,2,,,,,,ablation,524325
E,E_00301_auditless,tablet_pickup,auditless_geometric,1,0,1,0,1,0,0.04038432,11,6,6,medium,medium,0.55,medium,2,,,,,,ablation,524325
E,E_00302,tablet_pickup,geometric_fc,1,0,1,0,1,0,0.0384866,11,6,-1,medium,medium,0.55,medium,2,,,,,,ablation,524326
E,E_00302,tablet_pickup,oracle_sfc,0,0,0,0,1,0,0.0,11,6,-1,medium,medium,0.55,medium,2,,,,,,ablation,524326
E,E_00302,tablet_pickup,semantic_only,1,0,1,0,1,0,0.0,11,6,-1,medium,medium,0.55,medium,2,,,,,,ablation,524326
E,E_00302,tablet_pickup,posthoc_single,0,0,0,0,1,0,0.0384866,11,6,-1,medium,medium,0.55,medium,2,,,,,,ablation,524326
E,E_00302,tablet_pickup,soft_penalty_fc,1,0,1,0,1,0,0.0384866,11,6,-1,medium,medium,0.55,medium,2,,,,,,ablation,524326
E,E_00302_obs,tablet_pickup,delete_noisy_roles,0,0,0,0,1,0,0.0,11,6,6,medium,medium,0.55,medium,2,,,,,,ablation,524326
E,E_00302_auditless,tablet_pickup,auditless_geometric,1,0,1,0,1,0,0.0384866,11,6,6,medium,medium,0.55,medium,2,,,,,,ablation,524326
E,E_00303,tablet_pickup,geometric_fc,1,0,1,0,1,0,0.03464564,11,6,-1,medium,medium,0.55,medium,2,,,,,,ablation,524327
E,E_00303,tablet_pickup,oracle_sfc,0,0,0,0,1,0,0.0,11,6,-1,medium,medium,0.55,medium,2,,,,,,ablation,524327
E,E_00303,tablet_pickup,semantic_only,1,0,1,0,1,0,0.0,11,6,-1,medium,medium,0.55,medium,2,,,,,,ablation,524327
E,E_00303,tablet_pickup,posthoc_single,0,0,0,0,1,0,0.03464564,11,6,-1,medium,medium,0.55,medium,2,,,,,,ablation,524327
E,E_00303,tablet_pickup,soft_penalty_fc,1,0,1,0,1,0,0.03464564,11,6,-1,medium,medium,0.55,medium,2,,,,,,ablation,524327
E,E_00303_obs,tablet_pickup,delete_noisy_roles,1,0,1,0,1,0,0.05118892,11,6,8,medium,medium,0.55,medium,2,,,,,,ablation,524327
E,E_00303_auditless,tablet_pickup,auditless_geometric,1,0,1,0,1,0,0.03464564,11,6,8,medium,medium,0.55,medium,2,,,,,,ablation,524327
E,E_00304,tablet_pickup,geometric_fc,1,0,1,0,1,0,0.04050121,11,6,-1,medium,medium,0.55,medium,2,,,,,,ablation,524328
E,E_00304,tablet_pickup,oracle_sfc,0,0,0,0,1,0,0.0,11,6,-1,medium,medium,0.55,medium,2,,,,,,ablation,524328
E,E_00304,tablet_pickup,semantic_only,1,0,1,0,1,0,0.0,11,6,-1,medium,medium,0.55,medium,2,,,,,,ablation,524328
E,E_00304,tablet_pickup,posthoc_single,0,0,0,0,1,0,0.04050121,11,6,-1,medium,medium,0.55,medium,2,,,,,,ablation,524328
E,E_00304,tablet_pickup,soft_penalty_fc,1,0,1,0,1,0,0.04050121,11,6,-1,medium,medium,0.55,medium,2,,,,,,ablation,524328
E,E_00304_obs,tablet_pickup,delete_noisy_roles,0,0,0,0,1,0,0.0,11,6,5,medium,medium,0.55,medium,2,,,,,,ablation,524328
E,E_00304_auditless,tablet_pickup,auditless_geometric,1,0,1,0,1,0,0.04050121,11,6,5,medium,medium,0.55,medium,2,,,,,,ablation,524328
E,E_00305,tablet_pickup,geometric_fc,1,0,1,0,1,0,0.04003026,11,6,-1,medium,medium,0.55,medium,2,,,,,,ablation,524329
E,E_00305,tablet_pickup,oracle_sfc,0,0,0,0,1,0,0.0,11,6,-1,medium,medium,0.55,medium,2,,,,,,ablation,524329
E,E_00305,tablet_pickup,semantic_only,1,0,1,0,1,0,0.0,11,6,-1,medium,medium,0.55,medium,2,,,,,,ablation,524329
E,E_00305,tablet_pickup,posthoc_single,0,0,0,0,1,0,0.04003026,11,6,-1,medium,medium,0.55,medium,2,,,,,,ablation,524329
E,E_00305,tablet_pickup,soft_penalty_fc,1,0,1,0,1,0,0.04003026,11,6,-1,medium,medium,0.55,medium,2,,,,,,ablation,524329
E,E_00305_obs,tablet_pickup,delete_noisy_roles,1,0,1,0,1,0,0.03408492,11,6,7,medium,medium,0.55,medium,2,,,,,,ablation,524329
E,E_00305_auditless,tablet_pickup,auditless_geometric,1,0,1,0,1,0,0.04003026,11,6,7,medium,medium,0.55,medium,2,,,,,,ablation,524329
E,E_00306,tablet_pickup,geometric_fc,1,0,1,0,1,0,0.04128741,11,6,-1,medium,medium,0.55,medium,2,,,,,,ablation,524330
E,E_00306,tablet_pickup,oracle_sfc,0,0,0,0,1,0,0.0,11,6,-1,medium,medium,0.55,medium,2,,,,,,ablation,524330
E,E_00306,tablet_pickup,semantic_only,1,0,1,0,1,0,0.0,11,6,-1,medium,medium,0.55,medium,2,,,,,,ablation,524330
E,E_00306,tablet_pickup,posthoc_single,0,0,0,0,1,0,0.04128741,11,6,-1,medium,medium,0.55,medium,2,,,,,,ablation,524330
E,E_00306,tablet_pickup,soft_penalty_fc,1,0,1,0,1,0,0.04128741,11,6,-1,medium,medium,0.55,medium,2,,,,,,ablation,524330
E,E_00306_obs,tablet_pickup,delete_noisy_roles,0,0,0,0,1,0,0.0,11,6,6,medium,medium,0.55,medium,2,,,,,,ablation,524330
E,E_00306_auditless,tablet_pickup,auditless_geometric,1,0,1,0,1,0,0.04128741,11,6,6,medium,medium,0.55,medium,2,,,,,,ablation,524330
E,E_00307,tablet_pickup,geometric_fc,1,0,1,0,1,0,0.03913892,11,6,-1,medium,medium,0.55,medium,2,,,,,,ablation,524331
E,E_00307,tablet_pickup,oracle_sfc,0,0,0,0,1,0,0.0,11,6,-1,medium,medium,0.55,medium,2,,,,,,ablation,524331
E,E_00307,tablet_pickup,semantic_only,1,0,1,0,1,0,0.0,11,6,-1,medium,medium,0.55,medium,2,,,,,,ablation,524331
E,E_00307,tablet_pickup,posthoc_single,0,0,0,0,1,0,0.03913892,11,6,-1,medium,medium,0.55,medium,2,,,,,,ablation,524331
E,E_00307,tablet_pickup,soft_penalty_fc,1,0,1,0,1,0,0.03913892,11,6,-1,medium,medium,0.55,medium,2,,,,,,ablation,524331
E,E_00307_obs,tablet_pickup,delete_noisy_roles,1,0,1,0,1,0,0.03599382,11,6,7,medium,medium,0.55,medium,2,,,,,,ablation,524331
E,E_00307_auditless,tablet_pickup,auditless_geometric,1,0,1,0,1,0,0.03913892,11,6,7,medium,medium,0.55,medium,2,,,,,,ablation,524331
E,E_00308,tablet_pickup,geometric_fc,1,0,1,0,1,0,0.04147756,11,6,-1,medium,medium,0.55,medium,2,,,,,,ablation,524332
E,E_00308,tablet_pickup,oracle_sfc,0,0,0,0,1,0,0.0,11,6,-1,medium,medium,0.55,medium,2,,,,,,ablation,524332
E,E_00308,tablet_pickup,semantic_only,1,0,1,0,1,0,0.0,11,6,-1,medium,medium,0.55,medium,2,,,,,,ablation,524332
E,E_00308,tablet_pickup,posthoc_single,0,0,0,0,1,0,0.04147756,11,6,-1,medium,medium,0.55,medium,2,,,,,,ablation,524332
E,E_00308,tablet_pickup,soft_penalty_fc,1,0,1,0,1,0,0.04147756,11,6,-1,medium,medium,0.55,medium,2,,,,,,ablation,524332
E,E_00308_obs,tablet_pickup,delete_noisy_roles,0,0,0,0,1,0,0.0,11,6,6,medium,medium,0.55,medium,2,,,,,,ablation,524332
E,E_00308_auditless,tablet_pickup,auditless_geometric,1,0,1,0,1,0,0.04147756,11,6,6,medium,medium,0.55,medium,2,,,,,,ablation,524332
E,E_00309,tablet_pickup,geometric_fc,1,0,1,0,1,0,0.03865873,11,6,-1,medium,medium,0.55,medium,2,,,,,,ablation,524333
E,E_00309,tablet_pickup,oracle_sfc,0,0,0,0,1,0,0.0,11,6,-1,medium,medium,0.55,medium,2,,,,,,ablation,524333
E,E_00309,tablet_pickup,semantic_only,1,0,1,0,1,0,0.0,11,6,-1,medium,medium,0.55,medium,2,,,,,,ablation,524333
E,E_00309,tablet_pickup,posthoc_single,0,0,0,0,1,0,0.03865873,11,6,-1,medium,medium,0.55,medium,2,,,,,,ablation,524333
E,E_00309,tablet_pickup,soft_penalty_fc,1,0,1,0,1,0,0.03865873,11,6,-1,medium,medium,0.55,medium,2,,,,,,ablation,524333
E,E_00309_obs,tablet_pickup,delete_noisy_roles,0,0,0,0,1,0,0.0,11,6,6,medium,medium,0.55,medium,2,,,,,,ablation,524333
E,E_00309_auditless,tablet_pickup,auditless_geometric,1,0,1,0,1,0,0.03865873,11,6,6,medium,medium,0.55,medium,2,,,,,,ablation,524333
E,E_00310,tablet_pickup,geometric_fc,1,0,1,0,1,0,0.04037169,11,6,-1,medium,medium,0.55,medium,2,,,,,,ablation,524334
E,E_00310,tablet_pickup,oracle_sfc,0,0,0,0,1,0,0.0,11,6,-1,medium,medium,0.55,medium,2,,,,,,ablation,524334
E,E_00310,tablet_pickup,semantic_only,1,0,1,0,1,0,0.0,11,6,-1,medium,medium,0.55,medium,2,,,,,,ablation,524334
E,E_00310,tablet_pickup,posthoc_single,0,0,0,0,1,0,0.04037169,11,6,-1,medium,medium,0.55,medium,2,,,,,,ablation,524334
E,E_00310,tablet_pickup,soft_penalty_fc,1,0,1,0,1,0,0.04037169,11,6,-1,medium,medium,0.55,medium,2,,,,,,ablation,524334
E,E_00310_obs,tablet_pickup,delete_noisy_roles,0,0,0,0,1,0,0.0,11,6,6,medium,medium,0.55,medium,2,,,,,,ablation,524334
E,E_00310_auditless,tablet_pickup,auditless_geometric,1,0,1,0,1,0,0.04037169,11,6,6,medium,medium,0.55,medium,2,,,,,,ablation,524334
E,E_00311,tablet_pickup,geometric_fc,1,0,1,0,1,0,0.03720179,11,6,-1,medium,medium,0.55,medium,2,,,,,,ablation,524335
E,E_00311,tablet_pickup,oracle_sfc,0,0,0,0,1,0,0.0,11,6,-1,medium,medium,0.55,medium,2,,,,,,ablation,524335
E,E_00311,tablet_pickup,semantic_only,1,0,1,0,1,0,0.0,11,6,-1,medium,medium,0.55,medium,2,,,,,,ablation,524335
E,E_00311,tablet_pickup,posthoc_single,0,0,0,0,1,0,0.03720179,11,6,-1,medium,medium,0.55,medium,2,,,,,,ablation,524335
E,E_00311,tablet_pickup,soft_penalty_fc,1,0,1,0,1,0,0.03720179,11,6,-1,medium,medium,0.55,medium,2,,,,,,ablation,524335
E,E_00311_obs,tablet_pickup,delete_noisy_roles,0,0,0,0,1,0,0.0,11,6,6,medium,medium,0.55,medium,2,,,,,,ablation,524335
E,E_00311_auditless,tablet_pickup,auditless_geometric,1,0,1,0,1,0,0.03720179,11,6,6,medium,medium,0.55,medium,2,,,,,,ablation,524335
E,E_00312,tablet_pickup,geometric_fc,1,0,1,0,1,0,0.03876318,11,6,-1,medium,medium,0.55,medium,2,,,,,,ablation,524336
E,E_00312,tablet_pickup,oracle_sfc,0,0,0,0,1,0,0.0,11,6,-1,medium,medium,0.55,medium,2,,,,,,ablation,524336
E,E_00312,tablet_pickup,semantic_only,1,0,1,0,1,0,0.0,11,6,-1,medium,medium,0.55,medium,2,,,,,,ablation,524336
E,E_00312,tablet_pickup,posthoc_single,0,0,0,0,1,0,0.03876318,11,6,-1,medium,medium,0.55,medium,2,,,,,,ablation,524336
E,E_00312,tablet_pickup,soft_penalty_fc,1,0,1,0,1,0,0.03876318,11,6,-1,medium,medium,0.55,medium,2,,,,,,ablation,524336
E,E_00312_obs,tablet_pickup,delete_noisy_roles,0,0,0,0,1,0,0.0,11,6,6,medium,medium,0.55,medium,2,,,,,,ablation,524336
E,E_00312_auditless,tablet_pickup,auditless_geometric,1,0,1,0,1,0,0.03876318,11,6,6,medium,medium,0.55,medium,2,,,,,,ablation,524336
E,E_00313,tablet_pickup,geometric_fc,1,0,1,0,1,0,0.03792693,11,6,-1,medium,medium,0.85,medium,2,,,,,,ablation,524337
E,E_00313,tablet_pickup,oracle_sfc,0,0,0,0,1,0,0.0,11,6,-1,medium,medium,0.85,medium,2,,,,,,ablation,524337
E,E_00313,tablet_pickup,semantic_only,1,0,1,0,1,0,0.0,11,6,-1,medium,medium,0.85,medium,2,,,,,,ablation,524337
E,E_00313,tablet_pickup,posthoc_single,0,0,0,0,1,0,0.03792693,11,6,-1,medium,medium,0.85,medium,2,,,,,,ablation,524337
E,E_00313,tablet_pickup,soft_penalty_fc,1,0,1,0,1,0,0.03792693,11,6,-1,medium,medium,0.85,medium,2,,,,,,ablation,524337
E,E_00313_obs,tablet_pickup,delete_noisy_roles,0,0,0,0,1,0,0.0,11,6,5,medium,medium,0.85,medium,2,,,,,,ablation,524337
E,E_00313_auditless,tablet_pickup,auditless_geometric,1,0,1,0,1,0,0.03792693,11,6,5,medium,medium,0.85,medium,2,,,,,,ablation,524337
E,E_00314,tablet_pickup,geometric_fc,1,0,1,1,1,1,0.04023039,11,6,-1,medium,medium,0.85,medium,2,,,,,,ablation,524338
E,E_00314,tablet_pickup,oracle_sfc,1,1,0,0,1,1,9.66e-05,11,6,-1,medium,medium,0.85,medium,2,,,,,,ablation,524338
E,E_00314,tablet_pickup,semantic_only,1,1,0,0,1,1,0.0,11,6,-1,medium,medium,0.85,medium,2,,,,,,ablation,524338
E,E_00314,tablet_pickup,posthoc_single,0,0,0,1,1,1,0.04023039,11,6,-1,medium,medium,0.85,medium,2,,,,,,ablation,524338
E,E_00314,tablet_pickup,soft_penalty_fc,1,0,1,1,1,1,0.04023039,11,6,-1,medium,medium,0.85,medium,2,,,,,,ablation,524338
E,E_00314_obs,tablet_pickup,delete_noisy_roles,1,1,0,0,1,1,9.66e-05,11,6,6,medium,medium,0.85,medium,2,,,,,,ablation,524338
E,E_00314_auditless,tablet_pickup,auditless_geometric,1,0,1,1,1,1,0.04023039,11,6,6,medium,medium,0.85,medium,2,,,,,,ablation,524338
E,E_00315,tablet_pickup,geometric_fc,1,0,1,0,1,0,0.03499868,11,6,-1,medium,medium,0.85,medium,2,,,,,,ablation,524339
E,E_00315,tablet_pickup,oracle_sfc,0,0,0,0,1,0,0.0,11,6,-1,medium,medium,0.85,medium,2,,,,,,ablation,524339
E,E_00315,tablet_pickup,semantic_only,1,0,1,0,1,0,0.0,11,6,-1,medium,medium,0.85,medium,2,,,,,,ablation,524339
E,E_00315,tablet_pickup,posthoc_single,0,0,0,0,1,0,0.03499868,11,6,-1,medium,medium,0.85,medium,2,,,,,,ablation,524339
E,E_00315,tablet_pickup,soft_penalty_fc,1,0,1,0,1,0,0.03499868,11,6,-1,medium,medium,0.85,medium,2,,,,,,ablation,524339
E,E_00315_obs,tablet_pickup,delete_noisy_roles,0,0,0,0,1,0,0.0,11,6,6,medium,medium,0.85,medium,2,,,,,,ablation,524339
E,E_00315_auditless,tablet_pickup,auditless_geometric,1,0,1,0,1,0,0.03499868,11,6,6,medium,medium,0.85,medium,2,,,,,,ablation,524339
E,E_00316,tablet_pickup,geometric_fc,1,0,1,0,1,0,0.03829074,11,6,-1,medium,medium,0.85,medium,2,,,,,,ablation,524340
E,E_00316,tablet_pickup,oracle_sfc,0,0,0,0,1,0,0.0,11,6,-1,medium,medium,0.85,medium,2,,,,,,ablation,524340
E,E_00316,tablet_pickup,semantic_only,1,0,1,0,1,0,0.0,11,6,-1,medium,medium,0.85,medium,2,,,,,,ablation,524340
E,E_00316,tablet_pickup,posthoc_single,0,0,0,0,1,0,0.03829074,11,6,-1,medium,medium,0.85,medium,2,,,,,,ablation,524340
E,E_00316,tablet_pickup,soft_penalty_fc,1,0,1,0,1,0,0.03829074,11,6,-1,medium,medium,0.85,medium,2,,,,,,ablation,524340
E,E_00316_obs,tablet_pickup,delete_noisy_roles,0,0,0,0,1,0,0.0,11,6,6,medium,medium,0.85,medium,2,,,,,,ablation,524340
E,E_00316_auditless,tablet_pickup,auditless_geometric,1,0,1,0,1,0,0.03829074,11,6,6,medium,medium,0.85,medium,2,,,,,,ablation,524340
E,E_00317,tablet_pickup,geometric_fc,1,0,1,0,1,0,0.04069752,11,6,-1,medium,medium,0.85,medium,2,,,,,,ablation,524341
E,E_00317,tablet_pickup,oracle_sfc,0,0,0,0,1,0,0.0,11,6,-1,medium,medium,0.85,medium,2,,,,,,ablation,524341
E,E_00317,tablet_pickup,semantic_only,1,0,1,0,1,0,0.0,11,6,-1,medium,medium,0.85,medium,2,,,,,,ablation,524341
E,E_00317,tablet_pickup,posthoc_single,0,0,0,0,1,0,0.04069752,11,6,-1,medium,medium,0.85,medium,2,,,,,,ablation,524341
E,E_00317,tablet_pickup,soft_penalty_fc,1,0,1,0,1,0,0.04069752,11,6,-1,medium,medium,0.85,medium,2,,,,,,ablation,524341
E,E_00317_obs,tablet_pickup,delete_noisy_roles,1,0,1,0,1,0,0.05716438,11,6,6,medium,medium,0.85,medium,2,,,,,,ablation,524341
E,E_00317_auditless,tablet_pickup,auditless_geometric,1,0,1,0,1,0,0.04069752,11,6,6,medium,medium,0.85,medium,2,,,,,,ablation,524341
E,E_00318,tablet_pickup,geometric_fc,1,0,1,0,1,0,0.03806575,11,6,-1,medium,medium,0.85,medium,2,,,,,,ablation,524342
E,E_00318,tablet_pickup,oracle_sfc,0,0,0,0,1,0,0.0,11,6,-1,medium,medium,0.85,medium,2,,,,,,ablation,524342
E,E_00318,tablet_pickup,semantic_only,1,0,1,0,1,0,0.0,11,6,-1,medium,medium,0.85,medium,2,,,,,,ablation,524342
E,E_00318,tablet_pickup,posthoc_single,0,0,0,0,1,0,0.03806575,11,6,-1,medium,medium,0.85,medium,2,,,,,,ablation,524342
E,E_00318,tablet_pickup,soft_penalty_fc,1,0,1,0,1,0,0.03806575,11,6,-1,medium,medium,0.85,medium,2,,,,,,ablation,524342
E,E_00318_obs,tablet_pickup,delete_noisy_roles,1,0,1,0,1,0,0.03127109,11,6,7,medium,medium,0.85,medium,2,,,,,,ablation,524342
E,E_00318_auditless,tablet_pickup,auditless_geometric,1,0,1,0,1,0,0.03806575,11,6,7,medium,medium,0.85,medium,2,,,,,,ablation,524342
E,E_00319,tablet_pickup,geometric_fc,1,0,1,0,1,0,0.04027304,11,6,-1,medium,medium,0.85,medium,2,,,,,,ablation,524343
E,E_00319,tablet_pickup,oracle_sfc,0,0,0,0,1,0,0.0,11,6,-1,medium,medium,0.85,medium,2,,,,,,ablation,524343
E,E_00319,tablet_pickup,semantic_only,1,0,1,0,1,0,0.0,11,6,-1,medium,medium,0.85,medium,2,,,,,,ablation,524343
E,E_00319,tablet_pickup,posthoc_single,0,0,0,0,1,0,0.04027304,11,6,-1,medium,medium,0.85,medium,2,,,,,,ablation,524343
E,E_00319,tablet_pickup,soft_penalty_fc,1,0,1,0,1,0,0.04027304,11,6,-1,medium,medium,0.85,medium,2,,,,,,ablation,524343
E,E_00319_obs,tablet_pickup,delete_noisy_roles,1,0,1,0,1,0,0.03539121,11,6,7,medium,medium,0.85,medium,2,,,,,,ablation,524343
E,E_00319_auditless,tablet_pickup,auditless_geometric,1,0,1,0,1,0,0.04027304,11,6,7,medium,medium,0.85,medium,2,,,,,,ablation,524343
E,E_00320,tablet_pickup,geometric_fc,1,0,1,0,1,0,0.03775114,11,6,-1,medium,medium,0.85,medium,2,,,,,,ablation,524344
E,E_00320,tablet_pickup,oracle_sfc,0,0,0,0,1,0,0.0,11,6,-1,medium,medium,0.85,medium,2,,,,,,ablation,524344
E,E_00320,tablet_pickup,semantic_only,1,0,1,0,1,0,0.0,11,6,-1,medium,medium,0.85,medium,2,,,,,,ablation,524344
E,E_00320,tablet_pickup,posthoc_single,0,0,0,0,1,0,0.03775114,11,6,-1,medium,medium,0.85,medium,2,,,,,,ablation,524344
E,E_00320,tablet_pickup,soft_penalty_fc,1,0,1,0,1,0,0.03775114,11,6,-1,medium,medium,0.85,medium,2,,,,,,ablation,524344
E,E_00320_obs,tablet_pickup,delete_noisy_roles,0,0,0,0,1,0,0.0,11,6,6,medium,medium,0.85,medium,2,,,,,,ablation,524344
E,E_00320_auditless,tablet_pickup,auditless_geometric,1,0,1,0,1,0,0.03775114,11,6,6,medium,medium,0.85,medium,2,,,,,,ablation,524344
E,E_00321,tablet_pickup,geometric_fc,1,0,1,0,1,0,0.03778947,11,6,-1,medium,medium,0.85,medium,2,,,,,,ablation,524345
E,E_00321,tablet_pickup,oracle_sfc,0,0,0,0,1,0,0.0,11,6,-1,medium,medium,0.85,medium,2,,,,,,ablation,524345
E,E_00321,tablet_pickup,semantic_only,1,0,1,0,1,0,0.0,11,6,-1,medium,medium,0.85,medium,2,,,,,,ablation,524345
E,E_00321,tablet_pickup,posthoc_single,0,0,0,0,1,0,0.03778947,11,6,-1,medium,medium,0.85,medium,2,,,,,,ablation,524345
E,E_00321,tablet_pickup,soft_penalty_fc,1,0,1,0,1,0,0.03778947,11,6,-1,medium,medium,0.85,medium,2,,,,,,ablation,524345
E,E_00321_obs,tablet_pickup,delete_noisy_roles,0,0,0,0,1,0,0.0,11,6,6,medium,medium,0.85,medium,2,,,,,,ablation,524345
E,E_00321_auditless,tablet_pickup,auditless_geometric,1,0,1,0,1,0,0.03778947,11,6,6,medium,medium,0.85,medium,2,,,,,,ablation,524345
E,E_00322,tablet_pickup,geometric_fc,1,0,1,0,1,0,0.04121652,11,6,-1,medium,medium,0.85,medium,2,,,,,,ablation,524346
E,E_00322,tablet_pickup,oracle_sfc,0,0,0,0,1,0,0.0,11,6,-1,medium,medium,0.85,medium,2,,,,,,ablation,524346
E,E_00322,tablet_pickup,semantic_only,1,0,1,0,1,0,0.0,11,6,-1,medium,medium,0.85,medium,2,,,,,,ablation,524346
E,E_00322,tablet_pickup,posthoc_single,0,0,0,0,1,0,0.04121652,11,6,-1,medium,medium,0.85,medium,2,,,,,,ablation,524346
E,E_00322,tablet_pickup,soft_penalty_fc,1,0,1,0,1,0,0.04121652,11,6,-1,medium,medium,0.85,medium,2,,,,,,ablation,524346
E,E_00322_obs,tablet_pickup,delete_noisy_roles,0,0,0,0,1,0,0.0,11,6,6,medium,medium,0.85,medium,2,,,,,,ablation,524346
E,E_00322_auditless,tablet_pickup,auditless_geometric,1,0,1,0,1,0,0.04121652,11,6,6,medium,medium,0.85,medium,2,,,,,,ablation,524346
E,E_00323,tablet_pickup,geometric_fc,1,0,1,0,1,0,0.03931328,11,6,-1,medium,medium,0.85,medium,2,,,,,,ablation,524347
E,E_00323,tablet_pickup,oracle_sfc,0,0,0,0,1,0,0.0,11,6,-1,medium,medium,0.85,medium,2,,,,,,ablation,524347
E,E_00323,tablet_pickup,semantic_only,1,0,1,0,1,0,0.0,11,6,-1,medium,medium,0.85,medium,2,,,,,,ablation,524347
E,E_00323,tablet_pickup,posthoc_single,0,0,0,0,1,0,0.03931328,11,6,-1,medium,medium,0.85,medium,2,,,,,,ablation,524347
E,E_00323,tablet_pickup,soft_penalty_fc,1,0,1,0,1,0,0.03931328,11,6,-1,medium,medium,0.85,medium,2,,,,,,ablation,524347
E,E_00323_obs,tablet_pickup,delete_noisy_roles,0,0,0,0,1,0,0.0,11,6,6,medium,medium,0.85,medium,2,,,,,,ablation,524347
E,E_00323_auditless,tablet_pickup,auditless_geometric,1,0,1,0,1,0,0.03931328,11,6,6,medium,medium,0.85,medium,2,,,,,,ablation,524347
E,E_00324,tablet_pickup,geometric_fc,1,0,1,0,1,0,0.04172754,11,6,-1,medium,medium,0.85,medium,2,,,,,,ablation,524348
E,E_00324,tablet_pickup,oracle_sfc,0,0,0,0,1,0,0.0,11,6,-1,medium,medium,0.85,medium,2,,,,,,ablation,524348
E,E_00324,tablet_pickup,semantic_only,1,0,1,0,1,0,0.0,11,6,-1,medium,medium,0.85,medium,2,,,,,,ablation,524348
E,E_00324,tablet_pickup,posthoc_single,0,0,0,0,1,0,0.04172754,11,6,-1,medium,medium,0.85,medium,2,,,,,,ablation,524348
E,E_00324,tablet_pickup,soft_penalty_fc,1,0,1,0,1,0,0.04172754,11,6,-1,medium,medium,0.85,medium,2,,,,,,ablation,524348
E,E_00324_obs,tablet_pickup,delete_noisy_roles,0,0,0,0,1,0,0.0,11,6,6,medium,medium,0.85,medium,2,,,,,,ablation,524348
E,E_00324_auditless,tablet_pickup,auditless_geometric,1,0,1,0,1,0,0.04172754,11,6,6,medium,medium,0.85,medium,2,,,,,,ablation,524348
E,E_00325,flower_cut,geometric_fc,1,0,1,0,1,0,0.03516669,12,5,-1,medium,medium,0.25,medium,2,,,,,,ablation,524349
E,E_00325,flower_cut,oracle_sfc,0,0,0,0,1,0,0.0,12,5,-1,medium,medium,0.25,medium,2,,,,,,ablation,524349
E,E_00325,flower_cut,semantic_only,1,0,1,0,1,0,0.0,12,5,-1,medium,medium,0.25,medium,2,,,,,,ablation,524349
E,E_00325,flower_cut,posthoc_single,0,0,0,0,1,0,0.03516669,12,5,-1,medium,medium,0.25,medium,2,,,,,,ablation,524349
E,E_00325,flower_cut,soft_penalty_fc,1,0,1,0,1,0,0.03516669,12,5,-1,medium,medium,0.25,medium,2,,,,,,ablation,524349
E,E_00325_obs,flower_cut,delete_noisy_roles,0,0,0,0,1,0,0.0,12,5,5,medium,medium,0.25,medium,2,,,,,,ablation,524349
E,E_00325_auditless,flower_cut,auditless_geometric,1,0,1,0,1,0,0.03516669,12,5,5,medium,medium,0.25,medium,2,,,,,,ablation,524349
E,E_00326,flower_cut,geometric_fc,1,0,1,0,1,0,0.03440988,12,5,-1,medium,medium,0.25,medium,2,,,,,,ablation,524350
E,E_00326,flower_cut,oracle_sfc,0,0,0,0,1,0,0.0,12,5,-1,medium,medium,0.25,medium,2,,,,,,ablation,524350
E,E_00326,flower_cut,semantic_only,1,0,1,0,1,0,0.0,12,5,-1,medium,medium,0.25,medium,2,,,,,,ablation,524350
E,E_00326,flower_cut,posthoc_single,0,0,0,0,1,0,0.03440988,12,5,-1,medium,medium,0.25,medium,2,,,,,,ablation,524350
E,E_00326,flower_cut,soft_penalty_fc,1,0,1,0,1,0,0.03440988,12,5,-1,medium,medium,0.25,medium,2,,,,,,ablation,524350
E,E_00326_obs,flower_cut,delete_noisy_roles,0,0,0,0,1,0,0.0,12,5,5,medium,medium,0.25,medium,2,,,,,,ablation,524350
E,E_00326_auditless,flower_cut,auditless_geometric,1,0,1,0,1,0,0.03440988,12,5,5,medium,medium,0.25,medium,2,,,,,,ablation,524350
E,E_00327,flower_cut,geometric_fc,1,0,1,0,1,0,0.0352634,12,5,-1,medium,medium,0.25,medium,2,,,,,,ablation,524351
E,E_00327,flower_cut,oracle_sfc,0,0,0,0,1,0,0.0,12,5,-1,medium,medium,0.25,medium,2,,,,,,ablation,524351
E,E_00327,flower_cut,semantic_only,1,0,1,0,1,0,0.0,12,5,-1,medium,medium,0.25,medium,2,,,,,,ablation,524351
E,E_00327,flower_cut,posthoc_single,0,0,0,0,1,0,0.0352634,12,5,-1,medium,medium,0.25,medium,2,,,,,,ablation,524351
E,E_00327,flower_cut,soft_penalty_fc,1,0,1,0,1,0,0.0352634,12,5,-1,medium,medium,0.25,medium,2,,,,,,ablation,524351
E,E_00327_obs,flower_cut,delete_noisy_roles,0,0,0,0,1,0,0.0,12,5,5,medium,medium,0.25,medium,2,,,,,,ablation,524351
E,E_00327_auditless,flower_cut,auditless_geometric,1,0,1,0,1,0,0.0352634,12,5,5,medium,medium,0.25,medium,2,,,,,,ablation,524351
E,E_00328,flower_cut,geometric_fc,1,0,1,0,1,0,0.03441773,12,5,-1,medium,medium,0.25,medium,2,,,,,,ablation,524352
E,E_00328,flower_cut,oracle_sfc,0,0,0,0,1,0,0.0,12,5,-1,medium,medium,0.25,medium,2,,,,,,ablation,524352
E,E_00328,flower_cut,semantic_only,1,0,1,0,1,0,0.0,12,5,-1,medium,medium,0.25,medium,2,,,,,,ablation,524352
E,E_00328,flower_cut,posthoc_single,0,0,0,0,1,0,0.03441773,12,5,-1,medium,medium,0.25,medium,2,,,,,,ablation,524352
E,E_00328,flower_cut,soft_penalty_fc,1,0,1,0,1,0,0.03441773,12,5,-1,medium,medium,0.25,medium,2,,,,,,ablation,524352
E,E_00328_obs,flower_cut,delete_noisy_roles,0,0,0,0,1,0,0.0,12,5,5,medium,medium,0.25,medium,2,,,,,,ablation,524352
E,E_00328_auditless,flower_cut,auditless_geometric,1,0,1,0,1,0,0.03441773,12,5,5,medium,medium,0.25,medium,2,,,,,,ablation,524352
E,E_00329,flower_cut,geometric_fc,1,0,1,0,1,0,0.03728204,12,5,-1,medium,medium,0.25,medium,2,,,,,,ablation,524353
E,E_00329,flower_cut,oracle_sfc,0,0,0,0,1,0,0.0,12,5,-1,medium,medium,0.25,medium,2,,,,,,ablation,524353
E,E_00329,flower_cut,semantic_only,1,0,1,0,1,0,0.0,12,5,-1,medium,medium,0.25,medium,2,,,,,,ablation,524353
E,E_00329,flower_cut,posthoc_single,0,0,0,0,1,0,0.03728204,12,5,-1,medium,medium,0.25,medium,2,,,,,,ablation,524353
E,E_00329,flower_cut,soft_penalty_fc,1,0,1,0,1,0,0.03728204,12,5,-1,medium,medium,0.25,medium,2,,,,,,ablation,524353
E,E_00329_obs,flower_cut,delete_noisy_roles,0,0,0,0,1,0,0.0,12,5,4,medium,medium,0.25,medium,2,,,,,,ablation,524353
E,E_00329_auditless,flower_cut,auditless_geometric,1,0,1,0,1,0,0.03728204,12,5,4,medium,medium,0.25,medium,2,,,,,,ablation,524353
E,E_00330,flower_cut,geometric_fc,1,0,1,0,1,0,0.03592133,12,5,-1,medium,medium,0.25,medium,2,,,,,,ablation,524354
E,E_00330,flower_cut,oracle_sfc,0,0,0,0,1,0,0.0,12,5,-1,medium,medium,0.25,medium,2,,,,,,ablation,524354
E,E_00330,flower_cut,semantic_only,1,0,1,0,1,0,0.0,12,5,-1,medium,medium,0.25,medium,2,,,,,,ablation,524354
E,E_00330,flower_cut,posthoc_single,0,0,0,0,1,0,0.03592133,12,5,-1,medium,medium,0.25,medium,2,,,,,,ablation,524354
E,E_00330,flower_cut,soft_penalty_fc,1,0,1,0,1,0,0.03592133,12,5,-1,medium,medium,0.25,medium,2,,,,,,ablation,524354
E,E_00330_obs,flower_cut,delete_noisy_roles,1,0,1,0,1,0,0.04715631,12,5,5,medium,medium,0.25,medium,2,,,,,,ablation,524354
E,E_00330_auditless,flower_cut,auditless_geometric,1,0,1,0,1,0,0.03592133,12,5,5,medium,medium,0.25,medium,2,,,,,,ablation,524354
E,E_00331,flower_cut,geometric_fc,1,0,1,0,1,0,0.03267475,12,5,-1,medium,medium,0.25,medium,2,,,,,,ablation,524355
E,E_00331,flower_cut,oracle_sfc,0,0,0,0,1,0,0.0,12,5,-1,medium,medium,0.25,medium,2,,,,,,ablation,524355
E,E_00331,flower_cut,semantic_only,1,0,1,0,1,0,0.0,12,5,-1,medium,medium,0.25,medium,2,,,,,,ablation,524355
E,E_00331,flower_cut,posthoc_single,0,0,0,0,1,0,0.03267475,12,5,-1,medium,medium,0.25,medium,2,,,,,,ablation,524355
E,E_00331,flower_cut,soft_penalty_fc,1,0,1,0,1,0,0.03267475,12,5,-1,medium,medium,0.25,medium,2,,,,,,ablation,524355
E,E_00331_obs,flower_cut,delete_noisy_roles,0,0,0,0,1,0,0.0,12,5,5,medium,medium,0.25,medium,2,,,,,,ablation,524355
E,E_00331_auditless,flower_cut,auditless_geometric,1,0,1,0,1,0,0.03267475,12,5,5,medium,medium,0.25,medium,2,,,,,,ablation,524355
E,E_00332,flower_cut,geometric_fc,1,0,1,0,1,0,0.03409979,12,5,-1,medium,medium,0.25,medium,2,,,,,,ablation,524356
E,E_00332,flower_cut,oracle_sfc,0,0,0,0,1,0,0.0,12,5,-1,medium,medium,0.25,medium,2,,,,,,ablation,524356
E,E_00332,flower_cut,semantic_only,1,0,1,0,1,0,0.0,12,5,-1,medium,medium,0.25,medium,2,,,,,,ablation,524356
E,E_00332,flower_cut,posthoc_single,0,0,0,0,1,0,0.03409979,12,5,-1,medium,medium,0.25,medium,2,,,,,,ablation,524356
E,E_00332,flower_cut,soft_penalty_fc,1,0,1,0,1,0,0.03409979,12,5,-1,medium,medium,0.25,medium,2,,,,,,ablation,524356
E,E_00332_obs,flower_cut,delete_noisy_roles,1,0,1,0,1,0,0.03922634,12,5,6,medium,medium,0.25,medium,2,,,,,,ablation,524356
E,E_00332_auditless,flower_cut,auditless_geometric,1,0,1,0,1,0,0.03409979,12,5,6,medium,medium,0.25,medium,2,,,,,,ablation,524356
E,E_00333,flower_cut,geometric_fc,1,0,1,0,1,0,0.03592035,12,5,-1,medium,medium,0.25,medium,2,,,,,,ablation,524357
E,E_00333,flower_cut,oracle_sfc,0,0,0,0,1,0,0.0,12,5,-1,medium,medium,0.25,medium,2,,,,,,ablation,524357
E,E_00333,flower_cut,semantic_only,1,0,1,0,1,0,0.0,12,5,-1,medium,medium,0.25,medium,2,,,,,,ablation,524357
E,E_00333,flower_cut,posthoc_single,0,0,0,0,1,0,0.03592035,12,5,-1,medium,medium,0.25,medium,2,,,,,,ablation,524357
E,E_00333,flower_cut,soft_penalty_fc,1,0,1,0,1,0,0.03592035,12,5,-1,medium,medium,0.25,medium,2,,,,,,ablation,524357
E,E_00333_obs,flower_cut,delete_noisy_roles,0,0,0,0,1,0,0.0,12,5,4,medium,medium,0.25,medium,2,,,,,,ablation,524357
E,E_00333_auditless,flower_cut,auditless_geometric,1,0,1,0,1,0,0.03592035,12,5,4,medium,medium,0.25,medium,2,,,,,,ablation,524357
E,E_00334,flower_cut,geometric_fc,1,0,1,0,1,0,0.03563771,12,5,-1,medium,medium,0.25,medium,2,,,,,,ablation,524358
E,E_00334,flower_cut,oracle_sfc,0,0,0,0,1,0,0.0,12,5,-1,medium,medium,0.25,medium,2,,,,,,ablation,524358
E,E_00334,flower_cut,semantic_only,1,0,1,0,1,0,0.0,12,5,-1,medium,medium,0.25,medium,2,,,,,,ablation,524358
E,E_00334,flower_cut,posthoc_single,0,0,0,0,1,0,0.03563771,12,5,-1,medium,medium,0.25,medium,2,,,,,,ablation,524358
E,E_00334,flower_cut,soft_penalty_fc,1,0,1,0,1,0,0.03563771,12,5,-1,medium,medium,0.25,medium,2,,,,,,ablation,524358
E,E_00334_obs,flower_cut,delete_noisy_roles,1,0,1,0,1,0,0.04166235,12,5,7,medium,medium,0.25,medium,2,,,,,,ablation,524358
E,E_00334_auditless,flower_cut,auditless_geometric,1,0,1,0,1,0,0.03563771,12,5,7,medium,medium,0.25,medium,2,,,,,,ablation,524358
E,E_00335,flower_cut,geometric_fc,1,0,1,0,1,0,0.03651292,12,5,-1,medium,medium,0.25,medium,2,,,,,,ablation,524359
E,E_00335,flower_cut,oracle_sfc,0,0,0,0,1,0,0.0,12,5,-1,medium,medium,0.25,medium,2,,,,,,ablation,524359
E,E_00335,flower_cut,semantic_only,1,0,1,0,1,0,0.0,12,5,-1,medium,medium,0.25,medium,2,,,,,,ablation,524359
E,E_00335,flower_cut,posthoc_single,0,0,0,0,1,0,0.03651292,12,5,-1,medium,medium,0.25,medium,2,,,,,,ablation,524359
E,E_00335,flower_cut,soft_penalty_fc,1,0,1,0,1,0,0.03651292,12,5,-1,medium,medium,0.25,medium,2,,,,,,ablation,524359
E,E_00335_obs,flower_cut,delete_noisy_roles,0,0,0,0,1,0,0.0,12,5,5,medium,medium,0.25,medium,2,,,,,,ablation,524359
E,E_00335_auditless,flower_cut,auditless_geometric,1,0,1,0,1,0,0.03651292,12,5,5,medium,medium,0.25,medium,2,,,,,,ablation,524359
E,E_00336,flower_cut,geometric_fc,1,0,1,0,1,0,0.03619806,12,5,-1,medium,medium,0.25,medium,2,,,,,,ablation,524360
E,E_00336,flower_cut,oracle_sfc,0,0,0,0,1,0,0.0,12,5,-1,medium,medium,0.25,medium,2,,,,,,ablation,524360
E,E_00336,flower_cut,semantic_only,1,0,1,0,1,0,0.0,12,5,-1,medium,medium,0.25,medium,2,,,,,,ablation,524360
E,E_00336,flower_cut,posthoc_single,0,0,0,0,1,0,0.03619806,12,5,-1,medium,medium,0.25,medium,2,,,,,,ablation,524360
E,E_00336,flower_cut,soft_penalty_fc,1,0,1,0,1,0,0.03619806,12,5,-1,medium,medium,0.25,medium,2,,,,,,ablation,524360
E,E_00336_obs,flower_cut,delete_noisy_roles,0,0,0,0,1,0,0.0,12,5,4,medium,medium,0.25,medium,2,,,,,,ablation,524360
E,E_00336_auditless,flower_cut,auditless_geometric,1,0,1,0,1,0,0.03619806,12,5,4,medium,medium,0.25,medium,2,,,,,,ablation,524360
E,E_00337,flower_cut,geometric_fc,1,0,1,0,1,0,0.03528319,12,5,-1,medium,medium,0.55,medium,2,,,,,,ablation,524361
E,E_00337,flower_cut,oracle_sfc,0,0,0,0,1,0,0.0,12,5,-1,medium,medium,0.55,medium,2,,,,,,ablation,524361
E,E_00337,flower_cut,semantic_only,1,0,1,0,1,0,0.0,12,5,-1,medium,medium,0.55,medium,2,,,,,,ablation,524361
E,E_00337,flower_cut,posthoc_single,0,0,0,0,1,0,0.03528319,12,5,-1,medium,medium,0.55,medium,2,,,,,,ablation,524361
E,E_00337,flower_cut,soft_penalty_fc,1,0,1,0,1,0,0.03528319,12,5,-1,medium,medium,0.55,medium,2,,,,,,ablation,524361
E,E_00337_obs,flower_cut,delete_noisy_roles,0,0,0,0,1,0,0.0,12,5,5,medium,medium,0.55,medium,2,,,,,,ablation,524361
E,E_00337_auditless,flower_cut,auditless_geometric,1,0,1,0,1,0,0.03528319,12,5,5,medium,medium,0.55,medium,2,,,,,,ablation,524361
E,E_00338,flower_cut,geometric_fc,1,0,1,0,1,0,0.03525537,12,5,-1,medium,medium,0.55,medium,2,,,,,,ablation,524362
E,E_00338,flower_cut,oracle_sfc,0,0,0,0,1,0,0.0,12,5,-1,medium,medium,0.55,medium,2,,,,,,ablation,524362
E,E_00338,flower_cut,semantic_only,1,0,1,0,1,0,0.0,12,5,-1,medium,medium,0.55,medium,2,,,,,,ablation,524362
E,E_00338,flower_cut,posthoc_single,0,0,0,0,1,0,0.03525537,12,5,-1,medium,medium,0.55,medium,2,,,,,,ablation,524362
E,E_00338,flower_cut,soft_penalty_fc,1,0,1,0,1,0,0.03525537,12,5,-1,medium,medium,0.55,medium,2,,,,,,ablation,524362
E,E_00338_obs,flower_cut,delete_noisy_roles,0,0,0,0,1,0,0.0,12,5,4,medium,medium,0.55,medium,2,,,,,,ablation,524362
E,E_00338_auditless,flower_cut,auditless_geometric,1,0,1,0,1,0,0.03525537,12,5,4,medium,medium,0.55,medium,2,,,,,,ablation,524362
E,E_00339,flower_cut,geometric_fc,1,0,1,0,1,0,0.03499489,12,5,-1,medium,medium,0.55,medium,2,,,,,,ablation,524363
E,E_00339,flower_cut,oracle_sfc,0,0,0,0,1,0,0.0,12,5,-1,medium,medium,0.55,medium,2,,,,,,ablation,524363
E,E_00339,flower_cut,semantic_only,1,0,1,0,1,0,0.0,12,5,-1,medium,medium,0.55,medium,2,,,,,,ablation,524363
E,E_00339,flower_cut,posthoc_single,0,0,0,0,1,0,0.03499489,12,5,-1,medium,medium,0.55,medium,2,,,,,,ablation,524363
E,E_00339,flower_cut,soft_penalty_fc,1,0,1,0,1,0,0.03499489,12,5,-1,medium,medium,0.55,medium,2,,,,,,ablation,524363
E,E_00339_obs,flower_cut,delete_noisy_roles,0,0,0,0,1,0,0.0,12,5,5,medium,medium,0.55,medium,2,,,,,,ablation,524363
E,E_00339_auditless,flower_cut,auditless_geometric,1,0,1,0,1,0,0.03499489,12,5,5,medium,medium,0.55,medium,2,,,,,,ablation,524363
E,E_00340,flower_cut,geometric_fc,1,0,1,0,1,0,0.03768614,12,5,-1,medium,medium,0.55,medium,2,,,,,,ablation,524364
E,E_00340,flower_cut,oracle_sfc,0,0,0,0,1,0,0.0,12,5,-1,medium,medium,0.55,medium,2,,,,,,ablation,524364
E,E_00340,flower_cut,semantic_only,1,0,1,0,1,0,0.0,12,5,-1,medium,medium,0.55,medium,2,,,,,,ablation,524364
E,E_00340,flower_cut,posthoc_single,0,0,0,0,1,0,0.03768614,12,5,-1,medium,medium,0.55,medium,2,,,,,,ablation,524364
E,E_00340,flower_cut,soft_penalty_fc,1,0,1,0,1,0,0.03768614,12,5,-1,medium,medium,0.55,medium,2,,,,,,ablation,524364
E,E_00340_obs,flower_cut,delete_noisy_roles,0,0,0,0,1,0,0.0,12,5,5,medium,medium,0.55,medium,2,,,,,,ablation,524364
E,E_00340_auditless,flower_cut,auditless_geometric,1,0,1,0,1,0,0.03768614,12,5,5,medium,medium,0.55,medium,2,,,,,,ablation,524364
E,E_00341,flower_cut,geometric_fc,1,0,1,0,1,0,0.0359101,12,5,-1,medium,medium,0.55,medium,2,,,,,,ablation,524365
E,E_00341,flower_cut,oracle_sfc,0,0,0,0,1,0,0.0,12,5,-1,medium,medium,0.55,medium,2,,,,,,ablation,524365
E,E_00341,flower_cut,semantic_only,1,0,1,0,1,0,0.0,12,5,-1,medium,medium,0.55,medium,2,,,,,,ablation,524365
E,E_00341,flower_cut,posthoc_single,0,0,0,0,1,0,0.0359101,12,5,-1,medium,medium,0.55,medium,2,,,,,,ablation,524365
E,E_00341,flower_cut,soft_penalty_fc,1,0,1,0,1,0,0.0359101,12,5,-1,medium,medium,0.55,medium,2,,,,,,ablation,524365
E,E_00341_obs,flower_cut,delete_noisy_roles,0,0,0,0,1,0,0.0,12,5,5,medium,medium,0.55,medium,2,,,,,,ablation,524365
E,E_00341_auditless,flower_cut,auditless_geometric,1,0,1,0,1,0,0.0359101,12,5,5,medium,medium,0.55,medium,2,,,,,,ablation,524365
E,E_00342,flower_cut,geometric_fc,1,0,1,0,1,0,0.03577246,12,5,-1,medium,medium,0.55,medium,2,,,,,,ablation,524366
E,E_00342,flower_cut,oracle_sfc,0,0,0,0,1,0,0.0,12,5,-1,medium,medium,0.55,medium,2,,,,,,ablation,524366
E,E_00342,flower_cut,semantic_only,1,0,1,0,1,0,0.0,12,5,-1,medium,medium,0.55,medium,2,,,,,,ablation,524366
E,E_00342,flower_cut,posthoc_single,0,0,0,0,1,0,0.03577246,12,5,-1,medium,medium,0.55,medium,2,,,,,,ablation,524366
E,E_00342,flower_cut,soft_penalty_fc,1,0,1,0,1,0,0.03577246,12,5,-1,medium,medium,0.55,medium,2,,,,,,ablation,524366
E,E_00342_obs,flower_cut,delete_noisy_roles,0,0,0,0,1,0,0.0,12,5,5,medium,medium,0.55,medium,2,,,,,,ablation,524366
E,E_00342_auditless,flower_cut,auditless_geometric,1,0,1,0,1,0,0.03577246,12,5,5,medium,medium,0.55,medium,2,,,,,,ablation,524366
E,E_00343,flower_cut,geometric_fc,1,0,1,0,1,0,0.0375924,12,5,-1,medium,medium,0.55,medium,2,,,,,,ablation,524367
E,E_00343,flower_cut,oracle_sfc,0,0,0,0,1,0,0.0,12,5,-1,medium,medium,0.55,medium,2,,,,,,ablation,524367
E,E_00343,flower_cut,semantic_only,1,0,1,0,1,0,0.0,12,5,-1,medium,medium,0.55,medium,2,,,,,,ablation,524367
E,E_00343,flower_cut,posthoc_single,0,0,0,0,1,0,0.0375924,12,5,-1,medium,medium,0.55,medium,2,,,,,,ablation,524367
E,E_00343,flower_cut,soft_penalty_fc,1,0,1,0,1,0,0.0375924,12,5,-1,medium,medium,0.55,medium,2,,,,,,ablation,524367
E,E_00343_obs,flower_cut,delete_noisy_roles,0,0,0,0,1,0,0.0,12,5,4,medium,medium,0.55,medium,2,,,,,,ablation,524367
E,E_00343_auditless,flower_cut,auditless_geometric,1,0,1,0,1,0,0.0375924,12,5,4,medium,medium,0.55,medium,2,,,,,,ablation,524367
E,E_00344,flower_cut,geometric_fc,1,0,1,0,1,0,0.03579603,12,5,-1,medium,medium,0.55,medium,2,,,,,,ablation,524368
E,E_00344,flower_cut,oracle_sfc,0,0,0,0,1,0,0.0,12,5,-1,medium,medium,0.55,medium,2,,,,,,ablation,524368
E,E_00344,flower_cut,semantic_only,1,0,1,0,1,0,0.0,12,5,-1,medium,medium,0.55,medium,2,,,,,,ablation,524368
E,E_00344,flower_cut,posthoc_single,0,0,0,0,1,0,0.03579603,12,5,-1,medium,medium,0.55,medium,2,,,,,,ablation,524368
E,E_00344,flower_cut,soft_penalty_fc,1,0,1,0,1,0,0.03579603,12,5,-1,medium,medium,0.55,medium,2,,,,,,ablation,524368
E,E_00344_obs,flower_cut,delete_noisy_roles,1,0,1,0,1,0,0.01504577,12,5,5,medium,medium,0.55,medium,2,,,,,,ablation,524368
E,E_00344_auditless,flower_cut,auditless_geometric,1,0,1,0,1,0,0.03579603,12,5,5,medium,medium,0.55,medium,2,,,,,,ablation,524368
E,E_00345,flower_cut,geometric_fc,1,0,1,0,1,0,0.03488874,12,5,-1,medium,medium,0.55,medium,2,,,,,,ablation,524369
E,E_00345,flower_cut,oracle_sfc,0,0,0,0,1,0,0.0,12,5,-1,medium,medium,0.55,medium,2,,,,,,ablation,524369
E,E_00345,flower_cut,semantic_only,1,0,1,0,1,0,0.0,12,5,-1,medium,medium,0.55,medium,2,,,,,,ablation,524369
E,E_00345,flower_cut,posthoc_single,0,0,0,0,1,0,0.03488874,12,5,-1,medium,medium,0.55,medium,2,,,,,,ablation,524369
E,E_00345,flower_cut,soft_penalty_fc,1,0,1,0,1,0,0.03488874,12,5,-1,medium,medium,0.55,medium,2,,,,,,ablation,524369
E,E_00345_obs,flower_cut,delete_noisy_roles,1,0,1,0,1,0,0.03246741,12,5,5,medium,medium,0.55,medium,2,,,,,,ablation,524369
E,E_00345_auditless,flower_cut,auditless_geometric,1,0,1,0,1,0,0.03488874,12,5,5,medium,medium,0.55,medium,2,,,,,,ablation,524369
E,E_00346,flower_cut,geometric_fc,1,0,1,0,1,0,0.03662948,12,5,-1,medium,medium,0.55,medium,2,,,,,,ablation,524370
E,E_00346,flower_cut,oracle_sfc,0,0,0,0,1,0,0.0,12,5,-1,medium,medium,0.55,medium,2,,,,,,ablation,524370
E,E_00346,flower_cut,semantic_only,1,0,1,0,1,0,0.0,12,5,-1,medium,medium,0.55,medium,2,,,,,,ablation,524370
E,E_00346,flower_cut,posthoc_single,0,0,0,0,1,0,0.03662948,12,5,-1,medium,medium,0.55,medium,2,,,,,,ablation,524370
E,E_00346,flower_cut,soft_penalty_fc,1,0,1,0,1,0,0.03662948,12,5,-1,medium,medium,0.55,medium,2,,,,,,ablation,524370
E,E_00346_obs,flower_cut,delete_noisy_roles,0,0,0,0,1,0,0.0,12,5,5,medium,medium,0.55,medium,2,,,,,,ablation,524370
E,E_00346_auditless,flower_cut,auditless_geometric,1,0,1,0,1,0,0.03662948,12,5,5,medium,medium,0.55,medium,2,,,,,,ablation,524370
E,E_00347,flower_cut,geometric_fc,1,0,1,0,1,0,0.03594889,12,5,-1,medium,medium,0.55,medium,2,,,,,,ablation,524371
E,E_00347,flower_cut,oracle_sfc,0,0,0,0,1,0,0.0,12,5,-1,medium,medium,0.55,medium,2,,,,,,ablation,524371
E,E_00347,flower_cut,semantic_only,1,0,1,0,1,0,0.0,12,5,-1,medium,medium,0.55,medium,2,,,,,,ablation,524371
E,E_00347,flower_cut,posthoc_single,0,0,0,0,1,0,0.03594889,12,5,-1,medium,medium,0.55,medium,2,,,,,,ablation,524371
E,E_00347,flower_cut,soft_penalty_fc,1,0,1,0,1,0,0.03594889,12,5,-1,medium,medium,0.55,medium,2,,,,,,ablation,524371
E,E_00347_obs,flower_cut,delete_noisy_roles,0,0,0,0,1,0,0.0,12,5,4,medium,medium,0.55,medium,2,,,,,,ablation,524371
E,E_00347_auditless,flower_cut,auditless_geometric,1,0,1,0,1,0,0.03594889,12,5,4,medium,medium,0.55,medium,2,,,,,,ablation,524371
E,E_00348,flower_cut,geometric_fc,1,0,1,0,1,0,0.03461206,12,5,-1,medium,medium,0.55,medium,2,,,,,,ablation,524372
E,E_00348,flower_cut,oracle_sfc,0,0,0,0,1,0,0.0,12,5,-1,medium,medium,0.55,medium,2,,,,,,ablation,524372
E,E_00348,flower_cut,semantic_only,1,0,1,0,1,0,0.0,12,5,-1,medium,medium,0.55,medium,2,,,,,,ablation,524372
E,E_00348,flower_cut,posthoc_single,0,0,0,0,1,0,0.03461206,12,5,-1,medium,medium,0.55,medium,2,,,,,,ablation,524372
E,E_00348,flower_cut,soft_penalty_fc,1,0,1,0,1,0,0.03461206,12,5,-1,medium,medium,0.55,medium,2,,,,,,ablation,524372
E,E_00348_obs,flower_cut,delete_noisy_roles,0,0,0,0,1,0,0.0,12,5,4,medium,medium,0.55,medium,2,,,,,,ablation,524372
E,E_00348_auditless,flower_cut,auditless_geometric,1,0,1,0,1,0,0.03461206,12,5,4,medium,medium,0.55,medium,2,,,,,,ablation,524372
E,E_00349,flower_cut,geometric_fc,1,0,1,0,1,0,0.0363826,12,5,-1,medium,medium,0.85,medium,2,,,,,,ablation,524373
E,E_00349,flower_cut,oracle_sfc,0,0,0,0,1,0,0.0,12,5,-1,medium,medium,0.85,medium,2,,,,,,ablation,524373
E,E_00349,flower_cut,semantic_only,1,0,1,0,1,0,0.0,12,5,-1,medium,medium,0.85,medium,2,,,,,,ablation,524373
E,E_00349,flower_cut,posthoc_single,0,0,0,0,1,0,0.0363826,12,5,-1,medium,medium,0.85,medium,2,,,,,,ablation,524373
E,E_00349,flower_cut,soft_penalty_fc,1,0,1,0,1,0,0.0363826,12,5,-1,medium,medium,0.85,medium,2,,,,,,ablation,524373
E,E_00349_obs,flower_cut,delete_noisy_roles,0,0,0,0,1,0,0.0,12,5,4,medium,medium,0.85,medium,2,,,,,,ablation,524373
E,E_00349_auditless,flower_cut,auditless_geometric,1,0,1,0,1,0,0.0363826,12,5,4,medium,medium,0.85,medium,2,,,,,,ablation,524373
E,E_00350,flower_cut,geometric_fc,1,0,1,0,1,0,0.0341922,12,5,-1,medium,medium,0.85,medium,2,,,,,,ablation,524374
E,E_00350,flower_cut,oracle_sfc,0,0,0,0,1,0,0.0,12,5,-1,medium,medium,0.85,medium,2,,,,,,ablation,524374
E,E_00350,flower_cut,semantic_only,1,0,1,0,1,0,0.0,12,5,-1,medium,medium,0.85,medium,2,,,,,,ablation,524374
E,E_00350,flower_cut,posthoc_single,0,0,0,0,1,0,0.0341922,12,5,-1,medium,medium,0.85,medium,2,,,,,,ablation,524374
E,E_00350,flower_cut,soft_penalty_fc,1,0,1,0,1,0,0.0341922,12,5,-1,medium,medium,0.85,medium,2,,,,,,ablation,524374
E,E_00350_obs,flower_cut,delete_noisy_roles,0,0,0,0,1,0,0.0,12,5,5,medium,medium,0.85,medium,2,,,,,,ablation,524374
E,E_00350_auditless,flower_cut,auditless_geometric,1,0,1,0,1,0,0.0341922,12,5,5,medium,medium,0.85,medium,2,,,,,,ablation,524374
E,E_00351,flower_cut,geometric_fc,1,0,1,0,1,0,0.03643523,12,5,-1,medium,medium,0.85,medium,2,,,,,,ablation,524375
E,E_00351,flower_cut,oracle_sfc,0,0,0,0,1,0,0.0,12,5,-1,medium,medium,0.85,medium,2,,,,,,ablation,524375
E,E_00351,flower_cut,semantic_only,1,0,1,0,1,0,0.0,12,5,-1,medium,medium,0.85,medium,2,,,,,,ablation,524375
E,E_00351,flower_cut,posthoc_single,0,0,0,0,1,0,0.03643523,12,5,-1,medium,medium,0.85,medium,2,,,,,,ablation,524375
E,E_00351,flower_cut,soft_penalty_fc,1,0,1,0,1,0,0.03643523,12,5,-1,medium,medium,0.85,medium,2,,,,,,ablation,524375
E,E_00351_obs,flower_cut,delete_noisy_roles,0,0,0,0,1,0,0.0,12,5,5,medium,medium,0.85,medium,2,,,,,,ablation,524375
E,E_00351_auditless,flower_cut,auditless_geometric,1,0,1,0,1,0,0.03643523,12,5,5,medium,medium,0.85,medium,2,,,,,,ablation,524375
E,E_00352,flower_cut,geometric_fc,1,0,1,0,1,0,0.03534987,12,5,-1,medium,medium,0.85,medium,2,,,,,,ablation,524376
E,E_00352,flower_cut,oracle_sfc,0,0,0,0,1,0,0.0,12,5,-1,medium,medium,0.85,medium,2,,,,,,ablation,524376
E,E_00352,flower_cut,semantic_only,1,0,1,0,1,0,0.0,12,5,-1,medium,medium,0.85,medium,2,,,,,,ablation,524376
E,E_00352,flower_cut,posthoc_single,0,0,0,0,1,0,0.03534987,12,5,-1,medium,medium,0.85,medium,2,,,,,,ablation,524376
E,E_00352,flower_cut,soft_penalty_fc,1,0,1,0,1,0,0.03534987,12,5,-1,medium,medium,0.85,medium,2,,,,,,ablation,524376
E,E_00352_obs,flower_cut,delete_noisy_roles,0,0,0,0,1,0,0.0,12,5,5,medium,medium,0.85,medium,2,,,,,,ablation,524376
E,E_00352_auditless,flower_cut,auditless_geometric,1,0,1,0,1,0,0.03534987,12,5,5,medium,medium,0.85,medium,2,,,,,,ablation,524376
E,E_00353,flower_cut,geometric_fc,1,0,1,0,1,0,0.03481473,12,5,-1,medium,medium,0.85,medium,2,,,,,,ablation,524377
E,E_00353,flower_cut,oracle_sfc,0,0,0,0,1,0,0.0,12,5,-1,medium,medium,0.85,medium,2,,,,,,ablation,524377
E,E_00353,flower_cut,semantic_only,1,0,1,0,1,0,0.0,12,5,-1,medium,medium,0.85,medium,2,,,,,,ablation,524377
E,E_00353,flower_cut,posthoc_single,0,0,0,0,1,0,0.03481473,12,5,-1,medium,medium,0.85,medium,2,,,,,,ablation,524377
E,E_00353,flower_cut,soft_penalty_fc,1,0,1,0,1,0,0.03481473,12,5,-1,medium,medium,0.85,medium,2,,,,,,ablation,524377
E,E_00353_obs,flower_cut,delete_noisy_roles,0,0,0,0,1,0,0.0,12,5,5,medium,medium,0.85,medium,2,,,,,,ablation,524377
E,E_00353_auditless,flower_cut,auditless_geometric,1,0,1,0,1,0,0.03481473,12,5,5,medium,medium,0.85,medium,2,,,,,,ablation,524377
E,E_00354,flower_cut,geometric_fc,1,0,1,0,1,0,0.03527235,12,5,-1,medium,medium,0.85,medium,2,,,,,,ablation,524378
E,E_00354,flower_cut,oracle_sfc,0,0,0,0,1,0,0.0,12,5,-1,medium,medium,0.85,medium,2,,,,,,ablation,524378
E,E_00354,flower_cut,semantic_only,1,0,1,0,1,0,0.0,12,5,-1,medium,medium,0.85,medium,2,,,,,,ablation,524378
E,E_00354,flower_cut,posthoc_single,0,0,0,0,1,0,0.03527235,12,5,-1,medium,medium,0.85,medium,2,,,,,,ablation,524378
E,E_00354,flower_cut,soft_penalty_fc,1,0,1,0,1,0,0.03527235,12,5,-1,medium,medium,0.85,medium,2,,,,,,ablation,524378
E,E_00354_obs,flower_cut,delete_noisy_roles,1,0,1,0,1,0,0.04657387,12,5,5,medium,medium,0.85,medium,2,,,,,,ablation,524378
E,E_00354_auditless,flower_cut,auditless_geometric,1,0,1,0,1,0,0.03527235,12,5,5,medium,medium,0.85,medium,2,,,,,,ablation,524378
E,E_00355,flower_cut,geometric_fc,1,0,1,0,1,0,0.03540326,12,5,-1,medium,medium,0.85,medium,2,,,,,,ablation,524379
E,E_00355,flower_cut,oracle_sfc,0,0,0,0,1,0,0.0,12,5,-1,medium,medium,0.85,medium,2,,,,,,ablation,524379
E,E_00355,flower_cut,semantic_only,1,0,1,0,1,0,0.0,12,5,-1,medium,medium,0.85,medium,2,,,,,,ablation,524379
E,E_00355,flower_cut,posthoc_single,0,0,0,0,1,0,0.03540326,12,5,-1,medium,medium,0.85,medium,2,,,,,,ablation,524379
E,E_00355,flower_cut,soft_penalty_fc,1,0,1,0,1,0,0.03540326,12,5,-1,medium,medium,0.85,medium,2,,,,,,ablation,524379
E,E_00355_obs,flower_cut,delete_noisy_roles,0,0,0,0,1,0,0.0,12,5,5,medium,medium,0.85,medium,2,,,,,,ablation,524379
E,E_00355_auditless,flower_cut,auditless_geometric,1,0,1,0,1,0,0.03540326,12,5,5,medium,medium,0.85,medium,2,,,,,,ablation,524379
E,E_00356,flower_cut,geometric_fc,1,0,1,0,1,0,0.03534397,12,5,-1,medium,medium,0.85,medium,2,,,,,,ablation,524380
E,E_00356,flower_cut,oracle_sfc,0,0,0,0,1,0,0.0,12,5,-1,medium,medium,0.85,medium,2,,,,,,ablation,524380
E,E_00356,flower_cut,semantic_only,1,0,1,0,1,0,0.0,12,5,-1,medium,medium,0.85,medium,2,,,,,,ablation,524380
E,E_00356,flower_cut,posthoc_single,0,0,0,0,1,0,0.03534397,12,5,-1,medium,medium,0.85,medium,2,,,,,,ablation,524380
E,E_00356,flower_cut,soft_penalty_fc,1,0,1,0,1,0,0.03534397,12,5,-1,medium,medium,0.85,medium,2,,,,,,ablation,524380
E,E_00356_obs,flower_cut,delete_noisy_roles,0,0,0,0,1,0,0.0,12,5,3,medium,medium,0.85,medium,2,,,,,,ablation,524380
E,E_00356_auditless,flower_cut,auditless_geometric,1,0,1,0,1,0,0.03534397,12,5,3,medium,medium,0.85,medium,2,,,,,,ablation,524380
E,E_00357,flower_cut,geometric_fc,1,0,1,0,1,0,0.03805013,12,5,-1,medium,medium,0.85,medium,2,,,,,,ablation,524381
E,E_00357,flower_cut,oracle_sfc,0,0,0,0,1,0,0.0,12,5,-1,medium,medium,0.85,medium,2,,,,,,ablation,524381
E,E_00357,flower_cut,semantic_only,1,0,1,0,1,0,0.0,12,5,-1,medium,medium,0.85,medium,2,,,,,,ablation,524381
E,E_00357,flower_cut,posthoc_single,0,0,0,0,1,0,0.03805013,12,5,-1,medium,medium,0.85,medium,2,,,,,,ablation,524381
E,E_00357,flower_cut,soft_penalty_fc,1,0,1,0,1,0,0.03805013,12,5,-1,medium,medium,0.85,medium,2,,,,,,ablation,524381
E,E_00357_obs,flower_cut,delete_noisy_roles,0,0,0,0,1,0,0.0,12,5,5,medium,medium,0.85,medium,2,,,,,,ablation,524381
E,E_00357_auditless,flower_cut,auditless_geometric,1,0,1,0,1,0,0.03805013,12,5,5,medium,medium,0.85,medium,2,,,,,,ablation,524381
E,E_00358,flower_cut,geometric_fc,1,0,1,0,1,0,0.03654046,12,5,-1,medium,medium,0.85,medium,2,,,,,,ablation,524382
E,E_00358,flower_cut,oracle_sfc,0,0,0,0,1,0,0.0,12,5,-1,medium,medium,0.85,medium,2,,,,,,ablation,524382
E,E_00358,flower_cut,semantic_only,1,0,1,0,1,0,0.0,12,5,-1,medium,medium,0.85,medium,2,,,,,,ablation,524382
E,E_00358,flower_cut,posthoc_single,0,0,0,0,1,0,0.03654046,12,5,-1,medium,medium,0.85,medium,2,,,,,,ablation,524382
E,E_00358,flower_cut,soft_penalty_fc,1,0,1,0,1,0,0.03654046,12,5,-1,medium,medium,0.85,medium,2,,,,,,ablation,524382
E,E_00358_obs,flower_cut,delete_noisy_roles,0,0,0,0,1,0,0.0,12,5,5,medium,medium,0.85,medium,2,,,,,,ablation,524382
E,E_00358_auditless,flower_cut,auditless_geometric,1,0,1,0,1,0,0.03654046,12,5,5,medium,medium,0.85,medium,2,,,,,,ablation,524382
E,E_00359,flower_cut,geometric_fc,1,0,1,0,1,0,0.03545167,12,5,-1,medium,medium,0.85,medium,2,,,,,,ablation,524383
E,E_00359,flower_cut,oracle_sfc,0,0,0,0,1,0,0.0,12,5,-1,medium,medium,0.85,medium,2,,,,,,ablation,524383
E,E_00359,flower_cut,semantic_only,1,0,1,0,1,0,0.0,12,5,-1,medium,medium,0.85,medium,2,,,,,,ablation,524383
E,E_00359,flower_cut,posthoc_single,0,0,0,0,1,0,0.03545167,12,5,-1,medium,medium,0.85,medium,2,,,,,,ablation,524383
E,E_00359,flower_cut,soft_penalty_fc,1,0,1,0,1,0,0.03545167,12,5,-1,medium,medium,0.85,medium,2,,,,,,ablation,524383
E,E_00359_obs,flower_cut,delete_noisy_roles,1,0,1,0,1,0,0.06115308,12,5,5,medium,medium,0.85,medium,2,,,,,,ablation,524383
E,E_00359_auditless,flower_cut,auditless_geometric,1,0,1,0,1,0,0.03545167,12,5,5,medium,medium,0.85,medium,2,,,,,,ablation,524383
E,E_00360,flower_cut,geometric_fc,1,0,1,0,1,0,0.0363717,12,5,-1,medium,medium,0.85,medium,2,,,,,,ablation,524384
E,E_00360,flower_cut,oracle_sfc,0,0,0,0,1,0,0.0,12,5,-1,medium,medium,0.85,medium,2,,,,,,ablation,524384
E,E_00360,flower_cut,semantic_only,1,0,1,0,1,0,0.0,12,5,-1,medium,medium,0.85,medium,2,,,,,,ablation,524384
E,E_00360,flower_cut,posthoc_single,0,0,0,0,1,0,0.0363717,12,5,-1,medium,medium,0.85,medium,2,,,,,,ablation,524384
E,E_00360,flower_cut,soft_penalty_fc,1,0,1,0,1,0,0.0363717,12,5,-1,medium,medium,0.85,medium,2,,,,,,ablation,524384
E,E_00360_obs,flower_cut,delete_noisy_roles,1,0,1,0,1,0,0.04088184,12,5,6,medium,medium,0.85,medium,2,,,,,,ablation,524384
E,E_00360_auditless,flower_cut,auditless_geometric,1,0,1,0,1,0,0.0363717,12,5,6,medium,medium,0.85,medium,2,,,,,,ablation,524384
