family,case_id,task,method,accepted,true_legal_certificate,unsafe_false_certificate,missed_true_sfc,geometric_feasible,oracle_sfc_feasible,quality,num_contacts,num_true_allowed,num_observed_allowed,density,allowed_sparsity,trap_strength,friction_band,facets,role_error_rate,confidence_mode,risk_threshold,topk_budget,control,condition,seed
F,F_00001,knife_pass,geometric_fc,1,1,0,0,1,1,0.04012815,12,12,-1,medium,medium,0.55,medium,2,,,,,all_allowed,negative_control,624025
F,F_00001,knife_pass,oracle_sfc,1,1,0,0,1,1,0.04012815,12,12,-1,medium,medium,0.55,medium,2,,,,,all_allowed,negative_control,624025
F,F_00001,knife_pass,semantic_only,1,1,0,0,1,1,0.0,12,12,-1,medium,medium,0.55,medium,2,,,,,all_allowed,negative_control,624025
F,F_00001,knife_pass,posthoc_single,1,1,0,0,1,1,0.04012815,12,12,-1,medium,medium,0.55,medium,2,,,,,all_allowed,negative_control,624025
F,F_00001,knife_pass,soft_penalty_fc,1,1,0,0,1,1,0.04012815,12,12,-1,medium,medium,0.55,medium,2,,,,,all_allowed,negative_control,624025
F,F_00002,knife_pass,geometric_fc,1,1,0,0,1,1,0.03883738,12,12,-1,medium,medium,0.55,medium,2,,,,,all_allowed,negative_control,624026
F,F_00002,knife_pass,oracle_sfc,1,1,0,0,1,1,0.03883738,12,12,-1,medium,medium,0.55,medium,2,,,,,all_allowed,negative_control,624026
F,F_00002,knife_pass,semantic_only,1,1,0,0,1,1,0.0,12,12,-1,medium,medium,0.55,medium,2,,,,,all_allowed,negative_control,624026
F,F_00002,knife_pass,posthoc_single,1,1,0,0,1,1,0.03883738,12,12,-1,medium,medium,0.55,medium,2,,,,,all_allowed,negative_control,624026
F,F_00002,knife_pass,soft_penalty_fc,1,1,0,0,1,1,0.03883738,12,12,-1,medium,medium,0.55,medium,2,,,,,all_allowed,negative_control,624026
F,F_00003,knife_pass,geometric_fc,1,1,0,0,1,1,0.03785271,12,12,-1,medium,medium,0.55,medium,2,,,,,all_allowed,negative_control,624027
F,F_00003,knife_pass,oracle_sfc,1,1,0,0,1,1,0.03785271,12,12,-1,medium,medium,0.55,medium,2,,,,,all_allowed,negative_control,624027
F,F_00003,knife_pass,semantic_only,1,1,0,0,1,1,0.0,12,12,-1,medium,medium,0.55,medium,2,,,,,all_allowed,negative_control,624027
F,F_00003,knife_pass,posthoc_single,1,1,0,0,1,1,0.03785271,12,12,-1,medium,medium,0.55,medium,2,,,,,all_allowed,negative_control,624027
F,F_00003,knife_pass,soft_penalty_fc,1,1,0,0,1,1,0.03785271,12,12,-1,medium,medium,0.55,medium,2,,,,,all_allowed,negative_control,624027
F,F_00004,knife_pass,geometric_fc,1,1,0,0,1,1,0.04011351,12,12,-1,medium,medium,0.55,medium,2,,,,,all_allowed,negative_control,624028
F,F_00004,knife_pass,oracle_sfc,1,1,0,0,1,1,0.04011351,12,12,-1,medium,medium,0.55,medium,2,,,,,all_allowed,negative_control,624028
F,F_00004,knife_pass,semantic_only,1,1,0,0,1,1,0.0,12,12,-1,medium,medium,0.55,medium,2,,,,,all_allowed,negative_control,624028
F,F_00004,knife_pass,posthoc_single,1,1,0,0,1,1,0.04011351,12,12,-1,medium,medium,0.55,medium,2,,,,,all_allowed,negative_control,624028
F,F_00004,knife_pass,soft_penalty_fc,1,1,0,0,1,1,0.04011351,12,12,-1,medium,medium,0.55,medium,2,,,,,all_allowed,negative_control,624028
F,F_00005,knife_pass,geometric_fc,1,1,0,0,1,1,0.03776185,12,12,-1,medium,medium,0.55,medium,2,,,,,all_allowed,negative_control,624029
F,F_00005,knife_pass,oracle_sfc,1,1,0,0,1,1,0.03776185,12,12,-1,medium,medium,0.55,medium,2,,,,,all_allowed,negative_control,624029
F,F_00005,knife_pass,semantic_only,1,1,0,0,1,1,0.0,12,12,-1,medium,medium,0.55,medium,2,,,,,all_allowed,negative_control,624029
F,F_00005,knife_pass,posthoc_single,1,1,0,0,1,1,0.03776185,12,12,-1,medium,medium,0.55,medium,2,,,,,all_allowed,negative_control,624029
F,F_00005,knife_pass,soft_penalty_fc,1,1,0,0,1,1,0.03776185,12,12,-1,medium,medium,0.55,medium,2,,,,,all_allowed,negative_control,624029
F,F_00006,knife_pass,geometric_fc,1,1,0,0,1,1,0.0383779,12,12,-1,medium,medium,0.55,medium,2,,,,,all_allowed,negative_control,624030
F,F_00006,knife_pass,oracle_sfc,1,1,0,0,1,1,0.0383779,12,12,-1,medium,medium,0.55,medium,2,,,,,all_allowed,negative_control,624030
F,F_00006,knife_pass,semantic_only,1,1,0,0,1,1,0.0,12,12,-1,medium,medium,0.55,medium,2,,,,,all_allowed,negative_control,624030
F,F_00006,knife_pass,posthoc_single,1,1,0,0,1,1,0.0383779,12,12,-1,medium,medium,0.55,medium,2,,,,,all_allowed,negative_control,624030
F,F_00006,knife_pass,soft_penalty_fc,1,1,0,0,1,1,0.0383779,12,12,-1,medium,medium,0.55,medium,2,,,,,all_allowed,negative_control,624030
F,F_00007,knife_pass,geometric_fc,1,1,0,0,1,1,0.04121996,12,12,-1,medium,medium,0.55,medium,2,,,,,all_allowed,negative_control,624031
F,F_00007,knife_pass,oracle_sfc,1,1,0,0,1,1,0.04121996,12,12,-1,medium,medium,0.55,medium,2,,,,,all_allowed,negative_control,624031
F,F_00007,knife_pass,semantic_only,1,1,0,0,1,1,0.0,12,12,-1,medium,medium,0.55,medium,2,,,,,all_allowed,negative_control,624031
F,F_00007,knife_pass,posthoc_single,1,1,0,0,1,1,0.04121996,12,12,-1,medium,medium,0.55,medium,2,,,,,all_allowed,negative_control,624031
F,F_00007,knife_pass,soft_penalty_fc,1,1,0,0,1,1,0.04121996,12,12,-1,medium,medium,0.55,medium,2,,,,,all_allowed,negative_control,624031
F,F_00008,knife_pass,geometric_fc,1,1,0,0,1,1,0.03683111,12,12,-1,medium,medium,0.55,medium,2,,,,,all_allowed,negative_control,624032
F,F_00008,knife_pass,oracle_sfc,1,1,0,0,1,1,0.03683111,12,12,-1,medium,medium,0.55,medium,2,,,,,all_allowed,negative_control,624032
F,F_00008,knife_pass,semantic_only,1,1,0,0,1,1,0.0,12,12,-1,medium,medium,0.55,medium,2,,,,,all_allowed,negative_control,624032
F,F_00008,knife_pass,posthoc_single,1,1,0,0,1,1,0.03683111,12,12,-1,medium,medium,0.55,medium,2,,,,,all_allowed,negative_control,624032
F,F_00008,knife_pass,soft_penalty_fc,1,1,0,0,1,1,0.03683111,12,12,-1,medium,medium,0.55,medium,2,,,,,all_allowed,negative_control,624032
F,F_00009,mug_serve,geometric_fc,1,1,0,0,1,1,0.03629645,12,12,-1,medium,medium,0.55,medium,2,,,,,all_allowed,negative_control,624033
F,F_00009,mug_serve,oracle_sfc,1,1,0,0,1,1,0.03629645,12,12,-1,medium,medium,0.55,medium,2,,,,,all_allowed,negative_control,624033
F,F_00009,mug_serve,semantic_only,1,1,0,0,1,1,0.0,12,12,-1,medium,medium,0.55,medium,2,,,,,all_allowed,negative_control,624033
F,F_00009,mug_serve,posthoc_single,1,1,0,0,1,1,0.03629645,12,12,-1,medium,medium,0.55,medium,2,,,,,all_allowed,negative_control,624033
F,F_00009,mug_serve,soft_penalty_fc,1,1,0,0,1,1,0.03629645,12,12,-1,medium,medium,0.55,medium,2,,,,,all_allowed,negative_control,624033
F,F_00010,mug_serve,geometric_fc,1,1,0,0,1,1,0.03724088,12,12,-1,medium,medium,0.55,medium,2,,,,,all_allowed,negative_control,624034
F,F_00010,mug_serve,oracle_sfc,1,1,0,0,1,1,0.03724088,12,12,-1,medium,medium,0.55,medium,2,,,,,all_allowed,negative_control,624034
F,F_00010,mug_serve,semantic_only,1,1,0,0,1,1,0.0,12,12,-1,medium,medium,0.55,medium,2,,,,,all_allowed,negative_control,624034
F,F_00010,mug_serve,posthoc_single,1,1,0,0,1,1,0.03724088,12,12,-1,medium,medium,0.55,medium,2,,,,,all_allowed,negative_control,624034
F,F_00010,mug_serve,soft_penalty_fc,1,1,0,0,1,1,0.03724088,12,12,-1,medium,medium,0.55,medium,2,,,,,all_allowed,negative_control,624034
F,F_00011,mug_serve,geometric_fc,1,1,0,0,1,1,0.03491414,12,12,-1,medium,medium,0.55,medium,2,,,,,all_allowed,negative_control,624035
F,F_00011,mug_serve,oracle_sfc,1,1,0,0,1,1,0.03491414,12,12,-1,medium,medium,0.55,medium,2,,,,,all_allowed,negative_control,624035
F,F_00011,mug_serve,semantic_only,1,1,0,0,1,1,0.0,12,12,-1,medium,medium,0.55,medium,2,,,,,all_allowed,negative_control,624035
F,F_00011,mug_serve,posthoc_single,1,1,0,0,1,1,0.03491414,12,12,-1,medium,medium,0.55,medium,2,,,,,all_allowed,negative_control,624035
F,F_00011,mug_serve,soft_penalty_fc,1,1,0,0,1,1,0.03491414,12,12,-1,medium,medium,0.55,medium,2,,,,,all_allowed,negative_control,624035
F,F_00012,mug_serve,geometric_fc,1,1,0,0,1,1,0.03410165,12,12,-1,medium,medium,0.55,medium,2,,,,,all_allowed,negative_control,624036
F,F_00012,mug_serve,oracle_sfc,1,1,0,0,1,1,0.03410165,12,12,-1,medium,medium,0.55,medium,2,,,,,all_allowed,negative_control,624036
F,F_00012,mug_serve,semantic_only,1,1,0,0,1,1,0.0,12,12,-1,medium,medium,0.55,medium,2,,,,,all_allowed,negative_control,624036
F,F_00012,mug_serve,posthoc_single,1,1,0,0,1,1,0.03410165,12,12,-1,medium,medium,0.55,medium,2,,,,,all_allowed,negative_control,624036
F,F_00012,mug_serve,soft_penalty_fc,1,1,0,0,1,1,0.03410165,12,12,-1,medium,medium,0.55,medium,2,,,,,all_allowed,negative_control,624036
F,F_00013,mug_serve,geometric_fc,1,1,0,0,1,1,0.03476774,12,12,-1,medium,medium,0.55,medium,2,,,,,all_allowed,negative_control,624037
F,F_00013,mug_serve,oracle_sfc,1,1,0,0,1,1,0.03476774,12,12,-1,medium,medium,0.55,medium,2,,,,,all_allowed,negative_control,624037
F,F_00013,mug_serve,semantic_only,1,1,0,0,1,1,0.0,12,12,-1,medium,medium,0.55,medium,2,,,,,all_allowed,negative_control,624037
F,F_00013,mug_serve,posthoc_single,1,1,0,0,1,1,0.03476774,12,12,-1,medium,medium,0.55,medium,2,,,,,all_allowed,negative_control,624037
F,F_00013,mug_serve,soft_penalty_fc,1,1,0,0,1,1,0.03476774,12,12,-1,medium,medium,0.55,medium,2,,,,,all_allowed,negative_control,624037
F,F_00014,mug_serve,geometric_fc,1,1,0,0,1,1,0.03721988,12,12,-1,medium,medium,0.55,medium,2,,,,,all_allowed,negative_control,624038
F,F_00014,mug_serve,oracle_sfc,1,1,0,0,1,1,0.03721988,12,12,-1,medium,medium,0.55,medium,2,,,,,all_allowed,negative_control,624038
F,F_00014,mug_serve,semantic_only,1,1,0,0,1,1,0.0,12,12,-1,medium,medium,0.55,medium,2,,,,,all_allowed,negative_control,624038
F,F_00014,mug_serve,posthoc_single,1,1,0,0,1,1,0.03721988,12,12,-1,medium,medium,0.55,medium,2,,,,,all_allowed,negative_control,624038
F,F_00014,mug_serve,soft_penalty_fc,1,1,0,0,1,1,0.03721988,12,12,-1,medium,medium,0.55,medium,2,,,,,all_allowed,negative_control,624038
F,F_00015,mug_serve,geometric_fc,1,1,0,0,1,1,0.03667163,12,12,-1,medium,medium,0.55,medium,2,,,,,all_allowed,negative_control,624039
F,F_00015,mug_serve,oracle_sfc,1,1,0,0,1,1,0.03667163,12,12,-1,medium,medium,0.55,medium,2,,,,,all_allowed,negative_control,624039
F,F_00015,mug_serve,semantic_only,1,1,0,0,1,1,0.0,12,12,-1,medium,medium,0.55,medium,2,,,,,all_allowed,negative_control,624039
F,F_00015,mug_serve,posthoc_single,1,1,0,0,1,1,0.03667163,12,12,-1,medium,medium,0.55,medium,2,,,,,all_allowed,negative_control,624039
F,F_00015,mug_serve,soft_penalty_fc,1,1,0,0,1,1,0.03667163,12,12,-1,medium,medium,0.55,medium,2,,,,,all_allowed,negative_control,624039
F,F_00016,mug_serve,geometric_fc,1,1,0,0,1,1,0.03518161,12,12,-1,medium,medium,0.55,medium,2,,,,,all_allowed,negative_control,624040
F,F_00016,mug_serve,oracle_sfc,1,1,0,0,1,1,0.03518161,12,12,-1,medium,medium,0.55,medium,2,,,,,all_allowed,negative_control,624040
F,F_00016,mug_serve,semantic_only,1,1,0,0,1,1,0.0,12,12,-1,medium,medium,0.55,medium,2,,,,,all_allowed,negative_control,624040
F,F_00016,mug_serve,posthoc_single,1,1,0,0,1,1,0.03518161,12,12,-1,medium,medium,0.55,medium,2,,,,,all_allowed,negative_control,624040
F,F_00016,mug_serve,soft_penalty_fc,1,1,0,0,1,1,0.03518161,12,12,-1,medium,medium,0.55,medium,2,,,,,all_allowed,negative_control,624040
F,F_00017,phone_pick,geometric_fc,1,1,0,0,1,1,0.03601204,11,11,-1,medium,medium,0.55,medium,2,,,,,all_allowed,negative_control,624041
F,F_00017,phone_pick,oracle_sfc,1,1,0,0,1,1,0.03601204,11,11,-1,medium,medium,0.55,medium,2,,,,,all_allowed,negative_control,624041
F,F_00017,phone_pick,semantic_only,1,1,0,0,1,1,0.0,11,11,-1,medium,medium,0.55,medium,2,,,,,all_allowed,negative_control,624041
F,F_00017,phone_pick,posthoc_single,1,1,0,0,1,1,0.03601204,11,11,-1,medium,medium,0.55,medium,2,,,,,all_allowed,negative_control,624041
F,F_00017,phone_pick,soft_penalty_fc,1,1,0,0,1,1,0.03601204,11,11,-1,medium,medium,0.55,medium,2,,,,,all_allowed,negative_control,624041
F,F_00018,phone_pick,geometric_fc,1,1,0,0,1,1,0.0369909,11,11,-1,medium,medium,0.55,medium,2,,,,,all_allowed,negative_control,624042
F,F_00018,phone_pick,oracle_sfc,1,1,0,0,1,1,0.0369909,11,11,-1,medium,medium,0.55,medium,2,,,,,all_allowed,negative_control,624042
F,F_00018,phone_pick,semantic_only,1,1,0,0,1,1,0.0,11,11,-1,medium,medium,0.55,medium,2,,,,,all_allowed,negative_control,624042
F,F_00018,phone_pick,posthoc_single,1,1,0,0,1,1,0.0369909,11,11,-1,medium,medium,0.55,medium,2,,,,,all_allowed,negative_control,624042
F,F_00018,phone_pick,soft_penalty_fc,1,1,0,0,1,1,0.0369909,11,11,-1,medium,medium,0.55,medium,2,,,,,all_allowed,negative_control,624042
F,F_00019,phone_pick,geometric_fc,1,1,0,0,1,1,0.03745106,11,11,-1,medium,medium,0.55,medium,2,,,,,all_allowed,negative_control,624043
F,F_00019,phone_pick,oracle_sfc,1,1,0,0,1,1,0.03745106,11,11,-1,medium,medium,0.55,medium,2,,,,,all_allowed,negative_control,624043
F,F_00019,phone_pick,semantic_only,1,1,0,0,1,1,0.0,11,11,-1,medium,medium,0.55,medium,2,,,,,all_allowed,negative_control,624043
F,F_00019,phone_pick,posthoc_single,1,1,0,0,1,1,0.03745106,11,11,-1,medium,medium,0.55,medium,2,,,,,all_allowed,negative_control,624043
F,F_00019,phone_pick,soft_penalty_fc,1,1,0,0,1,1,0.03745106,11,11,-1,medium,medium,0.55,medium,2,,,,,all_allowed,negative_control,624043
F,F_00020,phone_pick,geometric_fc,1,1,0,0,1,1,0.03719912,11,11,-1,medium,medium,0.55,medium,2,,,,,all_allowed,negative_control,624044
F,F_00020,phone_pick,oracle_sfc,1,1,0,0,1,1,0.03719912,11,11,-1,medium,medium,0.55,medium,2,,,,,all_allowed,negative_control,624044
F,F_00020,phone_pick,semantic_only,1,1,0,0,1,1,0.0,11,11,-1,medium,medium,0.55,medium,2,,,,,all_allowed,negative_control,624044
F,F_00020,phone_pick,posthoc_single,1,1,0,0,1,1,0.03719912,11,11,-1,medium,medium,0.55,medium,2,,,,,all_allowed,negative_control,624044
F,F_00020,phone_pick,soft_penalty_fc,1,1,0,0,1,1,0.03719912,11,11,-1,medium,medium,0.55,medium,2,,,,,all_allowed,negative_control,624044
F,F_00021,phone_pick,geometric_fc,1,1,0,0,1,1,0.03574232,11,11,-1,medium,medium,0.55,medium,2,,,,,all_allowed,negative_control,624045
F,F_00021,phone_pick,oracle_sfc,1,1,0,0,1,1,0.03574232,11,11,-1,medium,medium,0.55,medium,2,,,,,all_allowed,negative_control,624045
F,F_00021,phone_pick,semantic_only,1,1,0,0,1,1,0.0,11,11,-1,medium,medium,0.55,medium,2,,,,,all_allowed,negative_control,624045
F,F_00021,phone_pick,posthoc_single,1,1,0,0,1,1,0.03574232,11,11,-1,medium,medium,0.55,medium,2,,,,,all_allowed,negative_control,624045
F,F_00021,phone_pick,soft_penalty_fc,1,1,0,0,1,1,0.03574232,11,11,-1,medium,medium,0.55,medium,2,,,,,all_allowed,negative_control,624045
F,F_00022,phone_pick,geometric_fc,1,1,0,0,1,1,0.03534291,11,11,-1,medium,medium,0.55,medium,2,,,,,all_allowed,negative_control,624046
F,F_00022,phone_pick,oracle_sfc,1,1,0,0,1,1,0.03534291,11,11,-1,medium,medium,0.55,medium,2,,,,,all_allowed,negative_control,624046
F,F_00022,phone_pick,semantic_only,1,1,0,0,1,1,0.0,11,11,-1,medium,medium,0.55,medium,2,,,,,all_allowed,negative_control,624046
F,F_00022,phone_pick,posthoc_single,1,1,0,0,1,1,0.03534291,11,11,-1,medium,medium,0.55,medium,2,,,,,all_allowed,negative_control,624046
F,F_00022,phone_pick,soft_penalty_fc,1,1,0,0,1,1,0.03534291,11,11,-1,medium,medium,0.55,medium,2,,,,,all_allowed,negative_control,624046
F,F_00023,phone_pick,geometric_fc,1,1,0,0,1,1,0.03545881,11,11,-1,medium,medium,0.55,medium,2,,,,,all_allowed,negative_control,624047
F,F_00023,phone_pick,oracle_sfc,1,1,0,0,1,1,0.03545881,11,11,-1,medium,medium,0.55,medium,2,,,,,all_allowed,negative_control,624047
F,F_00023,phone_pick,semantic_only,1,1,0,0,1,1,0.0,11,11,-1,medium,medium,0.55,medium,2,,,,,all_allowed,negative_control,624047
F,F_00023,phone_pick,posthoc_single,1,1,0,0,1,1,0.03545881,11,11,-1,medium,medium,0.55,medium,2,,,,,all_allowed,negative_control,624047
F,F_00023,phone_pick,soft_penalty_fc,1,1,0,0,1,1,0.03545881,11,11,-1,medium,medium,0.55,medium,2,,,,,all_allowed,negative_control,624047
F,F_00024,phone_pick,geometric_fc,1,1,0,0,1,1,0.03610382,11,11,-1,medium,medium,0.55,medium,2,,,,,all_allowed,negative_control,624048
F,F_00024,phone_pick,oracle_sfc,1,1,0,0,1,1,0.03610382,11,11,-1,medium,medium,0.55,medium,2,,,,,all_allowed,negative_control,624048
F,F_00024,phone_pick,semantic_only,1,1,0,0,1,1,0.0,11,11,-1,medium,medium,0.55,medium,2,,,,,all_allowed,negative_control,624048
F,F_00024,phone_pick,posthoc_single,1,1,0,0,1,1,0.03610382,11,11,-1,medium,medium,0.55,medium,2,,,,,all_allowed,negative_control,624048
F,F_00024,phone_pick,soft_penalty_fc,1,1,0,0,1,1,0.03610382,11,11,-1,medium,medium,0.55,medium,2,,,,,all_allowed,negative_control,624048
F,F_00025,spray_bottle_use,geometric_fc,1,1,0,0,1,1,0.03292709,12,12,-1,medium,medium,0.55,medium,2,,,,,all_allowed,negative_control,624049
F,F_00025,spray_bottle_use,oracle_sfc,1,1,0,0,1,1,0.03292709,12,12,-1,medium,medium,0.55,medium,2,,,,,all_allowed,negative_control,624049
F,F_00025,spray_bottle_use,semantic_only,1,1,0,0,1,1,0.0,12,12,-1,medium,medium,0.55,medium,2,,,,,all_allowed,negative_control,624049
F,F_00025,spray_bottle_use,posthoc_single,1,1,0,0,1,1,0.03292709,12,12,-1,medium,medium,0.55,medium,2,,,,,all_allowed,negative_control,624049
F,F_00025,spray_bottle_use,soft_penalty_fc,1,1,0,0,1,1,0.03292709,12,12,-1,medium,medium,0.55,medium,2,,,,,all_allowed,negative_control,624049
F,F_00026,spray_bottle_use,geometric_fc,1,1,0,0,1,1,0.03128411,12,12,-1,medium,medium,0.55,medium,2,,,,,all_allowed,negative_control,624050
F,F_00026,spray_bottle_use,oracle_sfc,1,1,0,0,1,1,0.03128411,12,12,-1,medium,medium,0.55,medium,2,,,,,all_allowed,negative_control,624050
F,F_00026,spray_bottle_use,semantic_only,1,1,0,0,1,1,0.0,12,12,-1,medium,medium,0.55,medium,2,,,,,all_allowed,negative_control,624050
F,F_00026,spray_bottle_use,posthoc_single,1,1,0,0,1,1,0.03128411,12,12,-1,medium,medium,0.55,medium,2,,,,,all_allowed,negative_control,624050
F,F_00026,spray_bottle_use,soft_penalty_fc,1,1,0,0,1,1,0.03128411,12,12,-1,medium,medium,0.55,medium,2,,,,,all_allowed,negative_control,624050
F,F_00027,spray_bottle_use,geometric_fc,1,1,0,0,1,1,0.03214061,12,12,-1,medium,medium,0.55,medium,2,,,,,all_allowed,negative_control,624051
F,F_00027,spray_bottle_use,oracle_sfc,1,1,0,0,1,1,0.03214061,12,12,-1,medium,medium,0.55,medium,2,,,,,all_allowed,negative_control,624051
F,F_00027,spray_bottle_use,semantic_only,1,1,0,0,1,1,0.0,12,12,-1,medium,medium,0.55,medium,2,,,,,all_allowed,negative_control,624051
F,F_00027,spray_bottle_use,posthoc_single,1,1,0,0,1,1,0.03214061,12,12,-1,medium,medium,0.55,medium,2,,,,,all_allowed,negative_control,624051
F,F_00027,spray_bottle_use,soft_penalty_fc,1,1,0,0,1,1,0.03214061,12,12,-1,medium,medium,0.55,medium,2,,,,,all_allowed,negative_control,624051
F,F_00028,spray_bottle_use,geometric_fc,1,1,0,0,1,1,0.03249625,12,12,-1,medium,medium,0.55,medium,2,,,,,all_allowed,negative_control,624052
F,F_00028,spray_bottle_use,oracle_sfc,1,1,0,0,1,1,0.03249625,12,12,-1,medium,medium,0.55,medium,2,,,,,all_allowed,negative_control,624052
F,F_00028,spray_bottle_use,semantic_only,1,1,0,0,1,1,0.0,12,12,-1,medium,medium,0.55,medium,2,,,,,all_allowed,negative_control,624052
F,F_00028,spray_bottle_use,posthoc_single,1,1,0,0,1,1,0.03249625,12,12,-1,medium,medium,0.55,medium,2,,,,,all_allowed,negative_control,624052
F,F_00028,spray_bottle_use,soft_penalty_fc,1,1,0,0,1,1,0.03249625,12,12,-1,medium,medium,0.55,medium,2,,,,,all_allowed,negative_control,624052
F,F_00029,spray_bottle_use,geometric_fc,1,1,0,0,1,1,0.03675517,12,12,-1,medium,medium,0.55,medium,2,,,,,all_allowed,negative_control,624053
F,F_00029,spray_bottle_use,oracle_sfc,1,1,0,0,1,1,0.03675517,12,12,-1,medium,medium,0.55,medium,2,,,,,all_allowed,negative_control,624053
F,F_00029,spray_bottle_use,semantic_only,1,1,0,0,1,1,0.0,12,12,-1,medium,medium,0.55,medium,2,,,,,all_allowed,negative_control,624053
F,F_00029,spray_bottle_use,posthoc_single,1,1,0,0,1,1,0.03675517,12,12,-1,medium,medium,0.55,medium,2,,,,,all_allowed,negative_control,624053
F,F_00029,spray_bottle_use,soft_penalty_fc,1,1,0,0,1,1,0.03675517,12,12,-1,medium,medium,0.55,medium,2,,,,,all_allowed,negative_control,624053
F,F_00030,spray_bottle_use,geometric_fc,1,1,0,0,1,1,0.03390071,12,12,-1,medium,medium,0.55,medium,2,,,,,all_allowed,negative_control,624054
F,F_00030,spray_bottle_use,oracle_sfc,1,1,0,0,1,1,0.03390071,12,12,-1,medium,medium,0.55,medium,2,,,,,all_allowed,negative_control,624054
F,F_00030,spray_bottle_use,semantic_only,1,1,0,0,1,1,0.0,12,12,-1,medium,medium,0.55,medium,2,,,,,all_allowed,negative_control,624054
F,F_00030,spray_bottle_use,posthoc_single,1,1,0,0,1,1,0.03390071,12,12,-1,medium,medium,0.55,medium,2,,,,,all_allowed,negative_control,624054
F,F_00030,spray_bottle_use,soft_penalty_fc,1,1,0,0,1,1,0.03390071,12,12,-1,medium,medium,0.55,medium,2,,,,,all_allowed,negative_control,624054
F,F_00031,spray_bottle_use,geometric_fc,1,1,0,0,1,1,0.03388738,12,12,-1,medium,medium,0.55,medium,2,,,,,all_allowed,negative_control,624055
F,F_00031,spray_bottle_use,oracle_sfc,1,1,0,0,1,1,0.03388738,12,12,-1,medium,medium,0.55,medium,2,,,,,all_allowed,negative_control,624055
F,F_00031,spray_bottle_use,semantic_only,1,1,0,0,1,1,0.0,12,12,-1,medium,medium,0.55,medium,2,,,,,all_allowed,negative_control,624055
F,F_00031,spray_bottle_use,posthoc_single,1,1,0,0,1,1,0.03388738,12,12,-1,medium,medium,0.55,medium,2,,,,,all_allowed,negative_control,624055
F,F_00031,spray_bottle_use,soft_penalty_fc,1,1,0,0,1,1,0.03388738,12,12,-1,medium,medium,0.55,medium,2,,,,,all_allowed,negative_control,624055
F,F_00032,spray_bottle_use,geometric_fc,1,1,0,0,1,1,0.03293547,12,12,-1,medium,medium,0.55,medium,2,,,,,all_allowed,negative_control,624056
F,F_00032,spray_bottle_use,oracle_sfc,1,1,0,0,1,1,0.03293547,12,12,-1,medium,medium,0.55,medium,2,,,,,all_allowed,negative_control,624056
F,F_00032,spray_bottle_use,semantic_only,1,1,0,0,1,1,0.0,12,12,-1,medium,medium,0.55,medium,2,,,,,all_allowed,negative_control,624056
F,F_00032,spray_bottle_use,posthoc_single,1,1,0,0,1,1,0.03293547,12,12,-1,medium,medium,0.55,medium,2,,,,,all_allowed,negative_control,624056
F,F_00032,spray_bottle_use,soft_penalty_fc,1,1,0,0,1,1,0.03293547,12,12,-1,medium,medium,0.55,medium,2,,,,,all_allowed,negative_control,624056
F,F_00033,apple_pick,geometric_fc,1,1,0,0,1,1,0.04331125,10,10,-1,medium,medium,0.55,medium,2,,,,,all_allowed,negative_control,624057
F,F_00033,apple_pick,oracle_sfc,1,1,0,0,1,1,0.04331125,10,10,-1,medium,medium,0.55,medium,2,,,,,all_allowed,negative_control,624057
F,F_00033,apple_pick,semantic_only,1,1,0,0,1,1,0.0,10,10,-1,medium,medium,0.55,medium,2,,,,,all_allowed,negative_control,624057
F,F_00033,apple_pick,posthoc_single,1,1,0,0,1,1,0.04331125,10,10,-1,medium,medium,0.55,medium,2,,,,,all_allowed,negative_control,624057
F,F_00033,apple_pick,soft_penalty_fc,1,1,0,0,1,1,0.04331125,10,10,-1,medium,medium,0.55,medium,2,,,,,all_allowed,negative_control,624057
F,F_00034,apple_pick,geometric_fc,1,1,0,0,1,1,0.04380767,10,10,-1,medium,medium,0.55,medium,2,,,,,all_allowed,negative_control,624058
F,F_00034,apple_pick,oracle_sfc,1,1,0,0,1,1,0.04380767,10,10,-1,medium,medium,0.55,medium,2,,,,,all_allowed,negative_control,624058
F,F_00034,apple_pick,semantic_only,1,1,0,0,1,1,0.0,10,10,-1,medium,medium,0.55,medium,2,,,,,all_allowed,negative_control,624058
F,F_00034,apple_pick,posthoc_single,1,1,0,0,1,1,0.04380767,10,10,-1,medium,medium,0.55,medium,2,,,,,all_allowed,negative_control,624058
F,F_00034,apple_pick,soft_penalty_fc,1,1,0,0,1,1,0.04380767,10,10,-1,medium,medium,0.55,medium,2,,,,,all_allowed,negative_control,624058
F,F_00035,apple_pick,geometric_fc,1,1,0,0,1,1,0.04830884,10,10,-1,medium,medium,0.55,medium,2,,,,,all_allowed,negative_control,624059
F,F_00035,apple_pick,oracle_sfc,1,1,0,0,1,1,0.04830884,10,10,-1,medium,medium,0.55,medium,2,,,,,all_allowed,negative_control,624059
F,F_00035,apple_pick,semantic_only,1,1,0,0,1,1,0.0,10,10,-1,medium,medium,0.55,medium,2,,,,,all_allowed,negative_control,624059
F,F_00035,apple_pick,posthoc_single,1,1,0,0,1,1,0.04830884,10,10,-1,medium,medium,0.55,medium,2,,,,,all_allowed,negative_control,624059
F,F_00035,apple_pick,soft_penalty_fc,1,1,0,0,1,1,0.04830884,10,10,-1,medium,medium,0.55,medium,2,,,,,all_allowed,negative_control,624059
F,F_00036,apple_pick,geometric_fc,1,1,0,0,1,1,0.04268461,10,10,-1,medium,medium,0.55,medium,2,,,,,all_allowed,negative_control,624060
F,F_00036,apple_pick,oracle_sfc,1,1,0,0,1,1,0.04268461,10,10,-1,medium,medium,0.55,medium,2,,,,,all_allowed,negative_control,624060
F,F_00036,apple_pick,semantic_only,1,1,0,0,1,1,0.0,10,10,-1,medium,medium,0.55,medium,2,,,,,all_allowed,negative_control,624060
F,F_00036,apple_pick,posthoc_single,1,1,0,0,1,1,0.04268461,10,10,-1,medium,medium,0.55,medium,2,,,,,all_allowed,negative_control,624060
F,F_00036,apple_pick,soft_penalty_fc,1,1,0,0,1,1,0.04268461,10,10,-1,medium,medium,0.55,medium,2,,,,,all_allowed,negative_control,624060
F,F_00037,apple_pick,geometric_fc,1,1,0,0,1,1,0.04595698,10,10,-1,medium,medium,0.55,medium,2,,,,,all_allowed,negative_control,624061
F,F_00037,apple_pick,oracle_sfc,1,1,0,0,1,1,0.04595698,10,10,-1,medium,medium,0.55,medium,2,,,,,all_allowed,negative_control,624061
F,F_00037,apple_pick,semantic_only,1,1,0,0,1,1,0.0,10,10,-1,medium,medium,0.55,medium,2,,,,,all_allowed,negative_control,624061
F,F_00037,apple_pick,posthoc_single,1,1,0,0,1,1,0.04595698,10,10,-1,medium,medium,0.55,medium,2,,,,,all_allowed,negative_control,624061
F,F_00037,apple_pick,soft_penalty_fc,1,1,0,0,1,1,0.04595698,10,10,-1,medium,medium,0.55,medium,2,,,,,all_allowed,negative_control,624061
F,F_00038,apple_pick,geometric_fc,1,1,0,0,1,1,0.04550392,10,10,-1,medium,medium,0.55,medium,2,,,,,all_allowed,negative_control,624062
F,F_00038,apple_pick,oracle_sfc,1,1,0,0,1,1,0.04550392,10,10,-1,medium,medium,0.55,medium,2,,,,,all_allowed,negative_control,624062
F,F_00038,apple_pick,semantic_only,1,1,0,0,1,1,0.0,10,10,-1,medium,medium,0.55,medium,2,,,,,all_allowed,negative_control,624062
F,F_00038,apple_pick,posthoc_single,1,1,0,0,1,1,0.04550392,10,10,-1,medium,medium,0.55,medium,2,,,,,all_allowed,negative_control,624062
F,F_00038,apple_pick,soft_penalty_fc,1,1,0,0,1,1,0.04550392,10,10,-1,medium,medium,0.55,medium,2,,,,,all_allowed,negative_control,624062
F,F_00039,apple_pick,geometric_fc,1,1,0,0,1,1,0.04617177,10,10,-1,medium,medium,0.55,medium,2,,,,,all_allowed,negative_control,624063
F,F_00039,apple_pick,oracle_sfc,1,1,0,0,1,1,0.04617177,10,10,-1,medium,medium,0.55,medium,2,,,,,all_allowed,negative_control,624063
F,F_00039,apple_pick,semantic_only,1,1,0,0,1,1,0.0,10,10,-1,medium,medium,0.55,medium,2,,,,,all_allowed,negative_control,624063
F,F_00039,apple_pick,posthoc_single,1,1,0,0,1,1,0.04617177,10,10,-1,medium,medium,0.55,medium,2,,,,,all_allowed,negative_control,624063
F,F_00039,apple_pick,soft_penalty_fc,1,1,0,0,1,1,0.04617177,10,10,-1,medium,medium,0.55,medium,2,,,,,all_allowed,negative_control,624063
F,F_00040,apple_pick,geometric_fc,1,1,0,0,1,1,0.04343276,10,10,-1,medium,medium,0.55,medium,2,,,,,all_allowed,negative_control,624064
F,F_00040,apple_pick,oracle_sfc,1,1,0,0,1,1,0.04343276,10,10,-1,medium,medium,0.55,medium,2,,,,,all_allowed,negative_control,624064
F,F_00040,apple_pick,semantic_only,1,1,0,0,1,1,0.0,10,10,-1,medium,medium,0.55,medium,2,,,,,all_allowed,negative_control,624064
F,F_00040,apple_pick,posthoc_single,1,1,0,0,1,1,0.04343276,10,10,-1,medium,medium,0.55,medium,2,,,,,all_allowed,negative_control,624064
F,F_00040,apple_pick,soft_penalty_fc,1,1,0,0,1,1,0.04343276,10,10,-1,medium,medium,0.55,medium,2,,,,,all_allowed,negative_control,624064
F,F_00041,scissors_pass,geometric_fc,1,1,0,0,1,1,0.0411722,10,10,-1,medium,medium,0.55,medium,2,,,,,all_allowed,negative_control,624065
F,F_00041,scissors_pass,oracle_sfc,1,1,0,0,1,1,0.0411722,10,10,-1,medium,medium,0.55,medium,2,,,,,all_allowed,negative_control,624065
F,F_00041,scissors_pass,semantic_only,1,1,0,0,1,1,0.0,10,10,-1,medium,medium,0.55,medium,2,,,,,all_allowed,negative_control,624065
F,F_00041,scissors_pass,posthoc_single,1,1,0,0,1,1,0.0411722,10,10,-1,medium,medium,0.55,medium,2,,,,,all_allowed,negative_control,624065
F,F_00041,scissors_pass,soft_penalty_fc,1,1,0,0,1,1,0.0411722,10,10,-1,medium,medium,0.55,medium,2,,,,,all_allowed,negative_control,624065
F,F_00042,scissors_pass,geometric_fc,1,1,0,0,1,1,0.04320397,10,10,-1,medium,medium,0.55,medium,2,,,,,all_allowed,negative_control,624066
F,F_00042,scissors_pass,oracle_sfc,1,1,0,0,1,1,0.04320397,10,10,-1,medium,medium,0.55,medium,2,,,,,all_allowed,negative_control,624066
F,F_00042,scissors_pass,semantic_only,1,1,0,0,1,1,0.0,10,10,-1,medium,medium,0.55,medium,2,,,,,all_allowed,negative_control,624066
F,F_00042,scissors_pass,posthoc_single,1,1,0,0,1,1,0.04320397,10,10,-1,medium,medium,0.55,medium,2,,,,,all_allowed,negative_control,624066
F,F_00042,scissors_pass,soft_penalty_fc,1,1,0,0,1,1,0.04320397,10,10,-1,medium,medium,0.55,medium,2,,,,,all_allowed,negative_control,624066
F,F_00043,scissors_pass,geometric_fc,1,1,0,0,1,1,0.04383838,10,10,-1,medium,medium,0.55,medium,2,,,,,all_allowed,negative_control,624067
F,F_00043,scissors_pass,oracle_sfc,1,1,0,0,1,1,0.04383838,10,10,-1,medium,medium,0.55,medium,2,,,,,all_allowed,negative_control,624067
F,F_00043,scissors_pass,semantic_only,1,1,0,0,1,1,0.0,10,10,-1,medium,medium,0.55,medium,2,,,,,all_allowed,negative_control,624067
F,F_00043,scissors_pass,posthoc_single,1,1,0,0,1,1,0.04383838,10,10,-1,medium,medium,0.55,medium,2,,,,,all_allowed,negative_control,624067
F,F_00043,scissors_pass,soft_penalty_fc,1,1,0,0,1,1,0.04383838,10,10,-1,medium,medium,0.55,medium,2,,,,,all_allowed,negative_control,624067
F,F_00044,scissors_pass,geometric_fc,1,1,0,0,1,1,0.03934619,10,10,-1,medium,medium,0.55,medium,2,,,,,all_allowed,negative_control,624068
F,F_00044,scissors_pass,oracle_sfc,1,1,0,0,1,1,0.03934619,10,10,-1,medium,medium,0.55,medium,2,,,,,all_allowed,negative_control,624068
F,F_00044,scissors_pass,semantic_only,1,1,0,0,1,1,0.0,10,10,-1,medium,medium,0.55,medium,2,,,,,all_allowed,negative_control,624068
F,F_00044,scissors_pass,posthoc_single,1,1,0,0,1,1,0.03934619,10,10,-1,medium,medium,0.55,medium,2,,,,,all_allowed,negative_control,624068
F,F_00044,scissors_pass,soft_penalty_fc,1,1,0,0,1,1,0.03934619,10,10,-1,medium,medium,0.55,medium,2,,,,,all_allowed,negative_control,624068
F,F_00045,scissors_pass,geometric_fc,1,1,0,0,1,1,0.0388481,10,10,-1,medium,medium,0.55,medium,2,,,,,all_allowed,negative_control,624069
F,F_00045,scissors_pass,oracle_sfc,1,1,0,0,1,1,0.0388481,10,10,-1,medium,medium,0.55,medium,2,,,,,all_allowed,negative_control,624069
F,F_00045,scissors_pass,semantic_only,1,1,0,0,1,1,0.0,10,10,-1,medium,medium,0.55,medium,2,,,,,all_allowed,negative_control,624069
F,F_00045,scissors_pass,posthoc_single,1,1,0,0,1,1,0.0388481,10,10,-1,medium,medium,0.55,medium,2,,,,,all_allowed,negative_control,624069
F,F_00045,scissors_pass,soft_penalty_fc,1,1,0,0,1,1,0.0388481,10,10,-1,medium,medium,0.55,medium,2,,,,,all_allowed,negative_control,624069
F,F_00046,scissors_pass,geometric_fc,1,1,0,0,1,1,0.03889036,10,10,-1,medium,medium,0.55,medium,2,,,,,all_allowed,negative_control,624070
F,F_00046,scissors_pass,oracle_sfc,1,1,0,0,1,1,0.03889036,10,10,-1,medium,medium,0.55,medium,2,,,,,all_allowed,negative_control,624070
F,F_00046,scissors_pass,semantic_only,1,1,0,0,1,1,0.0,10,10,-1,medium,medium,0.55,medium,2,,,,,all_allowed,negative_control,624070
F,F_00046,scissors_pass,posthoc_single,1,1,0,0,1,1,0.03889036,10,10,-1,medium,medium,0.55,medium,2,,,,,all_allowed,negative_control,624070
F,F_00046,scissors_pass,soft_penalty_fc,1,1,0,0,1,1,0.03889036,10,10,-1,medium,medium,0.55,medium,2,,,,,all_allowed,negative_control,624070
F,F_00047,scissors_pass,geometric_fc,1,1,0,0,1,1,0.04334604,10,10,-1,medium,medium,0.55,medium,2,,,,,all_allowed,negative_control,624071
F,F_00047,scissors_pass,oracle_sfc,1,1,0,0,1,1,0.04334604,10,10,-1,medium,medium,0.55,medium,2,,,,,all_allowed,negative_control,624071
F,F_00047,scissors_pass,semantic_only,1,1,0,0,1,1,0.0,10,10,-1,medium,medium,0.55,medium,2,,,,,all_allowed,negative_control,624071
F,F_00047,scissors_pass,posthoc_single,1,1,0,0,1,1,0.04334604,10,10,-1,medium,medium,0.55,medium,2,,,,,all_allowed,negative_control,624071
F,F_00047,scissors_pass,soft_penalty_fc,1,1,0,0,1,1,0.04334604,10,10,-1,medium,medium,0.55,medium,2,,,,,all_allowed,negative_control,624071
F,F_00048,scissors_pass,geometric_fc,1,1,0,0,1,1,0.03982057,10,10,-1,medium,medium,0.55,medium,2,,,,,all_allowed,negative_control,624072
F,F_00048,scissors_pass,oracle_sfc,1,1,0,0,1,1,0.03982057,10,10,-1,medium,medium,0.55,medium,2,,,,,all_allowed,negative_control,624072
F,F_00048,scissors_pass,semantic_only,1,1,0,0,1,1,0.0,10,10,-1,medium,medium,0.55,medium,2,,,,,all_allowed,negative_control,624072
F,F_00048,scissors_pass,posthoc_single,1,1,0,0,1,1,0.03982057,10,10,-1,medium,medium,0.55,medium,2,,,,,all_allowed,negative_control,624072
F,F_00048,scissors_pass,soft_penalty_fc,1,1,0,0,1,1,0.03982057,10,10,-1,medium,medium,0.55,medium,2,,,,,all_allowed,negative_control,624072
F,F_00049,syringe_handoff,geometric_fc,1,1,0,0,1,1,0.04062287,11,11,-1,medium,medium,0.55,medium,2,,,,,all_allowed,negative_control,624073
F,F_00049,syringe_handoff,oracle_sfc,1,1,0,0,1,1,0.04062287,11,11,-1,medium,medium,0.55,medium,2,,,,,all_allowed,negative_control,624073
F,F_00049,syringe_handoff,semantic_only,1,1,0,0,1,1,0.0,11,11,-1,medium,medium,0.55,medium,2,,,,,all_allowed,negative_control,624073
F,F_00049,syringe_handoff,posthoc_single,1,1,0,0,1,1,0.04062287,11,11,-1,medium,medium,0.55,medium,2,,,,,all_allowed,negative_control,624073
F,F_00049,syringe_handoff,soft_penalty_fc,1,1,0,0,1,1,0.04062287,11,11,-1,medium,medium,0.55,medium,2,,,,,all_allowed,negative_control,624073
F,F_00050,syringe_handoff,geometric_fc,1,1,0,0,1,1,0.04058499,11,11,-1,medium,medium,0.55,medium,2,,,,,all_allowed,negative_control,624074
F,F_00050,syringe_handoff,oracle_sfc,1,1,0,0,1,1,0.04058499,11,11,-1,medium,medium,0.55,medium,2,,,,,all_allowed,negative_control,624074
F,F_00050,syringe_handoff,semantic_only,1,1,0,0,1,1,0.0,11,11,-1,medium,medium,0.55,medium,2,,,,,all_allowed,negative_control,624074
F,F_00050,syringe_handoff,posthoc_single,1,1,0,0,1,1,0.04058499,11,11,-1,medium,medium,0.55,medium,2,,,,,all_allowed,negative_control,624074
F,F_00050,syringe_handoff,soft_penalty_fc,1,1,0,0,1,1,0.04058499,11,11,-1,medium,medium,0.55,medium,2,,,,,all_allowed,negative_control,624074
F,F_00051,syringe_handoff,geometric_fc,1,1,0,0,1,1,0.0403677,11,11,-1,medium,medium,0.55,medium,2,,,,,all_allowed,negative_control,624075
F,F_00051,syringe_handoff,oracle_sfc,1,1,0,0,1,1,0.0403677,11,11,-1,medium,medium,0.55,medium,2,,,,,all_allowed,negative_control,624075
F,F_00051,syringe_handoff,semantic_only,1,1,0,0,1,1,0.0,11,11,-1,medium,medium,0.55,medium,2,,,,,all_allowed,negative_control,624075
F,F_00051,syringe_handoff,posthoc_single,1,1,0,0,1,1,0.0403677,11,11,-1,medium,medium,0.55,medium,2,,,,,all_allowed,negative_control,624075
F,F_00051,syringe_handoff,soft_penalty_fc,1,1,0,0,1,1,0.0403677,11,11,-1,medium,medium,0.55,medium,2,,,,,all_allowed,negative_control,624075
F,F_00052,syringe_handoff,geometric_fc,1,1,0,0,1,1,0.04188752,11,11,-1,medium,medium,0.55,medium,2,,,,,all_allowed,negative_control,624076
F,F_00052,syringe_handoff,oracle_sfc,1,1,0,0,1,1,0.04188752,11,11,-1,medium,medium,0.55,medium,2,,,,,all_allowed,negative_control,624076
F,F_00052,syringe_handoff,semantic_only,1,1,0,0,1,1,0.0,11,11,-1,medium,medium,0.55,medium,2,,,,,all_allowed,negative_control,624076
F,F_00052,syringe_handoff,posthoc_single,1,1,0,0,1,1,0.04188752,11,11,-1,medium,medium,0.55,medium,2,,,,,all_allowed,negative_control,624076
F,F_00052,syringe_handoff,soft_penalty_fc,1,1,0,0,1,1,0.04188752,11,11,-1,medium,medium,0.55,medium,2,,,,,all_allowed,negative_control,624076
F,F_00053,syringe_handoff,geometric_fc,1,1,0,0,1,1,0.04039753,11,11,-1,medium,medium,0.55,medium,2,,,,,all_allowed,negative_control,624077
F,F_00053,syringe_handoff,oracle_sfc,1,1,0,0,1,1,0.04039753,11,11,-1,medium,medium,0.55,medium,2,,,,,all_allowed,negative_control,624077
F,F_00053,syringe_handoff,semantic_only,1,1,0,0,1,1,0.0,11,11,-1,medium,medium,0.55,medium,2,,,,,all_allowed,negative_control,624077
F,F_00053,syringe_handoff,posthoc_single,1,1,0,0,1,1,0.04039753,11,11,-1,medium,medium,0.55,medium,2,,,,,all_allowed,negative_control,624077
F,F_00053,syringe_handoff,soft_penalty_fc,1,1,0,0,1,1,0.04039753,11,11,-1,medium,medium,0.55,medium,2,,,,,all_allowed,negative_control,624077
F,F_00054,syringe_handoff,geometric_fc,1,1,0,0,1,1,0.04030518,11,11,-1,medium,medium,0.55,medium,2,,,,,all_allowed,negative_control,624078
F,F_00054,syringe_handoff,oracle_sfc,1,1,0,0,1,1,0.04030518,11,11,-1,medium,medium,0.55,medium,2,,,,,all_allowed,negative_control,624078
F,F_00054,syringe_handoff,semantic_only,1,1,0,0,1,1,0.0,11,11,-1,medium,medium,0.55,medium,2,,,,,all_allowed,negative_control,624078
F,F_00054,syringe_handoff,posthoc_single,1,1,0,0,1,1,0.04030518,11,11,-1,medium,medium,0.55,medium,2,,,,,all_allowed,negative_control,624078
F,F_00054,syringe_handoff,soft_penalty_fc,1,1,0,0,1,1,0.04030518,11,11,-1,medium,medium,0.55,medium,2,,,,,all_allowed,negative_control,624078
F,F_00055,syringe_handoff,geometric_fc,1,1,0,0,1,1,0.04159683,11,11,-1,medium,medium,0.55,medium,2,,,,,all_allowed,negative_control,624079
F,F_00055,syringe_handoff,oracle_sfc,1,1,0,0,1,1,0.04159683,11,11,-1,medium,medium,0.55,medium,2,,,,,all_allowed,negative_control,624079
F,F_00055,syringe_handoff,semantic_only,1,1,0,0,1,1,0.0,11,11,-1,medium,medium,0.55,medium,2,,,,,all_allowed,negative_control,624079
F,F_00055,syringe_handoff,posthoc_single,1,1,0,0,1,1,0.04159683,11,11,-1,medium,medium,0.55,medium,2,,,,,all_allowed,negative_control,624079
F,F_00055,syringe_handoff,soft_penalty_fc,1,1,0,0,1,1,0.04159683,11,11,-1,medium,medium,0.55,medium,2,,,,,all_allowed,negative_control,624079
F,F_00056,syringe_handoff,geometric_fc,1,1,0,0,1,1,0.04173586,11,11,-1,medium,medium,0.55,medium,2,,,,,all_allowed,negative_control,624080
F,F_00056,syringe_handoff,oracle_sfc,1,1,0,0,1,1,0.04173586,11,11,-1,medium,medium,0.55,medium,2,,,,,all_allowed,negative_control,624080
F,F_00056,syringe_handoff,semantic_only,1,1,0,0,1,1,0.0,11,11,-1,medium,medium,0.55,medium,2,,,,,all_allowed,negative_control,624080
F,F_00056,syringe_handoff,posthoc_single,1,1,0,0,1,1,0.04173586,11,11,-1,medium,medium,0.55,medium,2,,,,,all_allowed,negative_control,624080
F,F_00056,syringe_handoff,soft_penalty_fc,1,1,0,0,1,1,0.04173586,11,11,-1,medium,medium,0.55,medium,2,,,,,all_allowed,negative_control,624080
F,F_00057,pan_carry,geometric_fc,1,1,0,0,1,1,0.03465632,14,14,-1,medium,medium,0.55,medium,2,,,,,all_allowed,negative_control,624081
F,F_00057,pan_carry,oracle_sfc,1,1,0,0,1,1,0.03465632,14,14,-1,medium,medium,0.55,medium,2,,,,,all_allowed,negative_control,624081
F,F_00057,pan_carry,semantic_only,1,1,0,0,1,1,0.0,14,14,-1,medium,medium,0.55,medium,2,,,,,all_allowed,negative_control,624081
F,F_00057,pan_carry,posthoc_single,1,1,0,0,1,1,0.03465632,14,14,-1,medium,medium,0.55,medium,2,,,,,all_allowed,negative_control,624081
F,F_00057,pan_carry,soft_penalty_fc,1,1,0,0,1,1,0.03465632,14,14,-1,medium,medium,0.55,medium,2,,,,,all_allowed,negative_control,624081
F,F_00058,pan_carry,geometric_fc,1,1,0,0,1,1,0.03492969,14,14,-1,medium,medium,0.55,medium,2,,,,,all_allowed,negative_control,624082
F,F_00058,pan_carry,oracle_sfc,1,1,0,0,1,1,0.03492969,14,14,-1,medium,medium,0.55,medium,2,,,,,all_allowed,negative_control,624082
F,F_00058,pan_carry,semantic_only,1,1,0,0,1,1,0.0,14,14,-1,medium,medium,0.55,medium,2,,,,,all_allowed,negative_control,624082
F,F_00058,pan_carry,posthoc_single,1,1,0,0,1,1,0.03492969,14,14,-1,medium,medium,0.55,medium,2,,,,,all_allowed,negative_control,624082
F,F_00058,pan_carry,soft_penalty_fc,1,1,0,0,1,1,0.03492969,14,14,-1,medium,medium,0.55,medium,2,,,,,all_allowed,negative_control,624082
F,F_00059,pan_carry,geometric_fc,1,1,0,0,1,1,0.03456556,14,14,-1,medium,medium,0.55,medium,2,,,,,all_allowed,negative_control,624083
F,F_00059,pan_carry,oracle_sfc,1,1,0,0,1,1,0.03456556,14,14,-1,medium,medium,0.55,medium,2,,,,,all_allowed,negative_control,624083
F,F_00059,pan_carry,semantic_only,1,1,0,0,1,1,0.0,14,14,-1,medium,medium,0.55,medium,2,,,,,all_allowed,negative_control,624083
F,F_00059,pan_carry,posthoc_single,1,1,0,0,1,1,0.03456556,14,14,-1,medium,medium,0.55,medium,2,,,,,all_allowed,negative_control,624083
F,F_00059,pan_carry,soft_penalty_fc,1,1,0,0,1,1,0.03456556,14,14,-1,medium,medium,0.55,medium,2,,,,,all_allowed,negative_control,624083
F,F_00060,pan_carry,geometric_fc,1,1,0,0,1,1,0.03395341,14,14,-1,medium,medium,0.55,medium,2,,,,,all_allowed,negative_control,624084
F,F_00060,pan_carry,oracle_sfc,1,1,0,0,1,1,0.03395341,14,14,-1,medium,medium,0.55,medium,2,,,,,all_allowed,negative_control,624084
F,F_00060,pan_carry,semantic_only,1,1,0,0,1,1,0.0,14,14,-1,medium,medium,0.55,medium,2,,,,,all_allowed,negative_control,624084
F,F_00060,pan_carry,posthoc_single,1,1,0,0,1,1,0.03395341,14,14,-1,medium,medium,0.55,medium,2,,,,,all_allowed,negative_control,624084
F,F_00060,pan_carry,soft_penalty_fc,1,1,0,0,1,1,0.03395341,14,14,-1,medium,medium,0.55,medium,2,,,,,all_allowed,negative_control,624084
F,F_00061,pan_carry,geometric_fc,1,1,0,0,1,1,0.03430711,14,14,-1,medium,medium,0.55,medium,2,,,,,all_allowed,negative_control,624085
F,F_00061,pan_carry,oracle_sfc,1,1,0,0,1,1,0.03430711,14,14,-1,medium,medium,0.55,medium,2,,,,,all_allowed,negative_control,624085
F,F_00061,pan_carry,semantic_only,1,1,0,0,1,1,0.0,14,14,-1,medium,medium,0.55,medium,2,,,,,all_allowed,negative_control,624085
F,F_00061,pan_carry,posthoc_single,1,1,0,0,1,1,0.03430711,14,14,-1,medium,medium,0.55,medium,2,,,,,all_allowed,negative_control,624085
F,F_00061,pan_carry,soft_penalty_fc,1,1,0,0,1,1,0.03430711,14,14,-1,medium,medium,0.55,medium,2,,,,,all_allowed,negative_control,624085
F,F_00062,pan_carry,geometric_fc,1,1,0,0,1,1,0.03374288,14,14,-1,medium,medium,0.55,medium,2,,,,,all_allowed,negative_control,624086
F,F_00062,pan_carry,oracle_sfc,1,1,0,0,1,1,0.03374288,14,14,-1,medium,medium,0.55,medium,2,,,,,all_allowed,negative_control,624086
F,F_00062,pan_carry,semantic_only,1,1,0,0,1,1,0.0,14,14,-1,medium,medium,0.55,medium,2,,,,,all_allowed,negative_control,624086
F,F_00062,pan_carry,posthoc_single,1,1,0,0,1,1,0.03374288,14,14,-1,medium,medium,0.55,medium,2,,,,,all_allowed,negative_control,624086
F,F_00062,pan_carry,soft_penalty_fc,1,1,0,0,1,1,0.03374288,14,14,-1,medium,medium,0.55,medium,2,,,,,all_allowed,negative_control,624086
F,F_00063,pan_carry,geometric_fc,1,1,0,0,1,1,0.03320165,14,14,-1,medium,medium,0.55,medium,2,,,,,all_allowed,negative_control,624087
F,F_00063,pan_carry,oracle_sfc,1,1,0,0,1,1,0.03320165,14,14,-1,medium,medium,0.55,medium,2,,,,,all_allowed,negative_control,624087
F,F_00063,pan_carry,semantic_only,1,1,0,0,1,1,0.0,14,14,-1,medium,medium,0.55,medium,2,,,,,all_allowed,negative_control,624087
F,F_00063,pan_carry,posthoc_single,1,1,0,0,1,1,0.03320165,14,14,-1,medium,medium,0.55,medium,2,,,,,all_allowed,negative_control,624087
F,F_00063,pan_carry,soft_penalty_fc,1,1,0,0,1,1,0.03320165,14,14,-1,medium,medium,0.55,medium,2,,,,,all_allowed,negative_control,624087
F,F_00064,pan_carry,geometric_fc,1,1,0,0,1,1,0.03331719,14,14,-1,medium,medium,0.55,medium,2,,,,,all_allowed,negative_control,624088
F,F_00064,pan_carry,oracle_sfc,1,1,0,0,1,1,0.03331719,14,14,-1,medium,medium,0.55,medium,2,,,,,all_allowed,negative_control,624088
F,F_00064,pan_carry,semantic_only,1,1,0,0,1,1,0.0,14,14,-1,medium,medium,0.55,medium,2,,,,,all_allowed,negative_control,624088
F,F_00064,pan_carry,posthoc_single,1,1,0,0,1,1,0.03331719,14,14,-1,medium,medium,0.55,medium,2,,,,,all_allowed,negative_control,624088
F,F_00064,pan_carry,soft_penalty_fc,1,1,0,0,1,1,0.03331719,14,14,-1,medium,medium,0.55,medium,2,,,,,all_allowed,negative_control,624088
F,F_00065,knife_pass,geometric_fc,1,0,1,0,1,0,0.03887941,12,0,-1,medium,medium,0.55,medium,2,,,,,none_allowed,negative_control,624089
F,F_00065,knife_pass,oracle_sfc,0,0,0,0,1,0,0.0,12,0,-1,medium,medium,0.55,medium,2,,,,,none_allowed,negative_control,624089
F,F_00065,knife_pass,semantic_only,0,0,0,0,1,0,0.0,12,0,-1,medium,medium,0.55,medium,2,,,,,none_allowed,negative_control,624089
F,F_00065,knife_pass,posthoc_single,0,0,0,0,1,0,0.03887941,12,0,-1,medium,medium,0.55,medium,2,,,,,none_allowed,negative_control,624089
F,F_00065,knife_pass,soft_penalty_fc,1,0,1,0,1,0,0.03887941,12,0,-1,medium,medium,0.55,medium,2,,,,,none_allowed,negative_control,624089
F,F_00066,knife_pass,geometric_fc,1,0,1,0,1,0,0.0388973,12,0,-1,medium,medium,0.55,medium,2,,,,,none_allowed,negative_control,624090
F,F_00066,knife_pass,oracle_sfc,0,0,0,0,1,0,0.0,12,0,-1,medium,medium,0.55,medium,2,,,,,none_allowed,negative_control,624090
F,F_00066,knife_pass,semantic_only,0,0,0,0,1,0,0.0,12,0,-1,medium,medium,0.55,medium,2,,,,,none_allowed,negative_control,624090
F,F_00066,knife_pass,posthoc_single,0,0,0,0,1,0,0.0388973,12,0,-1,medium,medium,0.55,medium,2,,,,,none_allowed,negative_control,624090
F,F_00066,knife_pass,soft_penalty_fc,1,0,1,0,1,0,0.0388973,12,0,-1,medium,medium,0.55,medium,2,,,,,none_allowed,negative_control,624090
F,F_00067,knife_pass,geometric_fc,1,0,1,0,1,0,0.03855008,12,0,-1,medium,medium,0.55,medium,2,,,,,none_allowed,negative_control,624091
F,F_00067,knife_pass,oracle_sfc,0,0,0,0,1,0,0.0,12,0,-1,medium,medium,0.55,medium,2,,,,,none_allowed,negative_control,624091
F,F_00067,knife_pass,semantic_only,0,0,0,0,1,0,0.0,12,0,-1,medium,medium,0.55,medium,2,,,,,none_allowed,negative_control,624091
F,F_00067,knife_pass,posthoc_single,0,0,0,0,1,0,0.03855008,12,0,-1,medium,medium,0.55,medium,2,,,,,none_allowed,negative_control,624091
F,F_00067,knife_pass,soft_penalty_fc,1,0,1,0,1,0,0.03855008,12,0,-1,medium,medium,0.55,medium,2,,,,,none_allowed,negative_control,624091
F,F_00068,knife_pass,geometric_fc,1,0,1,0,1,0,0.03932635,12,0,-1,medium,medium,0.55,medium,2,,,,,none_allowed,negative_control,624092
F,F_00068,knife_pass,oracle_sfc,0,0,0,0,1,0,0.0,12,0,-1,medium,medium,0.55,medium,2,,,,,none_allowed,negative_control,624092
F,F_00068,knife_pass,semantic_only,0,0,0,0,1,0,0.0,12,0,-1,medium,medium,0.55,medium,2,,,,,none_allowed,negative_control,624092
F,F_00068,knife_pass,posthoc_single,0,0,0,0,1,0,0.03932635,12,0,-1,medium,medium,0.55,medium,2,,,,,none_allowed,negative_control,624092
F,F_00068,knife_pass,soft_penalty_fc,1,0,1,0,1,0,0.03932635,12,0,-1,medium,medium,0.55,medium,2,,,,,none_allowed,negative_control,624092
F,F_00069,knife_pass,geometric_fc,1,0,1,0,1,0,0.03928189,12,0,-1,medium,medium,0.55,medium,2,,,,,none_allowed,negative_control,624093
F,F_00069,knife_pass,oracle_sfc,0,0,0,0,1,0,0.0,12,0,-1,medium,medium,0.55,medium,2,,,,,none_allowed,negative_control,624093
F,F_00069,knife_pass,semantic_only,0,0,0,0,1,0,0.0,12,0,-1,medium,medium,0.55,medium,2,,,,,none_allowed,negative_control,624093
F,F_00069,knife_pass,posthoc_single,0,0,0,0,1,0,0.03928189,12,0,-1,medium,medium,0.55,medium,2,,,,,none_allowed,negative_control,624093
F,F_00069,knife_pass,soft_penalty_fc,1,0,1,0,1,0,0.03928189,12,0,-1,medium,medium,0.55,medium,2,,,,,none_allowed,negative_control,624093
F,F_00070,knife_pass,geometric_fc,1,0,1,0,1,0,0.03619369,12,0,-1,medium,medium,0.55,medium,2,,,,,none_allowed,negative_control,624094
F,F_00070,knife_pass,oracle_sfc,0,0,0,0,1,0,0.0,12,0,-1,medium,medium,0.55,medium,2,,,,,none_allowed,negative_control,624094
F,F_00070,knife_pass,semantic_only,0,0,0,0,1,0,0.0,12,0,-1,medium,medium,0.55,medium,2,,,,,none_allowed,negative_control,624094
F,F_00070,knife_pass,posthoc_single,0,0,0,0,1,0,0.03619369,12,0,-1,medium,medium,0.55,medium,2,,,,,none_allowed,negative_control,624094
F,F_00070,knife_pass,soft_penalty_fc,1,0,1,0,1,0,0.03619369,12,0,-1,medium,medium,0.55,medium,2,,,,,none_allowed,negative_control,624094
F,F_00071,knife_pass,geometric_fc,1,0,1,0,1,0,0.04128647,12,0,-1,medium,medium,0.55,medium,2,,,,,none_allowed,negative_control,624095
F,F_00071,knife_pass,oracle_sfc,0,0,0,0,1,0,0.0,12,0,-1,medium,medium,0.55,medium,2,,,,,none_allowed,negative_control,624095
F,F_00071,knife_pass,semantic_only,0,0,0,0,1,0,0.0,12,0,-1,medium,medium,0.55,medium,2,,,,,none_allowed,negative_control,624095
F,F_00071,knife_pass,posthoc_single,0,0,0,0,1,0,0.04128647,12,0,-1,medium,medium,0.55,medium,2,,,,,none_allowed,negative_control,624095
F,F_00071,knife_pass,soft_penalty_fc,1,0,1,0,1,0,0.04128647,12,0,-1,medium,medium,0.55,medium,2,,,,,none_allowed,negative_control,624095
F,F_00072,knife_pass,geometric_fc,1,0,1,0,1,0,0.03828947,12,0,-1,medium,medium,0.55,medium,2,,,,,none_allowed,negative_control,624096
F,F_00072,knife_pass,oracle_sfc,0,0,0,0,1,0,0.0,12,0,-1,medium,medium,0.55,medium,2,,,,,none_allowed,negative_control,624096
F,F_00072,knife_pass,semantic_only,0,0,0,0,1,0,0.0,12,0,-1,medium,medium,0.55,medium,2,,,,,none_allowed,negative_control,624096
F,F_00072,knife_pass,posthoc_single,0,0,0,0,1,0,0.03828947,12,0,-1,medium,medium,0.55,medium,2,,,,,none_allowed,negative_control,624096
F,F_00072,knife_pass,soft_penalty_fc,1,0,1,0,1,0,0.03828947,12,0,-1,medium,medium,0.55,medium,2,,,,,none_allowed,negative_control,624096
F,F_00073,mug_serve,geometric_fc,1,0,1,0,1,0,0.03691592,12,0,-1,medium,medium,0.55,medium,2,,,,,none_allowed,negative_control,624097
F,F_00073,mug_serve,oracle_sfc,0,0,0,0,1,0,0.0,12,0,-1,medium,medium,0.55,medium,2,,,,,none_allowed,negative_control,624097
F,F_00073,mug_serve,semantic_only,0,0,0,0,1,0,0.0,12,0,-1,medium,medium,0.55,medium,2,,,,,none_allowed,negative_control,624097
F,F_00073,mug_serve,posthoc_single,0,0,0,0,1,0,0.03691592,12,0,-1,medium,medium,0.55,medium,2,,,,,none_allowed,negative_control,624097
F,F_00073,mug_serve,soft_penalty_fc,1,0,1,0,1,0,0.03691592,12,0,-1,medium,medium,0.55,medium,2,,,,,none_allowed,negative_control,624097
F,F_00074,mug_serve,geometric_fc,1,0,1,0,1,0,0.03679992,12,0,-1,medium,medium,0.55,medium,2,,,,,none_allowed,negative_control,624098
F,F_00074,mug_serve,oracle_sfc,0,0,0,0,1,0,0.0,12,0,-1,medium,medium,0.55,medium,2,,,,,none_allowed,negative_control,624098
F,F_00074,mug_serve,semantic_only,0,0,0,0,1,0,0.0,12,0,-1,medium,medium,0.55,medium,2,,,,,none_allowed,negative_control,624098
F,F_00074,mug_serve,posthoc_single,0,0,0,0,1,0,0.03679992,12,0,-1,medium,medium,0.55,medium,2,,,,,none_allowed,negative_control,624098
F,F_00074,mug_serve,soft_penalty_fc,1,0,1,0,1,0,0.03679992,12,0,-1,medium,medium,0.55,medium,2,,,,,none_allowed,negative_control,624098
F,F_00075,mug_serve,geometric_fc,1,0,1,0,1,0,0.03509465,12,0,-1,medium,medium,0.55,medium,2,,,,,none_allowed,negative_control,624099
F,F_00075,mug_serve,oracle_sfc,0,0,0,0,1,0,0.0,12,0,-1,medium,medium,0.55,medium,2,,,,,none_allowed,negative_control,624099
F,F_00075,mug_serve,semantic_only,0,0,0,0,1,0,0.0,12,0,-1,medium,medium,0.55,medium,2,,,,,none_allowed,negative_control,624099
F,F_00075,mug_serve,posthoc_single,0,0,0,0,1,0,0.03509465,12,0,-1,medium,medium,0.55,medium,2,,,,,none_allowed,negative_control,624099
F,F_00075,mug_serve,soft_penalty_fc,1,0,1,0,1,0,0.03509465,12,0,-1,medium,medium,0.55,medium,2,,,,,none_allowed,negative_control,624099
F,F_00076,mug_serve,geometric_fc,1,0,1,0,1,0,0.03589127,12,0,-1,medium,medium,0.55,medium,2,,,,,none_allowed,negative_control,624100
F,F_00076,mug_serve,oracle_sfc,0,0,0,0,1,0,0.0,12,0,-1,medium,medium,0.55,medium,2,,,,,none_allowed,negative_control,624100
F,F_00076,mug_serve,semantic_only,0,0,0,0,1,0,0.0,12,0,-1,medium,medium,0.55,medium,2,,,,,none_allowed,negative_control,624100
F,F_00076,mug_serve,posthoc_single,0,0,0,0,1,0,0.03589127,12,0,-1,medium,medium,0.55,medium,2,,,,,none_allowed,negative_control,624100
F,F_00076,mug_serve,soft_penalty_fc,1,0,1,0,1,0,0.03589127,12,0,-1,medium,medium,0.55,medium,2,,,,,none_allowed,negative_control,624100
F,F_00077,mug_serve,geometric_fc,1,0,1,0,1,0,0.03674979,12,0,-1,medium,medium,0.55,medium,2,,,,,none_allowed,negative_control,624101
F,F_00077,mug_serve,oracle_sfc,0,0,0,0,1,0,0.0,12,0,-1,medium,medium,0.55,medium,2,,,,,none_allowed,negative_control,624101
F,F_00077,mug_serve,semantic_only,0,0,0,0,1,0,0.0,12,0,-1,medium,medium,0.55,medium,2,,,,,none_allowed,negative_control,624101
F,F_00077,mug_serve,posthoc_single,0,0,0,0,1,0,0.03674979,12,0,-1,medium,medium,0.55,medium,2,,,,,none_allowed,negative_control,624101
F,F_00077,mug_serve,soft_penalty_fc,1,0,1,0,1,0,0.03674979,12,0,-1,medium,medium,0.55,medium,2,,,,,none_allowed,negative_control,624101
F,F_00078,mug_serve,geometric_fc,1,0,1,0,1,0,0.03709634,12,0,-1,medium,medium,0.55,medium,2,,,,,none_allowed,negative_control,624102
F,F_00078,mug_serve,oracle_sfc,0,0,0,0,1,0,0.0,12,0,-1,medium,medium,0.55,medium,2,,,,,none_allowed,negative_control,624102
F,F_00078,mug_serve,semantic_only,0,0,0,0,1,0,0.0,12,0,-1,medium,medium,0.55,medium,2,,,,,none_allowed,negative_control,624102
F,F_00078,mug_serve,posthoc_single,0,0,0,0,1,0,0.03709634,12,0,-1,medium,medium,0.55,medium,2,,,,,none_allowed,negative_control,624102
F,F_00078,mug_serve,soft_penalty_fc,1,0,1,0,1,0,0.03709634,12,0,-1,medium,medium,0.55,medium,2,,,,,none_allowed,negative_control,624102
F,F_00079,mug_serve,geometric_fc,1,0,1,0,1,0,0.03832772,12,0,-1,medium,medium,0.55,medium,2,,,,,none_allowed,negative_control,624103
F,F_00079,mug_serve,oracle_sfc,0,0,0,0,1,0,0.0,12,0,-1,medium,medium,0.55,medium,2,,,,,none_allowed,negative_control,624103
F,F_00079,mug_serve,semantic_only,0,0,0,0,1,0,0.0,12,0,-1,medium,medium,0.55,medium,2,,,,,none_allowed,negative_control,624103
F,F_00079,mug_serve,posthoc_single,0,0,0,0,1,0,0.03832772,12,0,-1,medium,medium,0.55,medium,2,,,,,none_allowed,negative_control,624103
F,F_00079,mug_serve,soft_penalty_fc,1,0,1,0,1,0,0.03832772,12,0,-1,medium,medium,0.55,medium,2,,,,,none_allowed,negative_control,624103
F,F_00080,mug_serve,geometric_fc,1,0,1,0,1,0,0.03699811,12,0,-1,medium,medium,0.55,medium,2,,,,,none_allowed,negative_control,624104
F,F_00080,mug_serve,oracle_sfc,0,0,0,0,1,0,0.0,12,0,-1,medium,medium,0.55,medium,2,,,,,none_allowed,negative_control,624104
F,F_00080,mug_serve,semantic_only,0,0,0,0,1,0,0.0,12,0,-1,medium,medium,0.55,medium,2,,,,,none_allowed,negative_control,624104
F,F_00080,mug_serve,posthoc_single,0,0,0,0,1,0,0.03699811,12,0,-1,medium,medium,0.55,medium,2,,,,,none_allowed,negative_control,624104
F,F_00080,mug_serve,soft_penalty_fc,1,0,1,0,1,0,0.03699811,12,0,-1,medium,medium,0.55,medium,2,,,,,none_allowed,negative_control,624104
F,F_00081,phone_pick,geometric_fc,1,0,1,0,1,0,0.0365975,11,0,-1,medium,medium,0.55,medium,2,,,,,none_allowed,negative_control,624105
F,F_00081,phone_pick,oracle_sfc,0,0,0,0,1,0,0.0,11,0,-1,medium,medium,0.55,medium,2,,,,,none_allowed,negative_control,624105
F,F_00081,phone_pick,semantic_only,0,0,0,0,1,0,0.0,11,0,-1,medium,medium,0.55,medium,2,,,,,none_allowed,negative_control,624105
F,F_00081,phone_pick,posthoc_single,0,0,0,0,1,0,0.0365975,11,0,-1,medium,medium,0.55,medium,2,,,,,none_allowed,negative_control,624105
F,F_00081,phone_pick,soft_penalty_fc,1,0,1,0,1,0,0.0365975,11,0,-1,medium,medium,0.55,medium,2,,,,,none_allowed,negative_control,624105
F,F_00082,phone_pick,geometric_fc,1,0,1,0,1,0,0.03683324,11,0,-1,medium,medium,0.55,medium,2,,,,,none_allowed,negative_control,624106
F,F_00082,phone_pick,oracle_sfc,0,0,0,0,1,0,0.0,11,0,-1,medium,medium,0.55,medium,2,,,,,none_allowed,negative_control,624106
F,F_00082,phone_pick,semantic_only,0,0,0,0,1,0,0.0,11,0,-1,medium,medium,0.55,medium,2,,,,,none_allowed,negative_control,624106
F,F_00082,phone_pick,posthoc_single,0,0,0,0,1,0,0.03683324,11,0,-1,medium,medium,0.55,medium,2,,,,,none_allowed,negative_control,624106
F,F_00082,phone_pick,soft_penalty_fc,1,0,1,0,1,0,0.03683324,11,0,-1,medium,medium,0.55,medium,2,,,,,none_allowed,negative_control,624106
F,F_00083,phone_pick,geometric_fc,1,0,1,0,1,0,0.03858081,11,0,-1,medium,medium,0.55,medium,2,,,,,none_allowed,negative_control,624107
F,F_00083,phone_pick,oracle_sfc,0,0,0,0,1,0,0.0,11,0,-1,medium,medium,0.55,medium,2,,,,,none_allowed,negative_control,624107
F,F_00083,phone_pick,semantic_only,0,0,0,0,1,0,0.0,11,0,-1,medium,medium,0.55,medium,2,,,,,none_allowed,negative_control,624107
F,F_00083,phone_pick,posthoc_single,0,0,0,0,1,0,0.03858081,11,0,-1,medium,medium,0.55,medium,2,,,,,none_allowed,negative_control,624107
F,F_00083,phone_pick,soft_penalty_fc,1,0,1,0,1,0,0.03858081,11,0,-1,medium,medium,0.55,medium,2,,,,,none_allowed,negative_control,624107
F,F_00084,phone_pick,geometric_fc,1,0,1,0,1,0,0.03858017,11,0,-1,medium,medium,0.55,medium,2,,,,,none_allowed,negative_control,624108
F,F_00084,phone_pick,oracle_sfc,0,0,0,0,1,0,0.0,11,0,-1,medium,medium,0.55,medium,2,,,,,none_allowed,negative_control,624108
F,F_00084,phone_pick,semantic_only,0,0,0,0,1,0,0.0,11,0,-1,medium,medium,0.55,medium,2,,,,,none_allowed,negative_control,624108
F,F_00084,phone_pick,posthoc_single,0,0,0,0,1,0,0.03858017,11,0,-1,medium,medium,0.55,medium,2,,,,,none_allowed,negative_control,624108
F,F_00084,phone_pick,soft_penalty_fc,1,0,1,0,1,0,0.03858017,11,0,-1,medium,medium,0.55,medium,2,,,,,none_allowed,negative_control,624108
F,F_00085,phone_pick,geometric_fc,1,0,1,0,1,0,0.03582241,11,0,-1,medium,medium,0.55,medium,2,,,,,none_allowed,negative_control,624109
F,F_00085,phone_pick,oracle_sfc,0,0,0,0,1,0,0.0,11,0,-1,medium,medium,0.55,medium,2,,,,,none_allowed,negative_control,624109
F,F_00085,phone_pick,semantic_only,0,0,0,0,1,0,0.0,11,0,-1,medium,medium,0.55,medium,2,,,,,none_allowed,negative_control,624109
F,F_00085,phone_pick,posthoc_single,0,0,0,0,1,0,0.03582241,11,0,-1,medium,medium,0.55,medium,2,,,,,none_allowed,negative_control,624109
F,F_00085,phone_pick,soft_penalty_fc,1,0,1,0,1,0,0.03582241,11,0,-1,medium,medium,0.55,medium,2,,,,,none_allowed,negative_control,624109
F,F_00086,phone_pick,geometric_fc,1,0,1,0,1,0,0.03566887,11,0,-1,medium,medium,0.55,medium,2,,,,,none_allowed,negative_control,624110
F,F_00086,phone_pick,oracle_sfc,0,0,0,0,1,0,0.0,11,0,-1,medium,medium,0.55,medium,2,,,,,none_allowed,negative_control,624110
F,F_00086,phone_pick,semantic_only,0,0,0,0,1,0,0.0,11,0,-1,medium,medium,0.55,medium,2,,,,,none_allowed,negative_control,624110
F,F_00086,phone_pick,posthoc_single,0,0,0,0,1,0,0.03566887,11,0,-1,medium,medium,0.55,medium,2,,,,,none_allowed,negative_control,624110
F,F_00086,phone_pick,soft_penalty_fc,1,0,1,0,1,0,0.03566887,11,0,-1,medium,medium,0.55,medium,2,,,,,none_allowed,negative_control,624110
F,F_00087,phone_pick,geometric_fc,1,0,1,0,1,0,0.03909183,11,0,-1,medium,medium,0.55,medium,2,,,,,none_allowed,negative_control,624111
F,F_00087,phone_pick,oracle_sfc,0,0,0,0,1,0,0.0,11,0,-1,medium,medium,0.55,medium,2,,,,,none_allowed,negative_control,624111
F,F_00087,phone_pick,semantic_only,0,0,0,0,1,0,0.0,11,0,-1,medium,medium,0.55,medium,2,,,,,none_allowed,negative_control,624111
F,F_00087,phone_pick,posthoc_single,0,0,0,0,1,0,0.03909183,11,0,-1,medium,medium,0.55,medium,2,,,,,none_allowed,negative_control,624111
F,F_00087,phone_pick,soft_penalty_fc,1,0,1,0,1,0,0.03909183,11,0,-1,medium,medium,0.55,medium,2,,,,,none_allowed,negative_control,624111
F,F_00088,phone_pick,geometric_fc,1,0,1,0,1,0,0.03726933,11,0,-1,medium,medium,0.55,medium,2,,,,,none_allowed,negative_control,624112
F,F_00088,phone_pick,oracle_sfc,0,0,0,0,1,0,0.0,11,0,-1,medium,medium,0.55,medium,2,,,,,none_allowed,negative_control,624112
F,F_00088,phone_pick,semantic_only,0,0,0,0,1,0,0.0,11,0,-1,medium,medium,0.55,medium,2,,,,,none_allowed,negative_control,624112
F,F_00088,phone_pick,posthoc_single,0,0,0,0,1,0,0.03726933,11,0,-1,medium,medium,0.55,medium,2,,,,,none_allowed,negative_control,624112
F,F_00088,phone_pick,soft_penalty_fc,1,0,1,0,1,0,0.03726933,11,0,-1,medium,medium,0.55,medium,2,,,,,none_allowed,negative_control,624112
F,F_00089,spray_bottle_use,geometric_fc,1,0,1,0,1,0,0.03575252,12,0,-1,medium,medium,0.55,medium,2,,,,,none_allowed,negative_control,624113
F,F_00089,spray_bottle_use,oracle_sfc,0,0,0,0,1,0,0.0,12,0,-1,medium,medium,0.55,medium,2,,,,,none_allowed,negative_control,624113
F,F_00089,spray_bottle_use,semantic_only,0,0,0,0,1,0,0.0,12,0,-1,medium,medium,0.55,medium,2,,,,,none_allowed,negative_control,624113
F,F_00089,spray_bottle_use,posthoc_single,0,0,0,0,1,0,0.03575252,12,0,-1,medium,medium,0.55,medium,2,,,,,none_allowed,negative_control,624113
F,F_00089,spray_bottle_use,soft_penalty_fc,1,0,1,0,1,0,0.03575252,12,0,-1,medium,medium,0.55,medium,2,,,,,none_allowed,negative_control,624113
F,F_00090,spray_bottle_use,geometric_fc,1,0,1,0,1,0,0.03505097,12,0,-1,medium,medium,0.55,medium,2,,,,,none_allowed,negative_control,624114
F,F_00090,spray_bottle_use,oracle_sfc,0,0,0,0,1,0,0.0,12,0,-1,medium,medium,0.55,medium,2,,,,,none_allowed,negative_control,624114
F,F_00090,spray_bottle_use,semantic_only,0,0,0,0,1,0,0.0,12,0,-1,medium,medium,0.55,medium,2,,,,,none_allowed,negative_control,624114
F,F_00090,spray_bottle_use,posthoc_single,0,0,0,0,1,0,0.03505097,12,0,-1,medium,medium,0.55,medium,2,,,,,none_allowed,negative_control,624114
F,F_00090,spray_bottle_use,soft_penalty_fc,1,0,1,0,1,0,0.03505097,12,0,-1,medium,medium,0.55,medium,2,,,,,none_allowed,negative_control,624114
F,F_00091,spray_bottle_use,geometric_fc,1,0,1,0,1,0,0.03252112,12,0,-1,medium,medium,0.55,medium,2,,,,,none_allowed,negative_control,624115
F,F_00091,spray_bottle_use,oracle_sfc,0,0,0,0,1,0,0.0,12,0,-1,medium,medium,0.55,medium,2,,,,,none_allowed,negative_control,624115
F,F_00091,spray_bottle_use,semantic_only,0,0,0,0,1,0,0.0,12,0,-1,medium,medium,0.55,medium,2,,,,,none_allowed,negative_control,624115
F,F_00091,spray_bottle_use,posthoc_single,0,0,0,0,1,0,0.03252112,12,0,-1,medium,medium,0.55,medium,2,,,,,none_allowed,negative_control,624115
F,F_00091,spray_bottle_use,soft_penalty_fc,1,0,1,0,1,0,0.03252112,12,0,-1,medium,medium,0.55,medium,2,,,,,none_allowed,negative_control,624115
F,F_00092,spray_bottle_use,geometric_fc,1,0,1,0,1,0,0.03393722,12,0,-1,medium,medium,0.55,medium,2,,,,,none_allowed,negative_control,624116
F,F_00092,spray_bottle_use,oracle_sfc,0,0,0,0,1,0,0.0,12,0,-1,medium,medium,0.55,medium,2,,,,,none_allowed,negative_control,624116
F,F_00092,spray_bottle_use,semantic_only,0,0,0,0,1,0,0.0,12,0,-1,medium,medium,0.55,medium,2,,,,,none_allowed,negative_control,624116
F,F_00092,spray_bottle_use,posthoc_single,0,0,0,0,1,0,0.03393722,12,0,-1,medium,medium,0.55,medium,2,,,,,none_allowed,negative_control,624116
F,F_00092,spray_bottle_use,soft_penalty_fc,1,0,1,0,1,0,0.03393722,12,0,-1,medium,medium,0.55,medium,2,,,,,none_allowed,negative_control,624116
F,F_00093,spray_bottle_use,geometric_fc,1,0,1,0,1,0,0.03090349,12,0,-1,medium,medium,0.55,medium,2,,,,,none_allowed,negative_control,624117
F,F_00093,spray_bottle_use,oracle_sfc,0,0,0,0,1,0,0.0,12,0,-1,medium,medium,0.55,medium,2,,,,,none_allowed,negative_control,624117
F,F_00093,spray_bottle_use,semantic_only,0,0,0,0,1,0,0.0,12,0,-1,medium,medium,0.55,medium,2,,,,,none_allowed,negative_control,624117
F,F_00093,spray_bottle_use,posthoc_single,0,0,0,0,1,0,0.03090349,12,0,-1,medium,medium,0.55,medium,2,,,,,none_allowed,negative_control,624117
F,F_00093,spray_bottle_use,soft_penalty_fc,1,0,1,0,1,0,0.03090349,12,0,-1,medium,medium,0.55,medium,2,,,,,none_allowed,negative_control,624117
F,F_00094,spray_bottle_use,geometric_fc,1,0,1,0,1,0,0.03679384,12,0,-1,medium,medium,0.55,medium,2,,,,,none_allowed,negative_control,624118
F,F_00094,spray_bottle_use,oracle_sfc,0,0,0,0,1,0,0.0,12,0,-1,medium,medium,0.55,medium,2,,,,,none_allowed,negative_control,624118
F,F_00094,spray_bottle_use,semantic_only,0,0,0,0,1,0,0.0,12,0,-1,medium,medium,0.55,medium,2,,,,,none_allowed,negative_control,624118
F,F_00094,spray_bottle_use,posthoc_single,0,0,0,0,1,0,0.03679384,12,0,-1,medium,medium,0.55,medium,2,,,,,none_allowed,negative_control,624118
F,F_00094,spray_bottle_use,soft_penalty_fc,1,0,1,0,1,0,0.03679384,12,0,-1,medium,medium,0.55,medium,2,,,,,none_allowed,negative_control,624118
F,F_00095,spray_bottle_use,geometric_fc,1,0,1,0,1,0,0.03690721,12,0,-1,medium,medium,0.55,medium,2,,,,,none_allowed,negative_control,624119
F,F_00095,spray_bottle_use,oracle_sfc,0,0,0,0,1,0,0.0,12,0,-1,medium,medium,0.55,medium,2,,,,,none_allowed,negative_control,624119
F,F_00095,spray_bottle_use,semantic_only,0,0,0,0,1,0,0.0,12,0,-1,medium,medium,0.55,medium,2,,,,,none_allowed,negative_control,624119
F,F_00095,spray_bottle_use,posthoc_single,0,0,0,0,1,0,0.03690721,12,0,-1,medium,medium,0.55,medium,2,,,,,none_allowed,negative_control,624119
F,F_00095,spray_bottle_use,soft_penalty_fc,1,0,1,0,1,0,0.03690721,12,0,-1,medium,medium,0.55,medium,2,,,,,none_allowed,negative_control,624119
F,F_00096,spray_bottle_use,geometric_fc,1,0,1,0,1,0,0.03440978,12,0,-1,medium,medium,0.55,medium,2,,,,,none_allowed,negative_control,624120
F,F_00096,spray_bottle_use,oracle_sfc,0,0,0,0,1,0,0.0,12,0,-1,medium,medium,0.55,medium,2,,,,,none_allowed,negative_control,624120
F,F_00096,spray_bottle_use,semantic_only,0,0,0,0,1,0,0.0,12,0,-1,medium,medium,0.55,medium,2,,,,,none_allowed,negative_control,624120
F,F_00096,spray_bottle_use,posthoc_single,0,0,0,0,1,0,0.03440978,12,0,-1,medium,medium,0.55,medium,2,,,,,none_allowed,negative_control,624120
F,F_00096,spray_bottle_use,soft_penalty_fc,1,0,1,0,1,0,0.03440978,12,0,-1,medium,medium,0.55,medium,2,,,,,none_allowed,negative_control,624120
F,F_00097,apple_pick,geometric_fc,1,0,1,0,1,0,0.04298759,10,0,-1,medium,medium,0.55,medium,2,,,,,none_allowed,negative_control,624121
F,F_00097,apple_pick,oracle_sfc,0,0,0,0,1,0,0.0,10,0,-1,medium,medium,0.55,medium,2,,,,,none_allowed,negative_control,624121
F,F_00097,apple_pick,semantic_only,0,0,0,0,1,0,0.0,10,0,-1,medium,medium,0.55,medium,2,,,,,none_allowed,negative_control,624121
F,F_00097,apple_pick,posthoc_single,0,0,0,0,1,0,0.04298759,10,0,-1,medium,medium,0.55,medium,2,,,,,none_allowed,negative_control,624121
F,F_00097,apple_pick,soft_penalty_fc,1,0,1,0,1,0,0.04298759,10,0,-1,medium,medium,0.55,medium,2,,,,,none_allowed,negative_control,624121
F,F_00098,apple_pick,geometric_fc,1,0,1,0,1,0,0.03605453,10,0,-1,medium,medium,0.55,medium,2,,,,,none_allowed,negative_control,624122
F,F_00098,apple_pick,oracle_sfc,0,0,0,0,1,0,0.0,10,0,-1,medium,medium,0.55,medium,2,,,,,none_allowed,negative_control,624122
F,F_00098,apple_pick,semantic_only,0,0,0,0,1,0,0.0,10,0,-1,medium,medium,0.55,medium,2,,,,,none_allowed,negative_control,624122
F,F_00098,apple_pick,posthoc_single,0,0,0,0,1,0,0.03605453,10,0,-1,medium,medium,0.55,medium,2,,,,,none_allowed,negative_control,624122
F,F_00098,apple_pick,soft_penalty_fc,1,0,1,0,1,0,0.03605453,10,0,-1,medium,medium,0.55,medium,2,,,,,none_allowed,negative_control,624122
F,F_00099,apple_pick,geometric_fc,1,0,1,0,1,0,0.04598309,10,0,-1,medium,medium,0.55,medium,2,,,,,none_allowed,negative_control,624123
F,F_00099,apple_pick,oracle_sfc,0,0,0,0,1,0,0.0,10,0,-1,medium,medium,0.55,medium,2,,,,,none_allowed,negative_control,624123
F,F_00099,apple_pick,semantic_only,0,0,0,0,1,0,0.0,10,0,-1,medium,medium,0.55,medium,2,,,,,none_allowed,negative_control,624123
F,F_00099,apple_pick,posthoc_single,0,0,0,0,1,0,0.04598309,10,0,-1,medium,medium,0.55,medium,2,,,,,none_allowed,negative_control,624123
F,F_00099,apple_pick,soft_penalty_fc,1,0,1,0,1,0,0.04598309,10,0,-1,medium,medium,0.55,medium,2,,,,,none_allowed,negative_control,624123
F,F_00100,apple_pick,geometric_fc,1,0,1,0,1,0,0.04478245,10,0,-1,medium,medium,0.55,medium,2,,,,,none_allowed,negative_control,624124
F,F_00100,apple_pick,oracle_sfc,0,0,0,0,1,0,0.0,10,0,-1,medium,medium,0.55,medium,2,,,,,none_allowed,negative_control,624124
F,F_00100,apple_pick,semantic_only,0,0,0,0,1,0,0.0,10,0,-1,medium,medium,0.55,medium,2,,,,,none_allowed,negative_control,624124
F,F_00100,apple_pick,posthoc_single,0,0,0,0,1,0,0.04478245,10,0,-1,medium,medium,0.55,medium,2,,,,,none_allowed,negative_control,624124
F,F_00100,apple_pick,soft_penalty_fc,1,0,1,0,1,0,0.04478245,10,0,-1,medium,medium,0.55,medium,2,,,,,none_allowed,negative_control,624124
F,F_00101,apple_pick,geometric_fc,1,0,1,0,1,0,0.04500556,10,0,-1,medium,medium,0.55,medium,2,,,,,none_allowed,negative_control,624125
F,F_00101,apple_pick,oracle_sfc,0,0,0,0,1,0,0.0,10,0,-1,medium,medium,0.55,medium,2,,,,,none_allowed,negative_control,624125
F,F_00101,apple_pick,semantic_only,0,0,0,0,1,0,0.0,10,0,-1,medium,medium,0.55,medium,2,,,,,none_allowed,negative_control,624125
F,F_00101,apple_pick,posthoc_single,0,0,0,0,1,0,0.04500556,10,0,-1,medium,medium,0.55,medium,2,,,,,none_allowed,negative_control,624125
F,F_00101,apple_pick,soft_penalty_fc,1,0,1,0,1,0,0.04500556,10,0,-1,medium,medium,0.55,medium,2,,,,,none_allowed,negative_control,624125
F,F_00102,apple_pick,geometric_fc,1,0,1,0,1,0,0.04634886,10,0,-1,medium,medium,0.55,medium,2,,,,,none_allowed,negative_control,624126
F,F_00102,apple_pick,oracle_sfc,0,0,0,0,1,0,0.0,10,0,-1,medium,medium,0.55,medium,2,,,,,none_allowed,negative_control,624126
F,F_00102,apple_pick,semantic_only,0,0,0,0,1,0,0.0,10,0,-1,medium,medium,0.55,medium,2,,,,,none_allowed,negative_control,624126
F,F_00102,apple_pick,posthoc_single,0,0,0,0,1,0,0.04634886,10,0,-1,medium,medium,0.55,medium,2,,,,,none_allowed,negative_control,624126
F,F_00102,apple_pick,soft_penalty_fc,1,0,1,0,1,0,0.04634886,10,0,-1,medium,medium,0.55,medium,2,,,,,none_allowed,negative_control,624126
F,F_00103,apple_pick,geometric_fc,1,0,1,0,1,0,0.04178953,10,0,-1,medium,medium,0.55,medium,2,,,,,none_allowed,negative_control,624127
F,F_00103,apple_pick,oracle_sfc,0,0,0,0,1,0,0.0,10,0,-1,medium,medium,0.55,medium,2,,,,,none_allowed,negative_control,624127
F,F_00103,apple_pick,semantic_only,0,0,0,0,1,0,0.0,10,0,-1,medium,medium,0.55,medium,2,,,,,none_allowed,negative_control,624127
F,F_00103,apple_pick,posthoc_single,0,0,0,0,1,0,0.04178953,10,0,-1,medium,medium,0.55,medium,2,,,,,none_allowed,negative_control,624127
F,F_00103,apple_pick,soft_penalty_fc,1,0,1,0,1,0,0.04178953,10,0,-1,medium,medium,0.55,medium,2,,,,,none_allowed,negative_control,624127
F,F_00104,apple_pick,geometric_fc,1,0,1,0,1,0,0.04616156,10,0,-1,medium,medium,0.55,medium,2,,,,,none_allowed,negative_control,624128
F,F_00104,apple_pick,oracle_sfc,0,0,0,0,1,0,0.0,10,0,-1,medium,medium,0.55,medium,2,,,,,none_allowed,negative_control,624128
F,F_00104,apple_pick,semantic_only,0,0,0,0,1,0,0.0,10,0,-1,medium,medium,0.55,medium,2,,,,,none_allowed,negative_control,624128
F,F_00104,apple_pick,posthoc_single,0,0,0,0,1,0,0.04616156,10,0,-1,medium,medium,0.55,medium,2,,,,,none_allowed,negative_control,624128
F,F_00104,apple_pick,soft_penalty_fc,1,0,1,0,1,0,0.04616156,10,0,-1,medium,medium,0.55,medium,2,,,,,none_allowed,negative_control,624128
F,F_00105,scissors_pass,geometric_fc,1,0,1,0,1,0,0.04400553,10,0,-1,medium,medium,0.55,medium,2,,,,,none_allowed,negative_control,624129
F,F_00105,scissors_pass,oracle_sfc,0,0,0,0,1,0,0.0,10,0,-1,medium,medium,0.55,medium,2,,,,,none_allowed,negative_control,624129
F,F_00105,scissors_pass,semantic_only,0,0,0,0,1,0,0.0,10,0,-1,medium,medium,0.55,medium,2,,,,,none_allowed,negative_control,624129
F,F_00105,scissors_pass,posthoc_single,0,0,0,0,1,0,0.04400553,10,0,-1,medium,medium,0.55,medium,2,,,,,none_allowed,negative_control,624129
F,F_00105,scissors_pass,soft_penalty_fc,1,0,1,0,1,0,0.04400553,10,0,-1,medium,medium,0.55,medium,2,,,,,none_allowed,negative_control,624129
F,F_00106,scissors_pass,geometric_fc,1,0,1,0,1,0,0.04240965,10,0,-1,medium,medium,0.55,medium,2,,,,,none_allowed,negative_control,624130
F,F_00106,scissors_pass,oracle_sfc,0,0,0,0,1,0,0.0,10,0,-1,medium,medium,0.55,medium,2,,,,,none_allowed,negative_control,624130
F,F_00106,scissors_pass,semantic_only,0,0,0,0,1,0,0.0,10,0,-1,medium,medium,0.55,medium,2,,,,,none_allowed,negative_control,624130
F,F_00106,scissors_pass,posthoc_single,0,0,0,0,1,0,0.04240965,10,0,-1,medium,medium,0.55,medium,2,,,,,none_allowed,negative_control,624130
F,F_00106,scissors_pass,soft_penalty_fc,1,0,1,0,1,0,0.04240965,10,0,-1,medium,medium,0.55,medium,2,,,,,none_allowed,negative_control,624130
F,F_00107,scissors_pass,geometric_fc,1,0,1,0,1,0,0.03820479,10,0,-1,medium,medium,0.55,medium,2,,,,,none_allowed,negative_control,624131
F,F_00107,scissors_pass,oracle_sfc,0,0,0,0,1,0,0.0,10,0,-1,medium,medium,0.55,medium,2,,,,,none_allowed,negative_control,624131
F,F_00107,scissors_pass,semantic_only,0,0,0,0,1,0,0.0,10,0,-1,medium,medium,0.55,medium,2,,,,,none_allowed,negative_control,624131
F,F_00107,scissors_pass,posthoc_single,0,0,0,0,1,0,0.03820479,10,0,-1,medium,medium,0.55,medium,2,,,,,none_allowed,negative_control,624131
F,F_00107,scissors_pass,soft_penalty_fc,1,0,1,0,1,0,0.03820479,10,0,-1,medium,medium,0.55,medium,2,,,,,none_allowed,negative_control,624131
F,F_00108,scissors_pass,geometric_fc,1,0,1,0,1,0,0.04350497,10,0,-1,medium,medium,0.55,medium,2,,,,,none_allowed,negative_control,624132
F,F_00108,scissors_pass,oracle_sfc,0,0,0,0,1,0,0.0,10,0,-1,medium,medium,0.55,medium,2,,,,,none_allowed,negative_control,624132
F,F_00108,scissors_pass,semantic_only,0,0,0,0,1,0,0.0,10,0,-1,medium,medium,0.55,medium,2,,,,,none_allowed,negative_control,624132
F,F_00108,scissors_pass,posthoc_single,0,0,0,0,1,0,0.04350497,10,0,-1,medium,medium,0.55,medium,2,,,,,none_allowed,negative_control,624132
F,F_00108,scissors_pass,soft_penalty_fc,1,0,1,0,1,0,0.04350497,10,0,-1,medium,medium,0.55,medium,2,,,,,none_allowed,negative_control,624132
F,F_00109,scissors_pass,geometric_fc,1,0,1,0,1,0,0.04309966,10,0,-1,medium,medium,0.55,medium,2,,,,,none_allowed,negative_control,624133
F,F_00109,scissors_pass,oracle_sfc,0,0,0,0,1,0,0.0,10,0,-1,medium,medium,0.55,medium,2,,,,,none_allowed,negative_control,624133
F,F_00109,scissors_pass,semantic_only,0,0,0,0,1,0,0.0,10,0,-1,medium,medium,0.55,medium,2,,,,,none_allowed,negative_control,624133
F,F_00109,scissors_pass,posthoc_single,0,0,0,0,1,0,0.04309966,10,0,-1,medium,medium,0.55,medium,2,,,,,none_allowed,negative_control,624133
F,F_00109,scissors_pass,soft_penalty_fc,1,0,1,0,1,0,0.04309966,10,0,-1,medium,medium,0.55,medium,2,,,,,none_allowed,negative_control,624133
F,F_00110,scissors_pass,geometric_fc,1,0,1,0,1,0,0.04469138,10,0,-1,medium,medium,0.55,medium,2,,,,,none_allowed,negative_control,624134
F,F_00110,scissors_pass,oracle_sfc,0,0,0,0,1,0,0.0,10,0,-1,medium,medium,0.55,medium,2,,,,,none_allowed,negative_control,624134
F,F_00110,scissors_pass,semantic_only,0,0,0,0,1,0,0.0,10,0,-1,medium,medium,0.55,medium,2,,,,,none_allowed,negative_control,624134
F,F_00110,scissors_pass,posthoc_single,0,0,0,0,1,0,0.04469138,10,0,-1,medium,medium,0.55,medium,2,,,,,none_allowed,negative_control,624134
F,F_00110,scissors_pass,soft_penalty_fc,1,0,1,0,1,0,0.04469138,10,0,-1,medium,medium,0.55,medium,2,,,,,none_allowed,negative_control,624134
F,F_00111,scissors_pass,geometric_fc,1,0,1,0,1,0,0.03310683,10,0,-1,medium,medium,0.55,medium,2,,,,,none_allowed,negative_control,624135
F,F_00111,scissors_pass,oracle_sfc,0,0,0,0,1,0,0.0,10,0,-1,medium,medium,0.55,medium,2,,,,,none_allowed,negative_control,624135
F,F_00111,scissors_pass,semantic_only,0,0,0,0,1,0,0.0,10,0,-1,medium,medium,0.55,medium,2,,,,,none_allowed,negative_control,624135
F,F_00111,scissors_pass,posthoc_single,0,0,0,0,1,0,0.03310683,10,0,-1,medium,medium,0.55,medium,2,,,,,none_allowed,negative_control,624135
F,F_00111,scissors_pass,soft_penalty_fc,1,0,1,0,1,0,0.03310683,10,0,-1,medium,medium,0.55,medium,2,,,,,none_allowed,negative_control,624135
F,F_00112,scissors_pass,geometric_fc,1,0,1,0,1,0,0.04166589,10,0,-1,medium,medium,0.55,medium,2,,,,,none_allowed,negative_control,624136
F,F_00112,scissors_pass,oracle_sfc,0,0,0,0,1,0,0.0,10,0,-1,medium,medium,0.55,medium,2,,,,,none_allowed,negative_control,624136
F,F_00112,scissors_pass,semantic_only,0,0,0,0,1,0,0.0,10,0,-1,medium,medium,0.55,medium,2,,,,,none_allowed,negative_control,624136
F,F_00112,scissors_pass,posthoc_single,0,0,0,0,1,0,0.04166589,10,0,-1,medium,medium,0.55,medium,2,,,,,none_allowed,negative_control,624136
F,F_00112,scissors_pass,soft_penalty_fc,1,0,1,0,1,0,0.04166589,10,0,-1,medium,medium,0.55,medium,2,,,,,none_allowed,negative_control,624136
F,F_00113,syringe_handoff,geometric_fc,1,0,1,0,1,0,0.04025211,11,0,-1,medium,medium,0.55,medium,2,,,,,none_allowed,negative_control,624137
F,F_00113,syringe_handoff,oracle_sfc,0,0,0,0,1,0,0.0,11,0,-1,medium,medium,0.55,medium,2,,,,,none_allowed,negative_control,624137
F,F_00113,syringe_handoff,semantic_only,0,0,0,0,1,0,0.0,11,0,-1,medium,medium,0.55,medium,2,,,,,none_allowed,negative_control,624137
F,F_00113,syringe_handoff,posthoc_single,0,0,0,0,1,0,0.04025211,11,0,-1,medium,medium,0.55,medium,2,,,,,none_allowed,negative_control,624137
F,F_00113,syringe_handoff,soft_penalty_fc,1,0,1,0,1,0,0.04025211,11,0,-1,medium,medium,0.55,medium,2,,,,,none_allowed,negative_control,624137
F,F_00114,syringe_handoff,geometric_fc,1,0,1,0,1,0,0.04196606,11,0,-1,medium,medium,0.55,medium,2,,,,,none_allowed,negative_control,624138
F,F_00114,syringe_handoff,oracle_sfc,0,0,0,0,1,0,0.0,11,0,-1,medium,medium,0.55,medium,2,,,,,none_allowed,negative_control,624138
F,F_00114,syringe_handoff,semantic_only,0,0,0,0,1,0,0.0,11,0,-1,medium,medium,0.55,medium,2,,,,,none_allowed,negative_control,624138
F,F_00114,syringe_handoff,posthoc_single,0,0,0,0,1,0,0.04196606,11,0,-1,medium,medium,0.55,medium,2,,,,,none_allowed,negative_control,624138
F,F_00114,syringe_handoff,soft_penalty_fc,1,0,1,0,1,0,0.04196606,11,0,-1,medium,medium,0.55,medium,2,,,,,none_allowed,negative_control,624138
F,F_00115,syringe_handoff,geometric_fc,1,0,1,0,1,0,0.04130875,11,0,-1,medium,medium,0.55,medium,2,,,,,none_allowed,negative_control,624139
F,F_00115,syringe_handoff,oracle_sfc,0,0,0,0,1,0,0.0,11,0,-1,medium,medium,0.55,medium,2,,,,,none_allowed,negative_control,624139
F,F_00115,syringe_handoff,semantic_only,0,0,0,0,1,0,0.0,11,0,-1,medium,medium,0.55,medium,2,,,,,none_allowed,negative_control,624139
F,F_00115,syringe_handoff,posthoc_single,0,0,0,0,1,0,0.04130875,11,0,-1,medium,medium,0.55,medium,2,,,,,none_allowed,negative_control,624139
F,F_00115,syringe_handoff,soft_penalty_fc,1,0,1,0,1,0,0.04130875,11,0,-1,medium,medium,0.55,medium,2,,,,,none_allowed,negative_control,624139
F,F_00116,syringe_handoff,geometric_fc,1,0,1,0,1,0,0.04085208,11,0,-1,medium,medium,0.55,medium,2,,,,,none_allowed,negative_control,624140
F,F_00116,syringe_handoff,oracle_sfc,0,0,0,0,1,0,0.0,11,0,-1,medium,medium,0.55,medium,2,,,,,none_allowed,negative_control,624140
F,F_00116,syringe_handoff,semantic_only,0,0,0,0,1,0,0.0,11,0,-1,medium,medium,0.55,medium,2,,,,,none_allowed,negative_control,624140
F,F_00116,syringe_handoff,posthoc_single,0,0,0,0,1,0,0.04085208,11,0,-1,medium,medium,0.55,medium,2,,,,,none_allowed,negative_control,624140
F,F_00116,syringe_handoff,soft_penalty_fc,1,0,1,0,1,0,0.04085208,11,0,-1,medium,medium,0.55,medium,2,,,,,none_allowed,negative_control,624140
F,F_00117,syringe_handoff,geometric_fc,1,0,1,0,1,0,0.04221227,11,0,-1,medium,medium,0.55,medium,2,,,,,none_allowed,negative_control,624141
F,F_00117,syringe_handoff,oracle_sfc,0,0,0,0,1,0,0.0,11,0,-1,medium,medium,0.55,medium,2,,,,,none_allowed,negative_control,624141
F,F_00117,syringe_handoff,semantic_only,0,0,0,0,1,0,0.0,11,0,-1,medium,medium,0.55,medium,2,,,,,none_allowed,negative_control,624141
F,F_00117,syringe_handoff,posthoc_single,0,0,0,0,1,0,0.04221227,11,0,-1,medium,medium,0.55,medium,2,,,,,none_allowed,negative_control,624141
F,F_00117,syringe_handoff,soft_penalty_fc,1,0,1,0,1,0,0.04221227,11,0,-1,medium,medium,0.55,medium,2,,,,,none_allowed,negative_control,624141
F,F_00118,syringe_handoff,geometric_fc,1,0,1,0,1,0,0.04114832,11,0,-1,medium,medium,0.55,medium,2,,,,,none_allowed,negative_control,624142
F,F_00118,syringe_handoff,oracle_sfc,0,0,0,0,1,0,0.0,11,0,-1,medium,medium,0.55,medium,2,,,,,none_allowed,negative_control,624142
F,F_00118,syringe_handoff,semantic_only,0,0,0,0,1,0,0.0,11,0,-1,medium,medium,0.55,medium,2,,,,,none_allowed,negative_control,624142
F,F_00118,syringe_handoff,posthoc_single,0,0,0,0,1,0,0.04114832,11,0,-1,medium,medium,0.55,medium,2,,,,,none_allowed,negative_control,624142
F,F_00118,syringe_handoff,soft_penalty_fc,1,0,1,0,1,0,0.04114832,11,0,-1,medium,medium,0.55,medium,2,,,,,none_allowed,negative_control,624142
F,F_00119,syringe_handoff,geometric_fc,1,0,1,0,1,0,0.04105369,11,0,-1,medium,medium,0.55,medium,2,,,,,none_allowed,negative_control,624143
F,F_00119,syringe_handoff,oracle_sfc,0,0,0,0,1,0,0.0,11,0,-1,medium,medium,0.55,medium,2,,,,,none_allowed,negative_control,624143
F,F_00119,syringe_handoff,semantic_only,0,0,0,0,1,0,0.0,11,0,-1,medium,medium,0.55,medium,2,,,,,none_allowed,negative_control,624143
F,F_00119,syringe_handoff,posthoc_single,0,0,0,0,1,0,0.04105369,11,0,-1,medium,medium,0.55,medium,2,,,,,none_allowed,negative_control,624143
F,F_00119,syringe_handoff,soft_penalty_fc,1,0,1,0,1,0,0.04105369,11,0,-1,medium,medium,0.55,medium,2,,,,,none_allowed,negative_control,624143
F,F_00120,syringe_handoff,geometric_fc,1,0,1,0,1,0,0.04059274,11,0,-1,medium,medium,0.55,medium,2,,,,,none_allowed,negative_control,624144
F,F_00120,syringe_handoff,oracle_sfc,0,0,0,0,1,0,0.0,11,0,-1,medium,medium,0.55,medium,2,,,,,none_allowed,negative_control,624144
F,F_00120,syringe_handoff,semantic_only,0,0,0,0,1,0,0.0,11,0,-1,medium,medium,0.55,medium,2,,,,,none_allowed,negative_control,624144
F,F_00120,syringe_handoff,posthoc_single,0,0,0,0,1,0,0.04059274,11,0,-1,medium,medium,0.55,medium,2,,,,,none_allowed,negative_control,624144
F,F_00120,syringe_handoff,soft_penalty_fc,1,0,1,0,1,0,0.04059274,11,0,-1,medium,medium,0.55,medium,2,,,,,none_allowed,negative_control,624144
F,F_00121,pan_carry,geometric_fc,1,0,1,0,1,0,0.0330788,14,0,-1,medium,medium,0.55,medium,2,,,,,none_allowed,negative_control,624145
F,F_00121,pan_carry,oracle_sfc,0,0,0,0,1,0,0.0,14,0,-1,medium,medium,0.55,medium,2,,,,,none_allowed,negative_control,624145
F,F_00121,pan_carry,semantic_only,0,0,0,0,1,0,0.0,14,0,-1,medium,medium,0.55,medium,2,,,,,none_allowed,negative_control,624145
F,F_00121,pan_carry,posthoc_single,0,0,0,0,1,0,0.0330788,14,0,-1,medium,medium,0.55,medium,2,,,,,none_allowed,negative_control,624145
F,F_00121,pan_carry,soft_penalty_fc,1,0,1,0,1,0,0.0330788,14,0,-1,medium,medium,0.55,medium,2,,,,,none_allowed,negative_control,624145
F,F_00122,pan_carry,geometric_fc,1,0,1,0,1,0,0.03252511,14,0,-1,medium,medium,0.55,medium,2,,,,,none_allowed,negative_control,624146
F,F_00122,pan_carry,oracle_sfc,0,0,0,0,1,0,0.0,14,0,-1,medium,medium,0.55,medium,2,,,,,none_allowed,negative_control,624146
F,F_00122,pan_carry,semantic_only,0,0,0,0,1,0,0.0,14,0,-1,medium,medium,0.55,medium,2,,,,,none_allowed,negative_control,624146
F,F_00122,pan_carry,posthoc_single,0,0,0,0,1,0,0.03252511,14,0,-1,medium,medium,0.55,medium,2,,,,,none_allowed,negative_control,624146
F,F_00122,pan_carry,soft_penalty_fc,1,0,1,0,1,0,0.03252511,14,0,-1,medium,medium,0.55,medium,2,,,,,none_allowed,negative_control,624146
F,F_00123,pan_carry,geometric_fc,1,0,1,0,1,0,0.03326543,14,0,-1,medium,medium,0.55,medium,2,,,,,none_allowed,negative_control,624147
F,F_00123,pan_carry,oracle_sfc,0,0,0,0,1,0,0.0,14,0,-1,medium,medium,0.55,medium,2,,,,,none_allowed,negative_control,624147
F,F_00123,pan_carry,semantic_only,0,0,0,0,1,0,0.0,14,0,-1,medium,medium,0.55,medium,2,,,,,none_allowed,negative_control,624147
F,F_00123,pan_carry,posthoc_single,0,0,0,0,1,0,0.03326543,14,0,-1,medium,medium,0.55,medium,2,,,,,none_allowed,negative_control,624147
F,F_00123,pan_carry,soft_penalty_fc,1,0,1,0,1,0,0.03326543,14,0,-1,medium,medium,0.55,medium,2,,,,,none_allowed,negative_control,624147
F,F_00124,pan_carry,geometric_fc,1,0,1,0,1,0,0.03473298,14,0,-1,medium,medium,0.55,medium,2,,,,,none_allowed,negative_control,624148
F,F_00124,pan_carry,oracle_sfc,0,0,0,0,1,0,0.0,14,0,-1,medium,medium,0.55,medium,2,,,,,none_allowed,negative_control,624148
F,F_00124,pan_carry,semantic_only,0,0,0,0,1,0,0.0,14,0,-1,medium,medium,0.55,medium,2,,,,,none_allowed,negative_control,624148
F,F_00124,pan_carry,posthoc_single,0,0,0,0,1,0,0.03473298,14,0,-1,medium,medium,0.55,medium,2,,,,,none_allowed,negative_control,624148
F,F_00124,pan_carry,soft_penalty_fc,1,0,1,0,1,0,0.03473298,14,0,-1,medium,medium,0.55,medium,2,,,,,none_allowed,negative_control,624148
F,F_00125,pan_carry,geometric_fc,1,0,1,0,1,0,0.03217538,14,0,-1,medium,medium,0.55,medium,2,,,,,none_allowed,negative_control,624149
F,F_00125,pan_carry,oracle_sfc,0,0,0,0,1,0,0.0,14,0,-1,medium,medium,0.55,medium,2,,,,,none_allowed,negative_control,624149
F,F_00125,pan_carry,semantic_only,0,0,0,0,1,0,0.0,14,0,-1,medium,medium,0.55,medium,2,,,,,none_allowed,negative_control,624149
F,F_00125,pan_carry,posthoc_single,0,0,0,0,1,0,0.03217538,14,0,-1,medium,medium,0.55,medium,2,,,,,none_allowed,negative_control,624149
F,F_00125,pan_carry,soft_penalty_fc,1,0,1,0,1,0,0.03217538,14,0,-1,medium,medium,0.55,medium,2,,,,,none_allowed,negative_control,624149
F,F_00126,pan_carry,geometric_fc,1,0,1,0,1,0,0.03343599,14,0,-1,medium,medium,0.55,medium,2,,,,,none_allowed,negative_control,624150
F,F_00126,pan_carry,oracle_sfc,0,0,0,0,1,0,0.0,14,0,-1,medium,medium,0.55,medium,2,,,,,none_allowed,negative_control,624150
F,F_00126,pan_carry,semantic_only,0,0,0,0,1,0,0.0,14,0,-1,medium,medium,0.55,medium,2,,,,,none_allowed,negative_control,624150
F,F_00126,pan_carry,posthoc_single,0,0,0,0,1,0,0.03343599,14,0,-1,medium,medium,0.55,medium,2,,,,,none_allowed,negative_control,624150
F,F_00126,pan_carry,soft_penalty_fc,1,0,1,0,1,0,0.03343599,14,0,-1,medium,medium,0.55,medium,2,,,,,none_allowed,negative_control,624150
F,F_00127,pan_carry,geometric_fc,1,0,1,0,1,0,0.03548184,14,0,-1,medium,medium,0.55,medium,2,,,,,none_allowed,negative_control,624151
F,F_00127,pan_carry,oracle_sfc,0,0,0,0,1,0,0.0,14,0,-1,medium,medium,0.55,medium,2,,,,,none_allowed,negative_control,624151
F,F_00127,pan_carry,semantic_only,0,0,0,0,1,0,0.0,14,0,-1,medium,medium,0.55,medium,2,,,,,none_allowed,negative_control,624151
F,F_00127,pan_carry,posthoc_single,0,0,0,0,1,0,0.03548184,14,0,-1,medium,medium,0.55,medium,2,,,,,none_allowed,negative_control,624151
F,F_00127,pan_carry,soft_penalty_fc,1,0,1,0,1,0,0.03548184,14,0,-1,medium,medium,0.55,medium,2,,,,,none_allowed,negative_control,624151
F,F_00128,pan_carry,geometric_fc,1,0,1,0,1,0,0.03313979,14,0,-1,medium,medium,0.55,medium,2,,,,,none_allowed,negative_control,624152
F,F_00128,pan_carry,oracle_sfc,0,0,0,0,1,0,0.0,14,0,-1,medium,medium,0.55,medium,2,,,,,none_allowed,negative_control,624152
F,F_00128,pan_carry,semantic_only,0,0,0,0,1,0,0.0,14,0,-1,medium,medium,0.55,medium,2,,,,,none_allowed,negative_control,624152
F,F_00128,pan_carry,posthoc_single,0,0,0,0,1,0,0.03313979,14,0,-1,medium,medium,0.55,medium,2,,,,,none_allowed,negative_control,624152
F,F_00128,pan_carry,soft_penalty_fc,1,0,1,0,1,0,0.03313979,14,0,-1,medium,medium,0.55,medium,2,,,,,none_allowed,negative_control,624152
F,F_00129,knife_pass,geometric_fc,1,0,1,1,1,1,0.04038524,12,6,-1,medium,medium,0.55,medium,2,,,,,random_roles,negative_control,624153
F,F_00129,knife_pass,oracle_sfc,1,1,0,0,1,1,0.06873131,12,6,-1,medium,medium,0.55,medium,2,,,,,random_roles,negative_control,624153
F,F_00129,knife_pass,semantic_only,1,1,0,0,1,1,0.0,12,6,-1,medium,medium,0.55,medium,2,,,,,random_roles,negative_control,624153
F,F_00129,knife_pass,posthoc_single,0,0,0,1,1,1,0.04038524,12,6,-1,medium,medium,0.55,medium,2,,,,,random_roles,negative_control,624153
F,F_00129,knife_pass,soft_penalty_fc,1,0,1,1,1,1,0.04038524,12,6,-1,medium,medium,0.55,medium,2,,,,,random_roles,negative_control,624153
F,F_00130,knife_pass,geometric_fc,1,0,1,1,1,1,0.03908835,12,7,-1,medium,medium,0.55,medium,2,,,,,random_roles,negative_control,624154
F,F_00130,knife_pass,oracle_sfc,1,1,0,0,1,1,0.05867535,12,7,-1,medium,medium,0.55,medium,2,,,,,random_roles,negative_control,624154
F,F_00130,knife_pass,semantic_only,1,1,0,0,1,1,0.0,12,7,-1,medium,medium,0.55,medium,2,,,,,random_roles,negative_control,624154
F,F_00130,knife_pass,posthoc_single,0,0,0,1,1,1,0.03908835,12,7,-1,medium,medium,0.55,medium,2,,,,,random_roles,negative_control,624154
F,F_00130,knife_pass,soft_penalty_fc,1,0,1,1,1,1,0.03908835,12,7,-1,medium,medium,0.55,medium,2,,,,,random_roles,negative_control,624154
F,F_00131,knife_pass,geometric_fc,1,0,1,1,1,1,0.03892161,12,5,-1,medium,medium,0.55,medium,2,,,,,random_roles,negative_control,624155
F,F_00131,knife_pass,oracle_sfc,1,1,0,0,1,1,0.05690821,12,5,-1,medium,medium,0.55,medium,2,,,,,random_roles,negative_control,624155
F,F_00131,knife_pass,semantic_only,1,1,0,0,1,1,0.0,12,5,-1,medium,medium,0.55,medium,2,,,,,random_roles,negative_control,624155
F,F_00131,knife_pass,posthoc_single,0,0,0,1,1,1,0.03892161,12,5,-1,medium,medium,0.55,medium,2,,,,,random_roles,negative_control,624155
F,F_00131,knife_pass,soft_penalty_fc,1,0,1,1,1,1,0.03892161,12,5,-1,medium,medium,0.55,medium,2,,,,,random_roles,negative_control,624155
F,F_00132,knife_pass,geometric_fc,1,0,1,1,1,1,0.03922264,12,9,-1,medium,medium,0.55,medium,2,,,,,random_roles,negative_control,624156
F,F_00132,knife_pass,oracle_sfc,1,1,0,0,1,1,0.0496407,12,9,-1,medium,medium,0.55,medium,2,,,,,random_roles,negative_control,624156
F,F_00132,knife_pass,semantic_only,1,1,0,0,1,1,0.0,12,9,-1,medium,medium,0.55,medium,2,,,,,random_roles,negative_control,624156
F,F_00132,knife_pass,posthoc_single,0,0,0,1,1,1,0.03922264,12,9,-1,medium,medium,0.55,medium,2,,,,,random_roles,negative_control,624156
F,F_00132,knife_pass,soft_penalty_fc,1,0,1,1,1,1,0.03922264,12,9,-1,medium,medium,0.55,medium,2,,,,,random_roles,negative_control,624156
F,F_00133,knife_pass,geometric_fc,1,0,1,1,1,1,0.04037013,12,8,-1,medium,medium,0.55,medium,2,,,,,random_roles,negative_control,624157
F,F_00133,knife_pass,oracle_sfc,1,1,0,0,1,1,0.05971915,12,8,-1,medium,medium,0.55,medium,2,,,,,random_roles,negative_control,624157
F,F_00133,knife_pass,semantic_only,1,1,0,0,1,1,0.0,12,8,-1,medium,medium,0.55,medium,2,,,,,random_roles,negative_control,624157
F,F_00133,knife_pass,posthoc_single,0,0,0,1,1,1,0.04037013,12,8,-1,medium,medium,0.55,medium,2,,,,,random_roles,negative_control,624157
F,F_00133,knife_pass,soft_penalty_fc,1,0,1,1,1,1,0.04037013,12,8,-1,medium,medium,0.55,medium,2,,,,,random_roles,negative_control,624157
F,F_00134,knife_pass,geometric_fc,1,0,1,1,1,1,0.03714421,12,6,-1,medium,medium,0.55,medium,2,,,,,random_roles,negative_control,624158
F,F_00134,knife_pass,oracle_sfc,1,1,0,0,1,1,0.06085547,12,6,-1,medium,medium,0.55,medium,2,,,,,random_roles,negative_control,624158
F,F_00134,knife_pass,semantic_only,1,1,0,0,1,1,0.0,12,6,-1,medium,medium,0.55,medium,2,,,,,random_roles,negative_control,624158
F,F_00134,knife_pass,posthoc_single,0,0,0,1,1,1,0.03714421,12,6,-1,medium,medium,0.55,medium,2,,,,,random_roles,negative_control,624158
F,F_00134,knife_pass,soft_penalty_fc,1,0,1,1,1,1,0.03714421,12,6,-1,medium,medium,0.55,medium,2,,,,,random_roles,negative_control,624158
F,F_00135,knife_pass,geometric_fc,1,0,1,1,1,1,0.04008238,12,6,-1,medium,medium,0.55,medium,2,,,,,random_roles,negative_control,624159
F,F_00135,knife_pass,oracle_sfc,1,1,0,0,1,1,0.0622941,12,6,-1,medium,medium,0.55,medium,2,,,,,random_roles,negative_control,624159
F,F_00135,knife_pass,semantic_only,1,1,0,0,1,1,0.0,12,6,-1,medium,medium,0.55,medium,2,,,,,random_roles,negative_control,624159
F,F_00135,knife_pass,posthoc_single,0,0,0,1,1,1,0.04008238,12,6,-1,medium,medium,0.55,medium,2,,,,,random_roles,negative_control,624159
F,F_00135,knife_pass,soft_penalty_fc,1,0,1,1,1,1,0.04008238,12,6,-1,medium,medium,0.55,medium,2,,,,,random_roles,negative_control,624159
F,F_00136,knife_pass,geometric_fc,1,0,1,1,1,1,0.03947431,12,5,-1,medium,medium,0.55,medium,2,,,,,random_roles,negative_control,624160
F,F_00136,knife_pass,oracle_sfc,1,1,0,0,1,1,0.03779488,12,5,-1,medium,medium,0.55,medium,2,,,,,random_roles,negative_control,624160
F,F_00136,knife_pass,semantic_only,1,1,0,0,1,1,0.0,12,5,-1,medium,medium,0.55,medium,2,,,,,random_roles,negative_control,624160
F,F_00136,knife_pass,posthoc_single,0,0,0,1,1,1,0.03947431,12,5,-1,medium,medium,0.55,medium,2,,,,,random_roles,negative_control,624160
F,F_00136,knife_pass,soft_penalty_fc,1,0,1,1,1,1,0.03947431,12,5,-1,medium,medium,0.55,medium,2,,,,,random_roles,negative_control,624160
F,F_00137,mug_serve,geometric_fc,1,0,1,1,1,1,0.03441277,12,10,-1,medium,medium,0.55,medium,2,,,,,random_roles,negative_control,624161
F,F_00137,mug_serve,oracle_sfc,1,1,0,0,1,1,0.04266222,12,10,-1,medium,medium,0.55,medium,2,,,,,random_roles,negative_control,624161
F,F_00137,mug_serve,semantic_only,1,1,0,0,1,1,0.0,12,10,-1,medium,medium,0.55,medium,2,,,,,random_roles,negative_control,624161
F,F_00137,mug_serve,posthoc_single,0,0,0,1,1,1,0.03441277,12,10,-1,medium,medium,0.55,medium,2,,,,,random_roles,negative_control,624161
F,F_00137,mug_serve,soft_penalty_fc,1,0,1,1,1,1,0.03441277,12,10,-1,medium,medium,0.55,medium,2,,,,,random_roles,negative_control,624161
F,F_00138,mug_serve,geometric_fc,1,0,1,1,1,1,0.03614292,12,10,-1,medium,medium,0.55,medium,2,,,,,random_roles,negative_control,624162
F,F_00138,mug_serve,oracle_sfc,1,1,0,0,1,1,0.03936664,12,10,-1,medium,medium,0.55,medium,2,,,,,random_roles,negative_control,624162
F,F_00138,mug_serve,semantic_only,1,1,0,0,1,1,0.0,12,10,-1,medium,medium,0.55,medium,2,,,,,random_roles,negative_control,624162
F,F_00138,mug_serve,posthoc_single,0,0,0,1,1,1,0.03614292,12,10,-1,medium,medium,0.55,medium,2,,,,,random_roles,negative_control,624162
F,F_00138,mug_serve,soft_penalty_fc,1,0,1,1,1,1,0.03614292,12,10,-1,medium,medium,0.55,medium,2,,,,,random_roles,negative_control,624162
F,F_00139,mug_serve,geometric_fc,1,0,1,1,1,1,0.03517661,12,9,-1,medium,medium,0.55,medium,2,,,,,random_roles,negative_control,624163
F,F_00139,mug_serve,oracle_sfc,1,1,0,0,1,1,0.04568403,12,9,-1,medium,medium,0.55,medium,2,,,,,random_roles,negative_control,624163
F,F_00139,mug_serve,semantic_only,1,1,0,0,1,1,0.0,12,9,-1,medium,medium,0.55,medium,2,,,,,random_roles,negative_control,624163
F,F_00139,mug_serve,posthoc_single,0,0,0,1,1,1,0.03517661,12,9,-1,medium,medium,0.55,medium,2,,,,,random_roles,negative_control,624163
F,F_00139,mug_serve,soft_penalty_fc,1,0,1,1,1,1,0.03517661,12,9,-1,medium,medium,0.55,medium,2,,,,,random_roles,negative_control,624163
F,F_00140,mug_serve,geometric_fc,1,0,1,1,1,1,0.03700454,12,11,-1,medium,medium,0.55,medium,2,,,,,random_roles,negative_control,624164
F,F_00140,mug_serve,oracle_sfc,1,1,0,0,1,1,0.03878783,12,11,-1,medium,medium,0.55,medium,2,,,,,random_roles,negative_control,624164
F,F_00140,mug_serve,semantic_only,1,1,0,0,1,1,0.0,12,11,-1,medium,medium,0.55,medium,2,,,,,random_roles,negative_control,624164
F,F_00140,mug_serve,posthoc_single,0,0,0,1,1,1,0.03700454,12,11,-1,medium,medium,0.55,medium,2,,,,,random_roles,negative_control,624164
F,F_00140,mug_serve,soft_penalty_fc,1,0,1,1,1,1,0.03700454,12,11,-1,medium,medium,0.55,medium,2,,,,,random_roles,negative_control,624164
F,F_00141,mug_serve,geometric_fc,1,0,1,1,1,1,0.03361212,12,8,-1,medium,medium,0.55,medium,2,,,,,random_roles,negative_control,624165
F,F_00141,mug_serve,oracle_sfc,1,1,0,0,1,1,0.04878507,12,8,-1,medium,medium,0.55,medium,2,,,,,random_roles,negative_control,624165
F,F_00141,mug_serve,semantic_only,1,1,0,0,1,1,0.0,12,8,-1,medium,medium,0.55,medium,2,,,,,random_roles,negative_control,624165
F,F_00141,mug_serve,posthoc_single,0,0,0,1,1,1,0.03361212,12,8,-1,medium,medium,0.55,medium,2,,,,,random_roles,negative_control,624165
F,F_00141,mug_serve,soft_penalty_fc,1,0,1,1,1,1,0.03361212,12,8,-1,medium,medium,0.55,medium,2,,,,,random_roles,negative_control,624165
F,F_00142,mug_serve,geometric_fc,1,0,1,1,1,1,0.03572974,12,10,-1,medium,medium,0.55,medium,2,,,,,random_roles,negative_control,624166
F,F_00142,mug_serve,oracle_sfc,1,1,0,0,1,1,0.0444158,12,10,-1,medium,medium,0.55,medium,2,,,,,random_roles,negative_control,624166
F,F_00142,mug_serve,semantic_only,1,1,0,0,1,1,0.0,12,10,-1,medium,medium,0.55,medium,2,,,,,random_roles,negative_control,624166
F,F_00142,mug_serve,posthoc_single,0,0,0,1,1,1,0.03572974,12,10,-1,medium,medium,0.55,medium,2,,,,,random_roles,negative_control,624166
F,F_00142,mug_serve,soft_penalty_fc,1,0,1,1,1,1,0.03572974,12,10,-1,medium,medium,0.55,medium,2,,,,,random_roles,negative_control,624166
F,F_00143,mug_serve,geometric_fc,1,0,1,1,1,1,0.03441421,12,8,-1,medium,medium,0.55,medium,2,,,,,random_roles,negative_control,624167
F,F_00143,mug_serve,oracle_sfc,1,1,0,0,1,1,0.04630078,12,8,-1,medium,medium,0.55,medium,2,,,,,random_roles,negative_control,624167
F,F_00143,mug_serve,semantic_only,1,1,0,0,1,1,0.0,12,8,-1,medium,medium,0.55,medium,2,,,,,random_roles,negative_control,624167
F,F_00143,mug_serve,posthoc_single,0,0,0,1,1,1,0.03441421,12,8,-1,medium,medium,0.55,medium,2,,,,,random_roles,negative_control,624167
F,F_00143,mug_serve,soft_penalty_fc,1,0,1,1,1,1,0.03441421,12,8,-1,medium,medium,0.55,medium,2,,,,,random_roles,negative_control,624167
F,F_00144,mug_serve,geometric_fc,1,0,1,1,1,1,0.03515427,12,10,-1,medium,medium,0.55,medium,2,,,,,random_roles,negative_control,624168
F,F_00144,mug_serve,oracle_sfc,1,1,0,0,1,1,0.03769308,12,10,-1,medium,medium,0.55,medium,2,,,,,random_roles,negative_control,624168
F,F_00144,mug_serve,semantic_only,1,1,0,0,1,1,0.0,12,10,-1,medium,medium,0.55,medium,2,,,,,random_roles,negative_control,624168
F,F_00144,mug_serve,posthoc_single,0,0,0,1,1,1,0.03515427,12,10,-1,medium,medium,0.55,medium,2,,,,,random_roles,negative_control,624168
F,F_00144,mug_serve,soft_penalty_fc,1,0,1,1,1,1,0.03515427,12,10,-1,medium,medium,0.55,medium,2,,,,,random_roles,negative_control,624168
F,F_00145,phone_pick,geometric_fc,1,0,1,1,1,1,0.0368964,11,7,-1,medium,medium,0.55,medium,2,,,,,random_roles,negative_control,624169
F,F_00145,phone_pick,oracle_sfc,1,1,0,0,1,1,0.06314829,11,7,-1,medium,medium,0.55,medium,2,,,,,random_roles,negative_control,624169
F,F_00145,phone_pick,semantic_only,1,1,0,0,1,1,0.0,11,7,-1,medium,medium,0.55,medium,2,,,,,random_roles,negative_control,624169
F,F_00145,phone_pick,posthoc_single,0,0,0,1,1,1,0.0368964,11,7,-1,medium,medium,0.55,medium,2,,,,,random_roles,negative_control,624169
F,F_00145,phone_pick,soft_penalty_fc,1,0,1,1,1,1,0.0368964,11,7,-1,medium,medium,0.55,medium,2,,,,,random_roles,negative_control,624169
F,F_00146,phone_pick,geometric_fc,1,0,1,1,1,1,0.03838126,11,5,-1,medium,medium,0.55,medium,2,,,,,random_roles,negative_control,624170
F,F_00146,phone_pick,oracle_sfc,1,1,0,0,1,1,0.08975247,11,5,-1,medium,medium,0.55,medium,2,,,,,random_roles,negative_control,624170
F,F_00146,phone_pick,semantic_only,1,1,0,0,1,1,0.0,11,5,-1,medium,medium,0.55,medium,2,,,,,random_roles,negative_control,624170
F,F_00146,phone_pick,posthoc_single,0,0,0,1,1,1,0.03838126,11,5,-1,medium,medium,0.55,medium,2,,,,,random_roles,negative_control,624170
F,F_00146,phone_pick,soft_penalty_fc,1,0,1,1,1,1,0.03838126,11,5,-1,medium,medium,0.55,medium,2,,,,,random_roles,negative_control,624170
F,F_00147,phone_pick,geometric_fc,1,0,1,1,1,1,0.03807767,11,9,-1,medium,medium,0.55,medium,2,,,,,random_roles,negative_control,624171
F,F_00147,phone_pick,oracle_sfc,1,1,0,0,1,1,0.04246131,11,9,-1,medium,medium,0.55,medium,2,,,,,random_roles,negative_control,624171
F,F_00147,phone_pick,semantic_only,1,1,0,0,1,1,0.0,11,9,-1,medium,medium,0.55,medium,2,,,,,random_roles,negative_control,624171
F,F_00147,phone_pick,posthoc_single,0,0,0,1,1,1,0.03807767,11,9,-1,medium,medium,0.55,medium,2,,,,,random_roles,negative_control,624171
F,F_00147,phone_pick,soft_penalty_fc,1,0,1,1,1,1,0.03807767,11,9,-1,medium,medium,0.55,medium,2,,,,,random_roles,negative_control,624171
F,F_00148,phone_pick,geometric_fc,1,0,1,1,1,1,0.03767586,11,6,-1,medium,medium,0.55,medium,2,,,,,random_roles,negative_control,624172
F,F_00148,phone_pick,oracle_sfc,1,1,0,0,1,1,0.04399416,11,6,-1,medium,medium,0.55,medium,2,,,,,random_roles,negative_control,624172
F,F_00148,phone_pick,semantic_only,1,1,0,0,1,1,0.0,11,6,-1,medium,medium,0.55,medium,2,,,,,random_roles,negative_control,624172
F,F_00148,phone_pick,posthoc_single,0,0,0,1,1,1,0.03767586,11,6,-1,medium,medium,0.55,medium,2,,,,,random_roles,negative_control,624172
F,F_00148,phone_pick,soft_penalty_fc,1,0,1,1,1,1,0.03767586,11,6,-1,medium,medium,0.55,medium,2,,,,,random_roles,negative_control,624172
F,F_00149,phone_pick,geometric_fc,1,0,1,1,1,1,0.03762592,11,8,-1,medium,medium,0.55,medium,2,,,,,random_roles,negative_control,624173
F,F_00149,phone_pick,oracle_sfc,1,1,0,0,1,1,0.05285649,11,8,-1,medium,medium,0.55,medium,2,,,,,random_roles,negative_control,624173
F,F_00149,phone_pick,semantic_only,1,1,0,0,1,1,0.0,11,8,-1,medium,medium,0.55,medium,2,,,,,random_roles,negative_control,624173
F,F_00149,phone_pick,posthoc_single,0,0,0,1,1,1,0.03762592,11,8,-1,medium,medium,0.55,medium,2,,,,,random_roles,negative_control,624173
F,F_00149,phone_pick,soft_penalty_fc,1,0,1,1,1,1,0.03762592,11,8,-1,medium,medium,0.55,medium,2,,,,,random_roles,negative_control,624173
F,F_00150,phone_pick,geometric_fc,1,0,1,1,1,1,0.0368861,11,5,-1,medium,medium,0.55,medium,2,,,,,random_roles,negative_control,624174
F,F_00150,phone_pick,oracle_sfc,1,1,0,0,1,1,0.06321302,11,5,-1,medium,medium,0.55,medium,2,,,,,random_roles,negative_control,624174
F,F_00150,phone_pick,semantic_only,1,1,0,0,1,1,0.0,11,5,-1,medium,medium,0.55,medium,2,,,,,random_roles,negative_control,624174
F,F_00150,phone_pick,posthoc_single,0,0,0,1,1,1,0.0368861,11,5,-1,medium,medium,0.55,medium,2,,,,,random_roles,negative_control,624174
F,F_00150,phone_pick,soft_penalty_fc,1,0,1,1,1,1,0.0368861,11,5,-1,medium,medium,0.55,medium,2,,,,,random_roles,negative_control,624174
F,F_00151,phone_pick,geometric_fc,1,0,1,1,1,1,0.0381197,11,8,-1,medium,medium,0.55,medium,2,,,,,random_roles,negative_control,624175
F,F_00151,phone_pick,oracle_sfc,1,1,0,0,1,1,0.04867104,11,8,-1,medium,medium,0.55,medium,2,,,,,random_roles,negative_control,624175
F,F_00151,phone_pick,semantic_only,1,1,0,0,1,1,0.0,11,8,-1,medium,medium,0.55,medium,2,,,,,random_roles,negative_control,624175
F,F_00151,phone_pick,posthoc_single,0,0,0,1,1,1,0.0381197,11,8,-1,medium,medium,0.55,medium,2,,,,,random_roles,negative_control,624175
F,F_00151,phone_pick,soft_penalty_fc,1,0,1,1,1,1,0.0381197,11,8,-1,medium,medium,0.55,medium,2,,,,,random_roles,negative_control,624175
F,F_00152,phone_pick,geometric_fc,1,0,1,1,1,1,0.03743194,11,8,-1,medium,medium,0.55,medium,2,,,,,random_roles,negative_control,624176
F,F_00152,phone_pick,oracle_sfc,1,1,0,0,1,1,0.05560351,11,8,-1,medium,medium,0.55,medium,2,,,,,random_roles,negative_control,624176
F,F_00152,phone_pick,semantic_only,1,1,0,0,1,1,0.0,11,8,-1,medium,medium,0.55,medium,2,,,,,random_roles,negative_control,624176
F,F_00152,phone_pick,posthoc_single,0,0,0,1,1,1,0.03743194,11,8,-1,medium,medium,0.55,medium,2,,,,,random_roles,negative_control,624176
F,F_00152,phone_pick,soft_penalty_fc,1,0,1,1,1,1,0.03743194,11,8,-1,medium,medium,0.55,medium,2,,,,,random_roles,negative_control,624176
F,F_00153,spray_bottle_use,geometric_fc,1,0,1,1,1,1,0.0324683,12,6,-1,medium,medium,0.55,medium,2,,,,,random_roles,negative_control,624177
F,F_00153,spray_bottle_use,oracle_sfc,1,1,0,0,1,1,0.06694578,12,6,-1,medium,medium,0.55,medium,2,,,,,random_roles,negative_control,624177
F,F_00153,spray_bottle_use,semantic_only,1,1,0,0,1,1,0.0,12,6,-1,medium,medium,0.55,medium,2,,,,,random_roles,negative_control,624177
F,F_00153,spray_bottle_use,posthoc_single,0,0,0,1,1,1,0.0324683,12,6,-1,medium,medium,0.55,medium,2,,,,,random_roles,negative_control,624177
F,F_00153,spray_bottle_use,soft_penalty_fc,1,0,1,1,1,1,0.0324683,12,6,-1,medium,medium,0.55,medium,2,,,,,random_roles,negative_control,624177
F,F_00154,spray_bottle_use,geometric_fc,1,0,1,1,1,1,0.0333931,12,5,-1,medium,medium,0.55,medium,2,,,,,random_roles,negative_control,624178
F,F_00154,spray_bottle_use,oracle_sfc,1,1,0,0,1,1,0.07648179,12,5,-1,medium,medium,0.55,medium,2,,,,,random_roles,negative_control,624178
F,F_00154,spray_bottle_use,semantic_only,1,1,0,0,1,1,0.0,12,5,-1,medium,medium,0.55,medium,2,,,,,random_roles,negative_control,624178
F,F_00154,spray_bottle_use,posthoc_single,0,0,0,1,1,1,0.0333931,12,5,-1,medium,medium,0.55,medium,2,,,,,random_roles,negative_control,624178
F,F_00154,spray_bottle_use,soft_penalty_fc,1,0,1,1,1,1,0.0333931,12,5,-1,medium,medium,0.55,medium,2,,,,,random_roles,negative_control,624178
F,F_00155,spray_bottle_use,geometric_fc,1,0,1,1,1,1,0.03633662,12,8,-1,medium,medium,0.55,medium,2,,,,,random_roles,negative_control,624179
F,F_00155,spray_bottle_use,oracle_sfc,1,1,0,0,1,1,0.04941409,12,8,-1,medium,medium,0.55,medium,2,,,,,random_roles,negative_control,624179
F,F_00155,spray_bottle_use,semantic_only,1,1,0,0,1,1,0.0,12,8,-1,medium,medium,0.55,medium,2,,,,,random_roles,negative_control,624179
F,F_00155,spray_bottle_use,posthoc_single,0,0,0,1,1,1,0.03633662,12,8,-1,medium,medium,0.55,medium,2,,,,,random_roles,negative_control,624179
F,F_00155,spray_bottle_use,soft_penalty_fc,1,0,1,1,1,1,0.03633662,12,8,-1,medium,medium,0.55,medium,2,,,,,random_roles,negative_control,624179
F,F_00156,spray_bottle_use,geometric_fc,1,0,1,1,1,1,0.03145816,12,8,-1,medium,medium,0.55,medium,2,,,,,random_roles,negative_control,624180
F,F_00156,spray_bottle_use,oracle_sfc,1,1,0,0,1,1,0.05263723,12,8,-1,medium,medium,0.55,medium,2,,,,,random_roles,negative_control,624180
F,F_00156,spray_bottle_use,semantic_only,1,1,0,0,1,1,0.0,12,8,-1,medium,medium,0.55,medium,2,,,,,random_roles,negative_control,624180
F,F_00156,spray_bottle_use,posthoc_single,0,0,0,1,1,1,0.03145816,12,8,-1,medium,medium,0.55,medium,2,,,,,random_roles,negative_control,624180
F,F_00156,spray_bottle_use,soft_penalty_fc,1,0,1,1,1,1,0.03145816,12,8,-1,medium,medium,0.55,medium,2,,,,,random_roles,negative_control,624180
F,F_00157,spray_bottle_use,geometric_fc,1,0,1,1,1,1,0.0339158,12,6,-1,medium,medium,0.55,medium,2,,,,,random_roles,negative_control,624181
F,F_00157,spray_bottle_use,oracle_sfc,1,1,0,0,1,1,0.05635068,12,6,-1,medium,medium,0.55,medium,2,,,,,random_roles,negative_control,624181
F,F_00157,spray_bottle_use,semantic_only,1,1,0,0,1,1,0.0,12,6,-1,medium,medium,0.55,medium,2,,,,,random_roles,negative_control,624181
F,F_00157,spray_bottle_use,posthoc_single,0,0,0,1,1,1,0.0339158,12,6,-1,medium,medium,0.55,medium,2,,,,,random_roles,negative_control,624181
F,F_00157,spray_bottle_use,soft_penalty_fc,1,0,1,1,1,1,0.0339158,12,6,-1,medium,medium,0.55,medium,2,,,,,random_roles,negative_control,624181
F,F_00158,spray_bottle_use,geometric_fc,1,0,1,1,1,1,0.0364921,12,9,-1,medium,medium,0.55,medium,2,,,,,random_roles,negative_control,624182
F,F_00158,spray_bottle_use,oracle_sfc,1,1,0,0,1,1,0.05016183,12,9,-1,medium,medium,0.55,medium,2,,,,,random_roles,negative_control,624182
F,F_00158,spray_bottle_use,semantic_only,1,1,0,0,1,1,0.0,12,9,-1,medium,medium,0.55,medium,2,,,,,random_roles,negative_control,624182
F,F_00158,spray_bottle_use,posthoc_single,0,0,0,1,1,1,0.0364921,12,9,-1,medium,medium,0.55,medium,2,,,,,random_roles,negative_control,624182
F,F_00158,spray_bottle_use,soft_penalty_fc,1,0,1,1,1,1,0.0364921,12,9,-1,medium,medium,0.55,medium,2,,,,,random_roles,negative_control,624182
F,F_00159,spray_bottle_use,geometric_fc,1,0,1,1,1,1,0.03340487,12,7,-1,medium,medium,0.55,medium,2,,,,,random_roles,negative_control,624183
F,F_00159,spray_bottle_use,oracle_sfc,1,1,0,0,1,1,0.05046692,12,7,-1,medium,medium,0.55,medium,2,,,,,random_roles,negative_control,624183
F,F_00159,spray_bottle_use,semantic_only,1,1,0,0,1,1,0.0,12,7,-1,medium,medium,0.55,medium,2,,,,,random_roles,negative_control,624183
F,F_00159,spray_bottle_use,posthoc_single,0,0,0,1,1,1,0.03340487,12,7,-1,medium,medium,0.55,medium,2,,,,,random_roles,negative_control,624183
F,F_00159,spray_bottle_use,soft_penalty_fc,1,0,1,1,1,1,0.03340487,12,7,-1,medium,medium,0.55,medium,2,,,,,random_roles,negative_control,624183
F,F_00160,spray_bottle_use,geometric_fc,1,0,1,1,1,1,0.03341864,12,3,-1,medium,medium,0.55,medium,2,,,,,random_roles,negative_control,624184
F,F_00160,spray_bottle_use,oracle_sfc,1,1,0,0,1,1,0.11394765,12,3,-1,medium,medium,0.55,medium,2,,,,,random_roles,negative_control,624184
F,F_00160,spray_bottle_use,semantic_only,1,1,0,0,1,1,0.0,12,3,-1,medium,medium,0.55,medium,2,,,,,random_roles,negative_control,624184
F,F_00160,spray_bottle_use,posthoc_single,0,0,0,1,1,1,0.03341864,12,3,-1,medium,medium,0.55,medium,2,,,,,random_roles,negative_control,624184
F,F_00160,spray_bottle_use,soft_penalty_fc,1,0,1,1,1,1,0.03341864,12,3,-1,medium,medium,0.55,medium,2,,,,,random_roles,negative_control,624184
F,F_00161,apple_pick,geometric_fc,1,0,1,1,1,1,0.04341398,10,7,-1,medium,medium,0.55,medium,2,,,,,random_roles,negative_control,624185
F,F_00161,apple_pick,oracle_sfc,1,1,0,0,1,1,0.04121804,10,7,-1,medium,medium,0.55,medium,2,,,,,random_roles,negative_control,624185
F,F_00161,apple_pick,semantic_only,1,1,0,0,1,1,0.0,10,7,-1,medium,medium,0.55,medium,2,,,,,random_roles,negative_control,624185
F,F_00161,apple_pick,posthoc_single,0,0,0,1,1,1,0.04341398,10,7,-1,medium,medium,0.55,medium,2,,,,,random_roles,negative_control,624185
F,F_00161,apple_pick,soft_penalty_fc,1,0,1,1,1,1,0.04341398,10,7,-1,medium,medium,0.55,medium,2,,,,,random_roles,negative_control,624185
F,F_00162,apple_pick,geometric_fc,1,0,1,1,1,1,0.04800988,10,6,-1,medium,medium,0.55,medium,2,,,,,random_roles,negative_control,624186
F,F_00162,apple_pick,oracle_sfc,1,1,0,0,1,1,0.06296168,10,6,-1,medium,medium,0.55,medium,2,,,,,random_roles,negative_control,624186
F,F_00162,apple_pick,semantic_only,1,1,0,0,1,1,0.0,10,6,-1,medium,medium,0.55,medium,2,,,,,random_roles,negative_control,624186
F,F_00162,apple_pick,posthoc_single,0,0,0,1,1,1,0.04800988,10,6,-1,medium,medium,0.55,medium,2,,,,,random_roles,negative_control,624186
F,F_00162,apple_pick,soft_penalty_fc,1,0,1,1,1,1,0.04800988,10,6,-1,medium,medium,0.55,medium,2,,,,,random_roles,negative_control,624186
F,F_00163,apple_pick,geometric_fc,1,0,1,1,1,1,0.04398087,10,4,-1,medium,medium,0.55,medium,2,,,,,random_roles,negative_control,624187
F,F_00163,apple_pick,oracle_sfc,1,1,0,0,1,1,0.07797162,10,4,-1,medium,medium,0.55,medium,2,,,,,random_roles,negative_control,624187
F,F_00163,apple_pick,semantic_only,1,1,0,0,1,1,0.0,10,4,-1,medium,medium,0.55,medium,2,,,,,random_roles,negative_control,624187
F,F_00163,apple_pick,posthoc_single,0,0,0,1,1,1,0.04398087,10,4,-1,medium,medium,0.55,medium,2,,,,,random_roles,negative_control,624187
F,F_00163,apple_pick,soft_penalty_fc,1,0,1,1,1,1,0.04398087,10,4,-1,medium,medium,0.55,medium,2,,,,,random_roles,negative_control,624187
F,F_00164,apple_pick,geometric_fc,1,0,1,0,1,0,0.04732161,10,4,-1,medium,medium,0.55,medium,2,,,,,random_roles,negative_control,624188
F,F_00164,apple_pick,oracle_sfc,0,0,0,0,1,0,0.0,10,4,-1,medium,medium,0.55,medium,2,,,,,random_roles,negative_control,624188
F,F_00164,apple_pick,semantic_only,1,0,1,0,1,0,0.0,10,4,-1,medium,medium,0.55,medium,2,,,,,random_roles,negative_control,624188
F,F_00164,apple_pick,posthoc_single,0,0,0,0,1,0,0.04732161,10,4,-1,medium,medium,0.55,medium,2,,,,,random_roles,negative_control,624188
F,F_00164,apple_pick,soft_penalty_fc,1,0,1,0,1,0,0.04732161,10,4,-1,medium,medium,0.55,medium,2,,,,,random_roles,negative_control,624188
F,F_00165,apple_pick,geometric_fc,1,0,1,1,1,1,0.04382764,10,5,-1,medium,medium,0.55,medium,2,,,,,random_roles,negative_control,624189
F,F_00165,apple_pick,oracle_sfc,1,1,0,0,1,1,0.06471865,10,5,-1,medium,medium,0.55,medium,2,,,,,random_roles,negative_control,624189
F,F_00165,apple_pick,semantic_only,1,1,0,0,1,1,0.0,10,5,-1,medium,medium,0.55,medium,2,,,,,random_roles,negative_control,624189
F,F_00165,apple_pick,posthoc_single,0,0,0,1,1,1,0.04382764,10,5,-1,medium,medium,0.55,medium,2,,,,,random_roles,negative_control,624189
F,F_00165,apple_pick,soft_penalty_fc,1,0,1,1,1,1,0.04382764,10,5,-1,medium,medium,0.55,medium,2,,,,,random_roles,negative_control,624189
F,F_00166,apple_pick,geometric_fc,1,0,1,1,1,1,0.04492971,10,6,-1,medium,medium,0.55,medium,2,,,,,random_roles,negative_control,624190
F,F_00166,apple_pick,oracle_sfc,1,1,0,0,1,1,0.05873466,10,6,-1,medium,medium,0.55,medium,2,,,,,random_roles,negative_control,624190
F,F_00166,apple_pick,semantic_only,1,1,0,0,1,1,0.0,10,6,-1,medium,medium,0.55,medium,2,,,,,random_roles,negative_control,624190
F,F_00166,apple_pick,posthoc_single,0,0,0,1,1,1,0.04492971,10,6,-1,medium,medium,0.55,medium,2,,,,,random_roles,negative_control,624190
F,F_00166,apple_pick,soft_penalty_fc,1,0,1,1,1,1,0.04492971,10,6,-1,medium,medium,0.55,medium,2,,,,,random_roles,negative_control,624190
F,F_00167,apple_pick,geometric_fc,1,0,1,1,1,1,0.04113965,10,7,-1,medium,medium,0.55,medium,2,,,,,random_roles,negative_control,624191
F,F_00167,apple_pick,oracle_sfc,1,1,0,0,1,1,0.05355673,10,7,-1,medium,medium,0.55,medium,2,,,,,random_roles,negative_control,624191
F,F_00167,apple_pick,semantic_only,1,1,0,0,1,1,0.0,10,7,-1,medium,medium,0.55,medium,2,,,,,random_roles,negative_control,624191
F,F_00167,apple_pick,posthoc_single,0,0,0,1,1,1,0.04113965,10,7,-1,medium,medium,0.55,medium,2,,,,,random_roles,negative_control,624191
F,F_00167,apple_pick,soft_penalty_fc,1,0,1,1,1,1,0.04113965,10,7,-1,medium,medium,0.55,medium,2,,,,,random_roles,negative_control,624191
F,F_00168,apple_pick,geometric_fc,1,0,1,1,1,1,0.04055113,10,4,-1,medium,medium,0.55,medium,2,,,,,random_roles,negative_control,624192
F,F_00168,apple_pick,oracle_sfc,1,1,0,0,1,1,0.08088505,10,4,-1,medium,medium,0.55,medium,2,,,,,random_roles,negative_control,624192
F,F_00168,apple_pick,semantic_only,1,1,0,0,1,1,0.0,10,4,-1,medium,medium,0.55,medium,2,,,,,random_roles,negative_control,624192
F,F_00168,apple_pick,posthoc_single,0,0,0,1,1,1,0.04055113,10,4,-1,medium,medium,0.55,medium,2,,,,,random_roles,negative_control,624192
F,F_00168,apple_pick,soft_penalty_fc,1,0,1,1,1,1,0.04055113,10,4,-1,medium,medium,0.55,medium,2,,,,,random_roles,negative_control,624192
F,F_00169,scissors_pass,geometric_fc,1,0,1,1,1,1,0.03989304,10,4,-1,medium,medium,0.55,medium,2,,,,,random_roles,negative_control,624193
F,F_00169,scissors_pass,oracle_sfc,1,1,0,0,1,1,0.09078547,10,4,-1,medium,medium,0.55,medium,2,,,,,random_roles,negative_control,624193
F,F_00169,scissors_pass,semantic_only,1,1,0,0,1,1,0.0,10,4,-1,medium,medium,0.55,medium,2,,,,,random_roles,negative_control,624193
F,F_00169,scissors_pass,posthoc_single,0,0,0,1,1,1,0.03989304,10,4,-1,medium,medium,0.55,medium,2,,,,,random_roles,negative_control,624193
F,F_00169,scissors_pass,soft_penalty_fc,1,0,1,1,1,1,0.03989304,10,4,-1,medium,medium,0.55,medium,2,,,,,random_roles,negative_control,624193
F,F_00170,scissors_pass,geometric_fc,1,0,1,0,1,0,0.04063392,10,2,-1,medium,medium,0.55,medium,2,,,,,random_roles,negative_control,624194
F,F_00170,scissors_pass,oracle_sfc,0,0,0,0,1,0,0.0,10,2,-1,medium,medium,0.55,medium,2,,,,,random_roles,negative_control,624194
F,F_00170,scissors_pass,semantic_only,0,0,0,0,1,0,0.0,10,2,-1,medium,medium,0.55,medium,2,,,,,random_roles,negative_control,624194
F,F_00170,scissors_pass,posthoc_single,0,0,0,0,1,0,0.04063392,10,2,-1,medium,medium,0.55,medium,2,,,,,random_roles,negative_control,624194
F,F_00170,scissors_pass,soft_penalty_fc,1,0,1,0,1,0,0.04063392,10,2,-1,medium,medium,0.55,medium,2,,,,,random_roles,negative_control,624194
F,F_00171,scissors_pass,geometric_fc,1,0,1,1,1,1,0.04071069,10,6,-1,medium,medium,0.55,medium,2,,,,,random_roles,negative_control,624195
F,F_00171,scissors_pass,oracle_sfc,1,1,0,0,1,1,0.069375,10,6,-1,medium,medium,0.55,medium,2,,,,,random_roles,negative_control,624195
F,F_00171,scissors_pass,semantic_only,1,1,0,0,1,1,0.0,10,6,-1,medium,medium,0.55,medium,2,,,,,random_roles,negative_control,624195
F,F_00171,scissors_pass,posthoc_single,0,0,0,1,1,1,0.04071069,10,6,-1,medium,medium,0.55,medium,2,,,,,random_roles,negative_control,624195
F,F_00171,scissors_pass,soft_penalty_fc,1,0,1,1,1,1,0.04071069,10,6,-1,medium,medium,0.55,medium,2,,,,,random_roles,negative_control,624195
F,F_00172,scissors_pass,geometric_fc,1,0,1,1,1,1,0.03839916,10,6,-1,medium,medium,0.55,medium,2,,,,,random_roles,negative_control,624196
F,F_00172,scissors_pass,oracle_sfc,1,1,0,0,1,1,0.06166748,10,6,-1,medium,medium,0.55,medium,2,,,,,random_roles,negative_control,624196
F,F_00172,scissors_pass,semantic_only,1,1,0,0,1,1,0.0,10,6,-1,medium,medium,0.55,medium,2,,,,,random_roles,negative_control,624196
F,F_00172,scissors_pass,posthoc_single,0,0,0,1,1,1,0.03839916,10,6,-1,medium,medium,0.55,medium,2,,,,,random_roles,negative_control,624196
F,F_00172,scissors_pass,soft_penalty_fc,1,0,1,1,1,1,0.03839916,10,6,-1,medium,medium,0.55,medium,2,,,,,random_roles,negative_control,624196
F,F_00173,scissors_pass,geometric_fc,1,0,1,1,1,1,0.03989257,10,3,-1,medium,medium,0.55,medium,2,,,,,random_roles,negative_control,624197
F,F_00173,scissors_pass,oracle_sfc,1,1,0,0,1,1,0.10372458,10,3,-1,medium,medium,0.55,medium,2,,,,,random_roles,negative_control,624197
F,F_00173,scissors_pass,semantic_only,1,1,0,0,1,1,0.0,10,3,-1,medium,medium,0.55,medium,2,,,,,random_roles,negative_control,624197
F,F_00173,scissors_pass,posthoc_single,0,0,0,1,1,1,0.03989257,10,3,-1,medium,medium,0.55,medium,2,,,,,random_roles,negative_control,624197
F,F_00173,scissors_pass,soft_penalty_fc,1,0,1,1,1,1,0.03989257,10,3,-1,medium,medium,0.55,medium,2,,,,,random_roles,negative_control,624197
F,F_00174,scissors_pass,geometric_fc,1,0,1,1,1,1,0.04281128,10,4,-1,medium,medium,0.55,medium,2,,,,,random_roles,negative_control,624198
F,F_00174,scissors_pass,oracle_sfc,1,1,0,0,1,1,0.10336785,10,4,-1,medium,medium,0.55,medium,2,,,,,random_roles,negative_control,624198
F,F_00174,scissors_pass,semantic_only,1,1,0,0,1,1,0.0,10,4,-1,medium,medium,0.55,medium,2,,,,,random_roles,negative_control,624198
F,F_00174,scissors_pass,posthoc_single,0,0,0,1,1,1,0.04281128,10,4,-1,medium,medium,0.55,medium,2,,,,,random_roles,negative_control,624198
F,F_00174,scissors_pass,soft_penalty_fc,1,0,1,1,1,1,0.04281128,10,4,-1,medium,medium,0.55,medium,2,,,,,random_roles,negative_control,624198
F,F_00175,scissors_pass,geometric_fc,1,0,1,1,1,1,0.04143464,10,5,-1,medium,medium,0.55,medium,2,,,,,random_roles,negative_control,624199
F,F_00175,scissors_pass,oracle_sfc,1,1,0,0,1,1,0.088923,10,5,-1,medium,medium,0.55,medium,2,,,,,random_roles,negative_control,624199
F,F_00175,scissors_pass,semantic_only,1,1,0,0,1,1,0.0,10,5,-1,medium,medium,0.55,medium,2,,,,,random_roles,negative_control,624199
F,F_00175,scissors_pass,posthoc_single,0,0,0,1,1,1,0.04143464,10,5,-1,medium,medium,0.55,medium,2,,,,,random_roles,negative_control,624199
F,F_00175,scissors_pass,soft_penalty_fc,1,0,1,1,1,1,0.04143464,10,5,-1,medium,medium,0.55,medium,2,,,,,random_roles,negative_control,624199
F,F_00176,scissors_pass,geometric_fc,1,0,1,1,1,1,0.04009348,10,4,-1,medium,medium,0.55,medium,2,,,,,random_roles,negative_control,624200
F,F_00176,scissors_pass,oracle_sfc,1,1,0,0,1,1,0.07246719,10,4,-1,medium,medium,0.55,medium,2,,,,,random_roles,negative_control,624200
F,F_00176,scissors_pass,semantic_only,1,1,0,0,1,1,0.0,10,4,-1,medium,medium,0.55,medium,2,,,,,random_roles,negative_control,624200
F,F_00176,scissors_pass,posthoc_single,0,0,0,1,1,1,0.04009348,10,4,-1,medium,medium,0.55,medium,2,,,,,random_roles,negative_control,624200
F,F_00176,scissors_pass,soft_penalty_fc,1,0,1,1,1,1,0.04009348,10,4,-1,medium,medium,0.55,medium,2,,,,,random_roles,negative_control,624200
F,F_00177,syringe_handoff,geometric_fc,1,0,1,1,1,1,0.04030922,11,5,-1,medium,medium,0.55,medium,2,,,,,random_roles,negative_control,624201
F,F_00177,syringe_handoff,oracle_sfc,1,1,0,0,1,1,0.07553073,11,5,-1,medium,medium,0.55,medium,2,,,,,random_roles,negative_control,624201
F,F_00177,syringe_handoff,semantic_only,1,1,0,0,1,1,0.0,11,5,-1,medium,medium,0.55,medium,2,,,,,random_roles,negative_control,624201
F,F_00177,syringe_handoff,posthoc_single,0,0,0,1,1,1,0.04030922,11,5,-1,medium,medium,0.55,medium,2,,,,,random_roles,negative_control,624201
F,F_00177,syringe_handoff,soft_penalty_fc,1,0,1,1,1,1,0.04030922,11,5,-1,medium,medium,0.55,medium,2,,,,,random_roles,negative_control,624201
F,F_00178,syringe_handoff,geometric_fc,1,0,1,1,1,1,0.03877592,11,3,-1,medium,medium,0.55,medium,2,,,,,random_roles,negative_control,624202
F,F_00178,syringe_handoff,oracle_sfc,1,1,0,0,1,1,0.12711687,11,3,-1,medium,medium,0.55,medium,2,,,,,random_roles,negative_control,624202
F,F_00178,syringe_handoff,semantic_only,1,1,0,0,1,1,0.0,11,3,-1,medium,medium,0.55,medium,2,,,,,random_roles,negative_control,624202
F,F_00178,syringe_handoff,posthoc_single,0,0,0,1,1,1,0.03877592,11,3,-1,medium,medium,0.55,medium,2,,,,,random_roles,negative_control,624202
F,F_00178,syringe_handoff,soft_penalty_fc,1,0,1,1,1,1,0.03877592,11,3,-1,medium,medium,0.55,medium,2,,,,,random_roles,negative_control,624202
F,F_00179,syringe_handoff,geometric_fc,1,0,1,1,1,1,0.03938098,11,5,-1,medium,medium,0.55,medium,2,,,,,random_roles,negative_control,624203
F,F_00179,syringe_handoff,oracle_sfc,1,1,0,0,1,1,0.05519867,11,5,-1,medium,medium,0.55,medium,2,,,,,random_roles,negative_control,624203
F,F_00179,syringe_handoff,semantic_only,1,1,0,0,1,1,0.0,11,5,-1,medium,medium,0.55,medium,2,,,,,random_roles,negative_control,624203
F,F_00179,syringe_handoff,posthoc_single,0,0,0,1,1,1,0.03938098,11,5,-1,medium,medium,0.55,medium,2,,,,,random_roles,negative_control,624203
F,F_00179,syringe_handoff,soft_penalty_fc,1,0,1,1,1,1,0.03938098,11,5,-1,medium,medium,0.55,medium,2,,,,,random_roles,negative_control,624203
F,F_00180,syringe_handoff,geometric_fc,1,0,1,1,1,1,0.03972574,11,5,-1,medium,medium,0.55,medium,2,,,,,random_roles,negative_control,624204
F,F_00180,syringe_handoff,oracle_sfc,1,1,0,0,1,1,0.08944593,11,5,-1,medium,medium,0.55,medium,2,,,,,random_roles,negative_control,624204
F,F_00180,syringe_handoff,semantic_only,1,1,0,0,1,1,0.0,11,5,-1,medium,medium,0.55,medium,2,,,,,random_roles,negative_control,624204
F,F_00180,syringe_handoff,posthoc_single,0,0,0,1,1,1,0.03972574,11,5,-1,medium,medium,0.55,medium,2,,,,,random_roles,negative_control,624204
F,F_00180,syringe_handoff,soft_penalty_fc,1,0,1,1,1,1,0.03972574,11,5,-1,medium,medium,0.55,medium,2,,,,,random_roles,negative_control,624204
F,F_00181,syringe_handoff,geometric_fc,1,0,1,0,1,0,0.03957498,11,2,-1,medium,medium,0.55,medium,2,,,,,random_roles,negative_control,624205
F,F_00181,syringe_handoff,oracle_sfc,0,0,0,0,1,0,0.0,11,2,-1,medium,medium,0.55,medium,2,,,,,random_roles,negative_control,624205
F,F_00181,syringe_handoff,semantic_only,0,0,0,0,1,0,0.0,11,2,-1,medium,medium,0.55,medium,2,,,,,random_roles,negative_control,624205
F,F_00181,syringe_handoff,posthoc_single,0,0,0,0,1,0,0.03957498,11,2,-1,medium,medium,0.55,medium,2,,,,,random_roles,negative_control,624205
F,F_00181,syringe_handoff,soft_penalty_fc,1,0,1,0,1,0,0.03957498,11,2,-1,medium,medium,0.55,medium,2,,,,,random_roles,negative_control,624205
F,F_00182,syringe_handoff,geometric_fc,1,0,1,1,1,1,0.03811541,11,5,-1,medium,medium,0.55,medium,2,,,,,random_roles,negative_control,624206
F,F_00182,syringe_handoff,oracle_sfc,1,1,0,0,1,1,0.07165029,11,5,-1,medium,medium,0.55,medium,2,,,,,random_roles,negative_control,624206
F,F_00182,syringe_handoff,semantic_only,1,1,0,0,1,1,0.0,11,5,-1,medium,medium,0.55,medium,2,,,,,random_roles,negative_control,624206
F,F_00182,syringe_handoff,posthoc_single,0,0,0,1,1,1,0.03811541,11,5,-1,medium,medium,0.55,medium,2,,,,,random_roles,negative_control,624206
F,F_00182,syringe_handoff,soft_penalty_fc,1,0,1,1,1,1,0.03811541,11,5,-1,medium,medium,0.55,medium,2,,,,,random_roles,negative_control,624206
F,F_00183,syringe_handoff,geometric_fc,1,0,1,1,1,1,0.04065959,11,6,-1,medium,medium,0.55,medium,2,,,,,random_roles,negative_control,624207
F,F_00183,syringe_handoff,oracle_sfc,1,1,0,0,1,1,0.06367785,11,6,-1,medium,medium,0.55,medium,2,,,,,random_roles,negative_control,624207
F,F_00183,syringe_handoff,semantic_only,1,1,0,0,1,1,0.0,11,6,-1,medium,medium,0.55,medium,2,,,,,random_roles,negative_control,624207
F,F_00183,syringe_handoff,posthoc_single,0,0,0,1,1,1,0.04065959,11,6,-1,medium,medium,0.55,medium,2,,,,,random_roles,negative_control,624207
F,F_00183,syringe_handoff,soft_penalty_fc,1,0,1,1,1,1,0.04065959,11,6,-1,medium,medium,0.55,medium,2,,,,,random_roles,negative_control,624207
F,F_00184,syringe_handoff,geometric_fc,1,0,1,0,1,0,0.03902732,11,2,-1,medium,medium,0.55,medium,2,,,,,random_roles,negative_control,624208
F,F_00184,syringe_handoff,oracle_sfc,0,0,0,0,1,0,0.0,11,2,-1,medium,medium,0.55,medium,2,,,,,random_roles,negative_control,624208
F,F_00184,syringe_handoff,semantic_only,0,0,0,0,1,0,0.0,11,2,-1,medium,medium,0.55,medium,2,,,,,random_roles,negative_control,624208
F,F_00184,syringe_handoff,posthoc_single,0,0,0,0,1,0,0.03902732,11,2,-1,medium,medium,0.55,medium,2,,,,,random_roles,negative_control,624208
F,F_00184,syringe_handoff,soft_penalty_fc,1,0,1,0,1,0,0.03902732,11,2,-1,medium,medium,0.55,medium,2,,,,,random_roles,negative_control,624208
F,F_00185,pan_carry,geometric_fc,1,0,1,1,1,1,0.03210485,14,9,-1,medium,medium,0.55,medium,2,,,,,random_roles,negative_control,624209
F,F_00185,pan_carry,oracle_sfc,1,1,0,0,1,1,0.03447497,14,9,-1,medium,medium,0.55,medium,2,,,,,random_roles,negative_control,624209
F,F_00185,pan_carry,semantic_only,1,1,0,0,1,1,0.0,14,9,-1,medium,medium,0.55,medium,2,,,,,random_roles,negative_control,624209
F,F_00185,pan_carry,posthoc_single,0,0,0,1,1,1,0.03210485,14,9,-1,medium,medium,0.55,medium,2,,,,,random_roles,negative_control,624209
F,F_00185,pan_carry,soft_penalty_fc,1,0,1,1,1,1,0.03210485,14,9,-1,medium,medium,0.55,medium,2,,,,,random_roles,negative_control,624209
F,F_00186,pan_carry,geometric_fc,1,0,1,1,1,1,0.03412059,14,6,-1,medium,medium,0.55,medium,2,,,,,random_roles,negative_control,624210
F,F_00186,pan_carry,oracle_sfc,1,1,0,0,1,1,0.06247986,14,6,-1,medium,medium,0.55,medium,2,,,,,random_roles,negative_control,624210
F,F_00186,pan_carry,semantic_only,1,1,0,0,1,1,0.0,14,6,-1,medium,medium,0.55,medium,2,,,,,random_roles,negative_control,624210
F,F_00186,pan_carry,posthoc_single,0,0,0,1,1,1,0.03412059,14,6,-1,medium,medium,0.55,medium,2,,,,,random_roles,negative_control,624210
F,F_00186,pan_carry,soft_penalty_fc,1,0,1,1,1,1,0.03412059,14,6,-1,medium,medium,0.55,medium,2,,,,,random_roles,negative_control,624210
F,F_00187,pan_carry,geometric_fc,1,0,1,1,1,1,0.03383463,14,7,-1,medium,medium,0.55,medium,2,,,,,random_roles,negative_control,624211
F,F_00187,pan_carry,oracle_sfc,1,1,0,0,1,1,0.05306088,14,7,-1,medium,medium,0.55,medium,2,,,,,random_roles,negative_control,624211
F,F_00187,pan_carry,semantic_only,1,1,0,0,1,1,0.0,14,7,-1,medium,medium,0.55,medium,2,,,,,random_roles,negative_control,624211
F,F_00187,pan_carry,posthoc_single,0,0,0,1,1,1,0.03383463,14,7,-1,medium,medium,0.55,medium,2,,,,,random_roles,negative_control,624211
F,F_00187,pan_carry,soft_penalty_fc,1,0,1,1,1,1,0.03383463,14,7,-1,medium,medium,0.55,medium,2,,,,,random_roles,negative_control,624211
F,F_00188,pan_carry,geometric_fc,1,0,1,1,1,1,0.0338456,14,8,-1,medium,medium,0.55,medium,2,,,,,random_roles,negative_control,624212
F,F_00188,pan_carry,oracle_sfc,1,1,0,0,1,1,0.05725128,14,8,-1,medium,medium,0.55,medium,2,,,,,random_roles,negative_control,624212
F,F_00188,pan_carry,semantic_only,1,1,0,0,1,1,0.0,14,8,-1,medium,medium,0.55,medium,2,,,,,random_roles,negative_control,624212
F,F_00188,pan_carry,posthoc_single,0,0,0,1,1,1,0.0338456,14,8,-1,medium,medium,0.55,medium,2,,,,,random_roles,negative_control,624212
F,F_00188,pan_carry,soft_penalty_fc,1,0,1,1,1,1,0.0338456,14,8,-1,medium,medium,0.55,medium,2,,,,,random_roles,negative_control,624212
F,F_00189,pan_carry,geometric_fc,1,0,1,0,1,0,0.03332859,14,3,-1,medium,medium,0.55,medium,2,,,,,random_roles,negative_control,624213
F,F_00189,pan_carry,oracle_sfc,0,0,0,0,1,0,0.0,14,3,-1,medium,medium,0.55,medium,2,,,,,random_roles,negative_control,624213
F,F_00189,pan_carry,semantic_only,1,0,1,0,1,0,0.0,14,3,-1,medium,medium,0.55,medium,2,,,,,random_roles,negative_control,624213
F,F_00189,pan_carry,posthoc_single,0,0,0,0,1,0,0.03332859,14,3,-1,medium,medium,0.55,medium,2,,,,,random_roles,negative_control,624213
F,F_00189,pan_carry,soft_penalty_fc,1,0,1,0,1,0,0.03332859,14,3,-1,medium,medium,0.55,medium,2,,,,,random_roles,negative_control,624213
F,F_00190,pan_carry,geometric_fc,1,0,1,1,1,1,0.03436421,14,5,-1,medium,medium,0.55,medium,2,,,,,random_roles,negative_control,624214
F,F_00190,pan_carry,oracle_sfc,1,1,0,0,1,1,0.0787592,14,5,-1,medium,medium,0.55,medium,2,,,,,random_roles,negative_control,624214
F,F_00190,pan_carry,semantic_only,1,1,0,0,1,1,0.0,14,5,-1,medium,medium,0.55,medium,2,,,,,random_roles,negative_control,624214
F,F_00190,pan_carry,posthoc_single,0,0,0,1,1,1,0.03436421,14,5,-1,medium,medium,0.55,medium,2,,,,,random_roles,negative_control,624214
F,F_00190,pan_carry,soft_penalty_fc,1,0,1,1,1,1,0.03436421,14,5,-1,medium,medium,0.55,medium,2,,,,,random_roles,negative_control,624214
F,F_00191,pan_carry,geometric_fc,1,0,1,1,1,1,0.03402487,14,6,-1,medium,medium,0.55,medium,2,,,,,random_roles,negative_control,624215
F,F_00191,pan_carry,oracle_sfc,1,1,0,0,1,1,0.07014146,14,6,-1,medium,medium,0.55,medium,2,,,,,random_roles,negative_control,624215
F,F_00191,pan_carry,semantic_only,1,1,0,0,1,1,0.0,14,6,-1,medium,medium,0.55,medium,2,,,,,random_roles,negative_control,624215
F,F_00191,pan_carry,posthoc_single,0,0,0,1,1,1,0.03402487,14,6,-1,medium,medium,0.55,medium,2,,,,,random_roles,negative_control,624215
F,F_00191,pan_carry,soft_penalty_fc,1,0,1,1,1,1,0.03402487,14,6,-1,medium,medium,0.55,medium,2,,,,,random_roles,negative_control,624215
F,F_00192,pan_carry,geometric_fc,1,0,1,1,1,1,0.03390148,14,7,-1,medium,medium,0.55,medium,2,,,,,random_roles,negative_control,624216
F,F_00192,pan_carry,oracle_sfc,1,1,0,0,1,1,0.06872992,14,7,-1,medium,medium,0.55,medium,2,,,,,random_roles,negative_control,624216
F,F_00192,pan_carry,semantic_only,1,1,0,0,1,1,0.0,14,7,-1,medium,medium,0.55,medium,2,,,,,random_roles,negative_control,624216
F,F_00192,pan_carry,posthoc_single,0,0,0,1,1,1,0.03390148,14,7,-1,medium,medium,0.55,medium,2,,,,,random_roles,negative_control,624216
F,F_00192,pan_carry,soft_penalty_fc,1,0,1,1,1,1,0.03390148,14,7,-1,medium,medium,0.55,medium,2,,,,,random_roles,negative_control,624216
F,F_00193,knife_pass,geometric_fc,0,0,0,0,0,0,0.0,6,6,-1,medium,medium,0.55,medium,2,,,,,geometrically_infeasible,negative_control,624217
F,F_00193,knife_pass,oracle_sfc,0,0,0,0,0,0,0.0,6,6,-1,medium,medium,0.55,medium,2,,,,,geometrically_infeasible,negative_control,624217
F,F_00193,knife_pass,semantic_only,1,0,1,0,0,0,0.0,6,6,-1,medium,medium,0.55,medium,2,,,,,geometrically_infeasible,negative_control,624217
F,F_00193,knife_pass,posthoc_single,0,0,0,0,0,0,0.0,6,6,-1,medium,medium,0.55,medium,2,,,,,geometrically_infeasible,negative_control,624217
F,F_00193,knife_pass,soft_penalty_fc,0,0,0,0,0,0,0.0,6,6,-1,medium,medium,0.55,medium,2,,,,,geometrically_infeasible,negative_control,624217
F,F_00194,knife_pass,geometric_fc,0,0,0,0,0,0,0.0,6,6,-1,medium,medium,0.55,medium,2,,,,,geometrically_infeasible,negative_control,624218
F,F_00194,knife_pass,oracle_sfc,0,0,0,0,0,0,0.0,6,6,-1,medium,medium,0.55,medium,2,,,,,geometrically_infeasible,negative_control,624218
F,F_00194,knife_pass,semantic_only,1,0,1,0,0,0,0.0,6,6,-1,medium,medium,0.55,medium,2,,,,,geometrically_infeasible,negative_control,624218
F,F_00194,knife_pass,posthoc_single,0,0,0,0,0,0,0.0,6,6,-1,medium,medium,0.55,medium,2,,,,,geometrically_infeasible,negative_control,624218
F,F_00194,knife_pass,soft_penalty_fc,0,0,0,0,0,0,0.0,6,6,-1,medium,medium,0.55,medium,2,,,,,geometrically_infeasible,negative_control,624218
F,F_00195,knife_pass,geometric_fc,0,0,0,0,0,0,0.0,6,6,-1,medium,medium,0.55,medium,2,,,,,geometrically_infeasible,negative_control,624219
F,F_00195,knife_pass,oracle_sfc,0,0,0,0,0,0,0.0,6,6,-1,medium,medium,0.55,medium,2,,,,,geometrically_infeasible,negative_control,624219
F,F_00195,knife_pass,semantic_only,1,0,1,0,0,0,0.0,6,6,-1,medium,medium,0.55,medium,2,,,,,geometrically_infeasible,negative_control,624219
F,F_00195,knife_pass,posthoc_single,0,0,0,0,0,0,0.0,6,6,-1,medium,medium,0.55,medium,2,,,,,geometrically_infeasible,negative_control,624219
F,F_00195,knife_pass,soft_penalty_fc,0,0,0,0,0,0,0.0,6,6,-1,medium,medium,0.55,medium,2,,,,,geometrically_infeasible,negative_control,624219
F,F_00196,knife_pass,geometric_fc,0,0,0,0,0,0,0.0,6,6,-1,medium,medium,0.55,medium,2,,,,,geometrically_infeasible,negative_control,624220
F,F_00196,knife_pass,oracle_sfc,0,0,0,0,0,0,0.0,6,6,-1,medium,medium,0.55,medium,2,,,,,geometrically_infeasible,negative_control,624220
F,F_00196,knife_pass,semantic_only,1,0,1,0,0,0,0.0,6,6,-1,medium,medium,0.55,medium,2,,,,,geometrically_infeasible,negative_control,624220
F,F_00196,knife_pass,posthoc_single,0,0,0,0,0,0,0.0,6,6,-1,medium,medium,0.55,medium,2,,,,,geometrically_infeasible,negative_control,624220
F,F_00196,knife_pass,soft_penalty_fc,0,0,0,0,0,0,0.0,6,6,-1,medium,medium,0.55,medium,2,,,,,geometrically_infeasible,negative_control,624220
F,F_00197,knife_pass,geometric_fc,0,0,0,0,0,0,0.0,6,6,-1,medium,medium,0.55,medium,2,,,,,geometrically_infeasible,negative_control,624221
F,F_00197,knife_pass,oracle_sfc,0,0,0,0,0,0,0.0,6,6,-1,medium,medium,0.55,medium,2,,,,,geometrically_infeasible,negative_control,624221
F,F_00197,knife_pass,semantic_only,1,0,1,0,0,0,0.0,6,6,-1,medium,medium,0.55,medium,2,,,,,geometrically_infeasible,negative_control,624221
F,F_00197,knife_pass,posthoc_single,0,0,0,0,0,0,0.0,6,6,-1,medium,medium,0.55,medium,2,,,,,geometrically_infeasible,negative_control,624221
F,F_00197,knife_pass,soft_penalty_fc,0,0,0,0,0,0,0.0,6,6,-1,medium,medium,0.55,medium,2,,,,,geometrically_infeasible,negative_control,624221
F,F_00198,knife_pass,geometric_fc,0,0,0,0,0,0,0.0,6,6,-1,medium,medium,0.55,medium,2,,,,,geometrically_infeasible,negative_control,624222
F,F_00198,knife_pass,oracle_sfc,0,0,0,0,0,0,0.0,6,6,-1,medium,medium,0.55,medium,2,,,,,geometrically_infeasible,negative_control,624222
F,F_00198,knife_pass,semantic_only,1,0,1,0,0,0,0.0,6,6,-1,medium,medium,0.55,medium,2,,,,,geometrically_infeasible,negative_control,624222
F,F_00198,knife_pass,posthoc_single,0,0,0,0,0,0,0.0,6,6,-1,medium,medium,0.55,medium,2,,,,,geometrically_infeasible,negative_control,624222
F,F_00198,knife_pass,soft_penalty_fc,0,0,0,0,0,0,0.0,6,6,-1,medium,medium,0.55,medium,2,,,,,geometrically_infeasible,negative_control,624222
F,F_00199,knife_pass,geometric_fc,0,0,0,0,0,0,0.0,6,6,-1,medium,medium,0.55,medium,2,,,,,geometrically_infeasible,negative_control,624223
F,F_00199,knife_pass,oracle_sfc,0,0,0,0,0,0,0.0,6,6,-1,medium,medium,0.55,medium,2,,,,,geometrically_infeasible,negative_control,624223
F,F_00199,knife_pass,semantic_only,1,0,1,0,0,0,0.0,6,6,-1,medium,medium,0.55,medium,2,,,,,geometrically_infeasible,negative_control,624223
F,F_00199,knife_pass,posthoc_single,0,0,0,0,0,0,0.0,6,6,-1,medium,medium,0.55,medium,2,,,,,geometrically_infeasible,negative_control,624223
F,F_00199,knife_pass,soft_penalty_fc,0,0,0,0,0,0,0.0,6,6,-1,medium,medium,0.55,medium,2,,,,,geometrically_infeasible,negative_control,624223
F,F_00200,knife_pass,geometric_fc,0,0,0,0,0,0,0.0,6,6,-1,medium,medium,0.55,medium,2,,,,,geometrically_infeasible,negative_control,624224
F,F_00200,knife_pass,oracle_sfc,0,0,0,0,0,0,0.0,6,6,-1,medium,medium,0.55,medium,2,,,,,geometrically_infeasible,negative_control,624224
F,F_00200,knife_pass,semantic_only,1,0,1,0,0,0,0.0,6,6,-1,medium,medium,0.55,medium,2,,,,,geometrically_infeasible,negative_control,624224
F,F_00200,knife_pass,posthoc_single,0,0,0,0,0,0,0.0,6,6,-1,medium,medium,0.55,medium,2,,,,,geometrically_infeasible,negative_control,624224
F,F_00200,knife_pass,soft_penalty_fc,0,0,0,0,0,0,0.0,6,6,-1,medium,medium,0.55,medium,2,,,,,geometrically_infeasible,negative_control,624224
F,F_00201,mug_serve,geometric_fc,0,0,0,0,0,0,0.0,6,6,-1,medium,medium,0.55,medium,2,,,,,geometrically_infeasible,negative_control,624225
F,F_00201,mug_serve,oracle_sfc,0,0,0,0,0,0,0.0,6,6,-1,medium,medium,0.55,medium,2,,,,,geometrically_infeasible,negative_control,624225
F,F_00201,mug_serve,semantic_only,1,0,1,0,0,0,0.0,6,6,-1,medium,medium,0.55,medium,2,,,,,geometrically_infeasible,negative_control,624225
F,F_00201,mug_serve,posthoc_single,0,0,0,0,0,0,0.0,6,6,-1,medium,medium,0.55,medium,2,,,,,geometrically_infeasible,negative_control,624225
F,F_00201,mug_serve,soft_penalty_fc,0,0,0,0,0,0,0.0,6,6,-1,medium,medium,0.55,medium,2,,,,,geometrically_infeasible,negative_control,624225
F,F_00202,mug_serve,geometric_fc,0,0,0,0,0,0,0.0,6,6,-1,medium,medium,0.55,medium,2,,,,,geometrically_infeasible,negative_control,624226
F,F_00202,mug_serve,oracle_sfc,0,0,0,0,0,0,0.0,6,6,-1,medium,medium,0.55,medium,2,,,,,geometrically_infeasible,negative_control,624226
F,F_00202,mug_serve,semantic_only,1,0,1,0,0,0,0.0,6,6,-1,medium,medium,0.55,medium,2,,,,,geometrically_infeasible,negative_control,624226
F,F_00202,mug_serve,posthoc_single,0,0,0,0,0,0,0.0,6,6,-1,medium,medium,0.55,medium,2,,,,,geometrically_infeasible,negative_control,624226
F,F_00202,mug_serve,soft_penalty_fc,0,0,0,0,0,0,0.0,6,6,-1,medium,medium,0.55,medium,2,,,,,geometrically_infeasible,negative_control,624226
F,F_00203,mug_serve,geometric_fc,0,0,0,0,0,0,0.0,6,6,-1,medium,medium,0.55,medium,2,,,,,geometrically_infeasible,negative_control,624227
F,F_00203,mug_serve,oracle_sfc,0,0,0,0,0,0,0.0,6,6,-1,medium,medium,0.55,medium,2,,,,,geometrically_infeasible,negative_control,624227
F,F_00203,mug_serve,semantic_only,1,0,1,0,0,0,0.0,6,6,-1,medium,medium,0.55,medium,2,,,,,geometrically_infeasible,negative_control,624227
F,F_00203,mug_serve,posthoc_single,0,0,0,0,0,0,0.0,6,6,-1,medium,medium,0.55,medium,2,,,,,geometrically_infeasible,negative_control,624227
F,F_00203,mug_serve,soft_penalty_fc,0,0,0,0,0,0,0.0,6,6,-1,medium,medium,0.55,medium,2,,,,,geometrically_infeasible,negative_control,624227
F,F_00204,mug_serve,geometric_fc,0,0,0,0,0,0,0.0,6,6,-1,medium,medium,0.55,medium,2,,,,,geometrically_infeasible,negative_control,624228
F,F_00204,mug_serve,oracle_sfc,0,0,0,0,0,0,0.0,6,6,-1,medium,medium,0.55,medium,2,,,,,geometrically_infeasible,negative_control,624228
F,F_00204,mug_serve,semantic_only,1,0,1,0,0,0,0.0,6,6,-1,medium,medium,0.55,medium,2,,,,,geometrically_infeasible,negative_control,624228
F,F_00204,mug_serve,posthoc_single,0,0,0,0,0,0,0.0,6,6,-1,medium,medium,0.55,medium,2,,,,,geometrically_infeasible,negative_control,624228
F,F_00204,mug_serve,soft_penalty_fc,0,0,0,0,0,0,0.0,6,6,-1,medium,medium,0.55,medium,2,,,,,geometrically_infeasible,negative_control,624228
F,F_00205,mug_serve,geometric_fc,0,0,0,0,0,0,0.0,6,6,-1,medium,medium,0.55,medium,2,,,,,geometrically_infeasible,negative_control,624229
F,F_00205,mug_serve,oracle_sfc,0,0,0,0,0,0,0.0,6,6,-1,medium,medium,0.55,medium,2,,,,,geometrically_infeasible,negative_control,624229
F,F_00205,mug_serve,semantic_only,1,0,1,0,0,0,0.0,6,6,-1,medium,medium,0.55,medium,2,,,,,geometrically_infeasible,negative_control,624229
F,F_00205,mug_serve,posthoc_single,0,0,0,0,0,0,0.0,6,6,-1,medium,medium,0.55,medium,2,,,,,geometrically_infeasible,negative_control,624229
F,F_00205,mug_serve,soft_penalty_fc,0,0,0,0,0,0,0.0,6,6,-1,medium,medium,0.55,medium,2,,,,,geometrically_infeasible,negative_control,624229
F,F_00206,mug_serve,geometric_fc,0,0,0,0,0,0,0.0,6,6,-1,medium,medium,0.55,medium,2,,,,,geometrically_infeasible,negative_control,624230
F,F_00206,mug_serve,oracle_sfc,0,0,0,0,0,0,0.0,6,6,-1,medium,medium,0.55,medium,2,,,,,geometrically_infeasible,negative_control,624230
F,F_00206,mug_serve,semantic_only,1,0,1,0,0,0,0.0,6,6,-1,medium,medium,0.55,medium,2,,,,,geometrically_infeasible,negative_control,624230
F,F_00206,mug_serve,posthoc_single,0,0,0,0,0,0,0.0,6,6,-1,medium,medium,0.55,medium,2,,,,,geometrically_infeasible,negative_control,624230
F,F_00206,mug_serve,soft_penalty_fc,0,0,0,0,0,0,0.0,6,6,-1,medium,medium,0.55,medium,2,,,,,geometrically_infeasible,negative_control,624230
F,F_00207,mug_serve,geometric_fc,0,0,0,0,0,0,0.0,6,6,-1,medium,medium,0.55,medium,2,,,,,geometrically_infeasible,negative_control,624231
F,F_00207,mug_serve,oracle_sfc,0,0,0,0,0,0,0.0,6,6,-1,medium,medium,0.55,medium,2,,,,,geometrically_infeasible,negative_control,624231
F,F_00207,mug_serve,semantic_only,1,0,1,0,0,0,0.0,6,6,-1,medium,medium,0.55,medium,2,,,,,geometrically_infeasible,negative_control,624231
F,F_00207,mug_serve,posthoc_single,0,0,0,0,0,0,0.0,6,6,-1,medium,medium,0.55,medium,2,,,,,geometrically_infeasible,negative_control,624231
F,F_00207,mug_serve,soft_penalty_fc,0,0,0,0,0,0,0.0,6,6,-1,medium,medium,0.55,medium,2,,,,,geometrically_infeasible,negative_control,624231
F,F_00208,mug_serve,geometric_fc,0,0,0,0,0,0,0.0,6,6,-1,medium,medium,0.55,medium,2,,,,,geometrically_infeasible,negative_control,624232
F,F_00208,mug_serve,oracle_sfc,0,0,0,0,0,0,0.0,6,6,-1,medium,medium,0.55,medium,2,,,,,geometrically_infeasible,negative_control,624232
F,F_00208,mug_serve,semantic_only,1,0,1,0,0,0,0.0,6,6,-1,medium,medium,0.55,medium,2,,,,,geometrically_infeasible,negative_control,624232
F,F_00208,mug_serve,posthoc_single,0,0,0,0,0,0,0.0,6,6,-1,medium,medium,0.55,medium,2,,,,,geometrically_infeasible,negative_control,624232
F,F_00208,mug_serve,soft_penalty_fc,0,0,0,0,0,0,0.0,6,6,-1,medium,medium,0.55,medium,2,,,,,geometrically_infeasible,negative_control,624232
F,F_00209,phone_pick,geometric_fc,0,0,0,0,0,0,0.0,5,5,-1,medium,medium,0.55,medium,2,,,,,geometrically_infeasible,negative_control,624233
F,F_00209,phone_pick,oracle_sfc,0,0,0,0,0,0,0.0,5,5,-1,medium,medium,0.55,medium,2,,,,,geometrically_infeasible,negative_control,624233
F,F_00209,phone_pick,semantic_only,1,0,1,0,0,0,0.0,5,5,-1,medium,medium,0.55,medium,2,,,,,geometrically_infeasible,negative_control,624233
F,F_00209,phone_pick,posthoc_single,0,0,0,0,0,0,0.0,5,5,-1,medium,medium,0.55,medium,2,,,,,geometrically_infeasible,negative_control,624233
F,F_00209,phone_pick,soft_penalty_fc,0,0,0,0,0,0,0.0,5,5,-1,medium,medium,0.55,medium,2,,,,,geometrically_infeasible,negative_control,624233
F,F_00210,phone_pick,geometric_fc,0,0,0,0,0,0,0.0,5,5,-1,medium,medium,0.55,medium,2,,,,,geometrically_infeasible,negative_control,624234
F,F_00210,phone_pick,oracle_sfc,0,0,0,0,0,0,0.0,5,5,-1,medium,medium,0.55,medium,2,,,,,geometrically_infeasible,negative_control,624234
F,F_00210,phone_pick,semantic_only,1,0,1,0,0,0,0.0,5,5,-1,medium,medium,0.55,medium,2,,,,,geometrically_infeasible,negative_control,624234
F,F_00210,phone_pick,posthoc_single,0,0,0,0,0,0,0.0,5,5,-1,medium,medium,0.55,medium,2,,,,,geometrically_infeasible,negative_control,624234
F,F_00210,phone_pick,soft_penalty_fc,0,0,0,0,0,0,0.0,5,5,-1,medium,medium,0.55,medium,2,,,,,geometrically_infeasible,negative_control,624234
F,F_00211,phone_pick,geometric_fc,0,0,0,0,0,0,0.0,5,5,-1,medium,medium,0.55,medium,2,,,,,geometrically_infeasible,negative_control,624235
F,F_00211,phone_pick,oracle_sfc,0,0,0,0,0,0,0.0,5,5,-1,medium,medium,0.55,medium,2,,,,,geometrically_infeasible,negative_control,624235
F,F_00211,phone_pick,semantic_only,1,0,1,0,0,0,0.0,5,5,-1,medium,medium,0.55,medium,2,,,,,geometrically_infeasible,negative_control,624235
F,F_00211,phone_pick,posthoc_single,0,0,0,0,0,0,0.0,5,5,-1,medium,medium,0.55,medium,2,,,,,geometrically_infeasible,negative_control,624235
F,F_00211,phone_pick,soft_penalty_fc,0,0,0,0,0,0,0.0,5,5,-1,medium,medium,0.55,medium,2,,,,,geometrically_infeasible,negative_control,624235
F,F_00212,phone_pick,geometric_fc,0,0,0,0,0,0,0.0,5,5,-1,medium,medium,0.55,medium,2,,,,,geometrically_infeasible,negative_control,624236
F,F_00212,phone_pick,oracle_sfc,0,0,0,0,0,0,0.0,5,5,-1,medium,medium,0.55,medium,2,,,,,geometrically_infeasible,negative_control,624236
F,F_00212,phone_pick,semantic_only,1,0,1,0,0,0,0.0,5,5,-1,medium,medium,0.55,medium,2,,,,,geometrically_infeasible,negative_control,624236
F,F_00212,phone_pick,posthoc_single,0,0,0,0,0,0,0.0,5,5,-1,medium,medium,0.55,medium,2,,,,,geometrically_infeasible,negative_control,624236
F,F_00212,phone_pick,soft_penalty_fc,0,0,0,0,0,0,0.0,5,5,-1,medium,medium,0.55,medium,2,,,,,geometrically_infeasible,negative_control,624236
F,F_00213,phone_pick,geometric_fc,0,0,0,0,0,0,0.0,5,5,-1,medium,medium,0.55,medium,2,,,,,geometrically_infeasible,negative_control,624237
F,F_00213,phone_pick,oracle_sfc,0,0,0,0,0,0,0.0,5,5,-1,medium,medium,0.55,medium,2,,,,,geometrically_infeasible,negative_control,624237
F,F_00213,phone_pick,semantic_only,1,0,1,0,0,0,0.0,5,5,-1,medium,medium,0.55,medium,2,,,,,geometrically_infeasible,negative_control,624237
F,F_00213,phone_pick,posthoc_single,0,0,0,0,0,0,0.0,5,5,-1,medium,medium,0.55,medium,2,,,,,geometrically_infeasible,negative_control,624237
F,F_00213,phone_pick,soft_penalty_fc,0,0,0,0,0,0,0.0,5,5,-1,medium,medium,0.55,medium,2,,,,,geometrically_infeasible,negative_control,624237
F,F_00214,phone_pick,geometric_fc,0,0,0,0,0,0,0.0,5,5,-1,medium,medium,0.55,medium,2,,,,,geometrically_infeasible,negative_control,624238
F,F_00214,phone_pick,oracle_sfc,0,0,0,0,0,0,0.0,5,5,-1,medium,medium,0.55,medium,2,,,,,geometrically_infeasible,negative_control,624238
F,F_00214,phone_pick,semantic_only,1,0,1,0,0,0,0.0,5,5,-1,medium,medium,0.55,medium,2,,,,,geometrically_infeasible,negative_control,624238
F,F_00214,phone_pick,posthoc_single,0,0,0,0,0,0,0.0,5,5,-1,medium,medium,0.55,medium,2,,,,,geometrically_infeasible,negative_control,624238
F,F_00214,phone_pick,soft_penalty_fc,0,0,0,0,0,0,0.0,5,5,-1,medium,medium,0.55,medium,2,,,,,geometrically_infeasible,negative_control,624238
F,F_00215,phone_pick,geometric_fc,0,0,0,0,0,0,0.0,5,5,-1,medium,medium,0.55,medium,2,,,,,geometrically_infeasible,negative_control,624239
F,F_00215,phone_pick,oracle_sfc,0,0,0,0,0,0,0.0,5,5,-1,medium,medium,0.55,medium,2,,,,,geometrically_infeasible,negative_control,624239
F,F_00215,phone_pick,semantic_only,1,0,1,0,0,0,0.0,5,5,-1,medium,medium,0.55,medium,2,,,,,geometrically_infeasible,negative_control,624239
F,F_00215,phone_pick,posthoc_single,0,0,0,0,0,0,0.0,5,5,-1,medium,medium,0.55,medium,2,,,,,geometrically_infeasible,negative_control,624239
F,F_00215,phone_pick,soft_penalty_fc,0,0,0,0,0,0,0.0,5,5,-1,medium,medium,0.55,medium,2,,,,,geometrically_infeasible,negative_control,624239
F,F_00216,phone_pick,geometric_fc,0,0,0,0,0,0,0.0,5,5,-1,medium,medium,0.55,medium,2,,,,,geometrically_infeasible,negative_control,624240
F,F_00216,phone_pick,oracle_sfc,0,0,0,0,0,0,0.0,5,5,-1,medium,medium,0.55,medium,2,,,,,geometrically_infeasible,negative_control,624240
F,F_00216,phone_pick,semantic_only,1,0,1,0,0,0,0.0,5,5,-1,medium,medium,0.55,medium,2,,,,,geometrically_infeasible,negative_control,624240
F,F_00216,phone_pick,posthoc_single,0,0,0,0,0,0,0.0,5,5,-1,medium,medium,0.55,medium,2,,,,,geometrically_infeasible,negative_control,624240
F,F_00216,phone_pick,soft_penalty_fc,0,0,0,0,0,0,0.0,5,5,-1,medium,medium,0.55,medium,2,,,,,geometrically_infeasible,negative_control,624240
F,F_00217,spray_bottle_use,geometric_fc,0,0,0,0,0,0,0.0,6,6,-1,medium,medium,0.55,medium,2,,,,,geometrically_infeasible,negative_control,624241
F,F_00217,spray_bottle_use,oracle_sfc,0,0,0,0,0,0,0.0,6,6,-1,medium,medium,0.55,medium,2,,,,,geometrically_infeasible,negative_control,624241
F,F_00217,spray_bottle_use,semantic_only,1,0,1,0,0,0,0.0,6,6,-1,medium,medium,0.55,medium,2,,,,,geometrically_infeasible,negative_control,624241
F,F_00217,spray_bottle_use,posthoc_single,0,0,0,0,0,0,0.0,6,6,-1,medium,medium,0.55,medium,2,,,,,geometrically_infeasible,negative_control,624241
F,F_00217,spray_bottle_use,soft_penalty_fc,0,0,0,0,0,0,0.0,6,6,-1,medium,medium,0.55,medium,2,,,,,geometrically_infeasible,negative_control,624241
F,F_00218,spray_bottle_use,geometric_fc,0,0,0,0,0,0,0.0,6,6,-1,medium,medium,0.55,medium,2,,,,,geometrically_infeasible,negative_control,624242
F,F_00218,spray_bottle_use,oracle_sfc,0,0,0,0,0,0,0.0,6,6,-1,medium,medium,0.55,medium,2,,,,,geometrically_infeasible,negative_control,624242
F,F_00218,spray_bottle_use,semantic_only,1,0,1,0,0,0,0.0,6,6,-1,medium,medium,0.55,medium,2,,,,,geometrically_infeasible,negative_control,624242
F,F_00218,spray_bottle_use,posthoc_single,0,0,0,0,0,0,0.0,6,6,-1,medium,medium,0.55,medium,2,,,,,geometrically_infeasible,negative_control,624242
F,F_00218,spray_bottle_use,soft_penalty_fc,0,0,0,0,0,0,0.0,6,6,-1,medium,medium,0.55,medium,2,,,,,geometrically_infeasible,negative_control,624242
F,F_00219,spray_bottle_use,geometric_fc,0,0,0,0,0,0,0.0,6,6,-1,medium,medium,0.55,medium,2,,,,,geometrically_infeasible,negative_control,624243
F,F_00219,spray_bottle_use,oracle_sfc,0,0,0,0,0,0,0.0,6,6,-1,medium,medium,0.55,medium,2,,,,,geometrically_infeasible,negative_control,624243
F,F_00219,spray_bottle_use,semantic_only,1,0,1,0,0,0,0.0,6,6,-1,medium,medium,0.55,medium,2,,,,,geometrically_infeasible,negative_control,624243
F,F_00219,spray_bottle_use,posthoc_single,0,0,0,0,0,0,0.0,6,6,-1,medium,medium,0.55,medium,2,,,,,geometrically_infeasible,negative_control,624243
F,F_00219,spray_bottle_use,soft_penalty_fc,0,0,0,0,0,0,0.0,6,6,-1,medium,medium,0.55,medium,2,,,,,geometrically_infeasible,negative_control,624243
F,F_00220,spray_bottle_use,geometric_fc,0,0,0,0,0,0,0.0,6,6,-1,medium,medium,0.55,medium,2,,,,,geometrically_infeasible,negative_control,624244
F,F_00220,spray_bottle_use,oracle_sfc,0,0,0,0,0,0,0.0,6,6,-1,medium,medium,0.55,medium,2,,,,,geometrically_infeasible,negative_control,624244
F,F_00220,spray_bottle_use,semantic_only,1,0,1,0,0,0,0.0,6,6,-1,medium,medium,0.55,medium,2,,,,,geometrically_infeasible,negative_control,624244
F,F_00220,spray_bottle_use,posthoc_single,0,0,0,0,0,0,0.0,6,6,-1,medium,medium,0.55,medium,2,,,,,geometrically_infeasible,negative_control,624244
F,F_00220,spray_bottle_use,soft_penalty_fc,0,0,0,0,0,0,0.0,6,6,-1,medium,medium,0.55,medium,2,,,,,geometrically_infeasible,negative_control,624244
F,F_00221,spray_bottle_use,geometric_fc,0,0,0,0,0,0,0.0,6,6,-1,medium,medium,0.55,medium,2,,,,,geometrically_infeasible,negative_control,624245
F,F_00221,spray_bottle_use,oracle_sfc,0,0,0,0,0,0,0.0,6,6,-1,medium,medium,0.55,medium,2,,,,,geometrically_infeasible,negative_control,624245
F,F_00221,spray_bottle_use,semantic_only,1,0,1,0,0,0,0.0,6,6,-1,medium,medium,0.55,medium,2,,,,,geometrically_infeasible,negative_control,624245
F,F_00221,spray_bottle_use,posthoc_single,0,0,0,0,0,0,0.0,6,6,-1,medium,medium,0.55,medium,2,,,,,geometrically_infeasible,negative_control,624245
F,F_00221,spray_bottle_use,soft_penalty_fc,0,0,0,0,0,0,0.0,6,6,-1,medium,medium,0.55,medium,2,,,,,geometrically_infeasible,negative_control,624245
F,F_00222,spray_bottle_use,geometric_fc,0,0,0,0,0,0,0.0,6,6,-1,medium,medium,0.55,medium,2,,,,,geometrically_infeasible,negative_control,624246
F,F_00222,spray_bottle_use,oracle_sfc,0,0,0,0,0,0,0.0,6,6,-1,medium,medium,0.55,medium,2,,,,,geometrically_infeasible,negative_control,624246
F,F_00222,spray_bottle_use,semantic_only,1,0,1,0,0,0,0.0,6,6,-1,medium,medium,0.55,medium,2,,,,,geometrically_infeasible,negative_control,624246
F,F_00222,spray_bottle_use,posthoc_single,0,0,0,0,0,0,0.0,6,6,-1,medium,medium,0.55,medium,2,,,,,geometrically_infeasible,negative_control,624246
F,F_00222,spray_bottle_use,soft_penalty_fc,0,0,0,0,0,0,0.0,6,6,-1,medium,medium,0.55,medium,2,,,,,geometrically_infeasible,negative_control,624246
F,F_00223,spray_bottle_use,geometric_fc,0,0,0,0,0,0,0.0,6,6,-1,medium,medium,0.55,medium,2,,,,,geometrically_infeasible,negative_control,624247
F,F_00223,spray_bottle_use,oracle_sfc,0,0,0,0,0,0,0.0,6,6,-1,medium,medium,0.55,medium,2,,,,,geometrically_infeasible,negative_control,624247
F,F_00223,spray_bottle_use,semantic_only,1,0,1,0,0,0,0.0,6,6,-1,medium,medium,0.55,medium,2,,,,,geometrically_infeasible,negative_control,624247
F,F_00223,spray_bottle_use,posthoc_single,0,0,0,0,0,0,0.0,6,6,-1,medium,medium,0.55,medium,2,,,,,geometrically_infeasible,negative_control,624247
F,F_00223,spray_bottle_use,soft_penalty_fc,0,0,0,0,0,0,0.0,6,6,-1,medium,medium,0.55,medium,2,,,,,geometrically_infeasible,negative_control,624247
F,F_00224,spray_bottle_use,geometric_fc,0,0,0,0,0,0,0.0,6,6,-1,medium,medium,0.55,medium,2,,,,,geometrically_infeasible,negative_control,624248
F,F_00224,spray_bottle_use,oracle_sfc,0,0,0,0,0,0,0.0,6,6,-1,medium,medium,0.55,medium,2,,,,,geometrically_infeasible,negative_control,624248
F,F_00224,spray_bottle_use,semantic_only,1,0,1,0,0,0,0.0,6,6,-1,medium,medium,0.55,medium,2,,,,,geometrically_infeasible,negative_control,624248
F,F_00224,spray_bottle_use,posthoc_single,0,0,0,0,0,0,0.0,6,6,-1,medium,medium,0.55,medium,2,,,,,geometrically_infeasible,negative_control,624248
F,F_00224,spray_bottle_use,soft_penalty_fc,0,0,0,0,0,0,0.0,6,6,-1,medium,medium,0.55,medium,2,,,,,geometrically_infeasible,negative_control,624248
F,F_00225,apple_pick,geometric_fc,0,0,0,0,0,0,0.0,5,5,-1,medium,medium,0.55,medium,2,,,,,geometrically_infeasible,negative_control,624249
F,F_00225,apple_pick,oracle_sfc,0,0,0,0,0,0,0.0,5,5,-1,medium,medium,0.55,medium,2,,,,,geometrically_infeasible,negative_control,624249
F,F_00225,apple_pick,semantic_only,1,0,1,0,0,0,0.0,5,5,-1,medium,medium,0.55,medium,2,,,,,geometrically_infeasible,negative_control,624249
F,F_00225,apple_pick,posthoc_single,0,0,0,0,0,0,0.0,5,5,-1,medium,medium,0.55,medium,2,,,,,geometrically_infeasible,negative_control,624249
F,F_00225,apple_pick,soft_penalty_fc,0,0,0,0,0,0,0.0,5,5,-1,medium,medium,0.55,medium,2,,,,,geometrically_infeasible,negative_control,624249
F,F_00226,apple_pick,geometric_fc,0,0,0,0,0,0,0.0,5,5,-1,medium,medium,0.55,medium,2,,,,,geometrically_infeasible,negative_control,624250
F,F_00226,apple_pick,oracle_sfc,0,0,0,0,0,0,0.0,5,5,-1,medium,medium,0.55,medium,2,,,,,geometrically_infeasible,negative_control,624250
F,F_00226,apple_pick,semantic_only,1,0,1,0,0,0,0.0,5,5,-1,medium,medium,0.55,medium,2,,,,,geometrically_infeasible,negative_control,624250
F,F_00226,apple_pick,posthoc_single,0,0,0,0,0,0,0.0,5,5,-1,medium,medium,0.55,medium,2,,,,,geometrically_infeasible,negative_control,624250
F,F_00226,apple_pick,soft_penalty_fc,0,0,0,0,0,0,0.0,5,5,-1,medium,medium,0.55,medium,2,,,,,geometrically_infeasible,negative_control,624250
F,F_00227,apple_pick,geometric_fc,0,0,0,0,0,0,0.0,5,5,-1,medium,medium,0.55,medium,2,,,,,geometrically_infeasible,negative_control,624251
F,F_00227,apple_pick,oracle_sfc,0,0,0,0,0,0,0.0,5,5,-1,medium,medium,0.55,medium,2,,,,,geometrically_infeasible,negative_control,624251
F,F_00227,apple_pick,semantic_only,1,0,1,0,0,0,0.0,5,5,-1,medium,medium,0.55,medium,2,,,,,geometrically_infeasible,negative_control,624251
F,F_00227,apple_pick,posthoc_single,0,0,0,0,0,0,0.0,5,5,-1,medium,medium,0.55,medium,2,,,,,geometrically_infeasible,negative_control,624251
F,F_00227,apple_pick,soft_penalty_fc,0,0,0,0,0,0,0.0,5,5,-1,medium,medium,0.55,medium,2,,,,,geometrically_infeasible,negative_control,624251
F,F_00228,apple_pick,geometric_fc,0,0,0,0,0,0,0.0,5,5,-1,medium,medium,0.55,medium,2,,,,,geometrically_infeasible,negative_control,624252
F,F_00228,apple_pick,oracle_sfc,0,0,0,0,0,0,0.0,5,5,-1,medium,medium,0.55,medium,2,,,,,geometrically_infeasible,negative_control,624252
F,F_00228,apple_pick,semantic_only,1,0,1,0,0,0,0.0,5,5,-1,medium,medium,0.55,medium,2,,,,,geometrically_infeasible,negative_control,624252
F,F_00228,apple_pick,posthoc_single,0,0,0,0,0,0,0.0,5,5,-1,medium,medium,0.55,medium,2,,,,,geometrically_infeasible,negative_control,624252
F,F_00228,apple_pick,soft_penalty_fc,0,0,0,0,0,0,0.0,5,5,-1,medium,medium,0.55,medium,2,,,,,geometrically_infeasible,negative_control,624252
F,F_00229,apple_pick,geometric_fc,0,0,0,0,0,0,0.0,5,5,-1,medium,medium,0.55,medium,2,,,,,geometrically_infeasible,negative_control,624253
F,F_00229,apple_pick,oracle_sfc,0,0,0,0,0,0,0.0,5,5,-1,medium,medium,0.55,medium,2,,,,,geometrically_infeasible,negative_control,624253
F,F_00229,apple_pick,semantic_only,1,0,1,0,0,0,0.0,5,5,-1,medium,medium,0.55,medium,2,,,,,geometrically_infeasible,negative_control,624253
F,F_00229,apple_pick,posthoc_single,0,0,0,0,0,0,0.0,5,5,-1,medium,medium,0.55,medium,2,,,,,geometrically_infeasible,negative_control,624253
F,F_00229,apple_pick,soft_penalty_fc,0,0,0,0,0,0,0.0,5,5,-1,medium,medium,0.55,medium,2,,,,,geometrically_infeasible,negative_control,624253
F,F_00230,apple_pick,geometric_fc,0,0,0,0,0,0,0.0,5,5,-1,medium,medium,0.55,medium,2,,,,,geometrically_infeasible,negative_control,624254
F,F_00230,apple_pick,oracle_sfc,0,0,0,0,0,0,0.0,5,5,-1,medium,medium,0.55,medium,2,,,,,geometrically_infeasible,negative_control,624254
F,F_00230,apple_pick,semantic_only,1,0,1,0,0,0,0.0,5,5,-1,medium,medium,0.55,medium,2,,,,,geometrically_infeasible,negative_control,624254
F,F_00230,apple_pick,posthoc_single,0,0,0,0,0,0,0.0,5,5,-1,medium,medium,0.55,medium,2,,,,,geometrically_infeasible,negative_control,624254
F,F_00230,apple_pick,soft_penalty_fc,0,0,0,0,0,0,0.0,5,5,-1,medium,medium,0.55,medium,2,,,,,geometrically_infeasible,negative_control,624254
F,F_00231,apple_pick,geometric_fc,0,0,0,0,0,0,0.0,5,5,-1,medium,medium,0.55,medium,2,,,,,geometrically_infeasible,negative_control,624255
F,F_00231,apple_pick,oracle_sfc,0,0,0,0,0,0,0.0,5,5,-1,medium,medium,0.55,medium,2,,,,,geometrically_infeasible,negative_control,624255
F,F_00231,apple_pick,semantic_only,1,0,1,0,0,0,0.0,5,5,-1,medium,medium,0.55,medium,2,,,,,geometrically_infeasible,negative_control,624255
F,F_00231,apple_pick,posthoc_single,0,0,0,0,0,0,0.0,5,5,-1,medium,medium,0.55,medium,2,,,,,geometrically_infeasible,negative_control,624255
F,F_00231,apple_pick,soft_penalty_fc,0,0,0,0,0,0,0.0,5,5,-1,medium,medium,0.55,medium,2,,,,,geometrically_infeasible,negative_control,624255
F,F_00232,apple_pick,geometric_fc,0,0,0,0,0,0,0.0,5,5,-1,medium,medium,0.55,medium,2,,,,,geometrically_infeasible,negative_control,624256
F,F_00232,apple_pick,oracle_sfc,0,0,0,0,0,0,0.0,5,5,-1,medium,medium,0.55,medium,2,,,,,geometrically_infeasible,negative_control,624256
F,F_00232,apple_pick,semantic_only,1,0,1,0,0,0,0.0,5,5,-1,medium,medium,0.55,medium,2,,,,,geometrically_infeasible,negative_control,624256
F,F_00232,apple_pick,posthoc_single,0,0,0,0,0,0,0.0,5,5,-1,medium,medium,0.55,medium,2,,,,,geometrically_infeasible,negative_control,624256
F,F_00232,apple_pick,soft_penalty_fc,0,0,0,0,0,0,0.0,5,5,-1,medium,medium,0.55,medium,2,,,,,geometrically_infeasible,negative_control,624256
F,F_00233,scissors_pass,geometric_fc,0,0,0,0,0,0,0.0,5,5,-1,medium,medium,0.55,medium,2,,,,,geometrically_infeasible,negative_control,624257
F,F_00233,scissors_pass,oracle_sfc,0,0,0,0,0,0,0.0,5,5,-1,medium,medium,0.55,medium,2,,,,,geometrically_infeasible,negative_control,624257
F,F_00233,scissors_pass,semantic_only,1,0,1,0,0,0,0.0,5,5,-1,medium,medium,0.55,medium,2,,,,,geometrically_infeasible,negative_control,624257
F,F_00233,scissors_pass,posthoc_single,0,0,0,0,0,0,0.0,5,5,-1,medium,medium,0.55,medium,2,,,,,geometrically_infeasible,negative_control,624257
F,F_00233,scissors_pass,soft_penalty_fc,0,0,0,0,0,0,0.0,5,5,-1,medium,medium,0.55,medium,2,,,,,geometrically_infeasible,negative_control,624257
F,F_00234,scissors_pass,geometric_fc,0,0,0,0,0,0,0.0,5,5,-1,medium,medium,0.55,medium,2,,,,,geometrically_infeasible,negative_control,624258
F,F_00234,scissors_pass,oracle_sfc,0,0,0,0,0,0,0.0,5,5,-1,medium,medium,0.55,medium,2,,,,,geometrically_infeasible,negative_control,624258
F,F_00234,scissors_pass,semantic_only,1,0,1,0,0,0,0.0,5,5,-1,medium,medium,0.55,medium,2,,,,,geometrically_infeasible,negative_control,624258
F,F_00234,scissors_pass,posthoc_single,0,0,0,0,0,0,0.0,5,5,-1,medium,medium,0.55,medium,2,,,,,geometrically_infeasible,negative_control,624258
F,F_00234,scissors_pass,soft_penalty_fc,0,0,0,0,0,0,0.0,5,5,-1,medium,medium,0.55,medium,2,,,,,geometrically_infeasible,negative_control,624258
F,F_00235,scissors_pass,geometric_fc,0,0,0,0,0,0,0.0,5,5,-1,medium,medium,0.55,medium,2,,,,,geometrically_infeasible,negative_control,624259
F,F_00235,scissors_pass,oracle_sfc,0,0,0,0,0,0,0.0,5,5,-1,medium,medium,0.55,medium,2,,,,,geometrically_infeasible,negative_control,624259
F,F_00235,scissors_pass,semantic_only,1,0,1,0,0,0,0.0,5,5,-1,medium,medium,0.55,medium,2,,,,,geometrically_infeasible,negative_control,624259
F,F_00235,scissors_pass,posthoc_single,0,0,0,0,0,0,0.0,5,5,-1,medium,medium,0.55,medium,2,,,,,geometrically_infeasible,negative_control,624259
F,F_00235,scissors_pass,soft_penalty_fc,0,0,0,0,0,0,0.0,5,5,-1,medium,medium,0.55,medium,2,,,,,geometrically_infeasible,negative_control,624259
F,F_00236,scissors_pass,geometric_fc,0,0,0,0,0,0,0.0,5,5,-1,medium,medium,0.55,medium,2,,,,,geometrically_infeasible,negative_control,624260
F,F_00236,scissors_pass,oracle_sfc,0,0,0,0,0,0,0.0,5,5,-1,medium,medium,0.55,medium,2,,,,,geometrically_infeasible,negative_control,624260
F,F_00236,scissors_pass,semantic_only,1,0,1,0,0,0,0.0,5,5,-1,medium,medium,0.55,medium,2,,,,,geometrically_infeasible,negative_control,624260
F,F_00236,scissors_pass,posthoc_single,0,0,0,0,0,0,0.0,5,5,-1,medium,medium,0.55,medium,2,,,,,geometrically_infeasible,negative_control,624260
F,F_00236,scissors_pass,soft_penalty_fc,0,0,0,0,0,0,0.0,5,5,-1,medium,medium,0.55,medium,2,,,,,geometrically_infeasible,negative_control,624260
F,F_00237,scissors_pass,geometric_fc,0,0,0,0,0,0,0.0,5,5,-1,medium,medium,0.55,medium,2,,,,,geometrically_infeasible,negative_control,624261
F,F_00237,scissors_pass,oracle_sfc,0,0,0,0,0,0,0.0,5,5,-1,medium,medium,0.55,medium,2,,,,,geometrically_infeasible,negative_control,624261
F,F_00237,scissors_pass,semantic_only,1,0,1,0,0,0,0.0,5,5,-1,medium,medium,0.55,medium,2,,,,,geometrically_infeasible,negative_control,624261
F,F_00237,scissors_pass,posthoc_single,0,0,0,0,0,0,0.0,5,5,-1,medium,medium,0.55,medium,2,,,,,geometrically_infeasible,negative_control,624261
F,F_00237,scissors_pass,soft_penalty_fc,0,0,0,0,0,0,0.0,5,5,-1,medium,medium,0.55,medium,2,,,,,geometrically_infeasible,negative_control,624261
F,F_00238,scissors_pass,geometric_fc,0,0,0,0,0,0,0.0,5,5,-1,medium,medium,0.55,medium,2,,,,,geometrically_infeasible,negative_control,624262
F,F_00238,scissors_pass,oracle_sfc,0,0,0,0,0,0,0.0,5,5,-1,medium,medium,0.55,medium,2,,,,,geometrically_infeasible,negative_control,624262
F,F_00238,scissors_pass,semantic_only,1,0,1,0,0,0,0.0,5,5,-1,medium,medium,0.55,medium,2,,,,,geometrically_infeasible,negative_control,624262
F,F_00238,scissors_pass,posthoc_single,0,0,0,0,0,0,0.0,5,5,-1,medium,medium,0.55,medium,2,,,,,geometrically_infeasible,negative_control,624262
F,F_00238,scissors_pass,soft_penalty_fc,0,0,0,0,0,0,0.0,5,5,-1,medium,medium,0.55,medium,2,,,,,geometrically_infeasible,negative_control,624262
F,F_00239,scissors_pass,geometric_fc,0,0,0,0,0,0,0.0,5,5,-1,medium,medium,0.55,medium,2,,,,,geometrically_infeasible,negative_control,624263
F,F_00239,scissors_pass,oracle_sfc,0,0,0,0,0,0,0.0,5,5,-1,medium,medium,0.55,medium,2,,,,,geometrically_infeasible,negative_control,624263
F,F_00239,scissors_pass,semantic_only,1,0,1,0,0,0,0.0,5,5,-1,medium,medium,0.55,medium,2,,,,,geometrically_infeasible,negative_control,624263
F,F_00239,scissors_pass,posthoc_single,0,0,0,0,0,0,0.0,5,5,-1,medium,medium,0.55,medium,2,,,,,geometrically_infeasible,negative_control,624263
F,F_00239,scissors_pass,soft_penalty_fc,0,0,0,0,0,0,0.0,5,5,-1,medium,medium,0.55,medium,2,,,,,geometrically_infeasible,negative_control,624263
F,F_00240,scissors_pass,geometric_fc,0,0,0,0,0,0,0.0,5,5,-1,medium,medium,0.55,medium,2,,,,,geometrically_infeasible,negative_control,624264
F,F_00240,scissors_pass,oracle_sfc,0,0,0,0,0,0,0.0,5,5,-1,medium,medium,0.55,medium,2,,,,,geometrically_infeasible,negative_control,624264
F,F_00240,scissors_pass,semantic_only,1,0,1,0,0,0,0.0,5,5,-1,medium,medium,0.55,medium,2,,,,,geometrically_infeasible,negative_control,624264
F,F_00240,scissors_pass,posthoc_single,0,0,0,0,0,0,0.0,5,5,-1,medium,medium,0.55,medium,2,,,,,geometrically_infeasible,negative_control,624264
F,F_00240,scissors_pass,soft_penalty_fc,0,0,0,0,0,0,0.0,5,5,-1,medium,medium,0.55,medium,2,,,,,geometrically_infeasible,negative_control,624264
F,F_00241,syringe_handoff,geometric_fc,0,0,0,0,0,0,0.0,5,5,-1,medium,medium,0.55,medium,2,,,,,geometrically_infeasible,negative_control,624265
F,F_00241,syringe_handoff,oracle_sfc,0,0,0,0,0,0,0.0,5,5,-1,medium,medium,0.55,medium,2,,,,,geometrically_infeasible,negative_control,624265
F,F_00241,syringe_handoff,semantic_only,1,0,1,0,0,0,0.0,5,5,-1,medium,medium,0.55,medium,2,,,,,geometrically_infeasible,negative_control,624265
F,F_00241,syringe_handoff,posthoc_single,0,0,0,0,0,0,0.0,5,5,-1,medium,medium,0.55,medium,2,,,,,geometrically_infeasible,negative_control,624265
F,F_00241,syringe_handoff,soft_penalty_fc,0,0,0,0,0,0,0.0,5,5,-1,medium,medium,0.55,medium,2,,,,,geometrically_infeasible,negative_control,624265
F,F_00242,syringe_handoff,geometric_fc,0,0,0,0,0,0,0.0,5,5,-1,medium,medium,0.55,medium,2,,,,,geometrically_infeasible,negative_control,624266
F,F_00242,syringe_handoff,oracle_sfc,0,0,0,0,0,0,0.0,5,5,-1,medium,medium,0.55,medium,2,,,,,geometrically_infeasible,negative_control,624266
F,F_00242,syringe_handoff,semantic_only,1,0,1,0,0,0,0.0,5,5,-1,medium,medium,0.55,medium,2,,,,,geometrically_infeasible,negative_control,624266
F,F_00242,syringe_handoff,posthoc_single,0,0,0,0,0,0,0.0,5,5,-1,medium,medium,0.55,medium,2,,,,,geometrically_infeasible,negative_control,624266
F,F_00242,syringe_handoff,soft_penalty_fc,0,0,0,0,0,0,0.0,5,5,-1,medium,medium,0.55,medium,2,,,,,geometrically_infeasible,negative_control,624266
F,F_00243,syringe_handoff,geometric_fc,0,0,0,0,0,0,0.0,5,5,-1,medium,medium,0.55,medium,2,,,,,geometrically_infeasible,negative_control,624267
F,F_00243,syringe_handoff,oracle_sfc,0,0,0,0,0,0,0.0,5,5,-1,medium,medium,0.55,medium,2,,,,,geometrically_infeasible,negative_control,624267
F,F_00243,syringe_handoff,semantic_only,1,0,1,0,0,0,0.0,5,5,-1,medium,medium,0.55,medium,2,,,,,geometrically_infeasible,negative_control,624267
F,F_00243,syringe_handoff,posthoc_single,0,0,0,0,0,0,0.0,5,5,-1,medium,medium,0.55,medium,2,,,,,geometrically_infeasible,negative_control,624267
F,F_00243,syringe_handoff,soft_penalty_fc,0,0,0,0,0,0,0.0,5,5,-1,medium,medium,0.55,medium,2,,,,,geometrically_infeasible,negative_control,624267
F,F_00244,syringe_handoff,geometric_fc,0,0,0,0,0,0,0.0,5,5,-1,medium,medium,0.55,medium,2,,,,,geometrically_infeasible,negative_control,624268
F,F_00244,syringe_handoff,oracle_sfc,0,0,0,0,0,0,0.0,5,5,-1,medium,medium,0.55,medium,2,,,,,geometrically_infeasible,negative_control,624268
F,F_00244,syringe_handoff,semantic_only,1,0,1,0,0,0,0.0,5,5,-1,medium,medium,0.55,medium,2,,,,,geometrically_infeasible,negative_control,624268
F,F_00244,syringe_handoff,posthoc_single,0,0,0,0,0,0,0.0,5,5,-1,medium,medium,0.55,medium,2,,,,,geometrically_infeasible,negative_control,624268
F,F_00244,syringe_handoff,soft_penalty_fc,0,0,0,0,0,0,0.0,5,5,-1,medium,medium,0.55,medium,2,,,,,geometrically_infeasible,negative_control,624268
F,F_00245,syringe_handoff,geometric_fc,0,0,0,0,0,0,0.0,5,5,-1,medium,medium,0.55,medium,2,,,,,geometrically_infeasible,negative_control,624269
F,F_00245,syringe_handoff,oracle_sfc,0,0,0,0,0,0,0.0,5,5,-1,medium,medium,0.55,medium,2,,,,,geometrically_infeasible,negative_control,624269
F,F_00245,syringe_handoff,semantic_only,1,0,1,0,0,0,0.0,5,5,-1,medium,medium,0.55,medium,2,,,,,geometrically_infeasible,negative_control,624269
F,F_00245,syringe_handoff,posthoc_single,0,0,0,0,0,0,0.0,5,5,-1,medium,medium,0.55,medium,2,,,,,geometrically_infeasible,negative_control,624269
F,F_00245,syringe_handoff,soft_penalty_fc,0,0,0,0,0,0,0.0,5,5,-1,medium,medium,0.55,medium,2,,,,,geometrically_infeasible,negative_control,624269
F,F_00246,syringe_handoff,geometric_fc,0,0,0,0,0,0,0.0,5,5,-1,medium,medium,0.55,medium,2,,,,,geometrically_infeasible,negative_control,624270
F,F_00246,syringe_handoff,oracle_sfc,0,0,0,0,0,0,0.0,5,5,-1,medium,medium,0.55,medium,2,,,,,geometrically_infeasible,negative_control,624270
F,F_00246,syringe_handoff,semantic_only,1,0,1,0,0,0,0.0,5,5,-1,medium,medium,0.55,medium,2,,,,,geometrically_infeasible,negative_control,624270
F,F_00246,syringe_handoff,posthoc_single,0,0,0,0,0,0,0.0,5,5,-1,medium,medium,0.55,medium,2,,,,,geometrically_infeasible,negative_control,624270
F,F_00246,syringe_handoff,soft_penalty_fc,0,0,0,0,0,0,0.0,5,5,-1,medium,medium,0.55,medium,2,,,,,geometrically_infeasible,negative_control,624270
F,F_00247,syringe_handoff,geometric_fc,0,0,0,0,0,0,0.0,5,5,-1,medium,medium,0.55,medium,2,,,,,geometrically_infeasible,negative_control,624271
F,F_00247,syringe_handoff,oracle_sfc,0,0,0,0,0,0,0.0,5,5,-1,medium,medium,0.55,medium,2,,,,,geometrically_infeasible,negative_control,624271
F,F_00247,syringe_handoff,semantic_only,1,0,1,0,0,0,0.0,5,5,-1,medium,medium,0.55,medium,2,,,,,geometrically_infeasible,negative_control,624271
F,F_00247,syringe_handoff,posthoc_single,0,0,0,0,0,0,0.0,5,5,-1,medium,medium,0.55,medium,2,,,,,geometrically_infeasible,negative_control,624271
F,F_00247,syringe_handoff,soft_penalty_fc,0,0,0,0,0,0,0.0,5,5,-1,medium,medium,0.55,medium,2,,,,,geometrically_infeasible,negative_control,624271
F,F_00248,syringe_handoff,geometric_fc,0,0,0,0,0,0,0.0,5,5,-1,medium,medium,0.55,medium,2,,,,,geometrically_infeasible,negative_control,624272
F,F_00248,syringe_handoff,oracle_sfc,0,0,0,0,0,0,0.0,5,5,-1,medium,medium,0.55,medium,2,,,,,geometrically_infeasible,negative_control,624272
F,F_00248,syringe_handoff,semantic_only,1,0,1,0,0,0,0.0,5,5,-1,medium,medium,0.55,medium,2,,,,,geometrically_infeasible,negative_control,624272
F,F_00248,syringe_handoff,posthoc_single,0,0,0,0,0,0,0.0,5,5,-1,medium,medium,0.55,medium,2,,,,,geometrically_infeasible,negative_control,624272
F,F_00248,syringe_handoff,soft_penalty_fc,0,0,0,0,0,0,0.0,5,5,-1,medium,medium,0.55,medium,2,,,,,geometrically_infeasible,negative_control,624272
F,F_00249,pan_carry,geometric_fc,0,0,0,0,0,0,0.0,7,7,-1,medium,medium,0.55,medium,2,,,,,geometrically_infeasible,negative_control,624273
F,F_00249,pan_carry,oracle_sfc,0,0,0,0,0,0,0.0,7,7,-1,medium,medium,0.55,medium,2,,,,,geometrically_infeasible,negative_control,624273
F,F_00249,pan_carry,semantic_only,1,0,1,0,0,0,0.0,7,7,-1,medium,medium,0.55,medium,2,,,,,geometrically_infeasible,negative_control,624273
F,F_00249,pan_carry,posthoc_single,0,0,0,0,0,0,0.0,7,7,-1,medium,medium,0.55,medium,2,,,,,geometrically_infeasible,negative_control,624273
F,F_00249,pan_carry,soft_penalty_fc,0,0,0,0,0,0,0.0,7,7,-1,medium,medium,0.55,medium,2,,,,,geometrically_infeasible,negative_control,624273
F,F_00250,pan_carry,geometric_fc,0,0,0,0,0,0,0.0,7,7,-1,medium,medium,0.55,medium,2,,,,,geometrically_infeasible,negative_control,624274
F,F_00250,pan_carry,oracle_sfc,0,0,0,0,0,0,0.0,7,7,-1,medium,medium,0.55,medium,2,,,,,geometrically_infeasible,negative_control,624274
F,F_00250,pan_carry,semantic_only,1,0,1,0,0,0,0.0,7,7,-1,medium,medium,0.55,medium,2,,,,,geometrically_infeasible,negative_control,624274
F,F_00250,pan_carry,posthoc_single,0,0,0,0,0,0,0.0,7,7,-1,medium,medium,0.55,medium,2,,,,,geometrically_infeasible,negative_control,624274
F,F_00250,pan_carry,soft_penalty_fc,0,0,0,0,0,0,0.0,7,7,-1,medium,medium,0.55,medium,2,,,,,geometrically_infeasible,negative_control,624274
F,F_00251,pan_carry,geometric_fc,0,0,0,0,0,0,0.0,7,7,-1,medium,medium,0.55,medium,2,,,,,geometrically_infeasible,negative_control,624275
F,F_00251,pan_carry,oracle_sfc,0,0,0,0,0,0,0.0,7,7,-1,medium,medium,0.55,medium,2,,,,,geometrically_infeasible,negative_control,624275
F,F_00251,pan_carry,semantic_only,1,0,1,0,0,0,0.0,7,7,-1,medium,medium,0.55,medium,2,,,,,geometrically_infeasible,negative_control,624275
F,F_00251,pan_carry,posthoc_single,0,0,0,0,0,0,0.0,7,7,-1,medium,medium,0.55,medium,2,,,,,geometrically_infeasible,negative_control,624275
F,F_00251,pan_carry,soft_penalty_fc,0,0,0,0,0,0,0.0,7,7,-1,medium,medium,0.55,medium,2,,,,,geometrically_infeasible,negative_control,624275
F,F_00252,pan_carry,geometric_fc,0,0,0,0,0,0,0.0,7,7,-1,medium,medium,0.55,medium,2,,,,,geometrically_infeasible,negative_control,624276
F,F_00252,pan_carry,oracle_sfc,0,0,0,0,0,0,0.0,7,7,-1,medium,medium,0.55,medium,2,,,,,geometrically_infeasible,negative_control,624276
F,F_00252,pan_carry,semantic_only,1,0,1,0,0,0,0.0,7,7,-1,medium,medium,0.55,medium,2,,,,,geometrically_infeasible,negative_control,624276
F,F_00252,pan_carry,posthoc_single,0,0,0,0,0,0,0.0,7,7,-1,medium,medium,0.55,medium,2,,,,,geometrically_infeasible,negative_control,624276
F,F_00252,pan_carry,soft_penalty_fc,0,0,0,0,0,0,0.0,7,7,-1,medium,medium,0.55,medium,2,,,,,geometrically_infeasible,negative_control,624276
F,F_00253,pan_carry,geometric_fc,0,0,0,0,0,0,0.0,7,7,-1,medium,medium,0.55,medium,2,,,,,geometrically_infeasible,negative_control,624277
F,F_00253,pan_carry,oracle_sfc,0,0,0,0,0,0,0.0,7,7,-1,medium,medium,0.55,medium,2,,,,,geometrically_infeasible,negative_control,624277
F,F_00253,pan_carry,semantic_only,1,0,1,0,0,0,0.0,7,7,-1,medium,medium,0.55,medium,2,,,,,geometrically_infeasible,negative_control,624277
F,F_00253,pan_carry,posthoc_single,0,0,0,0,0,0,0.0,7,7,-1,medium,medium,0.55,medium,2,,,,,geometrically_infeasible,negative_control,624277
F,F_00253,pan_carry,soft_penalty_fc,0,0,0,0,0,0,0.0,7,7,-1,medium,medium,0.55,medium,2,,,,,geometrically_infeasible,negative_control,624277
F,F_00254,pan_carry,geometric_fc,0,0,0,0,0,0,0.0,7,7,-1,medium,medium,0.55,medium,2,,,,,geometrically_infeasible,negative_control,624278
F,F_00254,pan_carry,oracle_sfc,0,0,0,0,0,0,0.0,7,7,-1,medium,medium,0.55,medium,2,,,,,geometrically_infeasible,negative_control,624278
F,F_00254,pan_carry,semantic_only,1,0,1,0,0,0,0.0,7,7,-1,medium,medium,0.55,medium,2,,,,,geometrically_infeasible,negative_control,624278
F,F_00254,pan_carry,posthoc_single,0,0,0,0,0,0,0.0,7,7,-1,medium,medium,0.55,medium,2,,,,,geometrically_infeasible,negative_control,624278
F,F_00254,pan_carry,soft_penalty_fc,0,0,0,0,0,0,0.0,7,7,-1,medium,medium,0.55,medium,2,,,,,geometrically_infeasible,negative_control,624278
F,F_00255,pan_carry,geometric_fc,0,0,0,0,0,0,0.0,7,7,-1,medium,medium,0.55,medium,2,,,,,geometrically_infeasible,negative_control,624279
F,F_00255,pan_carry,oracle_sfc,0,0,0,0,0,0,0.0,7,7,-1,medium,medium,0.55,medium,2,,,,,geometrically_infeasible,negative_control,624279
F,F_00255,pan_carry,semantic_only,1,0,1,0,0,0,0.0,7,7,-1,medium,medium,0.55,medium,2,,,,,geometrically_infeasible,negative_control,624279
F,F_00255,pan_carry,posthoc_single,0,0,0,0,0,0,0.0,7,7,-1,medium,medium,0.55,medium,2,,,,,geometrically_infeasible,negative_control,624279
F,F_00255,pan_carry,soft_penalty_fc,0,0,0,0,0,0,0.0,7,7,-1,medium,medium,0.55,medium,2,,,,,geometrically_infeasible,negative_control,624279
F,F_00256,pan_carry,geometric_fc,0,0,0,0,0,0,0.0,7,7,-1,medium,medium,0.55,medium,2,,,,,geometrically_infeasible,negative_control,624280
F,F_00256,pan_carry,oracle_sfc,0,0,0,0,0,0,0.0,7,7,-1,medium,medium,0.55,medium,2,,,,,geometrically_infeasible,negative_control,624280
F,F_00256,pan_carry,semantic_only,1,0,1,0,0,0,0.0,7,7,-1,medium,medium,0.55,medium,2,,,,,geometrically_infeasible,negative_control,624280
F,F_00256,pan_carry,posthoc_single,0,0,0,0,0,0,0.0,7,7,-1,medium,medium,0.55,medium,2,,,,,geometrically_infeasible,negative_control,624280
F,F_00256,pan_carry,soft_penalty_fc,0,0,0,0,0,0,0.0,7,7,-1,medium,medium,0.55,medium,2,,,,,geometrically_infeasible,negative_control,624280
F,F_00257,knife_pass,geometric_fc,1,0,1,0,1,0,0.03808177,12,6,-1,medium,medium,0.55,medium,2,,,,,no_forbidden_advantage,negative_control,624281
F,F_00257,knife_pass,oracle_sfc,0,0,0,0,1,0,0.0,12,6,-1,medium,medium,0.55,medium,2,,,,,no_forbidden_advantage,negative_control,624281
F,F_00257,knife_pass,semantic_only,1,0,1,0,1,0,0.0,12,6,-1,medium,medium,0.55,medium,2,,,,,no_forbidden_advantage,negative_control,624281
F,F_00257,knife_pass,posthoc_single,0,0,0,0,1,0,0.03808177,12,6,-1,medium,medium,0.55,medium,2,,,,,no_forbidden_advantage,negative_control,624281
F,F_00257,knife_pass,soft_penalty_fc,1,0,1,0,1,0,0.03808177,12,6,-1,medium,medium,0.55,medium,2,,,,,no_forbidden_advantage,negative_control,624281
F,F_00258,knife_pass,geometric_fc,1,0,1,0,1,0,0.04030746,12,6,-1,medium,medium,0.55,medium,2,,,,,no_forbidden_advantage,negative_control,624282
F,F_00258,knife_pass,oracle_sfc,0,0,0,0,1,0,0.0,12,6,-1,medium,medium,0.55,medium,2,,,,,no_forbidden_advantage,negative_control,624282
F,F_00258,knife_pass,semantic_only,1,0,1,0,1,0,0.0,12,6,-1,medium,medium,0.55,medium,2,,,,,no_forbidden_advantage,negative_control,624282
F,F_00258,knife_pass,posthoc_single,0,0,0,0,1,0,0.04030746,12,6,-1,medium,medium,0.55,medium,2,,,,,no_forbidden_advantage,negative_control,624282
F,F_00258,knife_pass,soft_penalty_fc,1,0,1,0,1,0,0.04030746,12,6,-1,medium,medium,0.55,medium,2,,,,,no_forbidden_advantage,negative_control,624282
F,F_00259,knife_pass,geometric_fc,1,0,1,0,1,0,0.03735238,12,6,-1,medium,medium,0.55,medium,2,,,,,no_forbidden_advantage,negative_control,624283
F,F_00259,knife_pass,oracle_sfc,0,0,0,0,1,0,0.0,12,6,-1,medium,medium,0.55,medium,2,,,,,no_forbidden_advantage,negative_control,624283
F,F_00259,knife_pass,semantic_only,1,0,1,0,1,0,0.0,12,6,-1,medium,medium,0.55,medium,2,,,,,no_forbidden_advantage,negative_control,624283
F,F_00259,knife_pass,posthoc_single,0,0,0,0,1,0,0.03735238,12,6,-1,medium,medium,0.55,medium,2,,,,,no_forbidden_advantage,negative_control,624283
F,F_00259,knife_pass,soft_penalty_fc,1,0,1,0,1,0,0.03735238,12,6,-1,medium,medium,0.55,medium,2,,,,,no_forbidden_advantage,negative_control,624283
F,F_00260,knife_pass,geometric_fc,1,0,1,0,1,0,0.04082904,12,6,-1,medium,medium,0.55,medium,2,,,,,no_forbidden_advantage,negative_control,624284
F,F_00260,knife_pass,oracle_sfc,0,0,0,0,1,0,0.0,12,6,-1,medium,medium,0.55,medium,2,,,,,no_forbidden_advantage,negative_control,624284
F,F_00260,knife_pass,semantic_only,1,0,1,0,1,0,0.0,12,6,-1,medium,medium,0.55,medium,2,,,,,no_forbidden_advantage,negative_control,624284
F,F_00260,knife_pass,posthoc_single,0,0,0,0,1,0,0.04082904,12,6,-1,medium,medium,0.55,medium,2,,,,,no_forbidden_advantage,negative_control,624284
F,F_00260,knife_pass,soft_penalty_fc,1,0,1,0,1,0,0.04082904,12,6,-1,medium,medium,0.55,medium,2,,,,,no_forbidden_advantage,negative_control,624284
F,F_00261,knife_pass,geometric_fc,1,0,1,0,1,0,0.04080745,12,6,-1,medium,medium,0.55,medium,2,,,,,no_forbidden_advantage,negative_control,624285
F,F_00261,knife_pass,oracle_sfc,0,0,0,0,1,0,0.0,12,6,-1,medium,medium,0.55,medium,2,,,,,no_forbidden_advantage,negative_control,624285
F,F_00261,knife_pass,semantic_only,1,0,1,0,1,0,0.0,12,6,-1,medium,medium,0.55,medium,2,,,,,no_forbidden_advantage,negative_control,624285
F,F_00261,knife_pass,posthoc_single,0,0,0,0,1,0,0.04080745,12,6,-1,medium,medium,0.55,medium,2,,,,,no_forbidden_advantage,negative_control,624285
F,F_00261,knife_pass,soft_penalty_fc,1,0,1,0,1,0,0.04080745,12,6,-1,medium,medium,0.55,medium,2,,,,,no_forbidden_advantage,negative_control,624285
F,F_00262,knife_pass,geometric_fc,1,0,1,0,1,0,0.04030936,12,6,-1,medium,medium,0.55,medium,2,,,,,no_forbidden_advantage,negative_control,624286
F,F_00262,knife_pass,oracle_sfc,0,0,0,0,1,0,0.0,12,6,-1,medium,medium,0.55,medium,2,,,,,no_forbidden_advantage,negative_control,624286
F,F_00262,knife_pass,semantic_only,1,0,1,0,1,0,0.0,12,6,-1,medium,medium,0.55,medium,2,,,,,no_forbidden_advantage,negative_control,624286
F,F_00262,knife_pass,posthoc_single,0,0,0,0,1,0,0.04030936,12,6,-1,medium,medium,0.55,medium,2,,,,,no_forbidden_advantage,negative_control,624286
F,F_00262,knife_pass,soft_penalty_fc,1,0,1,0,1,0,0.04030936,12,6,-1,medium,medium,0.55,medium,2,,,,,no_forbidden_advantage,negative_control,624286
F,F_00263,knife_pass,geometric_fc,1,0,1,0,1,0,0.04026203,12,6,-1,medium,medium,0.55,medium,2,,,,,no_forbidden_advantage,negative_control,624287
F,F_00263,knife_pass,oracle_sfc,0,0,0,0,1,0,0.0,12,6,-1,medium,medium,0.55,medium,2,,,,,no_forbidden_advantage,negative_control,624287
F,F_00263,knife_pass,semantic_only,1,0,1,0,1,0,0.0,12,6,-1,medium,medium,0.55,medium,2,,,,,no_forbidden_advantage,negative_control,624287
F,F_00263,knife_pass,posthoc_single,0,0,0,0,1,0,0.04026203,12,6,-1,medium,medium,0.55,medium,2,,,,,no_forbidden_advantage,negative_control,624287
F,F_00263,knife_pass,soft_penalty_fc,1,0,1,0,1,0,0.04026203,12,6,-1,medium,medium,0.55,medium,2,,,,,no_forbidden_advantage,negative_control,624287
F,F_00264,knife_pass,geometric_fc,1,0,1,0,1,0,0.03714929,12,6,-1,medium,medium,0.55,medium,2,,,,,no_forbidden_advantage,negative_control,624288
F,F_00264,knife_pass,oracle_sfc,0,0,0,0,1,0,0.0,12,6,-1,medium,medium,0.55,medium,2,,,,,no_forbidden_advantage,negative_control,624288
F,F_00264,knife_pass,semantic_only,1,0,1,0,1,0,0.0,12,6,-1,medium,medium,0.55,medium,2,,,,,no_forbidden_advantage,negative_control,624288
F,F_00264,knife_pass,posthoc_single,0,0,0,0,1,0,0.03714929,12,6,-1,medium,medium,0.55,medium,2,,,,,no_forbidden_advantage,negative_control,624288
F,F_00264,knife_pass,soft_penalty_fc,1,0,1,0,1,0,0.03714929,12,6,-1,medium,medium,0.55,medium,2,,,,,no_forbidden_advantage,negative_control,624288
F,F_00265,mug_serve,geometric_fc,1,0,1,1,1,1,0.03673721,12,8,-1,medium,medium,0.55,medium,2,,,,,no_forbidden_advantage,negative_control,624289
F,F_00265,mug_serve,oracle_sfc,1,1,0,0,1,1,0.04651458,12,8,-1,medium,medium,0.55,medium,2,,,,,no_forbidden_advantage,negative_control,624289
F,F_00265,mug_serve,semantic_only,1,1,0,0,1,1,0.0,12,8,-1,medium,medium,0.55,medium,2,,,,,no_forbidden_advantage,negative_control,624289
F,F_00265,mug_serve,posthoc_single,0,0,0,1,1,1,0.03673721,12,8,-1,medium,medium,0.55,medium,2,,,,,no_forbidden_advantage,negative_control,624289
F,F_00265,mug_serve,soft_penalty_fc,1,0,1,1,1,1,0.03673721,12,8,-1,medium,medium,0.55,medium,2,,,,,no_forbidden_advantage,negative_control,624289
F,F_00266,mug_serve,geometric_fc,1,0,1,1,1,1,0.033832,12,8,-1,medium,medium,0.55,medium,2,,,,,no_forbidden_advantage,negative_control,624290
F,F_00266,mug_serve,oracle_sfc,1,1,0,0,1,1,0.05793594,12,8,-1,medium,medium,0.55,medium,2,,,,,no_forbidden_advantage,negative_control,624290
F,F_00266,mug_serve,semantic_only,1,1,0,0,1,1,0.0,12,8,-1,medium,medium,0.55,medium,2,,,,,no_forbidden_advantage,negative_control,624290
F,F_00266,mug_serve,posthoc_single,0,0,0,1,1,1,0.033832,12,8,-1,medium,medium,0.55,medium,2,,,,,no_forbidden_advantage,negative_control,624290
F,F_00266,mug_serve,soft_penalty_fc,1,0,1,1,1,1,0.033832,12,8,-1,medium,medium,0.55,medium,2,,,,,no_forbidden_advantage,negative_control,624290
F,F_00267,mug_serve,geometric_fc,1,0,1,1,1,1,0.03630715,12,8,-1,medium,medium,0.55,medium,2,,,,,no_forbidden_advantage,negative_control,624291
F,F_00267,mug_serve,oracle_sfc,1,1,0,0,1,1,0.04728953,12,8,-1,medium,medium,0.55,medium,2,,,,,no_forbidden_advantage,negative_control,624291
F,F_00267,mug_serve,semantic_only,1,1,0,0,1,1,0.0,12,8,-1,medium,medium,0.55,medium,2,,,,,no_forbidden_advantage,negative_control,624291
F,F_00267,mug_serve,posthoc_single,0,0,0,1,1,1,0.03630715,12,8,-1,medium,medium,0.55,medium,2,,,,,no_forbidden_advantage,negative_control,624291
F,F_00267,mug_serve,soft_penalty_fc,1,0,1,1,1,1,0.03630715,12,8,-1,medium,medium,0.55,medium,2,,,,,no_forbidden_advantage,negative_control,624291
F,F_00268,mug_serve,geometric_fc,1,0,1,1,1,1,0.03592902,12,8,-1,medium,medium,0.55,medium,2,,,,,no_forbidden_advantage,negative_control,624292
F,F_00268,mug_serve,oracle_sfc,1,1,0,0,1,1,0.05253973,12,8,-1,medium,medium,0.55,medium,2,,,,,no_forbidden_advantage,negative_control,624292
F,F_00268,mug_serve,semantic_only,1,1,0,0,1,1,0.0,12,8,-1,medium,medium,0.55,medium,2,,,,,no_forbidden_advantage,negative_control,624292
F,F_00268,mug_serve,posthoc_single,0,0,0,1,1,1,0.03592902,12,8,-1,medium,medium,0.55,medium,2,,,,,no_forbidden_advantage,negative_control,624292
F,F_00268,mug_serve,soft_penalty_fc,1,0,1,1,1,1,0.03592902,12,8,-1,medium,medium,0.55,medium,2,,,,,no_forbidden_advantage,negative_control,624292
F,F_00269,mug_serve,geometric_fc,1,0,1,1,1,1,0.03750324,12,8,-1,medium,medium,0.55,medium,2,,,,,no_forbidden_advantage,negative_control,624293
F,F_00269,mug_serve,oracle_sfc,1,1,0,0,1,1,0.00736379,12,8,-1,medium,medium,0.55,medium,2,,,,,no_forbidden_advantage,negative_control,624293
F,F_00269,mug_serve,semantic_only,1,1,0,0,1,1,0.0,12,8,-1,medium,medium,0.55,medium,2,,,,,no_forbidden_advantage,negative_control,624293
F,F_00269,mug_serve,posthoc_single,0,0,0,1,1,1,0.03750324,12,8,-1,medium,medium,0.55,medium,2,,,,,no_forbidden_advantage,negative_control,624293
F,F_00269,mug_serve,soft_penalty_fc,1,0,1,1,1,1,0.03750324,12,8,-1,medium,medium,0.55,medium,2,,,,,no_forbidden_advantage,negative_control,624293
F,F_00270,mug_serve,geometric_fc,1,0,1,1,1,1,0.03151355,12,8,-1,medium,medium,0.55,medium,2,,,,,no_forbidden_advantage,negative_control,624294
F,F_00270,mug_serve,oracle_sfc,1,1,0,0,1,1,0.05962183,12,8,-1,medium,medium,0.55,medium,2,,,,,no_forbidden_advantage,negative_control,624294
F,F_00270,mug_serve,semantic_only,1,1,0,0,1,1,0.0,12,8,-1,medium,medium,0.55,medium,2,,,,,no_forbidden_advantage,negative_control,624294
F,F_00270,mug_serve,posthoc_single,0,0,0,1,1,1,0.03151355,12,8,-1,medium,medium,0.55,medium,2,,,,,no_forbidden_advantage,negative_control,624294
F,F_00270,mug_serve,soft_penalty_fc,1,0,1,1,1,1,0.03151355,12,8,-1,medium,medium,0.55,medium,2,,,,,no_forbidden_advantage,negative_control,624294
F,F_00271,mug_serve,geometric_fc,1,0,1,1,1,1,0.03686513,12,8,-1,medium,medium,0.55,medium,2,,,,,no_forbidden_advantage,negative_control,624295
F,F_00271,mug_serve,oracle_sfc,1,1,0,0,1,1,0.04687519,12,8,-1,medium,medium,0.55,medium,2,,,,,no_forbidden_advantage,negative_control,624295
F,F_00271,mug_serve,semantic_only,1,1,0,0,1,1,0.0,12,8,-1,medium,medium,0.55,medium,2,,,,,no_forbidden_advantage,negative_control,624295
F,F_00271,mug_serve,posthoc_single,0,0,0,1,1,1,0.03686513,12,8,-1,medium,medium,0.55,medium,2,,,,,no_forbidden_advantage,negative_control,624295
F,F_00271,mug_serve,soft_penalty_fc,1,0,1,1,1,1,0.03686513,12,8,-1,medium,medium,0.55,medium,2,,,,,no_forbidden_advantage,negative_control,624295
F,F_00272,mug_serve,geometric_fc,1,0,1,1,1,1,0.03668456,12,8,-1,medium,medium,0.55,medium,2,,,,,no_forbidden_advantage,negative_control,624296
F,F_00272,mug_serve,oracle_sfc,1,1,0,0,1,1,0.04814543,12,8,-1,medium,medium,0.55,medium,2,,,,,no_forbidden_advantage,negative_control,624296
F,F_00272,mug_serve,semantic_only,1,1,0,0,1,1,0.0,12,8,-1,medium,medium,0.55,medium,2,,,,,no_forbidden_advantage,negative_control,624296
F,F_00272,mug_serve,posthoc_single,0,0,0,1,1,1,0.03668456,12,8,-1,medium,medium,0.55,medium,2,,,,,no_forbidden_advantage,negative_control,624296
F,F_00272,mug_serve,soft_penalty_fc,1,0,1,1,1,1,0.03668456,12,8,-1,medium,medium,0.55,medium,2,,,,,no_forbidden_advantage,negative_control,624296
F,F_00273,phone_pick,geometric_fc,1,0,1,1,1,1,0.03752067,11,6,-1,medium,medium,0.55,medium,2,,,,,no_forbidden_advantage,negative_control,624297
F,F_00273,phone_pick,oracle_sfc,1,1,0,0,1,1,0.04988905,11,6,-1,medium,medium,0.55,medium,2,,,,,no_forbidden_advantage,negative_control,624297
F,F_00273,phone_pick,semantic_only,1,1,0,0,1,1,0.0,11,6,-1,medium,medium,0.55,medium,2,,,,,no_forbidden_advantage,negative_control,624297
F,F_00273,phone_pick,posthoc_single,0,0,0,1,1,1,0.03752067,11,6,-1,medium,medium,0.55,medium,2,,,,,no_forbidden_advantage,negative_control,624297
F,F_00273,phone_pick,soft_penalty_fc,1,0,1,1,1,1,0.03752067,11,6,-1,medium,medium,0.55,medium,2,,,,,no_forbidden_advantage,negative_control,624297
F,F_00274,phone_pick,geometric_fc,1,0,1,1,1,1,0.03681815,11,6,-1,medium,medium,0.55,medium,2,,,,,no_forbidden_advantage,negative_control,624298
F,F_00274,phone_pick,oracle_sfc,1,1,0,0,1,1,0.05650675,11,6,-1,medium,medium,0.55,medium,2,,,,,no_forbidden_advantage,negative_control,624298
F,F_00274,phone_pick,semantic_only,1,1,0,0,1,1,0.0,11,6,-1,medium,medium,0.55,medium,2,,,,,no_forbidden_advantage,negative_control,624298
F,F_00274,phone_pick,posthoc_single,0,0,0,1,1,1,0.03681815,11,6,-1,medium,medium,0.55,medium,2,,,,,no_forbidden_advantage,negative_control,624298
F,F_00274,phone_pick,soft_penalty_fc,1,0,1,1,1,1,0.03681815,11,6,-1,medium,medium,0.55,medium,2,,,,,no_forbidden_advantage,negative_control,624298
F,F_00275,phone_pick,geometric_fc,1,0,1,1,1,1,0.03645417,11,6,-1,medium,medium,0.55,medium,2,,,,,no_forbidden_advantage,negative_control,624299
F,F_00275,phone_pick,oracle_sfc,1,1,0,0,1,1,0.05216929,11,6,-1,medium,medium,0.55,medium,2,,,,,no_forbidden_advantage,negative_control,624299
F,F_00275,phone_pick,semantic_only,1,1,0,0,1,1,0.0,11,6,-1,medium,medium,0.55,medium,2,,,,,no_forbidden_advantage,negative_control,624299
F,F_00275,phone_pick,posthoc_single,0,0,0,1,1,1,0.03645417,11,6,-1,medium,medium,0.55,medium,2,,,,,no_forbidden_advantage,negative_control,624299
F,F_00275,phone_pick,soft_penalty_fc,1,0,1,1,1,1,0.03645417,11,6,-1,medium,medium,0.55,medium,2,,,,,no_forbidden_advantage,negative_control,624299
F,F_00276,phone_pick,geometric_fc,1,0,1,1,1,1,0.03734692,11,6,-1,medium,medium,0.55,medium,2,,,,,no_forbidden_advantage,negative_control,624300
F,F_00276,phone_pick,oracle_sfc,1,1,0,0,1,1,0.053714,11,6,-1,medium,medium,0.55,medium,2,,,,,no_forbidden_advantage,negative_control,624300
F,F_00276,phone_pick,semantic_only,1,1,0,0,1,1,0.0,11,6,-1,medium,medium,0.55,medium,2,,,,,no_forbidden_advantage,negative_control,624300
F,F_00276,phone_pick,posthoc_single,0,0,0,1,1,1,0.03734692,11,6,-1,medium,medium,0.55,medium,2,,,,,no_forbidden_advantage,negative_control,624300
F,F_00276,phone_pick,soft_penalty_fc,1,0,1,1,1,1,0.03734692,11,6,-1,medium,medium,0.55,medium,2,,,,,no_forbidden_advantage,negative_control,624300
F,F_00277,phone_pick,geometric_fc,1,0,1,1,1,1,0.03838523,11,6,-1,medium,medium,0.55,medium,2,,,,,no_forbidden_advantage,negative_control,624301
F,F_00277,phone_pick,oracle_sfc,1,1,0,0,1,1,0.05499975,11,6,-1,medium,medium,0.55,medium,2,,,,,no_forbidden_advantage,negative_control,624301
F,F_00277,phone_pick,semantic_only,1,1,0,0,1,1,0.0,11,6,-1,medium,medium,0.55,medium,2,,,,,no_forbidden_advantage,negative_control,624301
F,F_00277,phone_pick,posthoc_single,0,0,0,1,1,1,0.03838523,11,6,-1,medium,medium,0.55,medium,2,,,,,no_forbidden_advantage,negative_control,624301
F,F_00277,phone_pick,soft_penalty_fc,1,0,1,1,1,1,0.03838523,11,6,-1,medium,medium,0.55,medium,2,,,,,no_forbidden_advantage,negative_control,624301
F,F_00278,phone_pick,geometric_fc,1,0,1,1,1,1,0.03555094,11,6,-1,medium,medium,0.55,medium,2,,,,,no_forbidden_advantage,negative_control,624302
F,F_00278,phone_pick,oracle_sfc,1,1,0,0,1,1,0.060472,11,6,-1,medium,medium,0.55,medium,2,,,,,no_forbidden_advantage,negative_control,624302
F,F_00278,phone_pick,semantic_only,1,1,0,0,1,1,0.0,11,6,-1,medium,medium,0.55,medium,2,,,,,no_forbidden_advantage,negative_control,624302
F,F_00278,phone_pick,posthoc_single,0,0,0,1,1,1,0.03555094,11,6,-1,medium,medium,0.55,medium,2,,,,,no_forbidden_advantage,negative_control,624302
F,F_00278,phone_pick,soft_penalty_fc,1,0,1,1,1,1,0.03555094,11,6,-1,medium,medium,0.55,medium,2,,,,,no_forbidden_advantage,negative_control,624302
F,F_00279,phone_pick,geometric_fc,1,0,1,1,1,1,0.03669992,11,6,-1,medium,medium,0.55,medium,2,,,,,no_forbidden_advantage,negative_control,624303
F,F_00279,phone_pick,oracle_sfc,1,1,0,0,1,1,0.05988952,11,6,-1,medium,medium,0.55,medium,2,,,,,no_forbidden_advantage,negative_control,624303
F,F_00279,phone_pick,semantic_only,1,1,0,0,1,1,0.0,11,6,-1,medium,medium,0.55,medium,2,,,,,no_forbidden_advantage,negative_control,624303
F,F_00279,phone_pick,posthoc_single,0,0,0,1,1,1,0.03669992,11,6,-1,medium,medium,0.55,medium,2,,,,,no_forbidden_advantage,negative_control,624303
F,F_00279,phone_pick,soft_penalty_fc,1,0,1,1,1,1,0.03669992,11,6,-1,medium,medium,0.55,medium,2,,,,,no_forbidden_advantage,negative_control,624303
F,F_00280,phone_pick,geometric_fc,1,0,1,1,1,1,0.03515571,11,6,-1,medium,medium,0.55,medium,2,,,,,no_forbidden_advantage,negative_control,624304
F,F_00280,phone_pick,oracle_sfc,1,1,0,0,1,1,0.06476614,11,6,-1,medium,medium,0.55,medium,2,,,,,no_forbidden_advantage,negative_control,624304
F,F_00280,phone_pick,semantic_only,1,1,0,0,1,1,0.0,11,6,-1,medium,medium,0.55,medium,2,,,,,no_forbidden_advantage,negative_control,624304
F,F_00280,phone_pick,posthoc_single,0,0,0,1,1,1,0.03515571,11,6,-1,medium,medium,0.55,medium,2,,,,,no_forbidden_advantage,negative_control,624304
F,F_00280,phone_pick,soft_penalty_fc,1,0,1,1,1,1,0.03515571,11,6,-1,medium,medium,0.55,medium,2,,,,,no_forbidden_advantage,negative_control,624304
F,F_00281,spray_bottle_use,geometric_fc,1,0,1,1,1,1,0.03310287,12,7,-1,medium,medium,0.55,medium,2,,,,,no_forbidden_advantage,negative_control,624305
F,F_00281,spray_bottle_use,oracle_sfc,1,1,0,0,1,1,0.04380118,12,7,-1,medium,medium,0.55,medium,2,,,,,no_forbidden_advantage,negative_control,624305
F,F_00281,spray_bottle_use,semantic_only,1,1,0,0,1,1,0.0,12,7,-1,medium,medium,0.55,medium,2,,,,,no_forbidden_advantage,negative_control,624305
F,F_00281,spray_bottle_use,posthoc_single,0,0,0,1,1,1,0.03310287,12,7,-1,medium,medium,0.55,medium,2,,,,,no_forbidden_advantage,negative_control,624305
F,F_00281,spray_bottle_use,soft_penalty_fc,1,0,1,1,1,1,0.03310287,12,7,-1,medium,medium,0.55,medium,2,,,,,no_forbidden_advantage,negative_control,624305
F,F_00282,spray_bottle_use,geometric_fc,1,0,1,1,1,1,0.03791342,12,7,-1,medium,medium,0.55,medium,2,,,,,no_forbidden_advantage,negative_control,624306
F,F_00282,spray_bottle_use,oracle_sfc,1,1,0,0,1,1,0.04103923,12,7,-1,medium,medium,0.55,medium,2,,,,,no_forbidden_advantage,negative_control,624306
F,F_00282,spray_bottle_use,semantic_only,1,1,0,0,1,1,0.0,12,7,-1,medium,medium,0.55,medium,2,,,,,no_forbidden_advantage,negative_control,624306
F,F_00282,spray_bottle_use,posthoc_single,0,0,0,1,1,1,0.03791342,12,7,-1,medium,medium,0.55,medium,2,,,,,no_forbidden_advantage,negative_control,624306
F,F_00282,spray_bottle_use,soft_penalty_fc,1,0,1,1,1,1,0.03791342,12,7,-1,medium,medium,0.55,medium,2,,,,,no_forbidden_advantage,negative_control,624306
F,F_00283,spray_bottle_use,geometric_fc,1,0,1,1,1,1,0.02833551,12,7,-1,medium,medium,0.55,medium,2,,,,,no_forbidden_advantage,negative_control,624307
F,F_00283,spray_bottle_use,oracle_sfc,1,1,0,0,1,1,0.04341295,12,7,-1,medium,medium,0.55,medium,2,,,,,no_forbidden_advantage,negative_control,624307
F,F_00283,spray_bottle_use,semantic_only,1,1,0,0,1,1,0.0,12,7,-1,medium,medium,0.55,medium,2,,,,,no_forbidden_advantage,negative_control,624307
F,F_00283,spray_bottle_use,posthoc_single,0,0,0,1,1,1,0.02833551,12,7,-1,medium,medium,0.55,medium,2,,,,,no_forbidden_advantage,negative_control,624307
F,F_00283,spray_bottle_use,soft_penalty_fc,1,0,1,1,1,1,0.02833551,12,7,-1,medium,medium,0.55,medium,2,,,,,no_forbidden_advantage,negative_control,624307
F,F_00284,spray_bottle_use,geometric_fc,1,0,1,1,1,1,0.03460037,12,7,-1,medium,medium,0.55,medium,2,,,,,no_forbidden_advantage,negative_control,624308
F,F_00284,spray_bottle_use,oracle_sfc,1,1,0,0,1,1,0.01097303,12,7,-1,medium,medium,0.55,medium,2,,,,,no_forbidden_advantage,negative_control,624308
F,F_00284,spray_bottle_use,semantic_only,1,1,0,0,1,1,0.0,12,7,-1,medium,medium,0.55,medium,2,,,,,no_forbidden_advantage,negative_control,624308
F,F_00284,spray_bottle_use,posthoc_single,0,0,0,1,1,1,0.03460037,12,7,-1,medium,medium,0.55,medium,2,,,,,no_forbidden_advantage,negative_control,624308
F,F_00284,spray_bottle_use,soft_penalty_fc,1,0,1,1,1,1,0.03460037,12,7,-1,medium,medium,0.55,medium,2,,,,,no_forbidden_advantage,negative_control,624308
F,F_00285,spray_bottle_use,geometric_fc,1,0,1,1,1,1,0.03209289,12,7,-1,medium,medium,0.55,medium,2,,,,,no_forbidden_advantage,negative_control,624309
F,F_00285,spray_bottle_use,oracle_sfc,1,1,0,0,1,1,0.05100749,12,7,-1,medium,medium,0.55,medium,2,,,,,no_forbidden_advantage,negative_control,624309
F,F_00285,spray_bottle_use,semantic_only,1,1,0,0,1,1,0.0,12,7,-1,medium,medium,0.55,medium,2,,,,,no_forbidden_advantage,negative_control,624309
F,F_00285,spray_bottle_use,posthoc_single,0,0,0,1,1,1,0.03209289,12,7,-1,medium,medium,0.55,medium,2,,,,,no_forbidden_advantage,negative_control,624309
F,F_00285,spray_bottle_use,soft_penalty_fc,1,0,1,1,1,1,0.03209289,12,7,-1,medium,medium,0.55,medium,2,,,,,no_forbidden_advantage,negative_control,624309
F,F_00286,spray_bottle_use,geometric_fc,1,0,1,1,1,1,0.03406941,12,7,-1,medium,medium,0.55,medium,2,,,,,no_forbidden_advantage,negative_control,624310
F,F_00286,spray_bottle_use,oracle_sfc,1,1,0,0,1,1,0.04186478,12,7,-1,medium,medium,0.55,medium,2,,,,,no_forbidden_advantage,negative_control,624310
F,F_00286,spray_bottle_use,semantic_only,1,1,0,0,1,1,0.0,12,7,-1,medium,medium,0.55,medium,2,,,,,no_forbidden_advantage,negative_control,624310
F,F_00286,spray_bottle_use,posthoc_single,0,0,0,1,1,1,0.03406941,12,7,-1,medium,medium,0.55,medium,2,,,,,no_forbidden_advantage,negative_control,624310
F,F_00286,spray_bottle_use,soft_penalty_fc,1,0,1,1,1,1,0.03406941,12,7,-1,medium,medium,0.55,medium,2,,,,,no_forbidden_advantage,negative_control,624310
F,F_00287,spray_bottle_use,geometric_fc,1,0,1,1,1,1,0.03786612,12,7,-1,medium,medium,0.55,medium,2,,,,,no_forbidden_advantage,negative_control,624311
F,F_00287,spray_bottle_use,oracle_sfc,1,1,0,0,1,1,0.01381376,12,7,-1,medium,medium,0.55,medium,2,,,,,no_forbidden_advantage,negative_control,624311
F,F_00287,spray_bottle_use,semantic_only,1,1,0,0,1,1,0.0,12,7,-1,medium,medium,0.55,medium,2,,,,,no_forbidden_advantage,negative_control,624311
F,F_00287,spray_bottle_use,posthoc_single,0,0,0,1,1,1,0.03786612,12,7,-1,medium,medium,0.55,medium,2,,,,,no_forbidden_advantage,negative_control,624311
F,F_00287,spray_bottle_use,soft_penalty_fc,1,0,1,1,1,1,0.03786612,12,7,-1,medium,medium,0.55,medium,2,,,,,no_forbidden_advantage,negative_control,624311
F,F_00288,spray_bottle_use,geometric_fc,1,0,1,1,1,1,0.03748039,12,7,-1,medium,medium,0.55,medium,2,,,,,no_forbidden_advantage,negative_control,624312
F,F_00288,spray_bottle_use,oracle_sfc,1,1,0,0,1,1,0.02459265,12,7,-1,medium,medium,0.55,medium,2,,,,,no_forbidden_advantage,negative_control,624312
F,F_00288,spray_bottle_use,semantic_only,1,1,0,0,1,1,0.0,12,7,-1,medium,medium,0.55,medium,2,,,,,no_forbidden_advantage,negative_control,624312
F,F_00288,spray_bottle_use,posthoc_single,0,0,0,1,1,1,0.03748039,12,7,-1,medium,medium,0.55,medium,2,,,,,no_forbidden_advantage,negative_control,624312
F,F_00288,spray_bottle_use,soft_penalty_fc,1,0,1,1,1,1,0.03748039,12,7,-1,medium,medium,0.55,medium,2,,,,,no_forbidden_advantage,negative_control,624312
F,F_00289,apple_pick,geometric_fc,1,0,1,1,1,1,0.03868833,10,6,-1,medium,medium,0.55,medium,2,,,,,no_forbidden_advantage,negative_control,624313
F,F_00289,apple_pick,oracle_sfc,1,1,0,0,1,1,0.05880245,10,6,-1,medium,medium,0.55,medium,2,,,,,no_forbidden_advantage,negative_control,624313
F,F_00289,apple_pick,semantic_only,1,1,0,0,1,1,0.0,10,6,-1,medium,medium,0.55,medium,2,,,,,no_forbidden_advantage,negative_control,624313
F,F_00289,apple_pick,posthoc_single,0,0,0,1,1,1,0.03868833,10,6,-1,medium,medium,0.55,medium,2,,,,,no_forbidden_advantage,negative_control,624313
F,F_00289,apple_pick,soft_penalty_fc,1,0,1,1,1,1,0.03868833,10,6,-1,medium,medium,0.55,medium,2,,,,,no_forbidden_advantage,negative_control,624313
F,F_00290,apple_pick,geometric_fc,1,0,1,1,1,1,0.0477822,10,6,-1,medium,medium,0.55,medium,2,,,,,no_forbidden_advantage,negative_control,624314
F,F_00290,apple_pick,oracle_sfc,1,1,0,0,1,1,0.01310577,10,6,-1,medium,medium,0.55,medium,2,,,,,no_forbidden_advantage,negative_control,624314
F,F_00290,apple_pick,semantic_only,1,1,0,0,1,1,0.0,10,6,-1,medium,medium,0.55,medium,2,,,,,no_forbidden_advantage,negative_control,624314
F,F_00290,apple_pick,posthoc_single,0,0,0,1,1,1,0.0477822,10,6,-1,medium,medium,0.55,medium,2,,,,,no_forbidden_advantage,negative_control,624314
F,F_00290,apple_pick,soft_penalty_fc,1,0,1,1,1,1,0.0477822,10,6,-1,medium,medium,0.55,medium,2,,,,,no_forbidden_advantage,negative_control,624314
F,F_00291,apple_pick,geometric_fc,1,0,1,1,1,1,0.04262236,10,6,-1,medium,medium,0.55,medium,2,,,,,no_forbidden_advantage,negative_control,624315
F,F_00291,apple_pick,oracle_sfc,1,1,0,0,1,1,0.01765159,10,6,-1,medium,medium,0.55,medium,2,,,,,no_forbidden_advantage,negative_control,624315
F,F_00291,apple_pick,semantic_only,1,1,0,0,1,1,0.0,10,6,-1,medium,medium,0.55,medium,2,,,,,no_forbidden_advantage,negative_control,624315
F,F_00291,apple_pick,posthoc_single,0,0,0,1,1,1,0.04262236,10,6,-1,medium,medium,0.55,medium,2,,,,,no_forbidden_advantage,negative_control,624315
F,F_00291,apple_pick,soft_penalty_fc,1,0,1,1,1,1,0.04262236,10,6,-1,medium,medium,0.55,medium,2,,,,,no_forbidden_advantage,negative_control,624315
F,F_00292,apple_pick,geometric_fc,1,0,1,1,1,1,0.04813753,10,6,-1,medium,medium,0.55,medium,2,,,,,no_forbidden_advantage,negative_control,624316
F,F_00292,apple_pick,oracle_sfc,1,1,0,0,1,1,0.03637259,10,6,-1,medium,medium,0.55,medium,2,,,,,no_forbidden_advantage,negative_control,624316
F,F_00292,apple_pick,semantic_only,1,1,0,0,1,1,0.0,10,6,-1,medium,medium,0.55,medium,2,,,,,no_forbidden_advantage,negative_control,624316
F,F_00292,apple_pick,posthoc_single,0,0,0,1,1,1,0.04813753,10,6,-1,medium,medium,0.55,medium,2,,,,,no_forbidden_advantage,negative_control,624316
F,F_00292,apple_pick,soft_penalty_fc,1,0,1,1,1,1,0.04813753,10,6,-1,medium,medium,0.55,medium,2,,,,,no_forbidden_advantage,negative_control,624316
F,F_00293,apple_pick,geometric_fc,1,0,1,1,1,1,0.04245214,10,6,-1,medium,medium,0.55,medium,2,,,,,no_forbidden_advantage,negative_control,624317
F,F_00293,apple_pick,oracle_sfc,1,1,0,0,1,1,0.02957389,10,6,-1,medium,medium,0.55,medium,2,,,,,no_forbidden_advantage,negative_control,624317
F,F_00293,apple_pick,semantic_only,1,1,0,0,1,1,0.0,10,6,-1,medium,medium,0.55,medium,2,,,,,no_forbidden_advantage,negative_control,624317
F,F_00293,apple_pick,posthoc_single,0,0,0,1,1,1,0.04245214,10,6,-1,medium,medium,0.55,medium,2,,,,,no_forbidden_advantage,negative_control,624317
F,F_00293,apple_pick,soft_penalty_fc,1,0,1,1,1,1,0.04245214,10,6,-1,medium,medium,0.55,medium,2,,,,,no_forbidden_advantage,negative_control,624317
F,F_00294,apple_pick,geometric_fc,1,0,1,1,1,1,0.04538744,10,6,-1,medium,medium,0.55,medium,2,,,,,no_forbidden_advantage,negative_control,624318
F,F_00294,apple_pick,oracle_sfc,1,1,0,0,1,1,0.05318754,10,6,-1,medium,medium,0.55,medium,2,,,,,no_forbidden_advantage,negative_control,624318
F,F_00294,apple_pick,semantic_only,1,1,0,0,1,1,0.0,10,6,-1,medium,medium,0.55,medium,2,,,,,no_forbidden_advantage,negative_control,624318
F,F_00294,apple_pick,posthoc_single,0,0,0,1,1,1,0.04538744,10,6,-1,medium,medium,0.55,medium,2,,,,,no_forbidden_advantage,negative_control,624318
F,F_00294,apple_pick,soft_penalty_fc,1,0,1,1,1,1,0.04538744,10,6,-1,medium,medium,0.55,medium,2,,,,,no_forbidden_advantage,negative_control,624318
F,F_00295,apple_pick,geometric_fc,1,0,1,1,1,1,0.04450796,10,6,-1,medium,medium,0.55,medium,2,,,,,no_forbidden_advantage,negative_control,624319
F,F_00295,apple_pick,oracle_sfc,1,1,0,0,1,1,0.04727263,10,6,-1,medium,medium,0.55,medium,2,,,,,no_forbidden_advantage,negative_control,624319
F,F_00295,apple_pick,semantic_only,1,1,0,0,1,1,0.0,10,6,-1,medium,medium,0.55,medium,2,,,,,no_forbidden_advantage,negative_control,624319
F,F_00295,apple_pick,posthoc_single,0,0,0,1,1,1,0.04450796,10,6,-1,medium,medium,0.55,medium,2,,,,,no_forbidden_advantage,negative_control,624319
F,F_00295,apple_pick,soft_penalty_fc,1,0,1,1,1,1,0.04450796,10,6,-1,medium,medium,0.55,medium,2,,,,,no_forbidden_advantage,negative_control,624319
F,F_00296,apple_pick,geometric_fc,1,0,1,1,1,1,0.04254461,10,6,-1,medium,medium,0.55,medium,2,,,,,no_forbidden_advantage,negative_control,624320
F,F_00296,apple_pick,oracle_sfc,1,1,0,0,1,1,0.04195081,10,6,-1,medium,medium,0.55,medium,2,,,,,no_forbidden_advantage,negative_control,624320
F,F_00296,apple_pick,semantic_only,1,1,0,0,1,1,0.0,10,6,-1,medium,medium,0.55,medium,2,,,,,no_forbidden_advantage,negative_control,624320
F,F_00296,apple_pick,posthoc_single,0,0,0,1,1,1,0.04254461,10,6,-1,medium,medium,0.55,medium,2,,,,,no_forbidden_advantage,negative_control,624320
F,F_00296,apple_pick,soft_penalty_fc,1,0,1,1,1,1,0.04254461,10,6,-1,medium,medium,0.55,medium,2,,,,,no_forbidden_advantage,negative_control,624320
F,F_00297,scissors_pass,geometric_fc,1,0,1,0,1,0,0.02835372,10,5,-1,medium,medium,0.55,medium,2,,,,,no_forbidden_advantage,negative_control,624321
F,F_00297,scissors_pass,oracle_sfc,0,0,0,0,1,0,0.0,10,5,-1,medium,medium,0.55,medium,2,,,,,no_forbidden_advantage,negative_control,624321
F,F_00297,scissors_pass,semantic_only,1,0,1,0,1,0,0.0,10,5,-1,medium,medium,0.55,medium,2,,,,,no_forbidden_advantage,negative_control,624321
F,F_00297,scissors_pass,posthoc_single,0,0,0,0,1,0,0.02835372,10,5,-1,medium,medium,0.55,medium,2,,,,,no_forbidden_advantage,negative_control,624321
F,F_00297,scissors_pass,soft_penalty_fc,1,0,1,0,1,0,0.02835372,10,5,-1,medium,medium,0.55,medium,2,,,,,no_forbidden_advantage,negative_control,624321
F,F_00298,scissors_pass,geometric_fc,1,0,1,0,1,0,0.04061692,10,5,-1,medium,medium,0.55,medium,2,,,,,no_forbidden_advantage,negative_control,624322
F,F_00298,scissors_pass,oracle_sfc,0,0,0,0,1,0,0.0,10,5,-1,medium,medium,0.55,medium,2,,,,,no_forbidden_advantage,negative_control,624322
F,F_00298,scissors_pass,semantic_only,1,0,1,0,1,0,0.0,10,5,-1,medium,medium,0.55,medium,2,,,,,no_forbidden_advantage,negative_control,624322
F,F_00298,scissors_pass,posthoc_single,0,0,0,0,1,0,0.04061692,10,5,-1,medium,medium,0.55,medium,2,,,,,no_forbidden_advantage,negative_control,624322
F,F_00298,scissors_pass,soft_penalty_fc,1,0,1,0,1,0,0.04061692,10,5,-1,medium,medium,0.55,medium,2,,,,,no_forbidden_advantage,negative_control,624322
F,F_00299,scissors_pass,geometric_fc,1,0,1,0,1,0,0.03921177,10,5,-1,medium,medium,0.55,medium,2,,,,,no_forbidden_advantage,negative_control,624323
F,F_00299,scissors_pass,oracle_sfc,0,0,0,0,1,0,0.0,10,5,-1,medium,medium,0.55,medium,2,,,,,no_forbidden_advantage,negative_control,624323
F,F_00299,scissors_pass,semantic_only,1,0,1,0,1,0,0.0,10,5,-1,medium,medium,0.55,medium,2,,,,,no_forbidden_advantage,negative_control,624323
F,F_00299,scissors_pass,posthoc_single,0,0,0,0,1,0,0.03921177,10,5,-1,medium,medium,0.55,medium,2,,,,,no_forbidden_advantage,negative_control,624323
F,F_00299,scissors_pass,soft_penalty_fc,1,0,1,0,1,0,0.03921177,10,5,-1,medium,medium,0.55,medium,2,,,,,no_forbidden_advantage,negative_control,624323
F,F_00300,scissors_pass,geometric_fc,1,0,1,0,1,0,0.04046481,10,5,-1,medium,medium,0.55,medium,2,,,,,no_forbidden_advantage,negative_control,624324
F,F_00300,scissors_pass,oracle_sfc,0,0,0,0,1,0,0.0,10,5,-1,medium,medium,0.55,medium,2,,,,,no_forbidden_advantage,negative_control,624324
F,F_00300,scissors_pass,semantic_only,1,0,1,0,1,0,0.0,10,5,-1,medium,medium,0.55,medium,2,,,,,no_forbidden_advantage,negative_control,624324
F,F_00300,scissors_pass,posthoc_single,0,0,0,0,1,0,0.04046481,10,5,-1,medium,medium,0.55,medium,2,,,,,no_forbidden_advantage,negative_control,624324
F,F_00300,scissors_pass,soft_penalty_fc,1,0,1,0,1,0,0.04046481,10,5,-1,medium,medium,0.55,medium,2,,,,,no_forbidden_advantage,negative_control,624324
F,F_00301,scissors_pass,geometric_fc,1,0,1,0,1,0,0.03791657,10,5,-1,medium,medium,0.55,medium,2,,,,,no_forbidden_advantage,negative_control,624325
F,F_00301,scissors_pass,oracle_sfc,0,0,0,0,1,0,0.0,10,5,-1,medium,medium,0.55,medium,2,,,,,no_forbidden_advantage,negative_control,624325
F,F_00301,scissors_pass,semantic_only,1,0,1,0,1,0,0.0,10,5,-1,medium,medium,0.55,medium,2,,,,,no_forbidden_advantage,negative_control,624325
F,F_00301,scissors_pass,posthoc_single,0,0,0,0,1,0,0.03791657,10,5,-1,medium,medium,0.55,medium,2,,,,,no_forbidden_advantage,negative_control,624325
F,F_00301,scissors_pass,soft_penalty_fc,1,0,1,0,1,0,0.03791657,10,5,-1,medium,medium,0.55,medium,2,,,,,no_forbidden_advantage,negative_control,624325
F,F_00302,scissors_pass,geometric_fc,1,0,1,0,1,0,0.04040571,10,5,-1,medium,medium,0.55,medium,2,,,,,no_forbidden_advantage,negative_control,624326
F,F_00302,scissors_pass,oracle_sfc,0,0,0,0,1,0,0.0,10,5,-1,medium,medium,0.55,medium,2,,,,,no_forbidden_advantage,negative_control,624326
F,F_00302,scissors_pass,semantic_only,1,0,1,0,1,0,0.0,10,5,-1,medium,medium,0.55,medium,2,,,,,no_forbidden_advantage,negative_control,624326
F,F_00302,scissors_pass,posthoc_single,0,0,0,0,1,0,0.04040571,10,5,-1,medium,medium,0.55,medium,2,,,,,no_forbidden_advantage,negative_control,624326
F,F_00302,scissors_pass,soft_penalty_fc,1,0,1,0,1,0,0.04040571,10,5,-1,medium,medium,0.55,medium,2,,,,,no_forbidden_advantage,negative_control,624326
F,F_00303,scissors_pass,geometric_fc,1,0,1,0,1,0,0.04373468,10,5,-1,medium,medium,0.55,medium,2,,,,,no_forbidden_advantage,negative_control,624327
F,F_00303,scissors_pass,oracle_sfc,0,0,0,0,1,0,0.0,10,5,-1,medium,medium,0.55,medium,2,,,,,no_forbidden_advantage,negative_control,624327
F,F_00303,scissors_pass,semantic_only,1,0,1,0,1,0,0.0,10,5,-1,medium,medium,0.55,medium,2,,,,,no_forbidden_advantage,negative_control,624327
F,F_00303,scissors_pass,posthoc_single,0,0,0,0,1,0,0.04373468,10,5,-1,medium,medium,0.55,medium,2,,,,,no_forbidden_advantage,negative_control,624327
F,F_00303,scissors_pass,soft_penalty_fc,1,0,1,0,1,0,0.04373468,10,5,-1,medium,medium,0.55,medium,2,,,,,no_forbidden_advantage,negative_control,624327
F,F_00304,scissors_pass,geometric_fc,1,0,1,0,1,0,0.04168349,10,5,-1,medium,medium,0.55,medium,2,,,,,no_forbidden_advantage,negative_control,624328
F,F_00304,scissors_pass,oracle_sfc,0,0,0,0,1,0,0.0,10,5,-1,medium,medium,0.55,medium,2,,,,,no_forbidden_advantage,negative_control,624328
F,F_00304,scissors_pass,semantic_only,1,0,1,0,1,0,0.0,10,5,-1,medium,medium,0.55,medium,2,,,,,no_forbidden_advantage,negative_control,624328
F,F_00304,scissors_pass,posthoc_single,0,0,0,0,1,0,0.04168349,10,5,-1,medium,medium,0.55,medium,2,,,,,no_forbidden_advantage,negative_control,624328
F,F_00304,scissors_pass,soft_penalty_fc,1,0,1,0,1,0,0.04168349,10,5,-1,medium,medium,0.55,medium,2,,,,,no_forbidden_advantage,negative_control,624328
F,F_00305,syringe_handoff,geometric_fc,1,0,1,0,1,0,0.04033687,11,6,-1,medium,medium,0.55,medium,2,,,,,no_forbidden_advantage,negative_control,624329
F,F_00305,syringe_handoff,oracle_sfc,0,0,0,0,1,0,0.0,11,6,-1,medium,medium,0.55,medium,2,,,,,no_forbidden_advantage,negative_control,624329
F,F_00305,syringe_handoff,semantic_only,1,0,1,0,1,0,0.0,11,6,-1,medium,medium,0.55,medium,2,,,,,no_forbidden_advantage,negative_control,624329
F,F_00305,syringe_handoff,posthoc_single,0,0,0,0,1,0,0.04033687,11,6,-1,medium,medium,0.55,medium,2,,,,,no_forbidden_advantage,negative_control,624329
F,F_00305,syringe_handoff,soft_penalty_fc,1,0,1,0,1,0,0.04033687,11,6,-1,medium,medium,0.55,medium,2,,,,,no_forbidden_advantage,negative_control,624329
F,F_00306,syringe_handoff,geometric_fc,1,0,1,0,1,0,0.04055989,11,6,-1,medium,medium,0.55,medium,2,,,,,no_forbidden_advantage,negative_control,624330
F,F_00306,syringe_handoff,oracle_sfc,0,0,0,0,1,0,0.0,11,6,-1,medium,medium,0.55,medium,2,,,,,no_forbidden_advantage,negative_control,624330
F,F_00306,syringe_handoff,semantic_only,1,0,1,0,1,0,0.0,11,6,-1,medium,medium,0.55,medium,2,,,,,no_forbidden_advantage,negative_control,624330
F,F_00306,syringe_handoff,posthoc_single,0,0,0,0,1,0,0.04055989,11,6,-1,medium,medium,0.55,medium,2,,,,,no_forbidden_advantage,negative_control,624330
F,F_00306,syringe_handoff,soft_penalty_fc,1,0,1,0,1,0,0.04055989,11,6,-1,medium,medium,0.55,medium,2,,,,,no_forbidden_advantage,negative_control,624330
F,F_00307,syringe_handoff,geometric_fc,1,0,1,0,1,0,0.04262909,11,6,-1,medium,medium,0.55,medium,2,,,,,no_forbidden_advantage,negative_control,624331
F,F_00307,syringe_handoff,oracle_sfc,0,0,0,0,1,0,0.0,11,6,-1,medium,medium,0.55,medium,2,,,,,no_forbidden_advantage,negative_control,624331
F,F_00307,syringe_handoff,semantic_only,1,0,1,0,1,0,0.0,11,6,-1,medium,medium,0.55,medium,2,,,,,no_forbidden_advantage,negative_control,624331
F,F_00307,syringe_handoff,posthoc_single,0,0,0,0,1,0,0.04262909,11,6,-1,medium,medium,0.55,medium,2,,,,,no_forbidden_advantage,negative_control,624331
F,F_00307,syringe_handoff,soft_penalty_fc,1,0,1,0,1,0,0.04262909,11,6,-1,medium,medium,0.55,medium,2,,,,,no_forbidden_advantage,negative_control,624331
F,F_00308,syringe_handoff,geometric_fc,1,0,1,0,1,0,0.03832337,11,6,-1,medium,medium,0.55,medium,2,,,,,no_forbidden_advantage,negative_control,624332
F,F_00308,syringe_handoff,oracle_sfc,0,0,0,0,1,0,0.0,11,6,-1,medium,medium,0.55,medium,2,,,,,no_forbidden_advantage,negative_control,624332
F,F_00308,syringe_handoff,semantic_only,1,0,1,0,1,0,0.0,11,6,-1,medium,medium,0.55,medium,2,,,,,no_forbidden_advantage,negative_control,624332
F,F_00308,syringe_handoff,posthoc_single,0,0,0,0,1,0,0.03832337,11,6,-1,medium,medium,0.55,medium,2,,,,,no_forbidden_advantage,negative_control,624332
F,F_00308,syringe_handoff,soft_penalty_fc,1,0,1,0,1,0,0.03832337,11,6,-1,medium,medium,0.55,medium,2,,,,,no_forbidden_advantage,negative_control,624332
F,F_00309,syringe_handoff,geometric_fc,1,0,1,0,1,0,0.04169618,11,6,-1,medium,medium,0.55,medium,2,,,,,no_forbidden_advantage,negative_control,624333
F,F_00309,syringe_handoff,oracle_sfc,0,0,0,0,1,0,0.0,11,6,-1,medium,medium,0.55,medium,2,,,,,no_forbidden_advantage,negative_control,624333
F,F_00309,syringe_handoff,semantic_only,1,0,1,0,1,0,0.0,11,6,-1,medium,medium,0.55,medium,2,,,,,no_forbidden_advantage,negative_control,624333
F,F_00309,syringe_handoff,posthoc_single,0,0,0,0,1,0,0.04169618,11,6,-1,medium,medium,0.55,medium,2,,,,,no_forbidden_advantage,negative_control,624333
F,F_00309,syringe_handoff,soft_penalty_fc,1,0,1,0,1,0,0.04169618,11,6,-1,medium,medium,0.55,medium,2,,,,,no_forbidden_advantage,negative_control,624333
F,F_00310,syringe_handoff,geometric_fc,1,0,1,0,1,0,0.04233221,11,6,-1,medium,medium,0.55,medium,2,,,,,no_forbidden_advantage,negative_control,624334
F,F_00310,syringe_handoff,oracle_sfc,0,0,0,0,1,0,0.0,11,6,-1,medium,medium,0.55,medium,2,,,,,no_forbidden_advantage,negative_control,624334
F,F_00310,syringe_handoff,semantic_only,1,0,1,0,1,0,0.0,11,6,-1,medium,medium,0.55,medium,2,,,,,no_forbidden_advantage,negative_control,624334
F,F_00310,syringe_handoff,posthoc_single,0,0,0,0,1,0,0.04233221,11,6,-1,medium,medium,0.55,medium,2,,,,,no_forbidden_advantage,negative_control,624334
F,F_00310,syringe_handoff,soft_penalty_fc,1,0,1,0,1,0,0.04233221,11,6,-1,medium,medium,0.55,medium,2,,,,,no_forbidden_advantage,negative_control,624334
F,F_00311,syringe_handoff,geometric_fc,1,0,1,0,1,0,0.03946957,11,6,-1,medium,medium,0.55,medium,2,,,,,no_forbidden_advantage,negative_control,624335
F,F_00311,syringe_handoff,oracle_sfc,0,0,0,0,1,0,0.0,11,6,-1,medium,medium,0.55,medium,2,,,,,no_forbidden_advantage,negative_control,624335
F,F_00311,syringe_handoff,semantic_only,1,0,1,0,1,0,0.0,11,6,-1,medium,medium,0.55,medium,2,,,,,no_forbidden_advantage,negative_control,624335
F,F_00311,syringe_handoff,posthoc_single,0,0,0,0,1,0,0.03946957,11,6,-1,medium,medium,0.55,medium,2,,,,,no_forbidden_advantage,negative_control,624335
F,F_00311,syringe_handoff,soft_penalty_fc,1,0,1,0,1,0,0.03946957,11,6,-1,medium,medium,0.55,medium,2,,,,,no_forbidden_advantage,negative_control,624335
F,F_00312,syringe_handoff,geometric_fc,1,0,1,0,1,0,0.04163661,11,6,-1,medium,medium,0.55,medium,2,,,,,no_forbidden_advantage,negative_control,624336
F,F_00312,syringe_handoff,oracle_sfc,0,0,0,0,1,0,0.0,11,6,-1,medium,medium,0.55,medium,2,,,,,no_forbidden_advantage,negative_control,624336
F,F_00312,syringe_handoff,semantic_only,1,0,1,0,1,0,0.0,11,6,-1,medium,medium,0.55,medium,2,,,,,no_forbidden_advantage,negative_control,624336
F,F_00312,syringe_handoff,posthoc_single,0,0,0,0,1,0,0.04163661,11,6,-1,medium,medium,0.55,medium,2,,,,,no_forbidden_advantage,negative_control,624336
F,F_00312,syringe_handoff,soft_penalty_fc,1,0,1,0,1,0,0.04163661,11,6,-1,medium,medium,0.55,medium,2,,,,,no_forbidden_advantage,negative_control,624336
F,F_00313,pan_carry,geometric_fc,1,0,1,0,1,0,0.03358647,14,7,-1,medium,medium,0.55,medium,2,,,,,no_forbidden_advantage,negative_control,624337
F,F_00313,pan_carry,oracle_sfc,0,0,0,0,1,0,0.0,14,7,-1,medium,medium,0.55,medium,2,,,,,no_forbidden_advantage,negative_control,624337
F,F_00313,pan_carry,semantic_only,1,0,1,0,1,0,0.0,14,7,-1,medium,medium,0.55,medium,2,,,,,no_forbidden_advantage,negative_control,624337
F,F_00313,pan_carry,posthoc_single,0,0,0,0,1,0,0.03358647,14,7,-1,medium,medium,0.55,medium,2,,,,,no_forbidden_advantage,negative_control,624337
F,F_00313,pan_carry,soft_penalty_fc,1,0,1,0,1,0,0.03358647,14,7,-1,medium,medium,0.55,medium,2,,,,,no_forbidden_advantage,negative_control,624337
F,F_00314,pan_carry,geometric_fc,1,0,1,0,1,0,0.03280633,14,7,-1,medium,medium,0.55,medium,2,,,,,no_forbidden_advantage,negative_control,624338
F,F_00314,pan_carry,oracle_sfc,0,0,0,0,1,0,0.0,14,7,-1,medium,medium,0.55,medium,2,,,,,no_forbidden_advantage,negative_control,624338
F,F_00314,pan_carry,semantic_only,1,0,1,0,1,0,0.0,14,7,-1,medium,medium,0.55,medium,2,,,,,no_forbidden_advantage,negative_control,624338
F,F_00314,pan_carry,posthoc_single,0,0,0,0,1,0,0.03280633,14,7,-1,medium,medium,0.55,medium,2,,,,,no_forbidden_advantage,negative_control,624338
F,F_00314,pan_carry,soft_penalty_fc,1,0,1,0,1,0,0.03280633,14,7,-1,medium,medium,0.55,medium,2,,,,,no_forbidden_advantage,negative_control,624338
F,F_00315,pan_carry,geometric_fc,1,0,1,0,1,0,0.03370151,14,7,-1,medium,medium,0.55,medium,2,,,,,no_forbidden_advantage,negative_control,624339
F,F_00315,pan_carry,oracle_sfc,0,0,0,0,1,0,0.0,14,7,-1,medium,medium,0.55,medium,2,,,,,no_forbidden_advantage,negative_control,624339
F,F_00315,pan_carry,semantic_only,1,0,1,0,1,0,0.0,14,7,-1,medium,medium,0.55,medium,2,,,,,no_forbidden_advantage,negative_control,624339
F,F_00315,pan_carry,posthoc_single,0,0,0,0,1,0,0.03370151,14,7,-1,medium,medium,0.55,medium,2,,,,,no_forbidden_advantage,negative_control,624339
F,F_00315,pan_carry,soft_penalty_fc,1,0,1,0,1,0,0.03370151,14,7,-1,medium,medium,0.55,medium,2,,,,,no_forbidden_advantage,negative_control,624339
F,F_00316,pan_carry,geometric_fc,1,0,1,1,1,1,0.03408816,14,7,-1,medium,medium,0.55,medium,2,,,,,no_forbidden_advantage,negative_control,624340
F,F_00316,pan_carry,oracle_sfc,1,1,0,0,1,1,0.02155358,14,7,-1,medium,medium,0.55,medium,2,,,,,no_forbidden_advantage,negative_control,624340
F,F_00316,pan_carry,semantic_only,1,1,0,0,1,1,0.0,14,7,-1,medium,medium,0.55,medium,2,,,,,no_forbidden_advantage,negative_control,624340
F,F_00316,pan_carry,posthoc_single,0,0,0,1,1,1,0.03408816,14,7,-1,medium,medium,0.55,medium,2,,,,,no_forbidden_advantage,negative_control,624340
F,F_00316,pan_carry,soft_penalty_fc,1,0,1,1,1,1,0.03408816,14,7,-1,medium,medium,0.55,medium,2,,,,,no_forbidden_advantage,negative_control,624340
F,F_00317,pan_carry,geometric_fc,1,0,1,1,1,1,0.03368163,14,7,-1,medium,medium,0.55,medium,2,,,,,no_forbidden_advantage,negative_control,624341
F,F_00317,pan_carry,oracle_sfc,1,1,0,0,1,1,0.01052353,14,7,-1,medium,medium,0.55,medium,2,,,,,no_forbidden_advantage,negative_control,624341
F,F_00317,pan_carry,semantic_only,1,1,0,0,1,1,0.0,14,7,-1,medium,medium,0.55,medium,2,,,,,no_forbidden_advantage,negative_control,624341
F,F_00317,pan_carry,posthoc_single,0,0,0,1,1,1,0.03368163,14,7,-1,medium,medium,0.55,medium,2,,,,,no_forbidden_advantage,negative_control,624341
F,F_00317,pan_carry,soft_penalty_fc,1,0,1,1,1,1,0.03368163,14,7,-1,medium,medium,0.55,medium,2,,,,,no_forbidden_advantage,negative_control,624341
F,F_00318,pan_carry,geometric_fc,1,0,1,1,1,1,0.0333657,14,7,-1,medium,medium,0.55,medium,2,,,,,no_forbidden_advantage,negative_control,624342
F,F_00318,pan_carry,oracle_sfc,1,1,0,0,1,1,0.01829199,14,7,-1,medium,medium,0.55,medium,2,,,,,no_forbidden_advantage,negative_control,624342
F,F_00318,pan_carry,semantic_only,1,1,0,0,1,1,0.0,14,7,-1,medium,medium,0.55,medium,2,,,,,no_forbidden_advantage,negative_control,624342
F,F_00318,pan_carry,posthoc_single,0,0,0,1,1,1,0.0333657,14,7,-1,medium,medium,0.55,medium,2,,,,,no_forbidden_advantage,negative_control,624342
F,F_00318,pan_carry,soft_penalty_fc,1,0,1,1,1,1,0.0333657,14,7,-1,medium,medium,0.55,medium,2,,,,,no_forbidden_advantage,negative_control,624342
F,F_00319,pan_carry,geometric_fc,1,0,1,1,1,1,0.0346095,14,7,-1,medium,medium,0.55,medium,2,,,,,no_forbidden_advantage,negative_control,624343
F,F_00319,pan_carry,oracle_sfc,1,1,0,0,1,1,0.01488532,14,7,-1,medium,medium,0.55,medium,2,,,,,no_forbidden_advantage,negative_control,624343
F,F_00319,pan_carry,semantic_only,1,1,0,0,1,1,0.0,14,7,-1,medium,medium,0.55,medium,2,,,,,no_forbidden_advantage,negative_control,624343
F,F_00319,pan_carry,posthoc_single,0,0,0,1,1,1,0.0346095,14,7,-1,medium,medium,0.55,medium,2,,,,,no_forbidden_advantage,negative_control,624343
F,F_00319,pan_carry,soft_penalty_fc,1,0,1,1,1,1,0.0346095,14,7,-1,medium,medium,0.55,medium,2,,,,,no_forbidden_advantage,negative_control,624343
F,F_00320,pan_carry,geometric_fc,1,0,1,0,1,0,0.03201378,14,7,-1,medium,medium,0.55,medium,2,,,,,no_forbidden_advantage,negative_control,624344
F,F_00320,pan_carry,oracle_sfc,0,0,0,0,1,0,0.0,14,7,-1,medium,medium,0.55,medium,2,,,,,no_forbidden_advantage,negative_control,624344
F,F_00320,pan_carry,semantic_only,1,0,1,0,1,0,0.0,14,7,-1,medium,medium,0.55,medium,2,,,,,no_forbidden_advantage,negative_control,624344
F,F_00320,pan_carry,posthoc_single,0,0,0,0,1,0,0.03201378,14,7,-1,medium,medium,0.55,medium,2,,,,,no_forbidden_advantage,negative_control,624344
F,F_00320,pan_carry,soft_penalty_fc,1,0,1,0,1,0,0.03201378,14,7,-1,medium,medium,0.55,medium,2,,,,,no_forbidden_advantage,negative_control,624344
F,F_00321,knife_pass,geometric_fc,1,0,1,0,1,0,0.03883893,12,6,-1,medium,medium,0.55,medium,2,,,,,none,negative_control,624345
F,F_00321,knife_pass,oracle_sfc,0,0,0,0,1,0,0.0,12,6,-1,medium,medium,0.55,medium,2,,,,,none,negative_control,624345
F,F_00321,knife_pass,semantic_only,1,0,1,0,1,0,0.0,12,6,-1,medium,medium,0.55,medium,2,,,,,none,negative_control,624345
F,F_00321,knife_pass,posthoc_single,0,0,0,0,1,0,0.03883893,12,6,-1,medium,medium,0.55,medium,2,,,,,none,negative_control,624345
F,F_00321,knife_pass,soft_penalty_fc,1,0,1,0,1,0,0.03883893,12,6,-1,medium,medium,0.55,medium,2,,,,,none,negative_control,624345
F,F_00322,knife_pass,geometric_fc,1,0,1,0,1,0,0.03842342,12,6,-1,medium,medium,0.55,medium,2,,,,,none,negative_control,624346
F,F_00322,knife_pass,oracle_sfc,0,0,0,0,1,0,0.0,12,6,-1,medium,medium,0.55,medium,2,,,,,none,negative_control,624346
F,F_00322,knife_pass,semantic_only,1,0,1,0,1,0,0.0,12,6,-1,medium,medium,0.55,medium,2,,,,,none,negative_control,624346
F,F_00322,knife_pass,posthoc_single,0,0,0,0,1,0,0.03842342,12,6,-1,medium,medium,0.55,medium,2,,,,,none,negative_control,624346
F,F_00322,knife_pass,soft_penalty_fc,1,0,1,0,1,0,0.03842342,12,6,-1,medium,medium,0.55,medium,2,,,,,none,negative_control,624346
F,F_00323,knife_pass,geometric_fc,1,0,1,0,1,0,0.03948187,12,6,-1,medium,medium,0.55,medium,2,,,,,none,negative_control,624347
F,F_00323,knife_pass,oracle_sfc,0,0,0,0,1,0,0.0,12,6,-1,medium,medium,0.55,medium,2,,,,,none,negative_control,624347
F,F_00323,knife_pass,semantic_only,1,0,1,0,1,0,0.0,12,6,-1,medium,medium,0.55,medium,2,,,,,none,negative_control,624347
F,F_00323,knife_pass,posthoc_single,0,0,0,0,1,0,0.03948187,12,6,-1,medium,medium,0.55,medium,2,,,,,none,negative_control,624347
F,F_00323,knife_pass,soft_penalty_fc,1,0,1,0,1,0,0.03948187,12,6,-1,medium,medium,0.55,medium,2,,,,,none,negative_control,624347
F,F_00324,knife_pass,geometric_fc,1,0,1,0,1,0,0.03773466,12,6,-1,medium,medium,0.55,medium,2,,,,,none,negative_control,624348
F,F_00324,knife_pass,oracle_sfc,0,0,0,0,1,0,0.0,12,6,-1,medium,medium,0.55,medium,2,,,,,none,negative_control,624348
F,F_00324,knife_pass,semantic_only,1,0,1,0,1,0,0.0,12,6,-1,medium,medium,0.55,medium,2,,,,,none,negative_control,624348
F,F_00324,knife_pass,posthoc_single,0,0,0,0,1,0,0.03773466,12,6,-1,medium,medium,0.55,medium,2,,,,,none,negative_control,624348
F,F_00324,knife_pass,soft_penalty_fc,1,0,1,0,1,0,0.03773466,12,6,-1,medium,medium,0.55,medium,2,,,,,none,negative_control,624348
F,F_00325,knife_pass,geometric_fc,1,0,1,0,1,0,0.03804383,12,6,-1,medium,medium,0.55,medium,2,,,,,none,negative_control,624349
F,F_00325,knife_pass,oracle_sfc,0,0,0,0,1,0,0.0,12,6,-1,medium,medium,0.55,medium,2,,,,,none,negative_control,624349
F,F_00325,knife_pass,semantic_only,1,0,1,0,1,0,0.0,12,6,-1,medium,medium,0.55,medium,2,,,,,none,negative_control,624349
F,F_00325,knife_pass,posthoc_single,0,0,0,0,1,0,0.03804383,12,6,-1,medium,medium,0.55,medium,2,,,,,none,negative_control,624349
F,F_00325,knife_pass,soft_penalty_fc,1,0,1,0,1,0,0.03804383,12,6,-1,medium,medium,0.55,medium,2,,,,,none,negative_control,624349
F,F_00326,knife_pass,geometric_fc,1,0,1,0,1,0,0.03787697,12,6,-1,medium,medium,0.55,medium,2,,,,,none,negative_control,624350
F,F_00326,knife_pass,oracle_sfc,0,0,0,0,1,0,0.0,12,6,-1,medium,medium,0.55,medium,2,,,,,none,negative_control,624350
F,F_00326,knife_pass,semantic_only,1,0,1,0,1,0,0.0,12,6,-1,medium,medium,0.55,medium,2,,,,,none,negative_control,624350
F,F_00326,knife_pass,posthoc_single,0,0,0,0,1,0,0.03787697,12,6,-1,medium,medium,0.55,medium,2,,,,,none,negative_control,624350
F,F_00326,knife_pass,soft_penalty_fc,1,0,1,0,1,0,0.03787697,12,6,-1,medium,medium,0.55,medium,2,,,,,none,negative_control,624350
F,F_00327,knife_pass,geometric_fc,1,0,1,0,1,0,0.04025348,12,6,-1,medium,medium,0.55,medium,2,,,,,none,negative_control,624351
F,F_00327,knife_pass,oracle_sfc,0,0,0,0,1,0,0.0,12,6,-1,medium,medium,0.55,medium,2,,,,,none,negative_control,624351
F,F_00327,knife_pass,semantic_only,1,0,1,0,1,0,0.0,12,6,-1,medium,medium,0.55,medium,2,,,,,none,negative_control,624351
F,F_00327,knife_pass,posthoc_single,0,0,0,0,1,0,0.04025348,12,6,-1,medium,medium,0.55,medium,2,,,,,none,negative_control,624351
F,F_00327,knife_pass,soft_penalty_fc,1,0,1,0,1,0,0.04025348,12,6,-1,medium,medium,0.55,medium,2,,,,,none,negative_control,624351
F,F_00328,knife_pass,geometric_fc,1,0,1,0,1,0,0.03808693,12,6,-1,medium,medium,0.55,medium,2,,,,,none,negative_control,624352
F,F_00328,knife_pass,oracle_sfc,0,0,0,0,1,0,0.0,12,6,-1,medium,medium,0.55,medium,2,,,,,none,negative_control,624352
F,F_00328,knife_pass,semantic_only,1,0,1,0,1,0,0.0,12,6,-1,medium,medium,0.55,medium,2,,,,,none,negative_control,624352
F,F_00328,knife_pass,posthoc_single,0,0,0,0,1,0,0.03808693,12,6,-1,medium,medium,0.55,medium,2,,,,,none,negative_control,624352
F,F_00328,knife_pass,soft_penalty_fc,1,0,1,0,1,0,0.03808693,12,6,-1,medium,medium,0.55,medium,2,,,,,none,negative_control,624352
F,F_00329,mug_serve,geometric_fc,1,0,1,1,1,1,0.03587986,12,8,-1,medium,medium,0.55,medium,2,,,,,none,negative_control,624353
F,F_00329,mug_serve,oracle_sfc,1,1,0,0,1,1,0.04910697,12,8,-1,medium,medium,0.55,medium,2,,,,,none,negative_control,624353
F,F_00329,mug_serve,semantic_only,1,1,0,0,1,1,0.0,12,8,-1,medium,medium,0.55,medium,2,,,,,none,negative_control,624353
F,F_00329,mug_serve,posthoc_single,0,0,0,1,1,1,0.03587986,12,8,-1,medium,medium,0.55,medium,2,,,,,none,negative_control,624353
F,F_00329,mug_serve,soft_penalty_fc,1,0,1,1,1,1,0.03587986,12,8,-1,medium,medium,0.55,medium,2,,,,,none,negative_control,624353
F,F_00330,mug_serve,geometric_fc,1,0,1,1,1,1,0.03700298,12,8,-1,medium,medium,0.55,medium,2,,,,,none,negative_control,624354
F,F_00330,mug_serve,oracle_sfc,1,1,0,0,1,1,0.04615651,12,8,-1,medium,medium,0.55,medium,2,,,,,none,negative_control,624354
F,F_00330,mug_serve,semantic_only,1,1,0,0,1,1,0.0,12,8,-1,medium,medium,0.55,medium,2,,,,,none,negative_control,624354
F,F_00330,mug_serve,posthoc_single,0,0,0,1,1,1,0.03700298,12,8,-1,medium,medium,0.55,medium,2,,,,,none,negative_control,624354
F,F_00330,mug_serve,soft_penalty_fc,1,0,1,1,1,1,0.03700298,12,8,-1,medium,medium,0.55,medium,2,,,,,none,negative_control,624354
F,F_00331,mug_serve,geometric_fc,1,0,1,1,1,1,0.03710184,12,8,-1,medium,medium,0.55,medium,2,,,,,none,negative_control,624355
F,F_00331,mug_serve,oracle_sfc,1,1,0,0,1,1,0.04492856,12,8,-1,medium,medium,0.55,medium,2,,,,,none,negative_control,624355
F,F_00331,mug_serve,semantic_only,1,1,0,0,1,1,0.0,12,8,-1,medium,medium,0.55,medium,2,,,,,none,negative_control,624355
F,F_00331,mug_serve,posthoc_single,0,0,0,1,1,1,0.03710184,12,8,-1,medium,medium,0.55,medium,2,,,,,none,negative_control,624355
F,F_00331,mug_serve,soft_penalty_fc,1,0,1,1,1,1,0.03710184,12,8,-1,medium,medium,0.55,medium,2,,,,,none,negative_control,624355
F,F_00332,mug_serve,geometric_fc,1,0,1,1,1,1,0.03819912,12,8,-1,medium,medium,0.55,medium,2,,,,,none,negative_control,624356
F,F_00332,mug_serve,oracle_sfc,1,1,0,0,1,1,0.0397102,12,8,-1,medium,medium,0.55,medium,2,,,,,none,negative_control,624356
F,F_00332,mug_serve,semantic_only,1,1,0,0,1,1,0.0,12,8,-1,medium,medium,0.55,medium,2,,,,,none,negative_control,624356
F,F_00332,mug_serve,posthoc_single,0,0,0,1,1,1,0.03819912,12,8,-1,medium,medium,0.55,medium,2,,,,,none,negative_control,624356
F,F_00332,mug_serve,soft_penalty_fc,1,0,1,1,1,1,0.03819912,12,8,-1,medium,medium,0.55,medium,2,,,,,none,negative_control,624356
F,F_00333,mug_serve,geometric_fc,1,0,1,1,1,1,0.0376019,12,8,-1,medium,medium,0.55,medium,2,,,,,none,negative_control,624357
F,F_00333,mug_serve,oracle_sfc,1,1,0,0,1,1,0.04517693,12,8,-1,medium,medium,0.55,medium,2,,,,,none,negative_control,624357
F,F_00333,mug_serve,semantic_only,1,1,0,0,1,1,0.0,12,8,-1,medium,medium,0.55,medium,2,,,,,none,negative_control,624357
F,F_00333,mug_serve,posthoc_single,0,0,0,1,1,1,0.0376019,12,8,-1,medium,medium,0.55,medium,2,,,,,none,negative_control,624357
F,F_00333,mug_serve,soft_penalty_fc,1,0,1,1,1,1,0.0376019,12,8,-1,medium,medium,0.55,medium,2,,,,,none,negative_control,624357
F,F_00334,mug_serve,geometric_fc,1,0,1,1,1,1,0.03826068,12,8,-1,medium,medium,0.55,medium,2,,,,,none,negative_control,624358
F,F_00334,mug_serve,oracle_sfc,1,1,0,0,1,1,0.04265488,12,8,-1,medium,medium,0.55,medium,2,,,,,none,negative_control,624358
F,F_00334,mug_serve,semantic_only,1,1,0,0,1,1,0.0,12,8,-1,medium,medium,0.55,medium,2,,,,,none,negative_control,624358
F,F_00334,mug_serve,posthoc_single,0,0,0,1,1,1,0.03826068,12,8,-1,medium,medium,0.55,medium,2,,,,,none,negative_control,624358
F,F_00334,mug_serve,soft_penalty_fc,1,0,1,1,1,1,0.03826068,12,8,-1,medium,medium,0.55,medium,2,,,,,none,negative_control,624358
F,F_00335,mug_serve,geometric_fc,1,0,1,1,1,1,0.03511507,12,8,-1,medium,medium,0.55,medium,2,,,,,none,negative_control,624359
F,F_00335,mug_serve,oracle_sfc,1,1,0,0,1,1,0.04962655,12,8,-1,medium,medium,0.55,medium,2,,,,,none,negative_control,624359
F,F_00335,mug_serve,semantic_only,1,1,0,0,1,1,0.0,12,8,-1,medium,medium,0.55,medium,2,,,,,none,negative_control,624359
F,F_00335,mug_serve,posthoc_single,0,0,0,1,1,1,0.03511507,12,8,-1,medium,medium,0.55,medium,2,,,,,none,negative_control,624359
F,F_00335,mug_serve,soft_penalty_fc,1,0,1,1,1,1,0.03511507,12,8,-1,medium,medium,0.55,medium,2,,,,,none,negative_control,624359
F,F_00336,mug_serve,geometric_fc,1,0,1,1,1,1,0.03610612,12,8,-1,medium,medium,0.55,medium,2,,,,,none,negative_control,624360
F,F_00336,mug_serve,oracle_sfc,1,1,0,0,1,1,0.04534165,12,8,-1,medium,medium,0.55,medium,2,,,,,none,negative_control,624360
F,F_00336,mug_serve,semantic_only,1,1,0,0,1,1,0.0,12,8,-1,medium,medium,0.55,medium,2,,,,,none,negative_control,624360
F,F_00336,mug_serve,posthoc_single,0,0,0,1,1,1,0.03610612,12,8,-1,medium,medium,0.55,medium,2,,,,,none,negative_control,624360
F,F_00336,mug_serve,soft_penalty_fc,1,0,1,1,1,1,0.03610612,12,8,-1,medium,medium,0.55,medium,2,,,,,none,negative_control,624360
F,F_00337,phone_pick,geometric_fc,1,0,1,1,1,1,0.03630381,11,6,-1,medium,medium,0.55,medium,2,,,,,none,negative_control,624361
F,F_00337,phone_pick,oracle_sfc,1,1,0,0,1,1,0.05576288,11,6,-1,medium,medium,0.55,medium,2,,,,,none,negative_control,624361
F,F_00337,phone_pick,semantic_only,1,1,0,0,1,1,0.0,11,6,-1,medium,medium,0.55,medium,2,,,,,none,negative_control,624361
F,F_00337,phone_pick,posthoc_single,0,0,0,1,1,1,0.03630381,11,6,-1,medium,medium,0.55,medium,2,,,,,none,negative_control,624361
F,F_00337,phone_pick,soft_penalty_fc,1,0,1,1,1,1,0.03630381,11,6,-1,medium,medium,0.55,medium,2,,,,,none,negative_control,624361
F,F_00338,phone_pick,geometric_fc,1,0,1,1,1,1,0.03739577,11,6,-1,medium,medium,0.55,medium,2,,,,,none,negative_control,624362
F,F_00338,phone_pick,oracle_sfc,1,1,0,0,1,1,0.05572692,11,6,-1,medium,medium,0.55,medium,2,,,,,none,negative_control,624362
F,F_00338,phone_pick,semantic_only,1,1,0,0,1,1,0.0,11,6,-1,medium,medium,0.55,medium,2,,,,,none,negative_control,624362
F,F_00338,phone_pick,posthoc_single,0,0,0,1,1,1,0.03739577,11,6,-1,medium,medium,0.55,medium,2,,,,,none,negative_control,624362
F,F_00338,phone_pick,soft_penalty_fc,1,0,1,1,1,1,0.03739577,11,6,-1,medium,medium,0.55,medium,2,,,,,none,negative_control,624362
F,F_00339,phone_pick,geometric_fc,1,0,1,1,1,1,0.03805355,11,6,-1,medium,medium,0.55,medium,2,,,,,none,negative_control,624363
F,F_00339,phone_pick,oracle_sfc,1,1,0,0,1,1,0.05050369,11,6,-1,medium,medium,0.55,medium,2,,,,,none,negative_control,624363
F,F_00339,phone_pick,semantic_only,1,1,0,0,1,1,0.0,11,6,-1,medium,medium,0.55,medium,2,,,,,none,negative_control,624363
F,F_00339,phone_pick,posthoc_single,0,0,0,1,1,1,0.03805355,11,6,-1,medium,medium,0.55,medium,2,,,,,none,negative_control,624363
F,F_00339,phone_pick,soft_penalty_fc,1,0,1,1,1,1,0.03805355,11,6,-1,medium,medium,0.55,medium,2,,,,,none,negative_control,624363
F,F_00340,phone_pick,geometric_fc,1,0,1,1,1,1,0.03710782,11,6,-1,medium,medium,0.55,medium,2,,,,,none,negative_control,624364
F,F_00340,phone_pick,oracle_sfc,1,1,0,0,1,1,0.05445535,11,6,-1,medium,medium,0.55,medium,2,,,,,none,negative_control,624364
F,F_00340,phone_pick,semantic_only,1,1,0,0,1,1,0.0,11,6,-1,medium,medium,0.55,medium,2,,,,,none,negative_control,624364
F,F_00340,phone_pick,posthoc_single,0,0,0,1,1,1,0.03710782,11,6,-1,medium,medium,0.55,medium,2,,,,,none,negative_control,624364
F,F_00340,phone_pick,soft_penalty_fc,1,0,1,1,1,1,0.03710782,11,6,-1,medium,medium,0.55,medium,2,,,,,none,negative_control,624364
F,F_00341,phone_pick,geometric_fc,1,0,1,1,1,1,0.03824304,11,6,-1,medium,medium,0.55,medium,2,,,,,none,negative_control,624365
F,F_00341,phone_pick,oracle_sfc,1,1,0,0,1,1,0.05278922,11,6,-1,medium,medium,0.55,medium,2,,,,,none,negative_control,624365
F,F_00341,phone_pick,semantic_only,1,1,0,0,1,1,0.0,11,6,-1,medium,medium,0.55,medium,2,,,,,none,negative_control,624365
F,F_00341,phone_pick,posthoc_single,0,0,0,1,1,1,0.03824304,11,6,-1,medium,medium,0.55,medium,2,,,,,none,negative_control,624365
F,F_00341,phone_pick,soft_penalty_fc,1,0,1,1,1,1,0.03824304,11,6,-1,medium,medium,0.55,medium,2,,,,,none,negative_control,624365
F,F_00342,phone_pick,geometric_fc,1,0,1,1,1,1,0.03670534,11,6,-1,medium,medium,0.55,medium,2,,,,,none,negative_control,624366
F,F_00342,phone_pick,oracle_sfc,1,1,0,0,1,1,0.05840495,11,6,-1,medium,medium,0.55,medium,2,,,,,none,negative_control,624366
F,F_00342,phone_pick,semantic_only,1,1,0,0,1,1,0.0,11,6,-1,medium,medium,0.55,medium,2,,,,,none,negative_control,624366
F,F_00342,phone_pick,posthoc_single,0,0,0,1,1,1,0.03670534,11,6,-1,medium,medium,0.55,medium,2,,,,,none,negative_control,624366
F,F_00342,phone_pick,soft_penalty_fc,1,0,1,1,1,1,0.03670534,11,6,-1,medium,medium,0.55,medium,2,,,,,none,negative_control,624366
F,F_00343,phone_pick,geometric_fc,1,0,1,1,1,1,0.03714815,11,6,-1,medium,medium,0.55,medium,2,,,,,none,negative_control,624367
F,F_00343,phone_pick,oracle_sfc,1,1,0,0,1,1,0.05763031,11,6,-1,medium,medium,0.55,medium,2,,,,,none,negative_control,624367
F,F_00343,phone_pick,semantic_only,1,1,0,0,1,1,0.0,11,6,-1,medium,medium,0.55,medium,2,,,,,none,negative_control,624367
F,F_00343,phone_pick,posthoc_single,0,0,0,1,1,1,0.03714815,11,6,-1,medium,medium,0.55,medium,2,,,,,none,negative_control,624367
F,F_00343,phone_pick,soft_penalty_fc,1,0,1,1,1,1,0.03714815,11,6,-1,medium,medium,0.55,medium,2,,,,,none,negative_control,624367
F,F_00344,phone_pick,geometric_fc,1,0,1,1,1,1,0.03824046,11,6,-1,medium,medium,0.55,medium,2,,,,,none,negative_control,624368
F,F_00344,phone_pick,oracle_sfc,1,1,0,0,1,1,0.05428485,11,6,-1,medium,medium,0.55,medium,2,,,,,none,negative_control,624368
F,F_00344,phone_pick,semantic_only,1,1,0,0,1,1,0.0,11,6,-1,medium,medium,0.55,medium,2,,,,,none,negative_control,624368
F,F_00344,phone_pick,posthoc_single,0,0,0,1,1,1,0.03824046,11,6,-1,medium,medium,0.55,medium,2,,,,,none,negative_control,624368
F,F_00344,phone_pick,soft_penalty_fc,1,0,1,1,1,1,0.03824046,11,6,-1,medium,medium,0.55,medium,2,,,,,none,negative_control,624368
F,F_00345,spray_bottle_use,geometric_fc,1,0,1,1,1,1,0.03327441,12,7,-1,medium,medium,0.55,medium,2,,,,,none,negative_control,624369
F,F_00345,spray_bottle_use,oracle_sfc,1,1,0,0,1,1,0.028089,12,7,-1,medium,medium,0.55,medium,2,,,,,none,negative_control,624369
F,F_00345,spray_bottle_use,semantic_only,1,1,0,0,1,1,0.0,12,7,-1,medium,medium,0.55,medium,2,,,,,none,negative_control,624369
F,F_00345,spray_bottle_use,posthoc_single,0,0,0,1,1,1,0.03327441,12,7,-1,medium,medium,0.55,medium,2,,,,,none,negative_control,624369
F,F_00345,spray_bottle_use,soft_penalty_fc,1,0,1,1,1,1,0.03327441,12,7,-1,medium,medium,0.55,medium,2,,,,,none,negative_control,624369
F,F_00346,spray_bottle_use,geometric_fc,1,0,1,1,1,1,0.03346471,12,7,-1,medium,medium,0.55,medium,2,,,,,none,negative_control,624370
F,F_00346,spray_bottle_use,oracle_sfc,1,1,0,0,1,1,0.0216096,12,7,-1,medium,medium,0.55,medium,2,,,,,none,negative_control,624370
F,F_00346,spray_bottle_use,semantic_only,1,1,0,0,1,1,0.0,12,7,-1,medium,medium,0.55,medium,2,,,,,none,negative_control,624370
F,F_00346,spray_bottle_use,posthoc_single,0,0,0,1,1,1,0.03346471,12,7,-1,medium,medium,0.55,medium,2,,,,,none,negative_control,624370
F,F_00346,spray_bottle_use,soft_penalty_fc,1,0,1,1,1,1,0.03346471,12,7,-1,medium,medium,0.55,medium,2,,,,,none,negative_control,624370
F,F_00347,spray_bottle_use,geometric_fc,1,0,1,1,1,1,0.0346676,12,7,-1,medium,medium,0.55,medium,2,,,,,none,negative_control,624371
F,F_00347,spray_bottle_use,oracle_sfc,1,1,0,0,1,1,0.02943177,12,7,-1,medium,medium,0.55,medium,2,,,,,none,negative_control,624371
F,F_00347,spray_bottle_use,semantic_only,1,1,0,0,1,1,0.0,12,7,-1,medium,medium,0.55,medium,2,,,,,none,negative_control,624371
F,F_00347,spray_bottle_use,posthoc_single,0,0,0,1,1,1,0.0346676,12,7,-1,medium,medium,0.55,medium,2,,,,,none,negative_control,624371
F,F_00347,spray_bottle_use,soft_penalty_fc,1,0,1,1,1,1,0.0346676,12,7,-1,medium,medium,0.55,medium,2,,,,,none,negative_control,624371
F,F_00348,spray_bottle_use,geometric_fc,1,0,1,0,1,0,0.0346394,12,7,-1,medium,medium,0.55,medium,2,,,,,none,negative_control,624372
F,F_00348,spray_bottle_use,oracle_sfc,0,0,0,0,1,0,0.0,12,7,-1,medium,medium,0.55,medium,2,,,,,none,negative_control,624372
F,F_00348,spray_bottle_use,semantic_only,1,0,1,0,1,0,0.0,12,7,-1,medium,medium,0.55,medium,2,,,,,none,negative_control,624372
F,F_00348,spray_bottle_use,posthoc_single,0,0,0,0,1,0,0.0346394,12,7,-1,medium,medium,0.55,medium,2,,,,,none,negative_control,624372
F,F_00348,spray_bottle_use,soft_penalty_fc,1,0,1,0,1,0,0.0346394,12,7,-1,medium,medium,0.55,medium,2,,,,,none,negative_control,624372
F,F_00349,spray_bottle_use,geometric_fc,1,0,1,1,1,1,0.0342918,12,7,-1,medium,medium,0.55,medium,2,,,,,none,negative_control,624373
F,F_00349,spray_bottle_use,oracle_sfc,1,1,0,0,1,1,0.02279247,12,7,-1,medium,medium,0.55,medium,2,,,,,none,negative_control,624373
F,F_00349,spray_bottle_use,semantic_only,1,1,0,0,1,1,0.0,12,7,-1,medium,medium,0.55,medium,2,,,,,none,negative_control,624373
F,F_00349,spray_bottle_use,posthoc_single,0,0,0,1,1,1,0.0342918,12,7,-1,medium,medium,0.55,medium,2,,,,,none,negative_control,624373
F,F_00349,spray_bottle_use,soft_penalty_fc,1,0,1,1,1,1,0.0342918,12,7,-1,medium,medium,0.55,medium,2,,,,,none,negative_control,624373
F,F_00350,spray_bottle_use,geometric_fc,1,0,1,1,1,1,0.03435706,12,7,-1,medium,medium,0.55,medium,2,,,,,none,negative_control,624374
F,F_00350,spray_bottle_use,oracle_sfc,1,1,0,0,1,1,0.01663671,12,7,-1,medium,medium,0.55,medium,2,,,,,none,negative_control,624374
F,F_00350,spray_bottle_use,semantic_only,1,1,0,0,1,1,0.0,12,7,-1,medium,medium,0.55,medium,2,,,,,none,negative_control,624374
F,F_00350,spray_bottle_use,posthoc_single,0,0,0,1,1,1,0.03435706,12,7,-1,medium,medium,0.55,medium,2,,,,,none,negative_control,624374
F,F_00350,spray_bottle_use,soft_penalty_fc,1,0,1,1,1,1,0.03435706,12,7,-1,medium,medium,0.55,medium,2,,,,,none,negative_control,624374
F,F_00351,spray_bottle_use,geometric_fc,1,0,1,1,1,1,0.03234611,12,7,-1,medium,medium,0.55,medium,2,,,,,none,negative_control,624375
F,F_00351,spray_bottle_use,oracle_sfc,1,1,0,0,1,1,0.02489985,12,7,-1,medium,medium,0.55,medium,2,,,,,none,negative_control,624375
F,F_00351,spray_bottle_use,semantic_only,1,1,0,0,1,1,0.0,12,7,-1,medium,medium,0.55,medium,2,,,,,none,negative_control,624375
F,F_00351,spray_bottle_use,posthoc_single,0,0,0,1,1,1,0.03234611,12,7,-1,medium,medium,0.55,medium,2,,,,,none,negative_control,624375
F,F_00351,spray_bottle_use,soft_penalty_fc,1,0,1,1,1,1,0.03234611,12,7,-1,medium,medium,0.55,medium,2,,,,,none,negative_control,624375
F,F_00352,spray_bottle_use,geometric_fc,1,0,1,1,1,1,0.03239047,12,7,-1,medium,medium,0.55,medium,2,,,,,none,negative_control,624376
F,F_00352,spray_bottle_use,oracle_sfc,1,1,0,0,1,1,0.01951673,12,7,-1,medium,medium,0.55,medium,2,,,,,none,negative_control,624376
F,F_00352,spray_bottle_use,semantic_only,1,1,0,0,1,1,0.0,12,7,-1,medium,medium,0.55,medium,2,,,,,none,negative_control,624376
F,F_00352,spray_bottle_use,posthoc_single,0,0,0,1,1,1,0.03239047,12,7,-1,medium,medium,0.55,medium,2,,,,,none,negative_control,624376
F,F_00352,spray_bottle_use,soft_penalty_fc,1,0,1,1,1,1,0.03239047,12,7,-1,medium,medium,0.55,medium,2,,,,,none,negative_control,624376
F,F_00353,apple_pick,geometric_fc,1,0,1,1,1,1,0.04702572,10,6,-1,medium,medium,0.55,medium,2,,,,,none,negative_control,624377
F,F_00353,apple_pick,oracle_sfc,1,1,0,0,1,1,0.01061327,10,6,-1,medium,medium,0.55,medium,2,,,,,none,negative_control,624377
F,F_00353,apple_pick,semantic_only,1,1,0,0,1,1,0.0,10,6,-1,medium,medium,0.55,medium,2,,,,,none,negative_control,624377
F,F_00353,apple_pick,posthoc_single,0,0,0,1,1,1,0.04702572,10,6,-1,medium,medium,0.55,medium,2,,,,,none,negative_control,624377
F,F_00353,apple_pick,soft_penalty_fc,1,0,1,1,1,1,0.04702572,10,6,-1,medium,medium,0.55,medium,2,,,,,none,negative_control,624377
F,F_00354,apple_pick,geometric_fc,1,0,1,1,1,1,0.04513876,10,6,-1,medium,medium,0.55,medium,2,,,,,none,negative_control,624378
F,F_00354,apple_pick,oracle_sfc,1,1,0,0,1,1,0.00642445,10,6,-1,medium,medium,0.55,medium,2,,,,,none,negative_control,624378
F,F_00354,apple_pick,semantic_only,1,1,0,0,1,1,0.0,10,6,-1,medium,medium,0.55,medium,2,,,,,none,negative_control,624378
F,F_00354,apple_pick,posthoc_single,0,0,0,1,1,1,0.04513876,10,6,-1,medium,medium,0.55,medium,2,,,,,none,negative_control,624378
F,F_00354,apple_pick,soft_penalty_fc,1,0,1,1,1,1,0.04513876,10,6,-1,medium,medium,0.55,medium,2,,,,,none,negative_control,624378
F,F_00355,apple_pick,geometric_fc,1,0,1,1,1,1,0.0460283,10,6,-1,medium,medium,0.55,medium,2,,,,,none,negative_control,624379
F,F_00355,apple_pick,oracle_sfc,1,1,0,0,1,1,0.01041237,10,6,-1,medium,medium,0.55,medium,2,,,,,none,negative_control,624379
F,F_00355,apple_pick,semantic_only,1,1,0,0,1,1,0.0,10,6,-1,medium,medium,0.55,medium,2,,,,,none,negative_control,624379
F,F_00355,apple_pick,posthoc_single,0,0,0,1,1,1,0.0460283,10,6,-1,medium,medium,0.55,medium,2,,,,,none,negative_control,624379
F,F_00355,apple_pick,soft_penalty_fc,1,0,1,1,1,1,0.0460283,10,6,-1,medium,medium,0.55,medium,2,,,,,none,negative_control,624379
F,F_00356,apple_pick,geometric_fc,1,0,1,0,1,0,0.04428171,10,6,-1,medium,medium,0.55,medium,2,,,,,none,negative_control,624380
F,F_00356,apple_pick,oracle_sfc,0,0,0,0,1,0,0.0,10,6,-1,medium,medium,0.55,medium,2,,,,,none,negative_control,624380
F,F_00356,apple_pick,semantic_only,1,0,1,0,1,0,0.0,10,6,-1,medium,medium,0.55,medium,2,,,,,none,negative_control,624380
F,F_00356,apple_pick,posthoc_single,0,0,0,0,1,0,0.04428171,10,6,-1,medium,medium,0.55,medium,2,,,,,none,negative_control,624380
F,F_00356,apple_pick,soft_penalty_fc,1,0,1,0,1,0,0.04428171,10,6,-1,medium,medium,0.55,medium,2,,,,,none,negative_control,624380
F,F_00357,apple_pick,geometric_fc,1,0,1,0,1,0,0.04424962,10,6,-1,medium,medium,0.55,medium,2,,,,,none,negative_control,624381
F,F_00357,apple_pick,oracle_sfc,0,0,0,0,1,0,0.0,10,6,-1,medium,medium,0.55,medium,2,,,,,none,negative_control,624381
F,F_00357,apple_pick,semantic_only,1,0,1,0,1,0,0.0,10,6,-1,medium,medium,0.55,medium,2,,,,,none,negative_control,624381
F,F_00357,apple_pick,posthoc_single,0,0,0,0,1,0,0.04424962,10,6,-1,medium,medium,0.55,medium,2,,,,,none,negative_control,624381
F,F_00357,apple_pick,soft_penalty_fc,1,0,1,0,1,0,0.04424962,10,6,-1,medium,medium,0.55,medium,2,,,,,none,negative_control,624381
F,F_00358,apple_pick,geometric_fc,1,0,1,1,1,1,0.04582503,10,6,-1,medium,medium,0.55,medium,2,,,,,none,negative_control,624382
F,F_00358,apple_pick,oracle_sfc,1,1,0,0,1,1,0.00502111,10,6,-1,medium,medium,0.55,medium,2,,,,,none,negative_control,624382
F,F_00358,apple_pick,semantic_only,1,1,0,0,1,1,0.0,10,6,-1,medium,medium,0.55,medium,2,,,,,none,negative_control,624382
F,F_00358,apple_pick,posthoc_single,0,0,0,1,1,1,0.04582503,10,6,-1,medium,medium,0.55,medium,2,,,,,none,negative_control,624382
F,F_00358,apple_pick,soft_penalty_fc,1,0,1,1,1,1,0.04582503,10,6,-1,medium,medium,0.55,medium,2,,,,,none,negative_control,624382
F,F_00359,apple_pick,geometric_fc,1,0,1,1,1,1,0.04064932,10,6,-1,medium,medium,0.55,medium,2,,,,,none,negative_control,624383
F,F_00359,apple_pick,oracle_sfc,1,1,0,0,1,1,0.00553884,10,6,-1,medium,medium,0.55,medium,2,,,,,none,negative_control,624383
F,F_00359,apple_pick,semantic_only,1,1,0,0,1,1,0.0,10,6,-1,medium,medium,0.55,medium,2,,,,,none,negative_control,624383
F,F_00359,apple_pick,posthoc_single,0,0,0,1,1,1,0.04064932,10,6,-1,medium,medium,0.55,medium,2,,,,,none,negative_control,624383
F,F_00359,apple_pick,soft_penalty_fc,1,0,1,1,1,1,0.04064932,10,6,-1,medium,medium,0.55,medium,2,,,,,none,negative_control,624383
F,F_00360,apple_pick,geometric_fc,1,0,1,1,1,1,0.04350646,10,6,-1,medium,medium,0.55,medium,2,,,,,none,negative_control,624384
F,F_00360,apple_pick,oracle_sfc,1,1,0,0,1,1,0.01062024,10,6,-1,medium,medium,0.55,medium,2,,,,,none,negative_control,624384
F,F_00360,apple_pick,semantic_only,1,1,0,0,1,1,0.0,10,6,-1,medium,medium,0.55,medium,2,,,,,none,negative_control,624384
F,F_00360,apple_pick,posthoc_single,0,0,0,1,1,1,0.04350646,10,6,-1,medium,medium,0.55,medium,2,,,,,none,negative_control,624384
F,F_00360,apple_pick,soft_penalty_fc,1,0,1,1,1,1,0.04350646,10,6,-1,medium,medium,0.55,medium,2,,,,,none,negative_control,624384
F,F_00361,scissors_pass,geometric_fc,1,0,1,0,1,0,0.03804734,10,5,-1,medium,medium,0.55,medium,2,,,,,none,negative_control,624385
F,F_00361,scissors_pass,oracle_sfc,0,0,0,0,1,0,0.0,10,5,-1,medium,medium,0.55,medium,2,,,,,none,negative_control,624385
F,F_00361,scissors_pass,semantic_only,1,0,1,0,1,0,0.0,10,5,-1,medium,medium,0.55,medium,2,,,,,none,negative_control,624385
F,F_00361,scissors_pass,posthoc_single,0,0,0,0,1,0,0.03804734,10,5,-1,medium,medium,0.55,medium,2,,,,,none,negative_control,624385
F,F_00361,scissors_pass,soft_penalty_fc,1,0,1,0,1,0,0.03804734,10,5,-1,medium,medium,0.55,medium,2,,,,,none,negative_control,624385
F,F_00362,scissors_pass,geometric_fc,1,0,1,0,1,0,0.04403549,10,5,-1,medium,medium,0.55,medium,2,,,,,none,negative_control,624386
F,F_00362,scissors_pass,oracle_sfc,0,0,0,0,1,0,0.0,10,5,-1,medium,medium,0.55,medium,2,,,,,none,negative_control,624386
F,F_00362,scissors_pass,semantic_only,1,0,1,0,1,0,0.0,10,5,-1,medium,medium,0.55,medium,2,,,,,none,negative_control,624386
F,F_00362,scissors_pass,posthoc_single,0,0,0,0,1,0,0.04403549,10,5,-1,medium,medium,0.55,medium,2,,,,,none,negative_control,624386
F,F_00362,scissors_pass,soft_penalty_fc,1,0,1,0,1,0,0.04403549,10,5,-1,medium,medium,0.55,medium,2,,,,,none,negative_control,624386
F,F_00363,scissors_pass,geometric_fc,1,0,1,0,1,0,0.03762654,10,5,-1,medium,medium,0.55,medium,2,,,,,none,negative_control,624387
F,F_00363,scissors_pass,oracle_sfc,0,0,0,0,1,0,0.0,10,5,-1,medium,medium,0.55,medium,2,,,,,none,negative_control,624387
F,F_00363,scissors_pass,semantic_only,1,0,1,0,1,0,0.0,10,5,-1,medium,medium,0.55,medium,2,,,,,none,negative_control,624387
F,F_00363,scissors_pass,posthoc_single,0,0,0,0,1,0,0.03762654,10,5,-1,medium,medium,0.55,medium,2,,,,,none,negative_control,624387
F,F_00363,scissors_pass,soft_penalty_fc,1,0,1,0,1,0,0.03762654,10,5,-1,medium,medium,0.55,medium,2,,,,,none,negative_control,624387
F,F_00364,scissors_pass,geometric_fc,1,0,1,0,1,0,0.04101674,10,5,-1,medium,medium,0.55,medium,2,,,,,none,negative_control,624388
F,F_00364,scissors_pass,oracle_sfc,0,0,0,0,1,0,0.0,10,5,-1,medium,medium,0.55,medium,2,,,,,none,negative_control,624388
F,F_00364,scissors_pass,semantic_only,1,0,1,0,1,0,0.0,10,5,-1,medium,medium,0.55,medium,2,,,,,none,negative_control,624388
F,F_00364,scissors_pass,posthoc_single,0,0,0,0,1,0,0.04101674,10,5,-1,medium,medium,0.55,medium,2,,,,,none,negative_control,624388
F,F_00364,scissors_pass,soft_penalty_fc,1,0,1,0,1,0,0.04101674,10,5,-1,medium,medium,0.55,medium,2,,,,,none,negative_control,624388
F,F_00365,scissors_pass,geometric_fc,1,0,1,0,1,0,0.04467776,10,5,-1,medium,medium,0.55,medium,2,,,,,none,negative_control,624389
F,F_00365,scissors_pass,oracle_sfc,0,0,0,0,1,0,0.0,10,5,-1,medium,medium,0.55,medium,2,,,,,none,negative_control,624389
F,F_00365,scissors_pass,semantic_only,1,0,1,0,1,0,0.0,10,5,-1,medium,medium,0.55,medium,2,,,,,none,negative_control,624389
F,F_00365,scissors_pass,posthoc_single,0,0,0,0,1,0,0.04467776,10,5,-1,medium,medium,0.55,medium,2,,,,,none,negative_control,624389
F,F_00365,scissors_pass,soft_penalty_fc,1,0,1,0,1,0,0.04467776,10,5,-1,medium,medium,0.55,medium,2,,,,,none,negative_control,624389
F,F_00366,scissors_pass,geometric_fc,1,0,1,0,1,0,0.0407972,10,5,-1,medium,medium,0.55,medium,2,,,,,none,negative_control,624390
F,F_00366,scissors_pass,oracle_sfc,0,0,0,0,1,0,0.0,10,5,-1,medium,medium,0.55,medium,2,,,,,none,negative_control,624390
F,F_00366,scissors_pass,semantic_only,1,0,1,0,1,0,0.0,10,5,-1,medium,medium,0.55,medium,2,,,,,none,negative_control,624390
F,F_00366,scissors_pass,posthoc_single,0,0,0,0,1,0,0.0407972,10,5,-1,medium,medium,0.55,medium,2,,,,,none,negative_control,624390
F,F_00366,scissors_pass,soft_penalty_fc,1,0,1,0,1,0,0.0407972,10,5,-1,medium,medium,0.55,medium,2,,,,,none,negative_control,624390
F,F_00367,scissors_pass,geometric_fc,1,0,1,0,1,0,0.03986385,10,5,-1,medium,medium,0.55,medium,2,,,,,none,negative_control,624391
F,F_00367,scissors_pass,oracle_sfc,0,0,0,0,1,0,0.0,10,5,-1,medium,medium,0.55,medium,2,,,,,none,negative_control,624391
F,F_00367,scissors_pass,semantic_only,1,0,1,0,1,0,0.0,10,5,-1,medium,medium,0.55,medium,2,,,,,none,negative_control,624391
F,F_00367,scissors_pass,posthoc_single,0,0,0,0,1,0,0.03986385,10,5,-1,medium,medium,0.55,medium,2,,,,,none,negative_control,624391
F,F_00367,scissors_pass,soft_penalty_fc,1,0,1,0,1,0,0.03986385,10,5,-1,medium,medium,0.55,medium,2,,,,,none,negative_control,624391
F,F_00368,scissors_pass,geometric_fc,1,0,1,0,1,0,0.03496004,10,5,-1,medium,medium,0.55,medium,2,,,,,none,negative_control,624392
F,F_00368,scissors_pass,oracle_sfc,0,0,0,0,1,0,0.0,10,5,-1,medium,medium,0.55,medium,2,,,,,none,negative_control,624392
F,F_00368,scissors_pass,semantic_only,1,0,1,0,1,0,0.0,10,5,-1,medium,medium,0.55,medium,2,,,,,none,negative_control,624392
F,F_00368,scissors_pass,posthoc_single,0,0,0,0,1,0,0.03496004,10,5,-1,medium,medium,0.55,medium,2,,,,,none,negative_control,624392
F,F_00368,scissors_pass,soft_penalty_fc,1,0,1,0,1,0,0.03496004,10,5,-1,medium,medium,0.55,medium,2,,,,,none,negative_control,624392
F,F_00369,syringe_handoff,geometric_fc,1,0,1,0,1,0,0.04009558,11,6,-1,medium,medium,0.55,medium,2,,,,,none,negative_control,624393
F,F_00369,syringe_handoff,oracle_sfc,0,0,0,0,1,0,0.0,11,6,-1,medium,medium,0.55,medium,2,,,,,none,negative_control,624393
F,F_00369,syringe_handoff,semantic_only,1,0,1,0,1,0,0.0,11,6,-1,medium,medium,0.55,medium,2,,,,,none,negative_control,624393
F,F_00369,syringe_handoff,posthoc_single,0,0,0,0,1,0,0.04009558,11,6,-1,medium,medium,0.55,medium,2,,,,,none,negative_control,624393
F,F_00369,syringe_handoff,soft_penalty_fc,1,0,1,0,1,0,0.04009558,11,6,-1,medium,medium,0.55,medium,2,,,,,none,negative_control,624393
F,F_00370,syringe_handoff,geometric_fc,1,0,1,0,1,0,0.04016082,11,6,-1,medium,medium,0.55,medium,2,,,,,none,negative_control,624394
F,F_00370,syringe_handoff,oracle_sfc,0,0,0,0,1,0,0.0,11,6,-1,medium,medium,0.55,medium,2,,,,,none,negative_control,624394
F,F_00370,syringe_handoff,semantic_only,1,0,1,0,1,0,0.0,11,6,-1,medium,medium,0.55,medium,2,,,,,none,negative_control,624394
F,F_00370,syringe_handoff,posthoc_single,0,0,0,0,1,0,0.04016082,11,6,-1,medium,medium,0.55,medium,2,,,,,none,negative_control,624394
F,F_00370,syringe_handoff,soft_penalty_fc,1,0,1,0,1,0,0.04016082,11,6,-1,medium,medium,0.55,medium,2,,,,,none,negative_control,624394
F,F_00371,syringe_handoff,geometric_fc,1,0,1,0,1,0,0.03744377,11,6,-1,medium,medium,0.55,medium,2,,,,,none,negative_control,624395
F,F_00371,syringe_handoff,oracle_sfc,0,0,0,0,1,0,0.0,11,6,-1,medium,medium,0.55,medium,2,,,,,none,negative_control,624395
F,F_00371,syringe_handoff,semantic_only,1,0,1,0,1,0,0.0,11,6,-1,medium,medium,0.55,medium,2,,,,,none,negative_control,624395
F,F_00371,syringe_handoff,posthoc_single,0,0,0,0,1,0,0.03744377,11,6,-1,medium,medium,0.55,medium,2,,,,,none,negative_control,624395
F,F_00371,syringe_handoff,soft_penalty_fc,1,0,1,0,1,0,0.03744377,11,6,-1,medium,medium,0.55,medium,2,,,,,none,negative_control,624395
F,F_00372,syringe_handoff,geometric_fc,1,0,1,0,1,0,0.04089567,11,6,-1,medium,medium,0.55,medium,2,,,,,none,negative_control,624396
F,F_00372,syringe_handoff,oracle_sfc,0,0,0,0,1,0,0.0,11,6,-1,medium,medium,0.55,medium,2,,,,,none,negative_control,624396
F,F_00372,syringe_handoff,semantic_only,1,0,1,0,1,0,0.0,11,6,-1,medium,medium,0.55,medium,2,,,,,none,negative_control,624396
F,F_00372,syringe_handoff,posthoc_single,0,0,0,0,1,0,0.04089567,11,6,-1,medium,medium,0.55,medium,2,,,,,none,negative_control,624396
F,F_00372,syringe_handoff,soft_penalty_fc,1,0,1,0,1,0,0.04089567,11,6,-1,medium,medium,0.55,medium,2,,,,,none,negative_control,624396
F,F_00373,syringe_handoff,geometric_fc,1,0,1,0,1,0,0.03981409,11,6,-1,medium,medium,0.55,medium,2,,,,,none,negative_control,624397
F,F_00373,syringe_handoff,oracle_sfc,0,0,0,0,1,0,0.0,11,6,-1,medium,medium,0.55,medium,2,,,,,none,negative_control,624397
F,F_00373,syringe_handoff,semantic_only,1,0,1,0,1,0,0.0,11,6,-1,medium,medium,0.55,medium,2,,,,,none,negative_control,624397
F,F_00373,syringe_handoff,posthoc_single,0,0,0,0,1,0,0.03981409,11,6,-1,medium,medium,0.55,medium,2,,,,,none,negative_control,624397
F,F_00373,syringe_handoff,soft_penalty_fc,1,0,1,0,1,0,0.03981409,11,6,-1,medium,medium,0.55,medium,2,,,,,none,negative_control,624397
F,F_00374,syringe_handoff,geometric_fc,1,0,1,0,1,0,0.03926613,11,6,-1,medium,medium,0.55,medium,2,,,,,none,negative_control,624398
F,F_00374,syringe_handoff,oracle_sfc,0,0,0,0,1,0,0.0,11,6,-1,medium,medium,0.55,medium,2,,,,,none,negative_control,624398
F,F_00374,syringe_handoff,semantic_only,1,0,1,0,1,0,0.0,11,6,-1,medium,medium,0.55,medium,2,,,,,none,negative_control,624398
F,F_00374,syringe_handoff,posthoc_single,0,0,0,0,1,0,0.03926613,11,6,-1,medium,medium,0.55,medium,2,,,,,none,negative_control,624398
F,F_00374,syringe_handoff,soft_penalty_fc,1,0,1,0,1,0,0.03926613,11,6,-1,medium,medium,0.55,medium,2,,,,,none,negative_control,624398
F,F_00375,syringe_handoff,geometric_fc,1,0,1,0,1,0,0.04051826,11,6,-1,medium,medium,0.55,medium,2,,,,,none,negative_control,624399
F,F_00375,syringe_handoff,oracle_sfc,0,0,0,0,1,0,0.0,11,6,-1,medium,medium,0.55,medium,2,,,,,none,negative_control,624399
F,F_00375,syringe_handoff,semantic_only,1,0,1,0,1,0,0.0,11,6,-1,medium,medium,0.55,medium,2,,,,,none,negative_control,624399
F,F_00375,syringe_handoff,posthoc_single,0,0,0,0,1,0,0.04051826,11,6,-1,medium,medium,0.55,medium,2,,,,,none,negative_control,624399
F,F_00375,syringe_handoff,soft_penalty_fc,1,0,1,0,1,0,0.04051826,11,6,-1,medium,medium,0.55,medium,2,,,,,none,negative_control,624399
F,F_00376,syringe_handoff,geometric_fc,1,0,1,0,1,0,0.03930323,11,6,-1,medium,medium,0.55,medium,2,,,,,none,negative_control,624400
F,F_00376,syringe_handoff,oracle_sfc,0,0,0,0,1,0,0.0,11,6,-1,medium,medium,0.55,medium,2,,,,,none,negative_control,624400
F,F_00376,syringe_handoff,semantic_only,1,0,1,0,1,0,0.0,11,6,-1,medium,medium,0.55,medium,2,,,,,none,negative_control,624400
F,F_00376,syringe_handoff,posthoc_single,0,0,0,0,1,0,0.03930323,11,6,-1,medium,medium,0.55,medium,2,,,,,none,negative_control,624400
F,F_00376,syringe_handoff,soft_penalty_fc,1,0,1,0,1,0,0.03930323,11,6,-1,medium,medium,0.55,medium,2,,,,,none,negative_control,624400
F,F_00377,pan_carry,geometric_fc,1,0,1,0,1,0,0.03394757,14,7,-1,medium,medium,0.55,medium,2,,,,,none,negative_control,624401
F,F_00377,pan_carry,oracle_sfc,0,0,0,0,1,0,0.0,14,7,-1,medium,medium,0.55,medium,2,,,,,none,negative_control,624401
F,F_00377,pan_carry,semantic_only,1,0,1,0,1,0,0.0,14,7,-1,medium,medium,0.55,medium,2,,,,,none,negative_control,624401
F,F_00377,pan_carry,posthoc_single,0,0,0,0,1,0,0.03394757,14,7,-1,medium,medium,0.55,medium,2,,,,,none,negative_control,624401
F,F_00377,pan_carry,soft_penalty_fc,1,0,1,0,1,0,0.03394757,14,7,-1,medium,medium,0.55,medium,2,,,,,none,negative_control,624401
F,F_00378,pan_carry,geometric_fc,1,0,1,0,1,0,0.03250301,14,7,-1,medium,medium,0.55,medium,2,,,,,none,negative_control,624402
F,F_00378,pan_carry,oracle_sfc,0,0,0,0,1,0,0.0,14,7,-1,medium,medium,0.55,medium,2,,,,,none,negative_control,624402
F,F_00378,pan_carry,semantic_only,1,0,1,0,1,0,0.0,14,7,-1,medium,medium,0.55,medium,2,,,,,none,negative_control,624402
F,F_00378,pan_carry,posthoc_single,0,0,0,0,1,0,0.03250301,14,7,-1,medium,medium,0.55,medium,2,,,,,none,negative_control,624402
F,F_00378,pan_carry,soft_penalty_fc,1,0,1,0,1,0,0.03250301,14,7,-1,medium,medium,0.55,medium,2,,,,,none,negative_control,624402
F,F_00379,pan_carry,geometric_fc,1,0,1,1,1,1,0.03524433,14,7,-1,medium,medium,0.55,medium,2,,,,,none,negative_control,624403
F,F_00379,pan_carry,oracle_sfc,1,1,0,0,1,1,0.00133063,14,7,-1,medium,medium,0.55,medium,2,,,,,none,negative_control,624403
F,F_00379,pan_carry,semantic_only,1,1,0,0,1,1,0.0,14,7,-1,medium,medium,0.55,medium,2,,,,,none,negative_control,624403
F,F_00379,pan_carry,posthoc_single,0,0,0,1,1,1,0.03524433,14,7,-1,medium,medium,0.55,medium,2,,,,,none,negative_control,624403
F,F_00379,pan_carry,soft_penalty_fc,1,0,1,1,1,1,0.03524433,14,7,-1,medium,medium,0.55,medium,2,,,,,none,negative_control,624403
F,F_00380,pan_carry,geometric_fc,1,0,1,0,1,0,0.034001,14,7,-1,medium,medium,0.55,medium,2,,,,,none,negative_control,624404
F,F_00380,pan_carry,oracle_sfc,0,0,0,0,1,0,0.0,14,7,-1,medium,medium,0.55,medium,2,,,,,none,negative_control,624404
F,F_00380,pan_carry,semantic_only,1,0,1,0,1,0,0.0,14,7,-1,medium,medium,0.55,medium,2,,,,,none,negative_control,624404
F,F_00380,pan_carry,posthoc_single,0,0,0,0,1,0,0.034001,14,7,-1,medium,medium,0.55,medium,2,,,,,none,negative_control,624404
F,F_00380,pan_carry,soft_penalty_fc,1,0,1,0,1,0,0.034001,14,7,-1,medium,medium,0.55,medium,2,,,,,none,negative_control,624404
F,F_00381,pan_carry,geometric_fc,1,0,1,0,1,0,0.03323061,14,7,-1,medium,medium,0.55,medium,2,,,,,none,negative_control,624405
F,F_00381,pan_carry,oracle_sfc,0,0,0,0,1,0,0.0,14,7,-1,medium,medium,0.55,medium,2,,,,,none,negative_control,624405
F,F_00381,pan_carry,semantic_only,1,0,1,0,1,0,0.0,14,7,-1,medium,medium,0.55,medium,2,,,,,none,negative_control,624405
F,F_00381,pan_carry,posthoc_single,0,0,0,0,1,0,0.03323061,14,7,-1,medium,medium,0.55,medium,2,,,,,none,negative_control,624405
F,F_00381,pan_carry,soft_penalty_fc,1,0,1,0,1,0,0.03323061,14,7,-1,medium,medium,0.55,medium,2,,,,,none,negative_control,624405
F,F_00382,pan_carry,geometric_fc,1,0,1,0,1,0,0.03486783,14,7,-1,medium,medium,0.55,medium,2,,,,,none,negative_control,624406
F,F_00382,pan_carry,oracle_sfc,0,0,0,0,1,0,0.0,14,7,-1,medium,medium,0.55,medium,2,,,,,none,negative_control,624406
F,F_00382,pan_carry,semantic_only,1,0,1,0,1,0,0.0,14,7,-1,medium,medium,0.55,medium,2,,,,,none,negative_control,624406
F,F_00382,pan_carry,posthoc_single,0,0,0,0,1,0,0.03486783,14,7,-1,medium,medium,0.55,medium,2,,,,,none,negative_control,624406
F,F_00382,pan_carry,soft_penalty_fc,1,0,1,0,1,0,0.03486783,14,7,-1,medium,medium,0.55,medium,2,,,,,none,negative_control,624406
F,F_00383,pan_carry,geometric_fc,1,0,1,0,1,0,0.03238138,14,7,-1,medium,medium,0.55,medium,2,,,,,none,negative_control,624407
F,F_00383,pan_carry,oracle_sfc,0,0,0,0,1,0,0.0,14,7,-1,medium,medium,0.55,medium,2,,,,,none,negative_control,624407
F,F_00383,pan_carry,semantic_only,1,0,1,0,1,0,0.0,14,7,-1,medium,medium,0.55,medium,2,,,,,none,negative_control,624407
F,F_00383,pan_carry,posthoc_single,0,0,0,0,1,0,0.03238138,14,7,-1,medium,medium,0.55,medium,2,,,,,none,negative_control,624407
F,F_00383,pan_carry,soft_penalty_fc,1,0,1,0,1,0,0.03238138,14,7,-1,medium,medium,0.55,medium,2,,,,,none,negative_control,624407
F,F_00384,pan_carry,geometric_fc,1,0,1,0,1,0,0.03327088,14,7,-1,medium,medium,0.55,medium,2,,,,,none,negative_control,624408
F,F_00384,pan_carry,oracle_sfc,0,0,0,0,1,0,0.0,14,7,-1,medium,medium,0.55,medium,2,,,,,none,negative_control,624408
F,F_00384,pan_carry,semantic_only,1,0,1,0,1,0,0.0,14,7,-1,medium,medium,0.55,medium,2,,,,,none,negative_control,624408
F,F_00384,pan_carry,posthoc_single,0,0,0,0,1,0,0.03327088,14,7,-1,medium,medium,0.55,medium,2,,,,,none,negative_control,624408
F,F_00384,pan_carry,soft_penalty_fc,1,0,1,0,1,0,0.03327088,14,7,-1,medium,medium,0.55,medium,2,,,,,none,negative_control,624408
