family,case_id,task,method,accepted,true_legal_certificate,unsafe_false_certificate,missed_true_sfc,geometric_feasible,oracle_sfc_feasible,quality,num_contacts,num_true_allowed,num_observed_allowed,density,allowed_sparsity,trap_strength,friction_band,facets,role_error_rate,confidence_mode,risk_threshold,topk_budget,control,condition,seed
C,C_00001,knife_pass,topk_posthoc,0,0,0,0,1,0,0.0,9,3,-1,medium,high,0.25,medium,2,,,,1,,witness_ordering,324025
C,C_00001_base,knife_pass,geometric_fc,1,0,1,0,1,0,0.045088,9,3,-1,medium,high,0.25,medium,2,,,,1,,witness_ordering,324025
C,C_00001_base,knife_pass,oracle_sfc,0,0,0,0,1,0,0.0,9,3,-1,medium,high,0.25,medium,2,,,,1,,witness_ordering,324025
C,C_00001_base,knife_pass,semantic_only,1,0,1,0,1,0,0.0,9,3,-1,medium,high,0.25,medium,2,,,,1,,witness_ordering,324025
C,C_00001_base,knife_pass,posthoc_single,0,0,0,0,1,0,0.045088,9,3,-1,medium,high,0.25,medium,2,,,,1,,witness_ordering,324025
C,C_00001_base,knife_pass,soft_penalty_fc,1,0,1,0,1,0,0.045088,9,3,-1,medium,high,0.25,medium,2,,,,1,,witness_ordering,324025
C,C_00002,knife_pass,topk_posthoc,0,0,0,0,1,0,0.0,9,3,-1,medium,high,0.25,medium,2,,,,1,,witness_ordering,324026
C,C_00002_base,knife_pass,geometric_fc,1,0,1,0,1,0,0.04453392,9,3,-1,medium,high,0.25,medium,2,,,,1,,witness_ordering,324026
C,C_00002_base,knife_pass,oracle_sfc,0,0,0,0,1,0,0.0,9,3,-1,medium,high,0.25,medium,2,,,,1,,witness_ordering,324026
C,C_00002_base,knife_pass,semantic_only,1,0,1,0,1,0,0.0,9,3,-1,medium,high,0.25,medium,2,,,,1,,witness_ordering,324026
C,C_00002_base,knife_pass,posthoc_single,0,0,0,0,1,0,0.04453392,9,3,-1,medium,high,0.25,medium,2,,,,1,,witness_ordering,324026
C,C_00002_base,knife_pass,soft_penalty_fc,1,0,1,0,1,0,0.04453392,9,3,-1,medium,high,0.25,medium,2,,,,1,,witness_ordering,324026
C,C_00003,knife_pass,topk_posthoc,0,0,0,0,1,0,0.0,9,3,-1,medium,high,0.25,medium,2,,,,1,,witness_ordering,324027
C,C_00003_base,knife_pass,geometric_fc,1,0,1,0,1,0,0.04365852,9,3,-1,medium,high,0.25,medium,2,,,,1,,witness_ordering,324027
C,C_00003_base,knife_pass,oracle_sfc,0,0,0,0,1,0,0.0,9,3,-1,medium,high,0.25,medium,2,,,,1,,witness_ordering,324027
C,C_00003_base,knife_pass,semantic_only,1,0,1,0,1,0,0.0,9,3,-1,medium,high,0.25,medium,2,,,,1,,witness_ordering,324027
C,C_00003_base,knife_pass,posthoc_single,0,0,0,0,1,0,0.04365852,9,3,-1,medium,high,0.25,medium,2,,,,1,,witness_ordering,324027
C,C_00003_base,knife_pass,soft_penalty_fc,1,0,1,0,1,0,0.04365852,9,3,-1,medium,high,0.25,medium,2,,,,1,,witness_ordering,324027
C,C_00004,knife_pass,topk_posthoc,0,0,0,0,1,0,0.0,9,3,-1,medium,high,0.25,medium,2,,,,1,,witness_ordering,324028
C,C_00004_base,knife_pass,geometric_fc,1,0,1,0,1,0,0.04420882,9,3,-1,medium,high,0.25,medium,2,,,,1,,witness_ordering,324028
C,C_00004_base,knife_pass,oracle_sfc,0,0,0,0,1,0,0.0,9,3,-1,medium,high,0.25,medium,2,,,,1,,witness_ordering,324028
C,C_00004_base,knife_pass,semantic_only,1,0,1,0,1,0,0.0,9,3,-1,medium,high,0.25,medium,2,,,,1,,witness_ordering,324028
C,C_00004_base,knife_pass,posthoc_single,0,0,0,0,1,0,0.04420882,9,3,-1,medium,high,0.25,medium,2,,,,1,,witness_ordering,324028
C,C_00004_base,knife_pass,soft_penalty_fc,1,0,1,0,1,0,0.04420882,9,3,-1,medium,high,0.25,medium,2,,,,1,,witness_ordering,324028
C,C_00005,knife_pass,topk_posthoc,0,0,0,0,1,0,0.0,9,3,-1,medium,high,0.25,medium,2,,,,1,,witness_ordering,324029
C,C_00005_base,knife_pass,geometric_fc,1,0,1,0,1,0,0.04260513,9,3,-1,medium,high,0.25,medium,2,,,,1,,witness_ordering,324029
C,C_00005_base,knife_pass,oracle_sfc,0,0,0,0,1,0,0.0,9,3,-1,medium,high,0.25,medium,2,,,,1,,witness_ordering,324029
C,C_00005_base,knife_pass,semantic_only,1,0,1,0,1,0,0.0,9,3,-1,medium,high,0.25,medium,2,,,,1,,witness_ordering,324029
C,C_00005_base,knife_pass,posthoc_single,0,0,0,0,1,0,0.04260513,9,3,-1,medium,high,0.25,medium,2,,,,1,,witness_ordering,324029
C,C_00005_base,knife_pass,soft_penalty_fc,1,0,1,0,1,0,0.04260513,9,3,-1,medium,high,0.25,medium,2,,,,1,,witness_ordering,324029
C,C_00006,knife_pass,topk_posthoc,0,0,0,0,1,0,0.0,9,3,-1,medium,high,0.25,medium,2,,,,1,,witness_ordering,324030
C,C_00006_base,knife_pass,geometric_fc,1,0,1,0,1,0,0.04418606,9,3,-1,medium,high,0.25,medium,2,,,,1,,witness_ordering,324030
C,C_00006_base,knife_pass,oracle_sfc,0,0,0,0,1,0,0.0,9,3,-1,medium,high,0.25,medium,2,,,,1,,witness_ordering,324030
C,C_00006_base,knife_pass,semantic_only,1,0,1,0,1,0,0.0,9,3,-1,medium,high,0.25,medium,2,,,,1,,witness_ordering,324030
C,C_00006_base,knife_pass,posthoc_single,0,0,0,0,1,0,0.04418606,9,3,-1,medium,high,0.25,medium,2,,,,1,,witness_ordering,324030
C,C_00006_base,knife_pass,soft_penalty_fc,1,0,1,0,1,0,0.04418606,9,3,-1,medium,high,0.25,medium,2,,,,1,,witness_ordering,324030
C,C_00007,knife_pass,topk_posthoc,0,0,0,0,1,0,0.0,9,3,-1,medium,high,0.25,medium,2,,,,1,,witness_ordering,324031
C,C_00007_base,knife_pass,geometric_fc,1,0,1,0,1,0,0.04543925,9,3,-1,medium,high,0.25,medium,2,,,,1,,witness_ordering,324031
C,C_00007_base,knife_pass,oracle_sfc,0,0,0,0,1,0,0.0,9,3,-1,medium,high,0.25,medium,2,,,,1,,witness_ordering,324031
C,C_00007_base,knife_pass,semantic_only,1,0,1,0,1,0,0.0,9,3,-1,medium,high,0.25,medium,2,,,,1,,witness_ordering,324031
C,C_00007_base,knife_pass,posthoc_single,0,0,0,0,1,0,0.04543925,9,3,-1,medium,high,0.25,medium,2,,,,1,,witness_ordering,324031
C,C_00007_base,knife_pass,soft_penalty_fc,1,0,1,0,1,0,0.04543925,9,3,-1,medium,high,0.25,medium,2,,,,1,,witness_ordering,324031
C,C_00008,knife_pass,topk_posthoc,0,0,0,0,1,0,0.0,9,3,-1,medium,high,0.25,medium,2,,,,1,,witness_ordering,324032
C,C_00008_base,knife_pass,geometric_fc,1,0,1,0,1,0,0.04461641,9,3,-1,medium,high,0.25,medium,2,,,,1,,witness_ordering,324032
C,C_00008_base,knife_pass,oracle_sfc,0,0,0,0,1,0,0.0,9,3,-1,medium,high,0.25,medium,2,,,,1,,witness_ordering,324032
C,C_00008_base,knife_pass,semantic_only,1,0,1,0,1,0,0.0,9,3,-1,medium,high,0.25,medium,2,,,,1,,witness_ordering,324032
C,C_00008_base,knife_pass,posthoc_single,0,0,0,0,1,0,0.04461641,9,3,-1,medium,high,0.25,medium,2,,,,1,,witness_ordering,324032
C,C_00008_base,knife_pass,soft_penalty_fc,1,0,1,0,1,0,0.04461641,9,3,-1,medium,high,0.25,medium,2,,,,1,,witness_ordering,324032
C,C_00009,knife_pass,topk_posthoc,0,0,0,0,1,0,0.0,9,3,-1,medium,high,0.25,medium,2,,,,1,,witness_ordering,324033
C,C_00009_base,knife_pass,geometric_fc,1,0,1,0,1,0,0.04316721,9,3,-1,medium,high,0.25,medium,2,,,,1,,witness_ordering,324033
C,C_00009_base,knife_pass,oracle_sfc,0,0,0,0,1,0,0.0,9,3,-1,medium,high,0.25,medium,2,,,,1,,witness_ordering,324033
C,C_00009_base,knife_pass,semantic_only,1,0,1,0,1,0,0.0,9,3,-1,medium,high,0.25,medium,2,,,,1,,witness_ordering,324033
C,C_00009_base,knife_pass,posthoc_single,0,0,0,0,1,0,0.04316721,9,3,-1,medium,high,0.25,medium,2,,,,1,,witness_ordering,324033
C,C_00009_base,knife_pass,soft_penalty_fc,1,0,1,0,1,0,0.04316721,9,3,-1,medium,high,0.25,medium,2,,,,1,,witness_ordering,324033
C,C_00010,knife_pass,topk_posthoc,0,0,0,0,1,0,0.0,9,3,-1,medium,high,0.25,medium,2,,,,1,,witness_ordering,324034
C,C_00010_base,knife_pass,geometric_fc,1,0,1,0,1,0,0.04454046,9,3,-1,medium,high,0.25,medium,2,,,,1,,witness_ordering,324034
C,C_00010_base,knife_pass,oracle_sfc,0,0,0,0,1,0,0.0,9,3,-1,medium,high,0.25,medium,2,,,,1,,witness_ordering,324034
C,C_00010_base,knife_pass,semantic_only,1,0,1,0,1,0,0.0,9,3,-1,medium,high,0.25,medium,2,,,,1,,witness_ordering,324034
C,C_00010_base,knife_pass,posthoc_single,0,0,0,0,1,0,0.04454046,9,3,-1,medium,high,0.25,medium,2,,,,1,,witness_ordering,324034
C,C_00010_base,knife_pass,soft_penalty_fc,1,0,1,0,1,0,0.04454046,9,3,-1,medium,high,0.25,medium,2,,,,1,,witness_ordering,324034
C,C_00011,knife_pass,topk_posthoc,0,0,0,0,1,0,0.0,9,3,-1,medium,high,0.25,medium,2,,,,1,,witness_ordering,324035
C,C_00011_base,knife_pass,geometric_fc,1,0,1,0,1,0,0.04341581,9,3,-1,medium,high,0.25,medium,2,,,,1,,witness_ordering,324035
C,C_00011_base,knife_pass,oracle_sfc,0,0,0,0,1,0,0.0,9,3,-1,medium,high,0.25,medium,2,,,,1,,witness_ordering,324035
C,C_00011_base,knife_pass,semantic_only,1,0,1,0,1,0,0.0,9,3,-1,medium,high,0.25,medium,2,,,,1,,witness_ordering,324035
C,C_00011_base,knife_pass,posthoc_single,0,0,0,0,1,0,0.04341581,9,3,-1,medium,high,0.25,medium,2,,,,1,,witness_ordering,324035
C,C_00011_base,knife_pass,soft_penalty_fc,1,0,1,0,1,0,0.04341581,9,3,-1,medium,high,0.25,medium,2,,,,1,,witness_ordering,324035
C,C_00012,knife_pass,topk_posthoc,0,0,0,0,1,0,0.0,9,3,-1,medium,high,0.25,medium,2,,,,1,,witness_ordering,324036
C,C_00012_base,knife_pass,geometric_fc,1,0,1,0,1,0,0.04316751,9,3,-1,medium,high,0.25,medium,2,,,,1,,witness_ordering,324036
C,C_00012_base,knife_pass,oracle_sfc,0,0,0,0,1,0,0.0,9,3,-1,medium,high,0.25,medium,2,,,,1,,witness_ordering,324036
C,C_00012_base,knife_pass,semantic_only,1,0,1,0,1,0,0.0,9,3,-1,medium,high,0.25,medium,2,,,,1,,witness_ordering,324036
C,C_00012_base,knife_pass,posthoc_single,0,0,0,0,1,0,0.04316751,9,3,-1,medium,high,0.25,medium,2,,,,1,,witness_ordering,324036
C,C_00012_base,knife_pass,soft_penalty_fc,1,0,1,0,1,0,0.04316751,9,3,-1,medium,high,0.25,medium,2,,,,1,,witness_ordering,324036
C,C_00013,knife_pass,topk_posthoc,0,0,0,0,1,0,0.0,9,3,-1,medium,high,0.25,medium,2,,,,2,,witness_ordering,324037
C,C_00014,knife_pass,topk_posthoc,0,0,0,0,1,0,0.0,9,3,-1,medium,high,0.25,medium,2,,,,2,,witness_ordering,324038
C,C_00015,knife_pass,topk_posthoc,0,0,0,0,1,0,0.0,9,3,-1,medium,high,0.25,medium,2,,,,2,,witness_ordering,324039
C,C_00016,knife_pass,topk_posthoc,0,0,0,0,1,0,0.0,9,3,-1,medium,high,0.25,medium,2,,,,2,,witness_ordering,324040
C,C_00017,knife_pass,topk_posthoc,0,0,0,0,1,0,0.0,9,3,-1,medium,high,0.25,medium,2,,,,2,,witness_ordering,324041
C,C_00018,knife_pass,topk_posthoc,0,0,0,0,1,0,0.0,9,3,-1,medium,high,0.25,medium,2,,,,2,,witness_ordering,324042
C,C_00019,knife_pass,topk_posthoc,0,0,0,0,1,0,0.0,9,3,-1,medium,high,0.25,medium,2,,,,2,,witness_ordering,324043
C,C_00020,knife_pass,topk_posthoc,0,0,0,0,1,0,0.0,9,3,-1,medium,high,0.25,medium,2,,,,2,,witness_ordering,324044
C,C_00021,knife_pass,topk_posthoc,0,0,0,0,1,0,0.0,9,3,-1,medium,high,0.25,medium,2,,,,2,,witness_ordering,324045
C,C_00022,knife_pass,topk_posthoc,0,0,0,0,1,0,0.0,9,3,-1,medium,high,0.25,medium,2,,,,2,,witness_ordering,324046
C,C_00023,knife_pass,topk_posthoc,0,0,0,0,1,0,0.0,9,3,-1,medium,high,0.25,medium,2,,,,2,,witness_ordering,324047
C,C_00024,knife_pass,topk_posthoc,0,0,0,0,1,0,0.0,9,3,-1,medium,high,0.25,medium,2,,,,2,,witness_ordering,324048
C,C_00025,knife_pass,topk_posthoc,0,0,0,0,1,0,0.0,9,3,-1,medium,high,0.25,medium,2,,,,4,,witness_ordering,324049
C,C_00026,knife_pass,topk_posthoc,0,0,0,0,1,0,0.0,9,3,-1,medium,high,0.25,medium,2,,,,4,,witness_ordering,324050
C,C_00027,knife_pass,topk_posthoc,0,0,0,0,1,0,0.0,9,3,-1,medium,high,0.25,medium,2,,,,4,,witness_ordering,324051
C,C_00028,knife_pass,topk_posthoc,0,0,0,0,1,0,0.0,9,3,-1,medium,high,0.25,medium,2,,,,4,,witness_ordering,324052
C,C_00029,knife_pass,topk_posthoc,0,0,0,0,1,0,0.0,9,3,-1,medium,high,0.25,medium,2,,,,4,,witness_ordering,324053
C,C_00030,knife_pass,topk_posthoc,0,0,0,0,1,0,0.0,9,3,-1,medium,high,0.25,medium,2,,,,4,,witness_ordering,324054
C,C_00031,knife_pass,topk_posthoc,0,0,0,0,1,0,0.0,9,3,-1,medium,high,0.25,medium,2,,,,4,,witness_ordering,324055
C,C_00032,knife_pass,topk_posthoc,0,0,0,0,1,0,0.0,9,3,-1,medium,high,0.25,medium,2,,,,4,,witness_ordering,324056
C,C_00033,knife_pass,topk_posthoc,0,0,0,0,1,0,0.0,9,3,-1,medium,high,0.25,medium,2,,,,4,,witness_ordering,324057
C,C_00034,knife_pass,topk_posthoc,0,0,0,0,1,0,0.0,9,3,-1,medium,high,0.25,medium,2,,,,4,,witness_ordering,324058
C,C_00035,knife_pass,topk_posthoc,0,0,0,0,1,0,0.0,9,3,-1,medium,high,0.25,medium,2,,,,4,,witness_ordering,324059
C,C_00036,knife_pass,topk_posthoc,0,0,0,0,1,0,0.0,9,3,-1,medium,high,0.25,medium,2,,,,4,,witness_ordering,324060
C,C_00037,knife_pass,topk_posthoc,0,0,0,0,1,0,0.0,9,3,-1,medium,high,0.25,medium,2,,,,8,,witness_ordering,324061
C,C_00038,knife_pass,topk_posthoc,0,0,0,0,1,0,0.0,9,3,-1,medium,high,0.25,medium,2,,,,8,,witness_ordering,324062
C,C_00039,knife_pass,topk_posthoc,0,0,0,0,1,0,0.0,9,3,-1,medium,high,0.25,medium,2,,,,8,,witness_ordering,324063
C,C_00040,knife_pass,topk_posthoc,0,0,0,0,1,0,0.0,9,3,-1,medium,high,0.25,medium,2,,,,8,,witness_ordering,324064
C,C_00041,knife_pass,topk_posthoc,0,0,0,0,1,0,0.0,9,3,-1,medium,high,0.25,medium,2,,,,8,,witness_ordering,324065
C,C_00042,knife_pass,topk_posthoc,0,0,0,0,1,0,0.0,9,3,-1,medium,high,0.25,medium,2,,,,8,,witness_ordering,324066
C,C_00043,knife_pass,topk_posthoc,0,0,0,0,1,0,0.0,9,3,-1,medium,high,0.25,medium,2,,,,8,,witness_ordering,324067
C,C_00044,knife_pass,topk_posthoc,0,0,0,0,1,0,0.0,9,3,-1,medium,high,0.25,medium,2,,,,8,,witness_ordering,324068
C,C_00045,knife_pass,topk_posthoc,0,0,0,0,1,0,0.0,9,3,-1,medium,high,0.25,medium,2,,,,8,,witness_ordering,324069
C,C_00046,knife_pass,topk_posthoc,0,0,0,0,1,0,0.0,9,3,-1,medium,high,0.25,medium,2,,,,8,,witness_ordering,324070
C,C_00047,knife_pass,topk_posthoc,0,0,0,0,1,0,0.0,9,3,-1,medium,high,0.25,medium,2,,,,8,,witness_ordering,324071
C,C_00048,knife_pass,topk_posthoc,0,0,0,0,1,0,0.0,9,3,-1,medium,high,0.25,medium,2,,,,8,,witness_ordering,324072
C,C_00049,knife_pass,topk_posthoc,0,0,0,0,1,0,0.0,9,3,-1,medium,high,0.25,medium,2,,,,16,,witness_ordering,324073
C,C_00049_base,knife_pass,geometric_fc,1,0,1,0,1,0,0.04553492,9,3,-1,medium,high,0.25,medium,2,,,,16,,witness_ordering,324073
C,C_00049_base,knife_pass,oracle_sfc,0,0,0,0,1,0,0.0,9,3,-1,medium,high,0.25,medium,2,,,,16,,witness_ordering,324073
C,C_00049_base,knife_pass,semantic_only,1,0,1,0,1,0,0.0,9,3,-1,medium,high,0.25,medium,2,,,,16,,witness_ordering,324073
C,C_00049_base,knife_pass,posthoc_single,0,0,0,0,1,0,0.04553492,9,3,-1,medium,high,0.25,medium,2,,,,16,,witness_ordering,324073
C,C_00049_base,knife_pass,soft_penalty_fc,1,0,1,0,1,0,0.04553492,9,3,-1,medium,high,0.25,medium,2,,,,16,,witness_ordering,324073
C,C_00050,knife_pass,topk_posthoc,0,0,0,0,1,0,0.0,9,3,-1,medium,high,0.25,medium,2,,,,16,,witness_ordering,324074
C,C_00050_base,knife_pass,geometric_fc,1,0,1,0,1,0,0.04412853,9,3,-1,medium,high,0.25,medium,2,,,,16,,witness_ordering,324074
C,C_00050_base,knife_pass,oracle_sfc,0,0,0,0,1,0,0.0,9,3,-1,medium,high,0.25,medium,2,,,,16,,witness_ordering,324074
C,C_00050_base,knife_pass,semantic_only,1,0,1,0,1,0,0.0,9,3,-1,medium,high,0.25,medium,2,,,,16,,witness_ordering,324074
C,C_00050_base,knife_pass,posthoc_single,0,0,0,0,1,0,0.04412853,9,3,-1,medium,high,0.25,medium,2,,,,16,,witness_ordering,324074
C,C_00050_base,knife_pass,soft_penalty_fc,1,0,1,0,1,0,0.04412853,9,3,-1,medium,high,0.25,medium,2,,,,16,,witness_ordering,324074
C,C_00051,knife_pass,topk_posthoc,0,0,0,0,1,0,0.0,9,3,-1,medium,high,0.25,medium,2,,,,16,,witness_ordering,324075
C,C_00051_base,knife_pass,geometric_fc,1,0,1,0,1,0,0.0446474,9,3,-1,medium,high,0.25,medium,2,,,,16,,witness_ordering,324075
C,C_00051_base,knife_pass,oracle_sfc,0,0,0,0,1,0,0.0,9,3,-1,medium,high,0.25,medium,2,,,,16,,witness_ordering,324075
C,C_00051_base,knife_pass,semantic_only,1,0,1,0,1,0,0.0,9,3,-1,medium,high,0.25,medium,2,,,,16,,witness_ordering,324075
C,C_00051_base,knife_pass,posthoc_single,0,0,0,0,1,0,0.0446474,9,3,-1,medium,high,0.25,medium,2,,,,16,,witness_ordering,324075
C,C_00051_base,knife_pass,soft_penalty_fc,1,0,1,0,1,0,0.0446474,9,3,-1,medium,high,0.25,medium,2,,,,16,,witness_ordering,324075
C,C_00052,knife_pass,topk_posthoc,0,0,0,0,1,0,0.0,9,3,-1,medium,high,0.25,medium,2,,,,16,,witness_ordering,324076
C,C_00052_base,knife_pass,geometric_fc,1,0,1,0,1,0,0.04225043,9,3,-1,medium,high,0.25,medium,2,,,,16,,witness_ordering,324076
C,C_00052_base,knife_pass,oracle_sfc,0,0,0,0,1,0,0.0,9,3,-1,medium,high,0.25,medium,2,,,,16,,witness_ordering,324076
C,C_00052_base,knife_pass,semantic_only,1,0,1,0,1,0,0.0,9,3,-1,medium,high,0.25,medium,2,,,,16,,witness_ordering,324076
C,C_00052_base,knife_pass,posthoc_single,0,0,0,0,1,0,0.04225043,9,3,-1,medium,high,0.25,medium,2,,,,16,,witness_ordering,324076
C,C_00052_base,knife_pass,soft_penalty_fc,1,0,1,0,1,0,0.04225043,9,3,-1,medium,high,0.25,medium,2,,,,16,,witness_ordering,324076
C,C_00053,knife_pass,topk_posthoc,0,0,0,0,1,0,0.0,9,3,-1,medium,high,0.25,medium,2,,,,16,,witness_ordering,324077
C,C_00053_base,knife_pass,geometric_fc,1,0,1,0,1,0,0.04531291,9,3,-1,medium,high,0.25,medium,2,,,,16,,witness_ordering,324077
C,C_00053_base,knife_pass,oracle_sfc,0,0,0,0,1,0,0.0,9,3,-1,medium,high,0.25,medium,2,,,,16,,witness_ordering,324077
C,C_00053_base,knife_pass,semantic_only,1,0,1,0,1,0,0.0,9,3,-1,medium,high,0.25,medium,2,,,,16,,witness_ordering,324077
C,C_00053_base,knife_pass,posthoc_single,0,0,0,0,1,0,0.04531291,9,3,-1,medium,high,0.25,medium,2,,,,16,,witness_ordering,324077
C,C_00053_base,knife_pass,soft_penalty_fc,1,0,1,0,1,0,0.04531291,9,3,-1,medium,high,0.25,medium,2,,,,16,,witness_ordering,324077
C,C_00054,knife_pass,topk_posthoc,0,0,0,0,1,0,0.0,9,3,-1,medium,high,0.25,medium,2,,,,16,,witness_ordering,324078
C,C_00054_base,knife_pass,geometric_fc,1,0,1,0,1,0,0.04491439,9,3,-1,medium,high,0.25,medium,2,,,,16,,witness_ordering,324078
C,C_00054_base,knife_pass,oracle_sfc,0,0,0,0,1,0,0.0,9,3,-1,medium,high,0.25,medium,2,,,,16,,witness_ordering,324078
C,C_00054_base,knife_pass,semantic_only,1,0,1,0,1,0,0.0,9,3,-1,medium,high,0.25,medium,2,,,,16,,witness_ordering,324078
C,C_00054_base,knife_pass,posthoc_single,0,0,0,0,1,0,0.04491439,9,3,-1,medium,high,0.25,medium,2,,,,16,,witness_ordering,324078
C,C_00054_base,knife_pass,soft_penalty_fc,1,0,1,0,1,0,0.04491439,9,3,-1,medium,high,0.25,medium,2,,,,16,,witness_ordering,324078
C,C_00055,knife_pass,topk_posthoc,0,0,0,0,1,0,0.0,9,3,-1,medium,high,0.25,medium,2,,,,16,,witness_ordering,324079
C,C_00055_base,knife_pass,geometric_fc,1,0,1,0,1,0,0.04300286,9,3,-1,medium,high,0.25,medium,2,,,,16,,witness_ordering,324079
C,C_00055_base,knife_pass,oracle_sfc,0,0,0,0,1,0,0.0,9,3,-1,medium,high,0.25,medium,2,,,,16,,witness_ordering,324079
C,C_00055_base,knife_pass,semantic_only,1,0,1,0,1,0,0.0,9,3,-1,medium,high,0.25,medium,2,,,,16,,witness_ordering,324079
C,C_00055_base,knife_pass,posthoc_single,0,0,0,0,1,0,0.04300286,9,3,-1,medium,high,0.25,medium,2,,,,16,,witness_ordering,324079
C,C_00055_base,knife_pass,soft_penalty_fc,1,0,1,0,1,0,0.04300286,9,3,-1,medium,high,0.25,medium,2,,,,16,,witness_ordering,324079
C,C_00056,knife_pass,topk_posthoc,0,0,0,0,1,0,0.0,9,3,-1,medium,high,0.25,medium,2,,,,16,,witness_ordering,324080
C,C_00056_base,knife_pass,geometric_fc,1,0,1,0,1,0,0.04536597,9,3,-1,medium,high,0.25,medium,2,,,,16,,witness_ordering,324080
C,C_00056_base,knife_pass,oracle_sfc,0,0,0,0,1,0,0.0,9,3,-1,medium,high,0.25,medium,2,,,,16,,witness_ordering,324080
C,C_00056_base,knife_pass,semantic_only,1,0,1,0,1,0,0.0,9,3,-1,medium,high,0.25,medium,2,,,,16,,witness_ordering,324080
C,C_00056_base,knife_pass,posthoc_single,0,0,0,0,1,0,0.04536597,9,3,-1,medium,high,0.25,medium,2,,,,16,,witness_ordering,324080
C,C_00056_base,knife_pass,soft_penalty_fc,1,0,1,0,1,0,0.04536597,9,3,-1,medium,high,0.25,medium,2,,,,16,,witness_ordering,324080
C,C_00057,knife_pass,topk_posthoc,0,0,0,0,1,0,0.0,9,3,-1,medium,high,0.25,medium,2,,,,16,,witness_ordering,324081
C,C_00057_base,knife_pass,geometric_fc,1,0,1,0,1,0,0.04477432,9,3,-1,medium,high,0.25,medium,2,,,,16,,witness_ordering,324081
C,C_00057_base,knife_pass,oracle_sfc,0,0,0,0,1,0,0.0,9,3,-1,medium,high,0.25,medium,2,,,,16,,witness_ordering,324081
C,C_00057_base,knife_pass,semantic_only,1,0,1,0,1,0,0.0,9,3,-1,medium,high,0.25,medium,2,,,,16,,witness_ordering,324081
C,C_00057_base,knife_pass,posthoc_single,0,0,0,0,1,0,0.04477432,9,3,-1,medium,high,0.25,medium,2,,,,16,,witness_ordering,324081
C,C_00057_base,knife_pass,soft_penalty_fc,1,0,1,0,1,0,0.04477432,9,3,-1,medium,high,0.25,medium,2,,,,16,,witness_ordering,324081
C,C_00058,knife_pass,topk_posthoc,0,0,0,0,1,0,0.0,9,3,-1,medium,high,0.25,medium,2,,,,16,,witness_ordering,324082
C,C_00058_base,knife_pass,geometric_fc,1,0,1,0,1,0,0.04433246,9,3,-1,medium,high,0.25,medium,2,,,,16,,witness_ordering,324082
C,C_00058_base,knife_pass,oracle_sfc,0,0,0,0,1,0,0.0,9,3,-1,medium,high,0.25,medium,2,,,,16,,witness_ordering,324082
C,C_00058_base,knife_pass,semantic_only,1,0,1,0,1,0,0.0,9,3,-1,medium,high,0.25,medium,2,,,,16,,witness_ordering,324082
C,C_00058_base,knife_pass,posthoc_single,0,0,0,0,1,0,0.04433246,9,3,-1,medium,high,0.25,medium,2,,,,16,,witness_ordering,324082
C,C_00058_base,knife_pass,soft_penalty_fc,1,0,1,0,1,0,0.04433246,9,3,-1,medium,high,0.25,medium,2,,,,16,,witness_ordering,324082
C,C_00059,knife_pass,topk_posthoc,0,0,0,0,1,0,0.0,9,3,-1,medium,high,0.25,medium,2,,,,16,,witness_ordering,324083
C,C_00059_base,knife_pass,geometric_fc,1,0,1,0,1,0,0.04404835,9,3,-1,medium,high,0.25,medium,2,,,,16,,witness_ordering,324083
C,C_00059_base,knife_pass,oracle_sfc,0,0,0,0,1,0,0.0,9,3,-1,medium,high,0.25,medium,2,,,,16,,witness_ordering,324083
C,C_00059_base,knife_pass,semantic_only,1,0,1,0,1,0,0.0,9,3,-1,medium,high,0.25,medium,2,,,,16,,witness_ordering,324083
C,C_00059_base,knife_pass,posthoc_single,0,0,0,0,1,0,0.04404835,9,3,-1,medium,high,0.25,medium,2,,,,16,,witness_ordering,324083
C,C_00059_base,knife_pass,soft_penalty_fc,1,0,1,0,1,0,0.04404835,9,3,-1,medium,high,0.25,medium,2,,,,16,,witness_ordering,324083
C,C_00060,knife_pass,topk_posthoc,0,0,0,0,1,0,0.0,9,3,-1,medium,high,0.25,medium,2,,,,16,,witness_ordering,324084
C,C_00060_base,knife_pass,geometric_fc,1,0,1,0,1,0,0.0464239,9,3,-1,medium,high,0.25,medium,2,,,,16,,witness_ordering,324084
C,C_00060_base,knife_pass,oracle_sfc,0,0,0,0,1,0,0.0,9,3,-1,medium,high,0.25,medium,2,,,,16,,witness_ordering,324084
C,C_00060_base,knife_pass,semantic_only,1,0,1,0,1,0,0.0,9,3,-1,medium,high,0.25,medium,2,,,,16,,witness_ordering,324084
C,C_00060_base,knife_pass,posthoc_single,0,0,0,0,1,0,0.0464239,9,3,-1,medium,high,0.25,medium,2,,,,16,,witness_ordering,324084
C,C_00060_base,knife_pass,soft_penalty_fc,1,0,1,0,1,0,0.0464239,9,3,-1,medium,high,0.25,medium,2,,,,16,,witness_ordering,324084
C,C_00061,knife_pass,topk_posthoc,0,0,0,0,1,0,0.0,9,3,-1,medium,high,0.55,medium,2,,,,1,,witness_ordering,324085
C,C_00061_base,knife_pass,geometric_fc,1,0,1,0,1,0,0.044296,9,3,-1,medium,high,0.55,medium,2,,,,1,,witness_ordering,324085
C,C_00061_base,knife_pass,oracle_sfc,0,0,0,0,1,0,0.0,9,3,-1,medium,high,0.55,medium,2,,,,1,,witness_ordering,324085
C,C_00061_base,knife_pass,semantic_only,1,0,1,0,1,0,0.0,9,3,-1,medium,high,0.55,medium,2,,,,1,,witness_ordering,324085
C,C_00061_base,knife_pass,posthoc_single,0,0,0,0,1,0,0.044296,9,3,-1,medium,high,0.55,medium,2,,,,1,,witness_ordering,324085
C,C_00061_base,knife_pass,soft_penalty_fc,1,0,1,0,1,0,0.044296,9,3,-1,medium,high,0.55,medium,2,,,,1,,witness_ordering,324085
C,C_00062,knife_pass,topk_posthoc,0,0,0,0,1,0,0.0,9,3,-1,medium,high,0.55,medium,2,,,,1,,witness_ordering,324086
C,C_00062_base,knife_pass,geometric_fc,1,0,1,0,1,0,0.04360264,9,3,-1,medium,high,0.55,medium,2,,,,1,,witness_ordering,324086
C,C_00062_base,knife_pass,oracle_sfc,0,0,0,0,1,0,0.0,9,3,-1,medium,high,0.55,medium,2,,,,1,,witness_ordering,324086
C,C_00062_base,knife_pass,semantic_only,1,0,1,0,1,0,0.0,9,3,-1,medium,high,0.55,medium,2,,,,1,,witness_ordering,324086
C,C_00062_base,knife_pass,posthoc_single,0,0,0,0,1,0,0.04360264,9,3,-1,medium,high,0.55,medium,2,,,,1,,witness_ordering,324086
C,C_00062_base,knife_pass,soft_penalty_fc,1,0,1,0,1,0,0.04360264,9,3,-1,medium,high,0.55,medium,2,,,,1,,witness_ordering,324086
C,C_00063,knife_pass,topk_posthoc,0,0,0,0,1,0,0.0,9,3,-1,medium,high,0.55,medium,2,,,,1,,witness_ordering,324087
C,C_00063_base,knife_pass,geometric_fc,1,0,1,0,1,0,0.04441322,9,3,-1,medium,high,0.55,medium,2,,,,1,,witness_ordering,324087
C,C_00063_base,knife_pass,oracle_sfc,0,0,0,0,1,0,0.0,9,3,-1,medium,high,0.55,medium,2,,,,1,,witness_ordering,324087
C,C_00063_base,knife_pass,semantic_only,1,0,1,0,1,0,0.0,9,3,-1,medium,high,0.55,medium,2,,,,1,,witness_ordering,324087
C,C_00063_base,knife_pass,posthoc_single,0,0,0,0,1,0,0.04441322,9,3,-1,medium,high,0.55,medium,2,,,,1,,witness_ordering,324087
C,C_00063_base,knife_pass,soft_penalty_fc,1,0,1,0,1,0,0.04441322,9,3,-1,medium,high,0.55,medium,2,,,,1,,witness_ordering,324087
C,C_00064,knife_pass,topk_posthoc,0,0,0,0,1,0,0.0,9,3,-1,medium,high,0.55,medium,2,,,,1,,witness_ordering,324088
C,C_00064_base,knife_pass,geometric_fc,1,0,1,0,1,0,0.04402216,9,3,-1,medium,high,0.55,medium,2,,,,1,,witness_ordering,324088
C,C_00064_base,knife_pass,oracle_sfc,0,0,0,0,1,0,0.0,9,3,-1,medium,high,0.55,medium,2,,,,1,,witness_ordering,324088
C,C_00064_base,knife_pass,semantic_only,1,0,1,0,1,0,0.0,9,3,-1,medium,high,0.55,medium,2,,,,1,,witness_ordering,324088
C,C_00064_base,knife_pass,posthoc_single,0,0,0,0,1,0,0.04402216,9,3,-1,medium,high,0.55,medium,2,,,,1,,witness_ordering,324088
C,C_00064_base,knife_pass,soft_penalty_fc,1,0,1,0,1,0,0.04402216,9,3,-1,medium,high,0.55,medium,2,,,,1,,witness_ordering,324088
C,C_00065,knife_pass,topk_posthoc,0,0,0,0,1,0,0.0,9,3,-1,medium,high,0.55,medium,2,,,,1,,witness_ordering,324089
C,C_00065_base,knife_pass,geometric_fc,1,0,1,0,1,0,0.04588225,9,3,-1,medium,high,0.55,medium,2,,,,1,,witness_ordering,324089
C,C_00065_base,knife_pass,oracle_sfc,0,0,0,0,1,0,0.0,9,3,-1,medium,high,0.55,medium,2,,,,1,,witness_ordering,324089
C,C_00065_base,knife_pass,semantic_only,1,0,1,0,1,0,0.0,9,3,-1,medium,high,0.55,medium,2,,,,1,,witness_ordering,324089
C,C_00065_base,knife_pass,posthoc_single,0,0,0,0,1,0,0.04588225,9,3,-1,medium,high,0.55,medium,2,,,,1,,witness_ordering,324089
C,C_00065_base,knife_pass,soft_penalty_fc,1,0,1,0,1,0,0.04588225,9,3,-1,medium,high,0.55,medium,2,,,,1,,witness_ordering,324089
C,C_00066,knife_pass,topk_posthoc,0,0,0,0,1,0,0.0,9,3,-1,medium,high,0.55,medium,2,,,,1,,witness_ordering,324090
C,C_00066_base,knife_pass,geometric_fc,1,0,1,0,1,0,0.04532137,9,3,-1,medium,high,0.55,medium,2,,,,1,,witness_ordering,324090
C,C_00066_base,knife_pass,oracle_sfc,0,0,0,0,1,0,0.0,9,3,-1,medium,high,0.55,medium,2,,,,1,,witness_ordering,324090
C,C_00066_base,knife_pass,semantic_only,1,0,1,0,1,0,0.0,9,3,-1,medium,high,0.55,medium,2,,,,1,,witness_ordering,324090
C,C_00066_base,knife_pass,posthoc_single,0,0,0,0,1,0,0.04532137,9,3,-1,medium,high,0.55,medium,2,,,,1,,witness_ordering,324090
C,C_00066_base,knife_pass,soft_penalty_fc,1,0,1,0,1,0,0.04532137,9,3,-1,medium,high,0.55,medium,2,,,,1,,witness_ordering,324090
C,C_00067,knife_pass,topk_posthoc,0,0,0,0,1,0,0.0,9,3,-1,medium,high,0.55,medium,2,,,,1,,witness_ordering,324091
C,C_00067_base,knife_pass,geometric_fc,1,0,1,0,1,0,0.04340081,9,3,-1,medium,high,0.55,medium,2,,,,1,,witness_ordering,324091
C,C_00067_base,knife_pass,oracle_sfc,0,0,0,0,1,0,0.0,9,3,-1,medium,high,0.55,medium,2,,,,1,,witness_ordering,324091
C,C_00067_base,knife_pass,semantic_only,1,0,1,0,1,0,0.0,9,3,-1,medium,high,0.55,medium,2,,,,1,,witness_ordering,324091
C,C_00067_base,knife_pass,posthoc_single,0,0,0,0,1,0,0.04340081,9,3,-1,medium,high,0.55,medium,2,,,,1,,witness_ordering,324091
C,C_00067_base,knife_pass,soft_penalty_fc,1,0,1,0,1,0,0.04340081,9,3,-1,medium,high,0.55,medium,2,,,,1,,witness_ordering,324091
C,C_00068,knife_pass,topk_posthoc,0,0,0,0,1,0,0.0,9,3,-1,medium,high,0.55,medium,2,,,,1,,witness_ordering,324092
C,C_00068_base,knife_pass,geometric_fc,1,0,1,0,1,0,0.04279312,9,3,-1,medium,high,0.55,medium,2,,,,1,,witness_ordering,324092
C,C_00068_base,knife_pass,oracle_sfc,0,0,0,0,1,0,0.0,9,3,-1,medium,high,0.55,medium,2,,,,1,,witness_ordering,324092
C,C_00068_base,knife_pass,semantic_only,1,0,1,0,1,0,0.0,9,3,-1,medium,high,0.55,medium,2,,,,1,,witness_ordering,324092
C,C_00068_base,knife_pass,posthoc_single,0,0,0,0,1,0,0.04279312,9,3,-1,medium,high,0.55,medium,2,,,,1,,witness_ordering,324092
C,C_00068_base,knife_pass,soft_penalty_fc,1,0,1,0,1,0,0.04279312,9,3,-1,medium,high,0.55,medium,2,,,,1,,witness_ordering,324092
C,C_00069,knife_pass,topk_posthoc,0,0,0,0,1,0,0.0,9,3,-1,medium,high,0.55,medium,2,,,,1,,witness_ordering,324093
C,C_00069_base,knife_pass,geometric_fc,1,0,1,0,1,0,0.04405669,9,3,-1,medium,high,0.55,medium,2,,,,1,,witness_ordering,324093
C,C_00069_base,knife_pass,oracle_sfc,0,0,0,0,1,0,0.0,9,3,-1,medium,high,0.55,medium,2,,,,1,,witness_ordering,324093
C,C_00069_base,knife_pass,semantic_only,1,0,1,0,1,0,0.0,9,3,-1,medium,high,0.55,medium,2,,,,1,,witness_ordering,324093
C,C_00069_base,knife_pass,posthoc_single,0,0,0,0,1,0,0.04405669,9,3,-1,medium,high,0.55,medium,2,,,,1,,witness_ordering,324093
C,C_00069_base,knife_pass,soft_penalty_fc,1,0,1,0,1,0,0.04405669,9,3,-1,medium,high,0.55,medium,2,,,,1,,witness_ordering,324093
C,C_00070,knife_pass,topk_posthoc,0,0,0,0,1,0,0.0,9,3,-1,medium,high,0.55,medium,2,,,,1,,witness_ordering,324094
C,C_00070_base,knife_pass,geometric_fc,1,0,1,0,1,0,0.04595688,9,3,-1,medium,high,0.55,medium,2,,,,1,,witness_ordering,324094
C,C_00070_base,knife_pass,oracle_sfc,0,0,0,0,1,0,0.0,9,3,-1,medium,high,0.55,medium,2,,,,1,,witness_ordering,324094
C,C_00070_base,knife_pass,semantic_only,1,0,1,0,1,0,0.0,9,3,-1,medium,high,0.55,medium,2,,,,1,,witness_ordering,324094
C,C_00070_base,knife_pass,posthoc_single,0,0,0,0,1,0,0.04595688,9,3,-1,medium,high,0.55,medium,2,,,,1,,witness_ordering,324094
C,C_00070_base,knife_pass,soft_penalty_fc,1,0,1,0,1,0,0.04595688,9,3,-1,medium,high,0.55,medium,2,,,,1,,witness_ordering,324094
C,C_00071,knife_pass,topk_posthoc,0,0,0,0,1,0,0.0,9,3,-1,medium,high,0.55,medium,2,,,,1,,witness_ordering,324095
C,C_00071_base,knife_pass,geometric_fc,1,0,1,0,1,0,0.04363725,9,3,-1,medium,high,0.55,medium,2,,,,1,,witness_ordering,324095
C,C_00071_base,knife_pass,oracle_sfc,0,0,0,0,1,0,0.0,9,3,-1,medium,high,0.55,medium,2,,,,1,,witness_ordering,324095
C,C_00071_base,knife_pass,semantic_only,1,0,1,0,1,0,0.0,9,3,-1,medium,high,0.55,medium,2,,,,1,,witness_ordering,324095
C,C_00071_base,knife_pass,posthoc_single,0,0,0,0,1,0,0.04363725,9,3,-1,medium,high,0.55,medium,2,,,,1,,witness_ordering,324095
C,C_00071_base,knife_pass,soft_penalty_fc,1,0,1,0,1,0,0.04363725,9,3,-1,medium,high,0.55,medium,2,,,,1,,witness_ordering,324095
C,C_00072,knife_pass,topk_posthoc,0,0,0,0,1,0,0.0,9,3,-1,medium,high,0.55,medium,2,,,,1,,witness_ordering,324096
C,C_00072_base,knife_pass,geometric_fc,1,0,1,0,1,0,0.04568906,9,3,-1,medium,high,0.55,medium,2,,,,1,,witness_ordering,324096
C,C_00072_base,knife_pass,oracle_sfc,0,0,0,0,1,0,0.0,9,3,-1,medium,high,0.55,medium,2,,,,1,,witness_ordering,324096
C,C_00072_base,knife_pass,semantic_only,1,0,1,0,1,0,0.0,9,3,-1,medium,high,0.55,medium,2,,,,1,,witness_ordering,324096
C,C_00072_base,knife_pass,posthoc_single,0,0,0,0,1,0,0.04568906,9,3,-1,medium,high,0.55,medium,2,,,,1,,witness_ordering,324096
C,C_00072_base,knife_pass,soft_penalty_fc,1,0,1,0,1,0,0.04568906,9,3,-1,medium,high,0.55,medium,2,,,,1,,witness_ordering,324096
C,C_00073,knife_pass,topk_posthoc,0,0,0,0,1,0,0.0,9,3,-1,medium,high,0.55,medium,2,,,,2,,witness_ordering,324097
C,C_00074,knife_pass,topk_posthoc,0,0,0,0,1,0,0.0,9,3,-1,medium,high,0.55,medium,2,,,,2,,witness_ordering,324098
C,C_00075,knife_pass,topk_posthoc,0,0,0,0,1,0,0.0,9,3,-1,medium,high,0.55,medium,2,,,,2,,witness_ordering,324099
C,C_00076,knife_pass,topk_posthoc,0,0,0,0,1,0,0.0,9,3,-1,medium,high,0.55,medium,2,,,,2,,witness_ordering,324100
C,C_00077,knife_pass,topk_posthoc,0,0,0,0,1,0,0.0,9,3,-1,medium,high,0.55,medium,2,,,,2,,witness_ordering,324101
C,C_00078,knife_pass,topk_posthoc,0,0,0,0,1,0,0.0,9,3,-1,medium,high,0.55,medium,2,,,,2,,witness_ordering,324102
C,C_00079,knife_pass,topk_posthoc,0,0,0,0,1,0,0.0,9,3,-1,medium,high,0.55,medium,2,,,,2,,witness_ordering,324103
C,C_00080,knife_pass,topk_posthoc,0,0,0,0,1,0,0.0,9,3,-1,medium,high,0.55,medium,2,,,,2,,witness_ordering,324104
C,C_00081,knife_pass,topk_posthoc,0,0,0,0,1,0,0.0,9,3,-1,medium,high,0.55,medium,2,,,,2,,witness_ordering,324105
C,C_00082,knife_pass,topk_posthoc,0,0,0,0,1,0,0.0,9,3,-1,medium,high,0.55,medium,2,,,,2,,witness_ordering,324106
C,C_00083,knife_pass,topk_posthoc,0,0,0,0,1,0,0.0,9,3,-1,medium,high,0.55,medium,2,,,,2,,witness_ordering,324107
C,C_00084,knife_pass,topk_posthoc,0,0,0,0,1,0,0.0,9,3,-1,medium,high,0.55,medium,2,,,,2,,witness_ordering,324108
C,C_00085,knife_pass,topk_posthoc,0,0,0,0,1,0,0.0,9,3,-1,medium,high,0.55,medium,2,,,,4,,witness_ordering,324109
C,C_00086,knife_pass,topk_posthoc,0,0,0,0,1,0,0.0,9,3,-1,medium,high,0.55,medium,2,,,,4,,witness_ordering,324110
C,C_00087,knife_pass,topk_posthoc,0,0,0,0,1,0,0.0,9,3,-1,medium,high,0.55,medium,2,,,,4,,witness_ordering,324111
C,C_00088,knife_pass,topk_posthoc,0,0,0,0,1,0,0.0,9,3,-1,medium,high,0.55,medium,2,,,,4,,witness_ordering,324112
C,C_00089,knife_pass,topk_posthoc,0,0,0,0,1,0,0.0,9,3,-1,medium,high,0.55,medium,2,,,,4,,witness_ordering,324113
C,C_00090,knife_pass,topk_posthoc,0,0,0,0,1,0,0.0,9,3,-1,medium,high,0.55,medium,2,,,,4,,witness_ordering,324114
C,C_00091,knife_pass,topk_posthoc,0,0,0,0,1,0,0.0,9,3,-1,medium,high,0.55,medium,2,,,,4,,witness_ordering,324115
C,C_00092,knife_pass,topk_posthoc,0,0,0,0,1,0,0.0,9,3,-1,medium,high,0.55,medium,2,,,,4,,witness_ordering,324116
C,C_00093,knife_pass,topk_posthoc,0,0,0,0,1,0,0.0,9,3,-1,medium,high,0.55,medium,2,,,,4,,witness_ordering,324117
C,C_00094,knife_pass,topk_posthoc,0,0,0,0,1,0,0.0,9,3,-1,medium,high,0.55,medium,2,,,,4,,witness_ordering,324118
C,C_00095,knife_pass,topk_posthoc,0,0,0,0,1,0,0.0,9,3,-1,medium,high,0.55,medium,2,,,,4,,witness_ordering,324119
C,C_00096,knife_pass,topk_posthoc,0,0,0,0,1,0,0.0,9,3,-1,medium,high,0.55,medium,2,,,,4,,witness_ordering,324120
C,C_00097,knife_pass,topk_posthoc,0,0,0,0,1,0,0.0,9,3,-1,medium,high,0.55,medium,2,,,,8,,witness_ordering,324121
C,C_00098,knife_pass,topk_posthoc,0,0,0,0,1,0,0.0,9,3,-1,medium,high,0.55,medium,2,,,,8,,witness_ordering,324122
C,C_00099,knife_pass,topk_posthoc,0,0,0,0,1,0,0.0,9,3,-1,medium,high,0.55,medium,2,,,,8,,witness_ordering,324123
C,C_00100,knife_pass,topk_posthoc,0,0,0,0,1,0,0.0,9,3,-1,medium,high,0.55,medium,2,,,,8,,witness_ordering,324124
C,C_00101,knife_pass,topk_posthoc,0,0,0,0,1,0,0.0,9,3,-1,medium,high,0.55,medium,2,,,,8,,witness_ordering,324125
C,C_00102,knife_pass,topk_posthoc,0,0,0,0,1,0,0.0,9,3,-1,medium,high,0.55,medium,2,,,,8,,witness_ordering,324126
C,C_00103,knife_pass,topk_posthoc,0,0,0,0,1,0,0.0,9,3,-1,medium,high,0.55,medium,2,,,,8,,witness_ordering,324127
C,C_00104,knife_pass,topk_posthoc,0,0,0,0,1,0,0.0,9,3,-1,medium,high,0.55,medium,2,,,,8,,witness_ordering,324128
C,C_00105,knife_pass,topk_posthoc,0,0,0,0,1,0,0.0,9,3,-1,medium,high,0.55,medium,2,,,,8,,witness_ordering,324129
C,C_00106,knife_pass,topk_posthoc,0,0,0,0,1,0,0.0,9,3,-1,medium,high,0.55,medium,2,,,,8,,witness_ordering,324130
C,C_00107,knife_pass,topk_posthoc,0,0,0,0,1,0,0.0,9,3,-1,medium,high,0.55,medium,2,,,,8,,witness_ordering,324131
C,C_00108,knife_pass,topk_posthoc,0,0,0,0,1,0,0.0,9,3,-1,medium,high,0.55,medium,2,,,,8,,witness_ordering,324132
C,C_00109,knife_pass,topk_posthoc,0,0,0,0,1,0,0.0,9,3,-1,medium,high,0.55,medium,2,,,,16,,witness_ordering,324133
C,C_00109_base,knife_pass,geometric_fc,1,0,1,0,1,0,0.04429435,9,3,-1,medium,high,0.55,medium,2,,,,16,,witness_ordering,324133
C,C_00109_base,knife_pass,oracle_sfc,0,0,0,0,1,0,0.0,9,3,-1,medium,high,0.55,medium,2,,,,16,,witness_ordering,324133
C,C_00109_base,knife_pass,semantic_only,1,0,1,0,1,0,0.0,9,3,-1,medium,high,0.55,medium,2,,,,16,,witness_ordering,324133
C,C_00109_base,knife_pass,posthoc_single,0,0,0,0,1,0,0.04429435,9,3,-1,medium,high,0.55,medium,2,,,,16,,witness_ordering,324133
C,C_00109_base,knife_pass,soft_penalty_fc,1,0,1,0,1,0,0.04429435,9,3,-1,medium,high,0.55,medium,2,,,,16,,witness_ordering,324133
C,C_00110,knife_pass,topk_posthoc,0,0,0,0,1,0,0.0,9,3,-1,medium,high,0.55,medium,2,,,,16,,witness_ordering,324134
C,C_00110_base,knife_pass,geometric_fc,1,0,1,0,1,0,0.04455393,9,3,-1,medium,high,0.55,medium,2,,,,16,,witness_ordering,324134
C,C_00110_base,knife_pass,oracle_sfc,0,0,0,0,1,0,0.0,9,3,-1,medium,high,0.55,medium,2,,,,16,,witness_ordering,324134
C,C_00110_base,knife_pass,semantic_only,1,0,1,0,1,0,0.0,9,3,-1,medium,high,0.55,medium,2,,,,16,,witness_ordering,324134
C,C_00110_base,knife_pass,posthoc_single,0,0,0,0,1,0,0.04455393,9,3,-1,medium,high,0.55,medium,2,,,,16,,witness_ordering,324134
C,C_00110_base,knife_pass,soft_penalty_fc,1,0,1,0,1,0,0.04455393,9,3,-1,medium,high,0.55,medium,2,,,,16,,witness_ordering,324134
C,C_00111,knife_pass,topk_posthoc,0,0,0,0,1,0,0.0,9,3,-1,medium,high,0.55,medium,2,,,,16,,witness_ordering,324135
C,C_00111_base,knife_pass,geometric_fc,1,0,1,0,1,0,0.04567495,9,3,-1,medium,high,0.55,medium,2,,,,16,,witness_ordering,324135
C,C_00111_base,knife_pass,oracle_sfc,0,0,0,0,1,0,0.0,9,3,-1,medium,high,0.55,medium,2,,,,16,,witness_ordering,324135
C,C_00111_base,knife_pass,semantic_only,1,0,1,0,1,0,0.0,9,3,-1,medium,high,0.55,medium,2,,,,16,,witness_ordering,324135
C,C_00111_base,knife_pass,posthoc_single,0,0,0,0,1,0,0.04567495,9,3,-1,medium,high,0.55,medium,2,,,,16,,witness_ordering,324135
C,C_00111_base,knife_pass,soft_penalty_fc,1,0,1,0,1,0,0.04567495,9,3,-1,medium,high,0.55,medium,2,,,,16,,witness_ordering,324135
C,C_00112,knife_pass,topk_posthoc,0,0,0,0,1,0,0.0,9,3,-1,medium,high,0.55,medium,2,,,,16,,witness_ordering,324136
C,C_00112_base,knife_pass,geometric_fc,1,0,1,0,1,0,0.04429095,9,3,-1,medium,high,0.55,medium,2,,,,16,,witness_ordering,324136
C,C_00112_base,knife_pass,oracle_sfc,0,0,0,0,1,0,0.0,9,3,-1,medium,high,0.55,medium,2,,,,16,,witness_ordering,324136
C,C_00112_base,knife_pass,semantic_only,1,0,1,0,1,0,0.0,9,3,-1,medium,high,0.55,medium,2,,,,16,,witness_ordering,324136
C,C_00112_base,knife_pass,posthoc_single,0,0,0,0,1,0,0.04429095,9,3,-1,medium,high,0.55,medium,2,,,,16,,witness_ordering,324136
C,C_00112_base,knife_pass,soft_penalty_fc,1,0,1,0,1,0,0.04429095,9,3,-1,medium,high,0.55,medium,2,,,,16,,witness_ordering,324136
C,C_00113,knife_pass,topk_posthoc,0,0,0,0,1,0,0.0,9,3,-1,medium,high,0.55,medium,2,,,,16,,witness_ordering,324137
C,C_00113_base,knife_pass,geometric_fc,1,0,1,0,1,0,0.04513389,9,3,-1,medium,high,0.55,medium,2,,,,16,,witness_ordering,324137
C,C_00113_base,knife_pass,oracle_sfc,0,0,0,0,1,0,0.0,9,3,-1,medium,high,0.55,medium,2,,,,16,,witness_ordering,324137
C,C_00113_base,knife_pass,semantic_only,1,0,1,0,1,0,0.0,9,3,-1,medium,high,0.55,medium,2,,,,16,,witness_ordering,324137
C,C_00113_base,knife_pass,posthoc_single,0,0,0,0,1,0,0.04513389,9,3,-1,medium,high,0.55,medium,2,,,,16,,witness_ordering,324137
C,C_00113_base,knife_pass,soft_penalty_fc,1,0,1,0,1,0,0.04513389,9,3,-1,medium,high,0.55,medium,2,,,,16,,witness_ordering,324137
C,C_00114,knife_pass,topk_posthoc,0,0,0,0,1,0,0.0,9,3,-1,medium,high,0.55,medium,2,,,,16,,witness_ordering,324138
C,C_00114_base,knife_pass,geometric_fc,1,0,1,0,1,0,0.0453934,9,3,-1,medium,high,0.55,medium,2,,,,16,,witness_ordering,324138
C,C_00114_base,knife_pass,oracle_sfc,0,0,0,0,1,0,0.0,9,3,-1,medium,high,0.55,medium,2,,,,16,,witness_ordering,324138
C,C_00114_base,knife_pass,semantic_only,1,0,1,0,1,0,0.0,9,3,-1,medium,high,0.55,medium,2,,,,16,,witness_ordering,324138
C,C_00114_base,knife_pass,posthoc_single,0,0,0,0,1,0,0.0453934,9,3,-1,medium,high,0.55,medium,2,,,,16,,witness_ordering,324138
C,C_00114_base,knife_pass,soft_penalty_fc,1,0,1,0,1,0,0.0453934,9,3,-1,medium,high,0.55,medium,2,,,,16,,witness_ordering,324138
C,C_00115,knife_pass,topk_posthoc,0,0,0,0,1,0,0.0,9,3,-1,medium,high,0.55,medium,2,,,,16,,witness_ordering,324139
C,C_00115_base,knife_pass,geometric_fc,1,0,1,0,1,0,0.04418418,9,3,-1,medium,high,0.55,medium,2,,,,16,,witness_ordering,324139
C,C_00115_base,knife_pass,oracle_sfc,0,0,0,0,1,0,0.0,9,3,-1,medium,high,0.55,medium,2,,,,16,,witness_ordering,324139
C,C_00115_base,knife_pass,semantic_only,1,0,1,0,1,0,0.0,9,3,-1,medium,high,0.55,medium,2,,,,16,,witness_ordering,324139
C,C_00115_base,knife_pass,posthoc_single,0,0,0,0,1,0,0.04418418,9,3,-1,medium,high,0.55,medium,2,,,,16,,witness_ordering,324139
C,C_00115_base,knife_pass,soft_penalty_fc,1,0,1,0,1,0,0.04418418,9,3,-1,medium,high,0.55,medium,2,,,,16,,witness_ordering,324139
C,C_00116,knife_pass,topk_posthoc,0,0,0,0,1,0,0.0,9,3,-1,medium,high,0.55,medium,2,,,,16,,witness_ordering,324140
C,C_00116_base,knife_pass,geometric_fc,1,0,1,0,1,0,0.04449099,9,3,-1,medium,high,0.55,medium,2,,,,16,,witness_ordering,324140
C,C_00116_base,knife_pass,oracle_sfc,0,0,0,0,1,0,0.0,9,3,-1,medium,high,0.55,medium,2,,,,16,,witness_ordering,324140
C,C_00116_base,knife_pass,semantic_only,1,0,1,0,1,0,0.0,9,3,-1,medium,high,0.55,medium,2,,,,16,,witness_ordering,324140
C,C_00116_base,knife_pass,posthoc_single,0,0,0,0,1,0,0.04449099,9,3,-1,medium,high,0.55,medium,2,,,,16,,witness_ordering,324140
C,C_00116_base,knife_pass,soft_penalty_fc,1,0,1,0,1,0,0.04449099,9,3,-1,medium,high,0.55,medium,2,,,,16,,witness_ordering,324140
C,C_00117,knife_pass,topk_posthoc,0,0,0,0,1,0,0.0,9,3,-1,medium,high,0.55,medium,2,,,,16,,witness_ordering,324141
C,C_00117_base,knife_pass,geometric_fc,1,0,1,0,1,0,0.04496123,9,3,-1,medium,high,0.55,medium,2,,,,16,,witness_ordering,324141
C,C_00117_base,knife_pass,oracle_sfc,0,0,0,0,1,0,0.0,9,3,-1,medium,high,0.55,medium,2,,,,16,,witness_ordering,324141
C,C_00117_base,knife_pass,semantic_only,1,0,1,0,1,0,0.0,9,3,-1,medium,high,0.55,medium,2,,,,16,,witness_ordering,324141
C,C_00117_base,knife_pass,posthoc_single,0,0,0,0,1,0,0.04496123,9,3,-1,medium,high,0.55,medium,2,,,,16,,witness_ordering,324141
C,C_00117_base,knife_pass,soft_penalty_fc,1,0,1,0,1,0,0.04496123,9,3,-1,medium,high,0.55,medium,2,,,,16,,witness_ordering,324141
C,C_00118,knife_pass,topk_posthoc,0,0,0,0,1,0,0.0,9,3,-1,medium,high,0.55,medium,2,,,,16,,witness_ordering,324142
C,C_00118_base,knife_pass,geometric_fc,1,0,1,0,1,0,0.04314821,9,3,-1,medium,high,0.55,medium,2,,,,16,,witness_ordering,324142
C,C_00118_base,knife_pass,oracle_sfc,0,0,0,0,1,0,0.0,9,3,-1,medium,high,0.55,medium,2,,,,16,,witness_ordering,324142
C,C_00118_base,knife_pass,semantic_only,1,0,1,0,1,0,0.0,9,3,-1,medium,high,0.55,medium,2,,,,16,,witness_ordering,324142
C,C_00118_base,knife_pass,posthoc_single,0,0,0,0,1,0,0.04314821,9,3,-1,medium,high,0.55,medium,2,,,,16,,witness_ordering,324142
C,C_00118_base,knife_pass,soft_penalty_fc,1,0,1,0,1,0,0.04314821,9,3,-1,medium,high,0.55,medium,2,,,,16,,witness_ordering,324142
C,C_00119,knife_pass,topk_posthoc,0,0,0,0,1,0,0.0,9,3,-1,medium,high,0.55,medium,2,,,,16,,witness_ordering,324143
C,C_00119_base,knife_pass,geometric_fc,1,0,1,0,1,0,0.04213994,9,3,-1,medium,high,0.55,medium,2,,,,16,,witness_ordering,324143
C,C_00119_base,knife_pass,oracle_sfc,0,0,0,0,1,0,0.0,9,3,-1,medium,high,0.55,medium,2,,,,16,,witness_ordering,324143
C,C_00119_base,knife_pass,semantic_only,1,0,1,0,1,0,0.0,9,3,-1,medium,high,0.55,medium,2,,,,16,,witness_ordering,324143
C,C_00119_base,knife_pass,posthoc_single,0,0,0,0,1,0,0.04213994,9,3,-1,medium,high,0.55,medium,2,,,,16,,witness_ordering,324143
C,C_00119_base,knife_pass,soft_penalty_fc,1,0,1,0,1,0,0.04213994,9,3,-1,medium,high,0.55,medium,2,,,,16,,witness_ordering,324143
C,C_00120,knife_pass,topk_posthoc,0,0,0,0,1,0,0.0,9,3,-1,medium,high,0.55,medium,2,,,,16,,witness_ordering,324144
C,C_00120_base,knife_pass,geometric_fc,1,0,1,0,1,0,0.04547507,9,3,-1,medium,high,0.55,medium,2,,,,16,,witness_ordering,324144
C,C_00120_base,knife_pass,oracle_sfc,0,0,0,0,1,0,0.0,9,3,-1,medium,high,0.55,medium,2,,,,16,,witness_ordering,324144
C,C_00120_base,knife_pass,semantic_only,1,0,1,0,1,0,0.0,9,3,-1,medium,high,0.55,medium,2,,,,16,,witness_ordering,324144
C,C_00120_base,knife_pass,posthoc_single,0,0,0,0,1,0,0.04547507,9,3,-1,medium,high,0.55,medium,2,,,,16,,witness_ordering,324144
C,C_00120_base,knife_pass,soft_penalty_fc,1,0,1,0,1,0,0.04547507,9,3,-1,medium,high,0.55,medium,2,,,,16,,witness_ordering,324144
C,C_00121,knife_pass,topk_posthoc,0,0,0,0,1,0,0.0,9,3,-1,medium,high,0.85,medium,2,,,,1,,witness_ordering,324145
C,C_00121_base,knife_pass,geometric_fc,1,0,1,0,1,0,0.04350367,9,3,-1,medium,high,0.85,medium,2,,,,1,,witness_ordering,324145
C,C_00121_base,knife_pass,oracle_sfc,0,0,0,0,1,0,0.0,9,3,-1,medium,high,0.85,medium,2,,,,1,,witness_ordering,324145
C,C_00121_base,knife_pass,semantic_only,1,0,1,0,1,0,0.0,9,3,-1,medium,high,0.85,medium,2,,,,1,,witness_ordering,324145
C,C_00121_base,knife_pass,posthoc_single,0,0,0,0,1,0,0.04350367,9,3,-1,medium,high,0.85,medium,2,,,,1,,witness_ordering,324145
C,C_00121_base,knife_pass,soft_penalty_fc,1,0,1,0,1,0,0.04350367,9,3,-1,medium,high,0.85,medium,2,,,,1,,witness_ordering,324145
C,C_00122,knife_pass,topk_posthoc,0,0,0,0,1,0,0.0,9,3,-1,medium,high,0.85,medium,2,,,,1,,witness_ordering,324146
C,C_00122_base,knife_pass,geometric_fc,1,0,1,0,1,0,0.04526502,9,3,-1,medium,high,0.85,medium,2,,,,1,,witness_ordering,324146
C,C_00122_base,knife_pass,oracle_sfc,0,0,0,0,1,0,0.0,9,3,-1,medium,high,0.85,medium,2,,,,1,,witness_ordering,324146
C,C_00122_base,knife_pass,semantic_only,1,0,1,0,1,0,0.0,9,3,-1,medium,high,0.85,medium,2,,,,1,,witness_ordering,324146
C,C_00122_base,knife_pass,posthoc_single,0,0,0,0,1,0,0.04526502,9,3,-1,medium,high,0.85,medium,2,,,,1,,witness_ordering,324146
C,C_00122_base,knife_pass,soft_penalty_fc,1,0,1,0,1,0,0.04526502,9,3,-1,medium,high,0.85,medium,2,,,,1,,witness_ordering,324146
C,C_00123,knife_pass,topk_posthoc,0,0,0,0,1,0,0.0,9,3,-1,medium,high,0.85,medium,2,,,,1,,witness_ordering,324147
C,C_00123_base,knife_pass,geometric_fc,1,0,1,0,1,0,0.04540983,9,3,-1,medium,high,0.85,medium,2,,,,1,,witness_ordering,324147
C,C_00123_base,knife_pass,oracle_sfc,0,0,0,0,1,0,0.0,9,3,-1,medium,high,0.85,medium,2,,,,1,,witness_ordering,324147
C,C_00123_base,knife_pass,semantic_only,1,0,1,0,1,0,0.0,9,3,-1,medium,high,0.85,medium,2,,,,1,,witness_ordering,324147
C,C_00123_base,knife_pass,posthoc_single,0,0,0,0,1,0,0.04540983,9,3,-1,medium,high,0.85,medium,2,,,,1,,witness_ordering,324147
C,C_00123_base,knife_pass,soft_penalty_fc,1,0,1,0,1,0,0.04540983,9,3,-1,medium,high,0.85,medium,2,,,,1,,witness_ordering,324147
C,C_00124,knife_pass,topk_posthoc,0,0,0,0,1,0,0.0,9,3,-1,medium,high,0.85,medium,2,,,,1,,witness_ordering,324148
C,C_00124_base,knife_pass,geometric_fc,1,0,1,0,1,0,0.04444629,9,3,-1,medium,high,0.85,medium,2,,,,1,,witness_ordering,324148
C,C_00124_base,knife_pass,oracle_sfc,0,0,0,0,1,0,0.0,9,3,-1,medium,high,0.85,medium,2,,,,1,,witness_ordering,324148
C,C_00124_base,knife_pass,semantic_only,1,0,1,0,1,0,0.0,9,3,-1,medium,high,0.85,medium,2,,,,1,,witness_ordering,324148
C,C_00124_base,knife_pass,posthoc_single,0,0,0,0,1,0,0.04444629,9,3,-1,medium,high,0.85,medium,2,,,,1,,witness_ordering,324148
C,C_00124_base,knife_pass,soft_penalty_fc,1,0,1,0,1,0,0.04444629,9,3,-1,medium,high,0.85,medium,2,,,,1,,witness_ordering,324148
C,C_00125,knife_pass,topk_posthoc,0,0,0,0,1,0,0.0,9,3,-1,medium,high,0.85,medium,2,,,,1,,witness_ordering,324149
C,C_00125_base,knife_pass,geometric_fc,1,0,1,0,1,0,0.0446045,9,3,-1,medium,high,0.85,medium,2,,,,1,,witness_ordering,324149
C,C_00125_base,knife_pass,oracle_sfc,0,0,0,0,1,0,0.0,9,3,-1,medium,high,0.85,medium,2,,,,1,,witness_ordering,324149
C,C_00125_base,knife_pass,semantic_only,1,0,1,0,1,0,0.0,9,3,-1,medium,high,0.85,medium,2,,,,1,,witness_ordering,324149
C,C_00125_base,knife_pass,posthoc_single,0,0,0,0,1,0,0.0446045,9,3,-1,medium,high,0.85,medium,2,,,,1,,witness_ordering,324149
C,C_00125_base,knife_pass,soft_penalty_fc,1,0,1,0,1,0,0.0446045,9,3,-1,medium,high,0.85,medium,2,,,,1,,witness_ordering,324149
C,C_00126,knife_pass,topk_posthoc,0,0,0,0,1,0,0.0,9,3,-1,medium,high,0.85,medium,2,,,,1,,witness_ordering,324150
C,C_00126_base,knife_pass,geometric_fc,1,0,1,0,1,0,0.04500633,9,3,-1,medium,high,0.85,medium,2,,,,1,,witness_ordering,324150
C,C_00126_base,knife_pass,oracle_sfc,0,0,0,0,1,0,0.0,9,3,-1,medium,high,0.85,medium,2,,,,1,,witness_ordering,324150
C,C_00126_base,knife_pass,semantic_only,1,0,1,0,1,0,0.0,9,3,-1,medium,high,0.85,medium,2,,,,1,,witness_ordering,324150
C,C_00126_base,knife_pass,posthoc_single,0,0,0,0,1,0,0.04500633,9,3,-1,medium,high,0.85,medium,2,,,,1,,witness_ordering,324150
C,C_00126_base,knife_pass,soft_penalty_fc,1,0,1,0,1,0,0.04500633,9,3,-1,medium,high,0.85,medium,2,,,,1,,witness_ordering,324150
C,C_00127,knife_pass,topk_posthoc,0,0,0,0,1,0,0.0,9,3,-1,medium,high,0.85,medium,2,,,,1,,witness_ordering,324151
C,C_00127_base,knife_pass,geometric_fc,1,0,1,0,1,0,0.0428448,9,3,-1,medium,high,0.85,medium,2,,,,1,,witness_ordering,324151
C,C_00127_base,knife_pass,oracle_sfc,0,0,0,0,1,0,0.0,9,3,-1,medium,high,0.85,medium,2,,,,1,,witness_ordering,324151
C,C_00127_base,knife_pass,semantic_only,1,0,1,0,1,0,0.0,9,3,-1,medium,high,0.85,medium,2,,,,1,,witness_ordering,324151
C,C_00127_base,knife_pass,posthoc_single,0,0,0,0,1,0,0.0428448,9,3,-1,medium,high,0.85,medium,2,,,,1,,witness_ordering,324151
C,C_00127_base,knife_pass,soft_penalty_fc,1,0,1,0,1,0,0.0428448,9,3,-1,medium,high,0.85,medium,2,,,,1,,witness_ordering,324151
C,C_00128,knife_pass,topk_posthoc,0,0,0,0,1,0,0.0,9,3,-1,medium,high,0.85,medium,2,,,,1,,witness_ordering,324152
C,C_00128_base,knife_pass,geometric_fc,1,0,1,0,1,0,0.04579368,9,3,-1,medium,high,0.85,medium,2,,,,1,,witness_ordering,324152
C,C_00128_base,knife_pass,oracle_sfc,0,0,0,0,1,0,0.0,9,3,-1,medium,high,0.85,medium,2,,,,1,,witness_ordering,324152
C,C_00128_base,knife_pass,semantic_only,1,0,1,0,1,0,0.0,9,3,-1,medium,high,0.85,medium,2,,,,1,,witness_ordering,324152
C,C_00128_base,knife_pass,posthoc_single,0,0,0,0,1,0,0.04579368,9,3,-1,medium,high,0.85,medium,2,,,,1,,witness_ordering,324152
C,C_00128_base,knife_pass,soft_penalty_fc,1,0,1,0,1,0,0.04579368,9,3,-1,medium,high,0.85,medium,2,,,,1,,witness_ordering,324152
C,C_00129,knife_pass,topk_posthoc,0,0,0,0,1,0,0.0,9,3,-1,medium,high,0.85,medium,2,,,,1,,witness_ordering,324153
C,C_00129_base,knife_pass,geometric_fc,1,0,1,0,1,0,0.04480929,9,3,-1,medium,high,0.85,medium,2,,,,1,,witness_ordering,324153
C,C_00129_base,knife_pass,oracle_sfc,0,0,0,0,1,0,0.0,9,3,-1,medium,high,0.85,medium,2,,,,1,,witness_ordering,324153
C,C_00129_base,knife_pass,semantic_only,1,0,1,0,1,0,0.0,9,3,-1,medium,high,0.85,medium,2,,,,1,,witness_ordering,324153
C,C_00129_base,knife_pass,posthoc_single,0,0,0,0,1,0,0.04480929,9,3,-1,medium,high,0.85,medium,2,,,,1,,witness_ordering,324153
C,C_00129_base,knife_pass,soft_penalty_fc,1,0,1,0,1,0,0.04480929,9,3,-1,medium,high,0.85,medium,2,,,,1,,witness_ordering,324153
C,C_00130,knife_pass,topk_posthoc,0,0,0,0,1,0,0.0,9,3,-1,medium,high,0.85,medium,2,,,,1,,witness_ordering,324154
C,C_00130_base,knife_pass,geometric_fc,1,0,1,0,1,0,0.04395951,9,3,-1,medium,high,0.85,medium,2,,,,1,,witness_ordering,324154
C,C_00130_base,knife_pass,oracle_sfc,0,0,0,0,1,0,0.0,9,3,-1,medium,high,0.85,medium,2,,,,1,,witness_ordering,324154
C,C_00130_base,knife_pass,semantic_only,1,0,1,0,1,0,0.0,9,3,-1,medium,high,0.85,medium,2,,,,1,,witness_ordering,324154
C,C_00130_base,knife_pass,posthoc_single,0,0,0,0,1,0,0.04395951,9,3,-1,medium,high,0.85,medium,2,,,,1,,witness_ordering,324154
C,C_00130_base,knife_pass,soft_penalty_fc,1,0,1,0,1,0,0.04395951,9,3,-1,medium,high,0.85,medium,2,,,,1,,witness_ordering,324154
C,C_00131,knife_pass,topk_posthoc,0,0,0,0,1,0,0.0,9,3,-1,medium,high,0.85,medium,2,,,,1,,witness_ordering,324155
C,C_00131_base,knife_pass,geometric_fc,1,0,1,0,1,0,0.04455781,9,3,-1,medium,high,0.85,medium,2,,,,1,,witness_ordering,324155
C,C_00131_base,knife_pass,oracle_sfc,0,0,0,0,1,0,0.0,9,3,-1,medium,high,0.85,medium,2,,,,1,,witness_ordering,324155
C,C_00131_base,knife_pass,semantic_only,1,0,1,0,1,0,0.0,9,3,-1,medium,high,0.85,medium,2,,,,1,,witness_ordering,324155
C,C_00131_base,knife_pass,posthoc_single,0,0,0,0,1,0,0.04455781,9,3,-1,medium,high,0.85,medium,2,,,,1,,witness_ordering,324155
C,C_00131_base,knife_pass,soft_penalty_fc,1,0,1,0,1,0,0.04455781,9,3,-1,medium,high,0.85,medium,2,,,,1,,witness_ordering,324155
C,C_00132,knife_pass,topk_posthoc,0,0,0,0,1,0,0.0,9,3,-1,medium,high,0.85,medium,2,,,,1,,witness_ordering,324156
C,C_00132_base,knife_pass,geometric_fc,1,0,1,0,1,0,0.04456243,9,3,-1,medium,high,0.85,medium,2,,,,1,,witness_ordering,324156
C,C_00132_base,knife_pass,oracle_sfc,0,0,0,0,1,0,0.0,9,3,-1,medium,high,0.85,medium,2,,,,1,,witness_ordering,324156
C,C_00132_base,knife_pass,semantic_only,1,0,1,0,1,0,0.0,9,3,-1,medium,high,0.85,medium,2,,,,1,,witness_ordering,324156
C,C_00132_base,knife_pass,posthoc_single,0,0,0,0,1,0,0.04456243,9,3,-1,medium,high,0.85,medium,2,,,,1,,witness_ordering,324156
C,C_00132_base,knife_pass,soft_penalty_fc,1,0,1,0,1,0,0.04456243,9,3,-1,medium,high,0.85,medium,2,,,,1,,witness_ordering,324156
C,C_00133,knife_pass,topk_posthoc,0,0,0,0,1,0,0.0,9,3,-1,medium,high,0.85,medium,2,,,,2,,witness_ordering,324157
C,C_00134,knife_pass,topk_posthoc,0,0,0,0,1,0,0.0,9,3,-1,medium,high,0.85,medium,2,,,,2,,witness_ordering,324158
C,C_00135,knife_pass,topk_posthoc,0,0,0,0,1,0,0.0,9,3,-1,medium,high,0.85,medium,2,,,,2,,witness_ordering,324159
C,C_00136,knife_pass,topk_posthoc,0,0,0,0,1,0,0.0,9,3,-1,medium,high,0.85,medium,2,,,,2,,witness_ordering,324160
C,C_00137,knife_pass,topk_posthoc,0,0,0,0,1,0,0.0,9,3,-1,medium,high,0.85,medium,2,,,,2,,witness_ordering,324161
C,C_00138,knife_pass,topk_posthoc,0,0,0,0,1,0,0.0,9,3,-1,medium,high,0.85,medium,2,,,,2,,witness_ordering,324162
C,C_00139,knife_pass,topk_posthoc,0,0,0,0,1,0,0.0,9,3,-1,medium,high,0.85,medium,2,,,,2,,witness_ordering,324163
C,C_00140,knife_pass,topk_posthoc,0,0,0,0,1,0,0.0,9,3,-1,medium,high,0.85,medium,2,,,,2,,witness_ordering,324164
C,C_00141,knife_pass,topk_posthoc,0,0,0,0,1,0,0.0,9,3,-1,medium,high,0.85,medium,2,,,,2,,witness_ordering,324165
C,C_00142,knife_pass,topk_posthoc,0,0,0,0,1,0,0.0,9,3,-1,medium,high,0.85,medium,2,,,,2,,witness_ordering,324166
C,C_00143,knife_pass,topk_posthoc,0,0,0,0,1,0,0.0,9,3,-1,medium,high,0.85,medium,2,,,,2,,witness_ordering,324167
C,C_00144,knife_pass,topk_posthoc,0,0,0,0,1,0,0.0,9,3,-1,medium,high,0.85,medium,2,,,,2,,witness_ordering,324168
C,C_00145,knife_pass,topk_posthoc,0,0,0,0,1,0,0.0,9,3,-1,medium,high,0.85,medium,2,,,,4,,witness_ordering,324169
C,C_00146,knife_pass,topk_posthoc,0,0,0,0,1,0,0.0,9,3,-1,medium,high,0.85,medium,2,,,,4,,witness_ordering,324170
C,C_00147,knife_pass,topk_posthoc,0,0,0,0,1,0,0.0,9,3,-1,medium,high,0.85,medium,2,,,,4,,witness_ordering,324171
C,C_00148,knife_pass,topk_posthoc,0,0,0,0,1,0,0.0,9,3,-1,medium,high,0.85,medium,2,,,,4,,witness_ordering,324172
C,C_00149,knife_pass,topk_posthoc,0,0,0,0,1,0,0.0,9,3,-1,medium,high,0.85,medium,2,,,,4,,witness_ordering,324173
C,C_00150,knife_pass,topk_posthoc,0,0,0,0,1,0,0.0,9,3,-1,medium,high,0.85,medium,2,,,,4,,witness_ordering,324174
C,C_00151,knife_pass,topk_posthoc,0,0,0,0,1,0,0.0,9,3,-1,medium,high,0.85,medium,2,,,,4,,witness_ordering,324175
C,C_00152,knife_pass,topk_posthoc,0,0,0,0,1,0,0.0,9,3,-1,medium,high,0.85,medium,2,,,,4,,witness_ordering,324176
C,C_00153,knife_pass,topk_posthoc,0,0,0,0,1,0,0.0,9,3,-1,medium,high,0.85,medium,2,,,,4,,witness_ordering,324177
C,C_00154,knife_pass,topk_posthoc,0,0,0,0,1,0,0.0,9,3,-1,medium,high,0.85,medium,2,,,,4,,witness_ordering,324178
C,C_00155,knife_pass,topk_posthoc,0,0,0,0,1,0,0.0,9,3,-1,medium,high,0.85,medium,2,,,,4,,witness_ordering,324179
C,C_00156,knife_pass,topk_posthoc,0,0,0,0,1,0,0.0,9,3,-1,medium,high,0.85,medium,2,,,,4,,witness_ordering,324180
C,C_00157,knife_pass,topk_posthoc,0,0,0,0,1,0,0.0,9,3,-1,medium,high,0.85,medium,2,,,,8,,witness_ordering,324181
C,C_00158,knife_pass,topk_posthoc,0,0,0,0,1,0,0.0,9,3,-1,medium,high,0.85,medium,2,,,,8,,witness_ordering,324182
C,C_00159,knife_pass,topk_posthoc,0,0,0,0,1,0,0.0,9,3,-1,medium,high,0.85,medium,2,,,,8,,witness_ordering,324183
C,C_00160,knife_pass,topk_posthoc,0,0,0,0,1,0,0.0,9,3,-1,medium,high,0.85,medium,2,,,,8,,witness_ordering,324184
C,C_00161,knife_pass,topk_posthoc,0,0,0,0,1,0,0.0,9,3,-1,medium,high,0.85,medium,2,,,,8,,witness_ordering,324185
C,C_00162,knife_pass,topk_posthoc,0,0,0,0,1,0,0.0,9,3,-1,medium,high,0.85,medium,2,,,,8,,witness_ordering,324186
C,C_00163,knife_pass,topk_posthoc,0,0,0,0,1,0,0.0,9,3,-1,medium,high,0.85,medium,2,,,,8,,witness_ordering,324187
C,C_00164,knife_pass,topk_posthoc,0,0,0,0,1,0,0.0,9,3,-1,medium,high,0.85,medium,2,,,,8,,witness_ordering,324188
C,C_00165,knife_pass,topk_posthoc,0,0,0,0,1,0,0.0,9,3,-1,medium,high,0.85,medium,2,,,,8,,witness_ordering,324189
C,C_00166,knife_pass,topk_posthoc,0,0,0,0,1,0,0.0,9,3,-1,medium,high,0.85,medium,2,,,,8,,witness_ordering,324190
C,C_00167,knife_pass,topk_posthoc,0,0,0,0,1,0,0.0,9,3,-1,medium,high,0.85,medium,2,,,,8,,witness_ordering,324191
C,C_00168,knife_pass,topk_posthoc,0,0,0,0,1,0,0.0,9,3,-1,medium,high,0.85,medium,2,,,,8,,witness_ordering,324192
C,C_00169,knife_pass,topk_posthoc,0,0,0,0,1,0,0.0,9,3,-1,medium,high,0.85,medium,2,,,,16,,witness_ordering,324193
C,C_00169_base,knife_pass,geometric_fc,1,0,1,0,1,0,0.04461541,9,3,-1,medium,high,0.85,medium,2,,,,16,,witness_ordering,324193
C,C_00169_base,knife_pass,oracle_sfc,0,0,0,0,1,0,0.0,9,3,-1,medium,high,0.85,medium,2,,,,16,,witness_ordering,324193
C,C_00169_base,knife_pass,semantic_only,1,0,1,0,1,0,0.0,9,3,-1,medium,high,0.85,medium,2,,,,16,,witness_ordering,324193
C,C_00169_base,knife_pass,posthoc_single,0,0,0,0,1,0,0.04461541,9,3,-1,medium,high,0.85,medium,2,,,,16,,witness_ordering,324193
C,C_00169_base,knife_pass,soft_penalty_fc,1,0,1,0,1,0,0.04461541,9,3,-1,medium,high,0.85,medium,2,,,,16,,witness_ordering,324193
C,C_00170,knife_pass,topk_posthoc,0,0,0,0,1,0,0.0,9,3,-1,medium,high,0.85,medium,2,,,,16,,witness_ordering,324194
C,C_00170_base,knife_pass,geometric_fc,1,0,1,0,1,0,0.0448601,9,3,-1,medium,high,0.85,medium,2,,,,16,,witness_ordering,324194
C,C_00170_base,knife_pass,oracle_sfc,0,0,0,0,1,0,0.0,9,3,-1,medium,high,0.85,medium,2,,,,16,,witness_ordering,324194
C,C_00170_base,knife_pass,semantic_only,1,0,1,0,1,0,0.0,9,3,-1,medium,high,0.85,medium,2,,,,16,,witness_ordering,324194
C,C_00170_base,knife_pass,posthoc_single,0,0,0,0,1,0,0.0448601,9,3,-1,medium,high,0.85,medium,2,,,,16,,witness_ordering,324194
C,C_00170_base,knife_pass,soft_penalty_fc,1,0,1,0,1,0,0.0448601,9,3,-1,medium,high,0.85,medium,2,,,,16,,witness_ordering,324194
C,C_00171,knife_pass,topk_posthoc,0,0,0,0,1,0,0.0,9,3,-1,medium,high,0.85,medium,2,,,,16,,witness_ordering,324195
C,C_00171_base,knife_pass,geometric_fc,1,0,1,0,1,0,0.04537461,9,3,-1,medium,high,0.85,medium,2,,,,16,,witness_ordering,324195
C,C_00171_base,knife_pass,oracle_sfc,0,0,0,0,1,0,0.0,9,3,-1,medium,high,0.85,medium,2,,,,16,,witness_ordering,324195
C,C_00171_base,knife_pass,semantic_only,1,0,1,0,1,0,0.0,9,3,-1,medium,high,0.85,medium,2,,,,16,,witness_ordering,324195
C,C_00171_base,knife_pass,posthoc_single,0,0,0,0,1,0,0.04537461,9,3,-1,medium,high,0.85,medium,2,,,,16,,witness_ordering,324195
C,C_00171_base,knife_pass,soft_penalty_fc,1,0,1,0,1,0,0.04537461,9,3,-1,medium,high,0.85,medium,2,,,,16,,witness_ordering,324195
C,C_00172,knife_pass,topk_posthoc,0,0,0,0,1,0,0.0,9,3,-1,medium,high,0.85,medium,2,,,,16,,witness_ordering,324196
C,C_00172_base,knife_pass,geometric_fc,1,0,1,0,1,0,0.04558022,9,3,-1,medium,high,0.85,medium,2,,,,16,,witness_ordering,324196
C,C_00172_base,knife_pass,oracle_sfc,0,0,0,0,1,0,0.0,9,3,-1,medium,high,0.85,medium,2,,,,16,,witness_ordering,324196
C,C_00172_base,knife_pass,semantic_only,1,0,1,0,1,0,0.0,9,3,-1,medium,high,0.85,medium,2,,,,16,,witness_ordering,324196
C,C_00172_base,knife_pass,posthoc_single,0,0,0,0,1,0,0.04558022,9,3,-1,medium,high,0.85,medium,2,,,,16,,witness_ordering,324196
C,C_00172_base,knife_pass,soft_penalty_fc,1,0,1,0,1,0,0.04558022,9,3,-1,medium,high,0.85,medium,2,,,,16,,witness_ordering,324196
C,C_00173,knife_pass,topk_posthoc,0,0,0,0,1,0,0.0,9,3,-1,medium,high,0.85,medium,2,,,,16,,witness_ordering,324197
C,C_00173_base,knife_pass,geometric_fc,1,0,1,0,1,0,0.04562056,9,3,-1,medium,high,0.85,medium,2,,,,16,,witness_ordering,324197
C,C_00173_base,knife_pass,oracle_sfc,0,0,0,0,1,0,0.0,9,3,-1,medium,high,0.85,medium,2,,,,16,,witness_ordering,324197
C,C_00173_base,knife_pass,semantic_only,1,0,1,0,1,0,0.0,9,3,-1,medium,high,0.85,medium,2,,,,16,,witness_ordering,324197
C,C_00173_base,knife_pass,posthoc_single,0,0,0,0,1,0,0.04562056,9,3,-1,medium,high,0.85,medium,2,,,,16,,witness_ordering,324197
C,C_00173_base,knife_pass,soft_penalty_fc,1,0,1,0,1,0,0.04562056,9,3,-1,medium,high,0.85,medium,2,,,,16,,witness_ordering,324197
C,C_00174,knife_pass,topk_posthoc,0,0,0,0,1,0,0.0,9,3,-1,medium,high,0.85,medium,2,,,,16,,witness_ordering,324198
C,C_00174_base,knife_pass,geometric_fc,1,0,1,0,1,0,0.04442947,9,3,-1,medium,high,0.85,medium,2,,,,16,,witness_ordering,324198
C,C_00174_base,knife_pass,oracle_sfc,0,0,0,0,1,0,0.0,9,3,-1,medium,high,0.85,medium,2,,,,16,,witness_ordering,324198
C,C_00174_base,knife_pass,semantic_only,1,0,1,0,1,0,0.0,9,3,-1,medium,high,0.85,medium,2,,,,16,,witness_ordering,324198
C,C_00174_base,knife_pass,posthoc_single,0,0,0,0,1,0,0.04442947,9,3,-1,medium,high,0.85,medium,2,,,,16,,witness_ordering,324198
C,C_00174_base,knife_pass,soft_penalty_fc,1,0,1,0,1,0,0.04442947,9,3,-1,medium,high,0.85,medium,2,,,,16,,witness_ordering,324198
C,C_00175,knife_pass,topk_posthoc,0,0,0,0,1,0,0.0,9,3,-1,medium,high,0.85,medium,2,,,,16,,witness_ordering,324199
C,C_00175_base,knife_pass,geometric_fc,1,0,1,0,1,0,0.04496845,9,3,-1,medium,high,0.85,medium,2,,,,16,,witness_ordering,324199
C,C_00175_base,knife_pass,oracle_sfc,0,0,0,0,1,0,0.0,9,3,-1,medium,high,0.85,medium,2,,,,16,,witness_ordering,324199
C,C_00175_base,knife_pass,semantic_only,1,0,1,0,1,0,0.0,9,3,-1,medium,high,0.85,medium,2,,,,16,,witness_ordering,324199
C,C_00175_base,knife_pass,posthoc_single,0,0,0,0,1,0,0.04496845,9,3,-1,medium,high,0.85,medium,2,,,,16,,witness_ordering,324199
C,C_00175_base,knife_pass,soft_penalty_fc,1,0,1,0,1,0,0.04496845,9,3,-1,medium,high,0.85,medium,2,,,,16,,witness_ordering,324199
C,C_00176,knife_pass,topk_posthoc,0,0,0,0,1,0,0.0,9,3,-1,medium,high,0.85,medium,2,,,,16,,witness_ordering,324200
C,C_00176_base,knife_pass,geometric_fc,1,0,1,0,1,0,0.04582887,9,3,-1,medium,high,0.85,medium,2,,,,16,,witness_ordering,324200
C,C_00176_base,knife_pass,oracle_sfc,0,0,0,0,1,0,0.0,9,3,-1,medium,high,0.85,medium,2,,,,16,,witness_ordering,324200
C,C_00176_base,knife_pass,semantic_only,1,0,1,0,1,0,0.0,9,3,-1,medium,high,0.85,medium,2,,,,16,,witness_ordering,324200
C,C_00176_base,knife_pass,posthoc_single,0,0,0,0,1,0,0.04582887,9,3,-1,medium,high,0.85,medium,2,,,,16,,witness_ordering,324200
C,C_00176_base,knife_pass,soft_penalty_fc,1,0,1,0,1,0,0.04582887,9,3,-1,medium,high,0.85,medium,2,,,,16,,witness_ordering,324200
C,C_00177,knife_pass,topk_posthoc,0,0,0,0,1,0,0.0,9,3,-1,medium,high,0.85,medium,2,,,,16,,witness_ordering,324201
C,C_00177_base,knife_pass,geometric_fc,1,0,1,0,1,0,0.04471359,9,3,-1,medium,high,0.85,medium,2,,,,16,,witness_ordering,324201
C,C_00177_base,knife_pass,oracle_sfc,0,0,0,0,1,0,0.0,9,3,-1,medium,high,0.85,medium,2,,,,16,,witness_ordering,324201
C,C_00177_base,knife_pass,semantic_only,1,0,1,0,1,0,0.0,9,3,-1,medium,high,0.85,medium,2,,,,16,,witness_ordering,324201
C,C_00177_base,knife_pass,posthoc_single,0,0,0,0,1,0,0.04471359,9,3,-1,medium,high,0.85,medium,2,,,,16,,witness_ordering,324201
C,C_00177_base,knife_pass,soft_penalty_fc,1,0,1,0,1,0,0.04471359,9,3,-1,medium,high,0.85,medium,2,,,,16,,witness_ordering,324201
C,C_00178,knife_pass,topk_posthoc,0,0,0,0,1,0,0.0,9,3,-1,medium,high,0.85,medium,2,,,,16,,witness_ordering,324202
C,C_00178_base,knife_pass,geometric_fc,1,0,1,0,1,0,0.04339718,9,3,-1,medium,high,0.85,medium,2,,,,16,,witness_ordering,324202
C,C_00178_base,knife_pass,oracle_sfc,0,0,0,0,1,0,0.0,9,3,-1,medium,high,0.85,medium,2,,,,16,,witness_ordering,324202
C,C_00178_base,knife_pass,semantic_only,1,0,1,0,1,0,0.0,9,3,-1,medium,high,0.85,medium,2,,,,16,,witness_ordering,324202
C,C_00178_base,knife_pass,posthoc_single,0,0,0,0,1,0,0.04339718,9,3,-1,medium,high,0.85,medium,2,,,,16,,witness_ordering,324202
C,C_00178_base,knife_pass,soft_penalty_fc,1,0,1,0,1,0,0.04339718,9,3,-1,medium,high,0.85,medium,2,,,,16,,witness_ordering,324202
C,C_00179,knife_pass,topk_posthoc,0,0,0,0,1,0,0.0,9,3,-1,medium,high,0.85,medium,2,,,,16,,witness_ordering,324203
C,C_00179_base,knife_pass,geometric_fc,1,0,1,0,1,0,0.04552642,9,3,-1,medium,high,0.85,medium,2,,,,16,,witness_ordering,324203
C,C_00179_base,knife_pass,oracle_sfc,0,0,0,0,1,0,0.0,9,3,-1,medium,high,0.85,medium,2,,,,16,,witness_ordering,324203
C,C_00179_base,knife_pass,semantic_only,1,0,1,0,1,0,0.0,9,3,-1,medium,high,0.85,medium,2,,,,16,,witness_ordering,324203
C,C_00179_base,knife_pass,posthoc_single,0,0,0,0,1,0,0.04552642,9,3,-1,medium,high,0.85,medium,2,,,,16,,witness_ordering,324203
C,C_00179_base,knife_pass,soft_penalty_fc,1,0,1,0,1,0,0.04552642,9,3,-1,medium,high,0.85,medium,2,,,,16,,witness_ordering,324203
C,C_00180,knife_pass,topk_posthoc,0,0,0,0,1,0,0.0,9,3,-1,medium,high,0.85,medium,2,,,,16,,witness_ordering,324204
C,C_00180_base,knife_pass,geometric_fc,1,0,1,0,1,0,0.04177981,9,3,-1,medium,high,0.85,medium,2,,,,16,,witness_ordering,324204
C,C_00180_base,knife_pass,oracle_sfc,0,0,0,0,1,0,0.0,9,3,-1,medium,high,0.85,medium,2,,,,16,,witness_ordering,324204
C,C_00180_base,knife_pass,semantic_only,1,0,1,0,1,0,0.0,9,3,-1,medium,high,0.85,medium,2,,,,16,,witness_ordering,324204
C,C_00180_base,knife_pass,posthoc_single,0,0,0,0,1,0,0.04177981,9,3,-1,medium,high,0.85,medium,2,,,,16,,witness_ordering,324204
C,C_00180_base,knife_pass,soft_penalty_fc,1,0,1,0,1,0,0.04177981,9,3,-1,medium,high,0.85,medium,2,,,,16,,witness_ordering,324204
C,C_00181,mug_serve,topk_posthoc,0,0,0,1,1,1,0.0,9,5,-1,medium,high,0.25,medium,2,,,,1,,witness_ordering,324205
C,C_00181_base,mug_serve,geometric_fc,1,0,1,1,1,1,0.0450236,9,5,-1,medium,high,0.25,medium,2,,,,1,,witness_ordering,324205
C,C_00181_base,mug_serve,oracle_sfc,1,1,0,0,1,1,0.05616335,9,5,-1,medium,high,0.25,medium,2,,,,1,,witness_ordering,324205
C,C_00181_base,mug_serve,semantic_only,1,1,0,0,1,1,0.0,9,5,-1,medium,high,0.25,medium,2,,,,1,,witness_ordering,324205
C,C_00181_base,mug_serve,posthoc_single,0,0,0,1,1,1,0.0450236,9,5,-1,medium,high,0.25,medium,2,,,,1,,witness_ordering,324205
C,C_00181_base,mug_serve,soft_penalty_fc,1,0,1,1,1,1,0.0450236,9,5,-1,medium,high,0.25,medium,2,,,,1,,witness_ordering,324205
C,C_00182,mug_serve,topk_posthoc,0,0,0,1,1,1,0.0,9,5,-1,medium,high,0.25,medium,2,,,,1,,witness_ordering,324206
C,C_00182_base,mug_serve,geometric_fc,1,0,1,1,1,1,0.04011408,9,5,-1,medium,high,0.25,medium,2,,,,1,,witness_ordering,324206
C,C_00182_base,mug_serve,oracle_sfc,1,1,0,0,1,1,0.08252855,9,5,-1,medium,high,0.25,medium,2,,,,1,,witness_ordering,324206
C,C_00182_base,mug_serve,semantic_only,1,1,0,0,1,1,0.0,9,5,-1,medium,high,0.25,medium,2,,,,1,,witness_ordering,324206
C,C_00182_base,mug_serve,posthoc_single,0,0,0,1,1,1,0.04011408,9,5,-1,medium,high,0.25,medium,2,,,,1,,witness_ordering,324206
C,C_00182_base,mug_serve,soft_penalty_fc,1,0,1,1,1,1,0.04011408,9,5,-1,medium,high,0.25,medium,2,,,,1,,witness_ordering,324206
C,C_00183,mug_serve,topk_posthoc,0,0,0,1,1,1,0.0,9,5,-1,medium,high,0.25,medium,2,,,,1,,witness_ordering,324207
C,C_00183_base,mug_serve,geometric_fc,1,0,1,1,1,1,0.04350036,9,5,-1,medium,high,0.25,medium,2,,,,1,,witness_ordering,324207
C,C_00183_base,mug_serve,oracle_sfc,1,1,0,0,1,1,0.07733701,9,5,-1,medium,high,0.25,medium,2,,,,1,,witness_ordering,324207
C,C_00183_base,mug_serve,semantic_only,1,1,0,0,1,1,0.0,9,5,-1,medium,high,0.25,medium,2,,,,1,,witness_ordering,324207
C,C_00183_base,mug_serve,posthoc_single,0,0,0,1,1,1,0.04350036,9,5,-1,medium,high,0.25,medium,2,,,,1,,witness_ordering,324207
C,C_00183_base,mug_serve,soft_penalty_fc,1,0,1,1,1,1,0.04350036,9,5,-1,medium,high,0.25,medium,2,,,,1,,witness_ordering,324207
C,C_00184,mug_serve,topk_posthoc,0,0,0,1,1,1,0.0,9,5,-1,medium,high,0.25,medium,2,,,,1,,witness_ordering,324208
C,C_00184_base,mug_serve,geometric_fc,1,0,1,1,1,1,0.04492611,9,5,-1,medium,high,0.25,medium,2,,,,1,,witness_ordering,324208
C,C_00184_base,mug_serve,oracle_sfc,1,1,0,0,1,1,0.05910824,9,5,-1,medium,high,0.25,medium,2,,,,1,,witness_ordering,324208
C,C_00184_base,mug_serve,semantic_only,1,1,0,0,1,1,0.0,9,5,-1,medium,high,0.25,medium,2,,,,1,,witness_ordering,324208
C,C_00184_base,mug_serve,posthoc_single,0,0,0,1,1,1,0.04492611,9,5,-1,medium,high,0.25,medium,2,,,,1,,witness_ordering,324208
C,C_00184_base,mug_serve,soft_penalty_fc,1,0,1,1,1,1,0.04492611,9,5,-1,medium,high,0.25,medium,2,,,,1,,witness_ordering,324208
C,C_00185,mug_serve,topk_posthoc,0,0,0,1,1,1,0.0,9,5,-1,medium,high,0.25,medium,2,,,,1,,witness_ordering,324209
C,C_00185_base,mug_serve,geometric_fc,1,0,1,1,1,1,0.04127518,9,5,-1,medium,high,0.25,medium,2,,,,1,,witness_ordering,324209
C,C_00185_base,mug_serve,oracle_sfc,1,1,0,0,1,1,0.07696447,9,5,-1,medium,high,0.25,medium,2,,,,1,,witness_ordering,324209
C,C_00185_base,mug_serve,semantic_only,1,1,0,0,1,1,0.0,9,5,-1,medium,high,0.25,medium,2,,,,1,,witness_ordering,324209
C,C_00185_base,mug_serve,posthoc_single,0,0,0,1,1,1,0.04127518,9,5,-1,medium,high,0.25,medium,2,,,,1,,witness_ordering,324209
C,C_00185_base,mug_serve,soft_penalty_fc,1,0,1,1,1,1,0.04127518,9,5,-1,medium,high,0.25,medium,2,,,,1,,witness_ordering,324209
C,C_00186,mug_serve,topk_posthoc,0,0,0,1,1,1,0.0,9,5,-1,medium,high,0.25,medium,2,,,,1,,witness_ordering,324210
C,C_00186_base,mug_serve,geometric_fc,1,0,1,1,1,1,0.04341543,9,5,-1,medium,high,0.25,medium,2,,,,1,,witness_ordering,324210
C,C_00186_base,mug_serve,oracle_sfc,1,1,0,0,1,1,0.06759371,9,5,-1,medium,high,0.25,medium,2,,,,1,,witness_ordering,324210
C,C_00186_base,mug_serve,semantic_only,1,1,0,0,1,1,0.0,9,5,-1,medium,high,0.25,medium,2,,,,1,,witness_ordering,324210
C,C_00186_base,mug_serve,posthoc_single,0,0,0,1,1,1,0.04341543,9,5,-1,medium,high,0.25,medium,2,,,,1,,witness_ordering,324210
C,C_00186_base,mug_serve,soft_penalty_fc,1,0,1,1,1,1,0.04341543,9,5,-1,medium,high,0.25,medium,2,,,,1,,witness_ordering,324210
C,C_00187,mug_serve,topk_posthoc,0,0,0,1,1,1,0.0,9,5,-1,medium,high,0.25,medium,2,,,,1,,witness_ordering,324211
C,C_00187_base,mug_serve,geometric_fc,1,0,1,1,1,1,0.04337145,9,5,-1,medium,high,0.25,medium,2,,,,1,,witness_ordering,324211
C,C_00187_base,mug_serve,oracle_sfc,1,1,0,0,1,1,0.06878159,9,5,-1,medium,high,0.25,medium,2,,,,1,,witness_ordering,324211
C,C_00187_base,mug_serve,semantic_only,1,1,0,0,1,1,0.0,9,5,-1,medium,high,0.25,medium,2,,,,1,,witness_ordering,324211
C,C_00187_base,mug_serve,posthoc_single,0,0,0,1,1,1,0.04337145,9,5,-1,medium,high,0.25,medium,2,,,,1,,witness_ordering,324211
C,C_00187_base,mug_serve,soft_penalty_fc,1,0,1,1,1,1,0.04337145,9,5,-1,medium,high,0.25,medium,2,,,,1,,witness_ordering,324211
C,C_00188,mug_serve,topk_posthoc,0,0,0,1,1,1,0.0,9,5,-1,medium,high,0.25,medium,2,,,,1,,witness_ordering,324212
C,C_00188_base,mug_serve,geometric_fc,1,0,1,1,1,1,0.04078808,9,5,-1,medium,high,0.25,medium,2,,,,1,,witness_ordering,324212
C,C_00188_base,mug_serve,oracle_sfc,1,1,0,0,1,1,0.07241185,9,5,-1,medium,high,0.25,medium,2,,,,1,,witness_ordering,324212
C,C_00188_base,mug_serve,semantic_only,1,1,0,0,1,1,0.0,9,5,-1,medium,high,0.25,medium,2,,,,1,,witness_ordering,324212
C,C_00188_base,mug_serve,posthoc_single,0,0,0,1,1,1,0.04078808,9,5,-1,medium,high,0.25,medium,2,,,,1,,witness_ordering,324212
C,C_00188_base,mug_serve,soft_penalty_fc,1,0,1,1,1,1,0.04078808,9,5,-1,medium,high,0.25,medium,2,,,,1,,witness_ordering,324212
C,C_00189,mug_serve,topk_posthoc,0,0,0,1,1,1,0.0,9,5,-1,medium,high,0.25,medium,2,,,,1,,witness_ordering,324213
C,C_00189_base,mug_serve,geometric_fc,1,0,1,1,1,1,0.04034787,9,5,-1,medium,high,0.25,medium,2,,,,1,,witness_ordering,324213
C,C_00189_base,mug_serve,oracle_sfc,1,1,0,0,1,1,0.08096244,9,5,-1,medium,high,0.25,medium,2,,,,1,,witness_ordering,324213
C,C_00189_base,mug_serve,semantic_only,1,1,0,0,1,1,0.0,9,5,-1,medium,high,0.25,medium,2,,,,1,,witness_ordering,324213
C,C_00189_base,mug_serve,posthoc_single,0,0,0,1,1,1,0.04034787,9,5,-1,medium,high,0.25,medium,2,,,,1,,witness_ordering,324213
C,C_00189_base,mug_serve,soft_penalty_fc,1,0,1,1,1,1,0.04034787,9,5,-1,medium,high,0.25,medium,2,,,,1,,witness_ordering,324213
C,C_00190,mug_serve,topk_posthoc,0,0,0,1,1,1,0.0,9,5,-1,medium,high,0.25,medium,2,,,,1,,witness_ordering,324214
C,C_00190_base,mug_serve,geometric_fc,1,0,1,1,1,1,0.04002842,9,5,-1,medium,high,0.25,medium,2,,,,1,,witness_ordering,324214
C,C_00190_base,mug_serve,oracle_sfc,1,1,0,0,1,1,0.08627193,9,5,-1,medium,high,0.25,medium,2,,,,1,,witness_ordering,324214
C,C_00190_base,mug_serve,semantic_only,1,1,0,0,1,1,0.0,9,5,-1,medium,high,0.25,medium,2,,,,1,,witness_ordering,324214
C,C_00190_base,mug_serve,posthoc_single,0,0,0,1,1,1,0.04002842,9,5,-1,medium,high,0.25,medium,2,,,,1,,witness_ordering,324214
C,C_00190_base,mug_serve,soft_penalty_fc,1,0,1,1,1,1,0.04002842,9,5,-1,medium,high,0.25,medium,2,,,,1,,witness_ordering,324214
C,C_00191,mug_serve,topk_posthoc,0,0,0,1,1,1,0.0,9,5,-1,medium,high,0.25,medium,2,,,,1,,witness_ordering,324215
C,C_00191_base,mug_serve,geometric_fc,1,0,1,1,1,1,0.03940012,9,5,-1,medium,high,0.25,medium,2,,,,1,,witness_ordering,324215
C,C_00191_base,mug_serve,oracle_sfc,1,1,0,0,1,1,0.08916266,9,5,-1,medium,high,0.25,medium,2,,,,1,,witness_ordering,324215
C,C_00191_base,mug_serve,semantic_only,1,1,0,0,1,1,0.0,9,5,-1,medium,high,0.25,medium,2,,,,1,,witness_ordering,324215
C,C_00191_base,mug_serve,posthoc_single,0,0,0,1,1,1,0.03940012,9,5,-1,medium,high,0.25,medium,2,,,,1,,witness_ordering,324215
C,C_00191_base,mug_serve,soft_penalty_fc,1,0,1,1,1,1,0.03940012,9,5,-1,medium,high,0.25,medium,2,,,,1,,witness_ordering,324215
C,C_00192,mug_serve,topk_posthoc,0,0,0,1,1,1,0.0,9,5,-1,medium,high,0.25,medium,2,,,,1,,witness_ordering,324216
C,C_00192_base,mug_serve,geometric_fc,1,0,1,1,1,1,0.04072259,9,5,-1,medium,high,0.25,medium,2,,,,1,,witness_ordering,324216
C,C_00192_base,mug_serve,oracle_sfc,1,1,0,0,1,1,0.08911056,9,5,-1,medium,high,0.25,medium,2,,,,1,,witness_ordering,324216
C,C_00192_base,mug_serve,semantic_only,1,1,0,0,1,1,0.0,9,5,-1,medium,high,0.25,medium,2,,,,1,,witness_ordering,324216
C,C_00192_base,mug_serve,posthoc_single,0,0,0,1,1,1,0.04072259,9,5,-1,medium,high,0.25,medium,2,,,,1,,witness_ordering,324216
C,C_00192_base,mug_serve,soft_penalty_fc,1,0,1,1,1,1,0.04072259,9,5,-1,medium,high,0.25,medium,2,,,,1,,witness_ordering,324216
C,C_00193,mug_serve,topk_posthoc,1,1,0,0,1,1,0.06330258,9,5,-1,medium,high,0.25,medium,2,,,,2,,witness_ordering,324217
C,C_00194,mug_serve,topk_posthoc,0,0,0,1,1,1,0.0,9,5,-1,medium,high,0.25,medium,2,,,,2,,witness_ordering,324218
C,C_00195,mug_serve,topk_posthoc,1,1,0,0,1,1,0.07874818,9,5,-1,medium,high,0.25,medium,2,,,,2,,witness_ordering,324219
C,C_00196,mug_serve,topk_posthoc,0,0,0,1,1,1,0.0,9,5,-1,medium,high,0.25,medium,2,,,,2,,witness_ordering,324220
C,C_00197,mug_serve,topk_posthoc,0,0,0,1,1,1,0.0,9,5,-1,medium,high,0.25,medium,2,,,,2,,witness_ordering,324221
C,C_00198,mug_serve,topk_posthoc,0,0,0,1,1,1,0.0,9,5,-1,medium,high,0.25,medium,2,,,,2,,witness_ordering,324222
C,C_00199,mug_serve,topk_posthoc,0,0,0,1,1,1,0.0,9,5,-1,medium,high,0.25,medium,2,,,,2,,witness_ordering,324223
C,C_00200,mug_serve,topk_posthoc,0,0,0,1,1,1,0.0,9,5,-1,medium,high,0.25,medium,2,,,,2,,witness_ordering,324224
C,C_00201,mug_serve,topk_posthoc,0,0,0,1,1,1,0.0,9,5,-1,medium,high,0.25,medium,2,,,,2,,witness_ordering,324225
C,C_00202,mug_serve,topk_posthoc,1,1,0,0,1,1,0.06553321,9,5,-1,medium,high,0.25,medium,2,,,,2,,witness_ordering,324226
C,C_00203,mug_serve,topk_posthoc,0,0,0,1,1,1,0.0,9,5,-1,medium,high,0.25,medium,2,,,,2,,witness_ordering,324227
C,C_00204,mug_serve,topk_posthoc,0,0,0,1,1,1,0.0,9,5,-1,medium,high,0.25,medium,2,,,,2,,witness_ordering,324228
C,C_00205,mug_serve,topk_posthoc,1,1,0,0,1,1,0.08448423,9,5,-1,medium,high,0.25,medium,2,,,,4,,witness_ordering,324229
C,C_00206,mug_serve,topk_posthoc,1,1,0,0,1,1,0.08383583,9,5,-1,medium,high,0.25,medium,2,,,,4,,witness_ordering,324230
C,C_00207,mug_serve,topk_posthoc,1,1,0,0,1,1,0.08354791,9,5,-1,medium,high,0.25,medium,2,,,,4,,witness_ordering,324231
C,C_00208,mug_serve,topk_posthoc,1,1,0,0,1,1,0.06091112,9,5,-1,medium,high,0.25,medium,2,,,,4,,witness_ordering,324232
C,C_00209,mug_serve,topk_posthoc,1,1,0,0,1,1,0.0872701,9,5,-1,medium,high,0.25,medium,2,,,,4,,witness_ordering,324233
C,C_00210,mug_serve,topk_posthoc,1,1,0,0,1,1,0.07440879,9,5,-1,medium,high,0.25,medium,2,,,,4,,witness_ordering,324234
C,C_00211,mug_serve,topk_posthoc,1,1,0,0,1,1,0.09953617,9,5,-1,medium,high,0.25,medium,2,,,,4,,witness_ordering,324235
C,C_00212,mug_serve,topk_posthoc,0,0,0,1,1,1,0.0,9,5,-1,medium,high,0.25,medium,2,,,,4,,witness_ordering,324236
C,C_00213,mug_serve,topk_posthoc,0,0,0,1,1,1,0.0,9,5,-1,medium,high,0.25,medium,2,,,,4,,witness_ordering,324237
C,C_00214,mug_serve,topk_posthoc,0,0,0,1,1,1,0.0,9,5,-1,medium,high,0.25,medium,2,,,,4,,witness_ordering,324238
C,C_00215,mug_serve,topk_posthoc,1,1,0,0,1,1,0.08584017,9,5,-1,medium,high,0.25,medium,2,,,,4,,witness_ordering,324239
C,C_00216,mug_serve,topk_posthoc,1,1,0,0,1,1,0.06037612,9,5,-1,medium,high,0.25,medium,2,,,,4,,witness_ordering,324240
C,C_00217,mug_serve,topk_posthoc,0,0,0,1,1,1,0.0,9,5,-1,medium,high,0.25,medium,2,,,,8,,witness_ordering,324241
C,C_00218,mug_serve,topk_posthoc,1,1,0,0,1,1,0.0871241,9,5,-1,medium,high,0.25,medium,2,,,,8,,witness_ordering,324242
C,C_00219,mug_serve,topk_posthoc,0,0,0,1,1,1,0.0,9,5,-1,medium,high,0.25,medium,2,,,,8,,witness_ordering,324243
C,C_00220,mug_serve,topk_posthoc,1,1,0,0,1,1,0.08078977,9,5,-1,medium,high,0.25,medium,2,,,,8,,witness_ordering,324244
C,C_00221,mug_serve,topk_posthoc,1,1,0,0,1,1,0.08291343,9,5,-1,medium,high,0.25,medium,2,,,,8,,witness_ordering,324245
C,C_00222,mug_serve,topk_posthoc,1,1,0,0,1,1,0.08483345,9,5,-1,medium,high,0.25,medium,2,,,,8,,witness_ordering,324246
C,C_00223,mug_serve,topk_posthoc,1,1,0,0,1,1,0.08960517,9,5,-1,medium,high,0.25,medium,2,,,,8,,witness_ordering,324247
C,C_00224,mug_serve,topk_posthoc,1,1,0,0,1,1,0.07941548,9,5,-1,medium,high,0.25,medium,2,,,,8,,witness_ordering,324248
C,C_00225,mug_serve,topk_posthoc,0,0,0,1,1,1,0.0,9,5,-1,medium,high,0.25,medium,2,,,,8,,witness_ordering,324249
C,C_00226,mug_serve,topk_posthoc,0,0,0,1,1,1,0.0,9,5,-1,medium,high,0.25,medium,2,,,,8,,witness_ordering,324250
C,C_00227,mug_serve,topk_posthoc,1,1,0,0,1,1,0.06812498,9,5,-1,medium,high,0.25,medium,2,,,,8,,witness_ordering,324251
C,C_00228,mug_serve,topk_posthoc,1,1,0,0,1,1,0.06614153,9,5,-1,medium,high,0.25,medium,2,,,,8,,witness_ordering,324252
C,C_00229,mug_serve,topk_posthoc,1,1,0,0,1,1,0.07830516,9,5,-1,medium,high,0.25,medium,2,,,,16,,witness_ordering,324253
C,C_00229_base,mug_serve,geometric_fc,1,0,1,1,1,1,0.04029126,9,5,-1,medium,high,0.25,medium,2,,,,16,,witness_ordering,324253
C,C_00229_base,mug_serve,oracle_sfc,1,1,0,0,1,1,0.07830516,9,5,-1,medium,high,0.25,medium,2,,,,16,,witness_ordering,324253
C,C_00229_base,mug_serve,semantic_only,1,1,0,0,1,1,0.0,9,5,-1,medium,high,0.25,medium,2,,,,16,,witness_ordering,324253
C,C_00229_base,mug_serve,posthoc_single,0,0,0,1,1,1,0.04029126,9,5,-1,medium,high,0.25,medium,2,,,,16,,witness_ordering,324253
C,C_00229_base,mug_serve,soft_penalty_fc,1,0,1,1,1,1,0.04029126,9,5,-1,medium,high,0.25,medium,2,,,,16,,witness_ordering,324253
C,C_00230,mug_serve,topk_posthoc,1,1,0,0,1,1,0.07453628,9,5,-1,medium,high,0.25,medium,2,,,,16,,witness_ordering,324254
C,C_00230_base,mug_serve,geometric_fc,1,0,1,1,1,1,0.04212174,9,5,-1,medium,high,0.25,medium,2,,,,16,,witness_ordering,324254
C,C_00230_base,mug_serve,oracle_sfc,1,1,0,0,1,1,0.07453628,9,5,-1,medium,high,0.25,medium,2,,,,16,,witness_ordering,324254
C,C_00230_base,mug_serve,semantic_only,1,1,0,0,1,1,0.0,9,5,-1,medium,high,0.25,medium,2,,,,16,,witness_ordering,324254
C,C_00230_base,mug_serve,posthoc_single,0,0,0,1,1,1,0.04212174,9,5,-1,medium,high,0.25,medium,2,,,,16,,witness_ordering,324254
C,C_00230_base,mug_serve,soft_penalty_fc,1,0,1,1,1,1,0.04212174,9,5,-1,medium,high,0.25,medium,2,,,,16,,witness_ordering,324254
C,C_00231,mug_serve,topk_posthoc,1,1,0,0,1,1,0.07556556,9,5,-1,medium,high,0.25,medium,2,,,,16,,witness_ordering,324255
C,C_00231_base,mug_serve,geometric_fc,1,0,1,1,1,1,0.04240507,9,5,-1,medium,high,0.25,medium,2,,,,16,,witness_ordering,324255
C,C_00231_base,mug_serve,oracle_sfc,1,1,0,0,1,1,0.07556556,9,5,-1,medium,high,0.25,medium,2,,,,16,,witness_ordering,324255
C,C_00231_base,mug_serve,semantic_only,1,1,0,0,1,1,0.0,9,5,-1,medium,high,0.25,medium,2,,,,16,,witness_ordering,324255
C,C_00231_base,mug_serve,posthoc_single,0,0,0,1,1,1,0.04240507,9,5,-1,medium,high,0.25,medium,2,,,,16,,witness_ordering,324255
C,C_00231_base,mug_serve,soft_penalty_fc,1,0,1,1,1,1,0.04240507,9,5,-1,medium,high,0.25,medium,2,,,,16,,witness_ordering,324255
C,C_00232,mug_serve,topk_posthoc,1,1,0,0,1,1,0.07461163,9,5,-1,medium,high,0.25,medium,2,,,,16,,witness_ordering,324256
C,C_00232_base,mug_serve,geometric_fc,1,0,1,1,1,1,0.04277806,9,5,-1,medium,high,0.25,medium,2,,,,16,,witness_ordering,324256
C,C_00232_base,mug_serve,oracle_sfc,1,1,0,0,1,1,0.07461163,9,5,-1,medium,high,0.25,medium,2,,,,16,,witness_ordering,324256
C,C_00232_base,mug_serve,semantic_only,1,1,0,0,1,1,0.0,9,5,-1,medium,high,0.25,medium,2,,,,16,,witness_ordering,324256
C,C_00232_base,mug_serve,posthoc_single,0,0,0,1,1,1,0.04277806,9,5,-1,medium,high,0.25,medium,2,,,,16,,witness_ordering,324256
C,C_00232_base,mug_serve,soft_penalty_fc,1,0,1,1,1,1,0.04277806,9,5,-1,medium,high,0.25,medium,2,,,,16,,witness_ordering,324256
C,C_00233,mug_serve,topk_posthoc,1,1,0,0,1,1,0.07712775,9,5,-1,medium,high,0.25,medium,2,,,,16,,witness_ordering,324257
C,C_00233_base,mug_serve,geometric_fc,1,0,1,1,1,1,0.04431428,9,5,-1,medium,high,0.25,medium,2,,,,16,,witness_ordering,324257
C,C_00233_base,mug_serve,oracle_sfc,1,1,0,0,1,1,0.07712775,9,5,-1,medium,high,0.25,medium,2,,,,16,,witness_ordering,324257
C,C_00233_base,mug_serve,semantic_only,1,1,0,0,1,1,0.0,9,5,-1,medium,high,0.25,medium,2,,,,16,,witness_ordering,324257
C,C_00233_base,mug_serve,posthoc_single,0,0,0,1,1,1,0.04431428,9,5,-1,medium,high,0.25,medium,2,,,,16,,witness_ordering,324257
C,C_00233_base,mug_serve,soft_penalty_fc,1,0,1,1,1,1,0.04431428,9,5,-1,medium,high,0.25,medium,2,,,,16,,witness_ordering,324257
C,C_00234,mug_serve,topk_posthoc,1,1,0,0,1,1,0.09766053,9,5,-1,medium,high,0.25,medium,2,,,,16,,witness_ordering,324258
C,C_00234_base,mug_serve,geometric_fc,1,0,1,1,1,1,0.03772724,9,5,-1,medium,high,0.25,medium,2,,,,16,,witness_ordering,324258
C,C_00234_base,mug_serve,oracle_sfc,1,1,0,0,1,1,0.09766053,9,5,-1,medium,high,0.25,medium,2,,,,16,,witness_ordering,324258
C,C_00234_base,mug_serve,semantic_only,1,1,0,0,1,1,0.0,9,5,-1,medium,high,0.25,medium,2,,,,16,,witness_ordering,324258
C,C_00234_base,mug_serve,posthoc_single,0,0,0,1,1,1,0.03772724,9,5,-1,medium,high,0.25,medium,2,,,,16,,witness_ordering,324258
C,C_00234_base,mug_serve,soft_penalty_fc,1,0,1,1,1,1,0.03772724,9,5,-1,medium,high,0.25,medium,2,,,,16,,witness_ordering,324258
C,C_00235,mug_serve,topk_posthoc,1,1,0,0,1,1,0.08551679,9,5,-1,medium,high,0.25,medium,2,,,,16,,witness_ordering,324259
C,C_00235_base,mug_serve,geometric_fc,1,0,1,1,1,1,0.03993083,9,5,-1,medium,high,0.25,medium,2,,,,16,,witness_ordering,324259
C,C_00235_base,mug_serve,oracle_sfc,1,1,0,0,1,1,0.08551679,9,5,-1,medium,high,0.25,medium,2,,,,16,,witness_ordering,324259
C,C_00235_base,mug_serve,semantic_only,1,1,0,0,1,1,0.0,9,5,-1,medium,high,0.25,medium,2,,,,16,,witness_ordering,324259
C,C_00235_base,mug_serve,posthoc_single,0,0,0,1,1,1,0.03993083,9,5,-1,medium,high,0.25,medium,2,,,,16,,witness_ordering,324259
C,C_00235_base,mug_serve,soft_penalty_fc,1,0,1,1,1,1,0.03993083,9,5,-1,medium,high,0.25,medium,2,,,,16,,witness_ordering,324259
C,C_00236,mug_serve,topk_posthoc,1,1,0,0,1,1,0.08117465,9,5,-1,medium,high,0.25,medium,2,,,,16,,witness_ordering,324260
C,C_00236_base,mug_serve,geometric_fc,1,0,1,1,1,1,0.0410393,9,5,-1,medium,high,0.25,medium,2,,,,16,,witness_ordering,324260
C,C_00236_base,mug_serve,oracle_sfc,1,1,0,0,1,1,0.08117465,9,5,-1,medium,high,0.25,medium,2,,,,16,,witness_ordering,324260
C,C_00236_base,mug_serve,semantic_only,1,1,0,0,1,1,0.0,9,5,-1,medium,high,0.25,medium,2,,,,16,,witness_ordering,324260
C,C_00236_base,mug_serve,posthoc_single,0,0,0,1,1,1,0.0410393,9,5,-1,medium,high,0.25,medium,2,,,,16,,witness_ordering,324260
C,C_00236_base,mug_serve,soft_penalty_fc,1,0,1,1,1,1,0.0410393,9,5,-1,medium,high,0.25,medium,2,,,,16,,witness_ordering,324260
C,C_00237,mug_serve,topk_posthoc,1,1,0,0,1,1,0.08619726,9,5,-1,medium,high,0.25,medium,2,,,,16,,witness_ordering,324261
C,C_00237_base,mug_serve,geometric_fc,1,0,1,1,1,1,0.04204694,9,5,-1,medium,high,0.25,medium,2,,,,16,,witness_ordering,324261
C,C_00237_base,mug_serve,oracle_sfc,1,1,0,0,1,1,0.08619726,9,5,-1,medium,high,0.25,medium,2,,,,16,,witness_ordering,324261
C,C_00237_base,mug_serve,semantic_only,1,1,0,0,1,1,0.0,9,5,-1,medium,high,0.25,medium,2,,,,16,,witness_ordering,324261
C,C_00237_base,mug_serve,posthoc_single,0,0,0,1,1,1,0.04204694,9,5,-1,medium,high,0.25,medium,2,,,,16,,witness_ordering,324261
C,C_00237_base,mug_serve,soft_penalty_fc,1,0,1,1,1,1,0.04204694,9,5,-1,medium,high,0.25,medium,2,,,,16,,witness_ordering,324261
C,C_00238,mug_serve,topk_posthoc,1,1,0,0,1,1,0.0643763,9,5,-1,medium,high,0.25,medium,2,,,,16,,witness_ordering,324262
C,C_00238_base,mug_serve,geometric_fc,1,0,1,1,1,1,0.04525946,9,5,-1,medium,high,0.25,medium,2,,,,16,,witness_ordering,324262
C,C_00238_base,mug_serve,oracle_sfc,1,1,0,0,1,1,0.0643763,9,5,-1,medium,high,0.25,medium,2,,,,16,,witness_ordering,324262
C,C_00238_base,mug_serve,semantic_only,1,1,0,0,1,1,0.0,9,5,-1,medium,high,0.25,medium,2,,,,16,,witness_ordering,324262
C,C_00238_base,mug_serve,posthoc_single,0,0,0,1,1,1,0.04525946,9,5,-1,medium,high,0.25,medium,2,,,,16,,witness_ordering,324262
C,C_00238_base,mug_serve,soft_penalty_fc,1,0,1,1,1,1,0.04525946,9,5,-1,medium,high,0.25,medium,2,,,,16,,witness_ordering,324262
C,C_00239,mug_serve,topk_posthoc,1,1,0,0,1,1,0.07813048,9,5,-1,medium,high,0.25,medium,2,,,,16,,witness_ordering,324263
C,C_00239_base,mug_serve,geometric_fc,1,0,1,1,1,1,0.04214645,9,5,-1,medium,high,0.25,medium,2,,,,16,,witness_ordering,324263
C,C_00239_base,mug_serve,oracle_sfc,1,1,0,0,1,1,0.07813048,9,5,-1,medium,high,0.25,medium,2,,,,16,,witness_ordering,324263
C,C_00239_base,mug_serve,semantic_only,1,1,0,0,1,1,0.0,9,5,-1,medium,high,0.25,medium,2,,,,16,,witness_ordering,324263
C,C_00239_base,mug_serve,posthoc_single,0,0,0,1,1,1,0.04214645,9,5,-1,medium,high,0.25,medium,2,,,,16,,witness_ordering,324263
C,C_00239_base,mug_serve,soft_penalty_fc,1,0,1,1,1,1,0.04214645,9,5,-1,medium,high,0.25,medium,2,,,,16,,witness_ordering,324263
C,C_00240,mug_serve,topk_posthoc,1,1,0,0,1,1,0.06446456,9,5,-1,medium,high,0.25,medium,2,,,,16,,witness_ordering,324264
C,C_00240_base,mug_serve,geometric_fc,1,0,1,1,1,1,0.04324379,9,5,-1,medium,high,0.25,medium,2,,,,16,,witness_ordering,324264
C,C_00240_base,mug_serve,oracle_sfc,1,1,0,0,1,1,0.06446456,9,5,-1,medium,high,0.25,medium,2,,,,16,,witness_ordering,324264
C,C_00240_base,mug_serve,semantic_only,1,1,0,0,1,1,0.0,9,5,-1,medium,high,0.25,medium,2,,,,16,,witness_ordering,324264
C,C_00240_base,mug_serve,posthoc_single,0,0,0,1,1,1,0.04324379,9,5,-1,medium,high,0.25,medium,2,,,,16,,witness_ordering,324264
C,C_00240_base,mug_serve,soft_penalty_fc,1,0,1,1,1,1,0.04324379,9,5,-1,medium,high,0.25,medium,2,,,,16,,witness_ordering,324264
C,C_00241,mug_serve,topk_posthoc,0,0,0,1,1,1,0.0,9,5,-1,medium,high,0.55,medium,2,,,,1,,witness_ordering,324265
C,C_00241_base,mug_serve,geometric_fc,1,0,1,1,1,1,0.04436182,9,5,-1,medium,high,0.55,medium,2,,,,1,,witness_ordering,324265
C,C_00241_base,mug_serve,oracle_sfc,1,1,0,0,1,1,0.06093591,9,5,-1,medium,high,0.55,medium,2,,,,1,,witness_ordering,324265
C,C_00241_base,mug_serve,semantic_only,1,1,0,0,1,1,0.0,9,5,-1,medium,high,0.55,medium,2,,,,1,,witness_ordering,324265
C,C_00241_base,mug_serve,posthoc_single,0,0,0,1,1,1,0.04436182,9,5,-1,medium,high,0.55,medium,2,,,,1,,witness_ordering,324265
C,C_00241_base,mug_serve,soft_penalty_fc,1,0,1,1,1,1,0.04436182,9,5,-1,medium,high,0.55,medium,2,,,,1,,witness_ordering,324265
C,C_00242,mug_serve,topk_posthoc,0,0,0,1,1,1,0.0,9,5,-1,medium,high,0.55,medium,2,,,,1,,witness_ordering,324266
C,C_00242_base,mug_serve,geometric_fc,1,0,1,1,1,1,0.04332147,9,5,-1,medium,high,0.55,medium,2,,,,1,,witness_ordering,324266
C,C_00242_base,mug_serve,oracle_sfc,1,1,0,0,1,1,0.06888485,9,5,-1,medium,high,0.55,medium,2,,,,1,,witness_ordering,324266
C,C_00242_base,mug_serve,semantic_only,1,1,0,0,1,1,0.0,9,5,-1,medium,high,0.55,medium,2,,,,1,,witness_ordering,324266
C,C_00242_base,mug_serve,posthoc_single,0,0,0,1,1,1,0.04332147,9,5,-1,medium,high,0.55,medium,2,,,,1,,witness_ordering,324266
C,C_00242_base,mug_serve,soft_penalty_fc,1,0,1,1,1,1,0.04332147,9,5,-1,medium,high,0.55,medium,2,,,,1,,witness_ordering,324266
C,C_00243,mug_serve,topk_posthoc,0,0,0,1,1,1,0.0,9,5,-1,medium,high,0.55,medium,2,,,,1,,witness_ordering,324267
C,C_00243_base,mug_serve,geometric_fc,1,0,1,1,1,1,0.04544685,9,5,-1,medium,high,0.55,medium,2,,,,1,,witness_ordering,324267
C,C_00243_base,mug_serve,oracle_sfc,1,1,0,0,1,1,0.06339344,9,5,-1,medium,high,0.55,medium,2,,,,1,,witness_ordering,324267
C,C_00243_base,mug_serve,semantic_only,1,1,0,0,1,1,0.0,9,5,-1,medium,high,0.55,medium,2,,,,1,,witness_ordering,324267
C,C_00243_base,mug_serve,posthoc_single,0,0,0,1,1,1,0.04544685,9,5,-1,medium,high,0.55,medium,2,,,,1,,witness_ordering,324267
C,C_00243_base,mug_serve,soft_penalty_fc,1,0,1,1,1,1,0.04544685,9,5,-1,medium,high,0.55,medium,2,,,,1,,witness_ordering,324267
C,C_00244,mug_serve,topk_posthoc,0,0,0,1,1,1,0.0,9,5,-1,medium,high,0.55,medium,2,,,,1,,witness_ordering,324268
C,C_00244_base,mug_serve,geometric_fc,1,0,1,1,1,1,0.04415371,9,5,-1,medium,high,0.55,medium,2,,,,1,,witness_ordering,324268
C,C_00244_base,mug_serve,oracle_sfc,1,1,0,0,1,1,0.06477219,9,5,-1,medium,high,0.55,medium,2,,,,1,,witness_ordering,324268
C,C_00244_base,mug_serve,semantic_only,1,1,0,0,1,1,0.0,9,5,-1,medium,high,0.55,medium,2,,,,1,,witness_ordering,324268
C,C_00244_base,mug_serve,posthoc_single,0,0,0,1,1,1,0.04415371,9,5,-1,medium,high,0.55,medium,2,,,,1,,witness_ordering,324268
C,C_00244_base,mug_serve,soft_penalty_fc,1,0,1,1,1,1,0.04415371,9,5,-1,medium,high,0.55,medium,2,,,,1,,witness_ordering,324268
C,C_00245,mug_serve,topk_posthoc,0,0,0,1,1,1,0.0,9,5,-1,medium,high,0.55,medium,2,,,,1,,witness_ordering,324269
C,C_00245_base,mug_serve,geometric_fc,1,0,1,1,1,1,0.04335417,9,5,-1,medium,high,0.55,medium,2,,,,1,,witness_ordering,324269
C,C_00245_base,mug_serve,oracle_sfc,1,1,0,0,1,1,0.07614083,9,5,-1,medium,high,0.55,medium,2,,,,1,,witness_ordering,324269
C,C_00245_base,mug_serve,semantic_only,1,1,0,0,1,1,0.0,9,5,-1,medium,high,0.55,medium,2,,,,1,,witness_ordering,324269
C,C_00245_base,mug_serve,posthoc_single,0,0,0,1,1,1,0.04335417,9,5,-1,medium,high,0.55,medium,2,,,,1,,witness_ordering,324269
C,C_00245_base,mug_serve,soft_penalty_fc,1,0,1,1,1,1,0.04335417,9,5,-1,medium,high,0.55,medium,2,,,,1,,witness_ordering,324269
C,C_00246,mug_serve,topk_posthoc,0,0,0,1,1,1,0.0,9,5,-1,medium,high,0.55,medium,2,,,,1,,witness_ordering,324270
C,C_00246_base,mug_serve,geometric_fc,1,0,1,1,1,1,0.04257815,9,5,-1,medium,high,0.55,medium,2,,,,1,,witness_ordering,324270
C,C_00246_base,mug_serve,oracle_sfc,1,1,0,0,1,1,0.0760651,9,5,-1,medium,high,0.55,medium,2,,,,1,,witness_ordering,324270
C,C_00246_base,mug_serve,semantic_only,1,1,0,0,1,1,0.0,9,5,-1,medium,high,0.55,medium,2,,,,1,,witness_ordering,324270
C,C_00246_base,mug_serve,posthoc_single,0,0,0,1,1,1,0.04257815,9,5,-1,medium,high,0.55,medium,2,,,,1,,witness_ordering,324270
C,C_00246_base,mug_serve,soft_penalty_fc,1,0,1,1,1,1,0.04257815,9,5,-1,medium,high,0.55,medium,2,,,,1,,witness_ordering,324270
C,C_00247,mug_serve,topk_posthoc,0,0,0,1,1,1,0.0,9,5,-1,medium,high,0.55,medium,2,,,,1,,witness_ordering,324271
C,C_00247_base,mug_serve,geometric_fc,1,0,1,1,1,1,0.04110815,9,5,-1,medium,high,0.55,medium,2,,,,1,,witness_ordering,324271
C,C_00247_base,mug_serve,oracle_sfc,1,1,0,0,1,1,0.08796992,9,5,-1,medium,high,0.55,medium,2,,,,1,,witness_ordering,324271
C,C_00247_base,mug_serve,semantic_only,1,1,0,0,1,1,0.0,9,5,-1,medium,high,0.55,medium,2,,,,1,,witness_ordering,324271
C,C_00247_base,mug_serve,posthoc_single,0,0,0,1,1,1,0.04110815,9,5,-1,medium,high,0.55,medium,2,,,,1,,witness_ordering,324271
C,C_00247_base,mug_serve,soft_penalty_fc,1,0,1,1,1,1,0.04110815,9,5,-1,medium,high,0.55,medium,2,,,,1,,witness_ordering,324271
C,C_00248,mug_serve,topk_posthoc,0,0,0,1,1,1,0.0,9,5,-1,medium,high,0.55,medium,2,,,,1,,witness_ordering,324272
C,C_00248_base,mug_serve,geometric_fc,1,0,1,1,1,1,0.04436084,9,5,-1,medium,high,0.55,medium,2,,,,1,,witness_ordering,324272
C,C_00248_base,mug_serve,oracle_sfc,1,1,0,0,1,1,0.07152766,9,5,-1,medium,high,0.55,medium,2,,,,1,,witness_ordering,324272
C,C_00248_base,mug_serve,semantic_only,1,1,0,0,1,1,0.0,9,5,-1,medium,high,0.55,medium,2,,,,1,,witness_ordering,324272
C,C_00248_base,mug_serve,posthoc_single,0,0,0,1,1,1,0.04436084,9,5,-1,medium,high,0.55,medium,2,,,,1,,witness_ordering,324272
C,C_00248_base,mug_serve,soft_penalty_fc,1,0,1,1,1,1,0.04436084,9,5,-1,medium,high,0.55,medium,2,,,,1,,witness_ordering,324272
C,C_00249,mug_serve,topk_posthoc,0,0,0,1,1,1,0.0,9,5,-1,medium,high,0.55,medium,2,,,,1,,witness_ordering,324273
C,C_00249_base,mug_serve,geometric_fc,1,0,1,1,1,1,0.04405623,9,5,-1,medium,high,0.55,medium,2,,,,1,,witness_ordering,324273
C,C_00249_base,mug_serve,oracle_sfc,1,1,0,0,1,1,0.07007702,9,5,-1,medium,high,0.55,medium,2,,,,1,,witness_ordering,324273
C,C_00249_base,mug_serve,semantic_only,1,1,0,0,1,1,0.0,9,5,-1,medium,high,0.55,medium,2,,,,1,,witness_ordering,324273
C,C_00249_base,mug_serve,posthoc_single,0,0,0,1,1,1,0.04405623,9,5,-1,medium,high,0.55,medium,2,,,,1,,witness_ordering,324273
C,C_00249_base,mug_serve,soft_penalty_fc,1,0,1,1,1,1,0.04405623,9,5,-1,medium,high,0.55,medium,2,,,,1,,witness_ordering,324273
C,C_00250,mug_serve,topk_posthoc,0,0,0,1,1,1,0.0,9,5,-1,medium,high,0.55,medium,2,,,,1,,witness_ordering,324274
C,C_00250_base,mug_serve,geometric_fc,1,0,1,1,1,1,0.04606786,9,5,-1,medium,high,0.55,medium,2,,,,1,,witness_ordering,324274
C,C_00250_base,mug_serve,oracle_sfc,1,1,0,0,1,1,0.06428895,9,5,-1,medium,high,0.55,medium,2,,,,1,,witness_ordering,324274
C,C_00250_base,mug_serve,semantic_only,1,1,0,0,1,1,0.0,9,5,-1,medium,high,0.55,medium,2,,,,1,,witness_ordering,324274
C,C_00250_base,mug_serve,posthoc_single,0,0,0,1,1,1,0.04606786,9,5,-1,medium,high,0.55,medium,2,,,,1,,witness_ordering,324274
C,C_00250_base,mug_serve,soft_penalty_fc,1,0,1,1,1,1,0.04606786,9,5,-1,medium,high,0.55,medium,2,,,,1,,witness_ordering,324274
C,C_00251,mug_serve,topk_posthoc,0,0,0,1,1,1,0.0,9,5,-1,medium,high,0.55,medium,2,,,,1,,witness_ordering,324275
C,C_00251_base,mug_serve,geometric_fc,1,0,1,1,1,1,0.04294907,9,5,-1,medium,high,0.55,medium,2,,,,1,,witness_ordering,324275
C,C_00251_base,mug_serve,oracle_sfc,1,1,0,0,1,1,0.07793134,9,5,-1,medium,high,0.55,medium,2,,,,1,,witness_ordering,324275
C,C_00251_base,mug_serve,semantic_only,1,1,0,0,1,1,0.0,9,5,-1,medium,high,0.55,medium,2,,,,1,,witness_ordering,324275
C,C_00251_base,mug_serve,posthoc_single,0,0,0,1,1,1,0.04294907,9,5,-1,medium,high,0.55,medium,2,,,,1,,witness_ordering,324275
C,C_00251_base,mug_serve,soft_penalty_fc,1,0,1,1,1,1,0.04294907,9,5,-1,medium,high,0.55,medium,2,,,,1,,witness_ordering,324275
C,C_00252,mug_serve,topk_posthoc,0,0,0,1,1,1,0.0,9,5,-1,medium,high,0.55,medium,2,,,,1,,witness_ordering,324276
C,C_00252_base,mug_serve,geometric_fc,1,0,1,1,1,1,0.04307738,9,5,-1,medium,high,0.55,medium,2,,,,1,,witness_ordering,324276
C,C_00252_base,mug_serve,oracle_sfc,1,1,0,0,1,1,0.07858361,9,5,-1,medium,high,0.55,medium,2,,,,1,,witness_ordering,324276
C,C_00252_base,mug_serve,semantic_only,1,1,0,0,1,1,0.0,9,5,-1,medium,high,0.55,medium,2,,,,1,,witness_ordering,324276
C,C_00252_base,mug_serve,posthoc_single,0,0,0,1,1,1,0.04307738,9,5,-1,medium,high,0.55,medium,2,,,,1,,witness_ordering,324276
C,C_00252_base,mug_serve,soft_penalty_fc,1,0,1,1,1,1,0.04307738,9,5,-1,medium,high,0.55,medium,2,,,,1,,witness_ordering,324276
C,C_00253,mug_serve,topk_posthoc,0,0,0,1,1,1,0.0,9,5,-1,medium,high,0.55,medium,2,,,,2,,witness_ordering,324277
C,C_00254,mug_serve,topk_posthoc,0,0,0,1,1,1,0.0,9,5,-1,medium,high,0.55,medium,2,,,,2,,witness_ordering,324278
C,C_00255,mug_serve,topk_posthoc,0,0,0,1,1,1,0.0,9,5,-1,medium,high,0.55,medium,2,,,,2,,witness_ordering,324279
C,C_00256,mug_serve,topk_posthoc,0,0,0,1,1,1,0.0,9,5,-1,medium,high,0.55,medium,2,,,,2,,witness_ordering,324280
C,C_00257,mug_serve,topk_posthoc,0,0,0,1,1,1,0.0,9,5,-1,medium,high,0.55,medium,2,,,,2,,witness_ordering,324281
C,C_00258,mug_serve,topk_posthoc,0,0,0,1,1,1,0.0,9,5,-1,medium,high,0.55,medium,2,,,,2,,witness_ordering,324282
C,C_00259,mug_serve,topk_posthoc,0,0,0,1,1,1,0.0,9,5,-1,medium,high,0.55,medium,2,,,,2,,witness_ordering,324283
C,C_00260,mug_serve,topk_posthoc,0,0,0,1,1,1,0.0,9,5,-1,medium,high,0.55,medium,2,,,,2,,witness_ordering,324284
C,C_00261,mug_serve,topk_posthoc,0,0,0,1,1,1,0.0,9,5,-1,medium,high,0.55,medium,2,,,,2,,witness_ordering,324285
C,C_00262,mug_serve,topk_posthoc,0,0,0,1,1,1,0.0,9,5,-1,medium,high,0.55,medium,2,,,,2,,witness_ordering,324286
C,C_00263,mug_serve,topk_posthoc,0,0,0,1,1,1,0.0,9,5,-1,medium,high,0.55,medium,2,,,,2,,witness_ordering,324287
C,C_00264,mug_serve,topk_posthoc,0,0,0,1,1,1,0.0,9,5,-1,medium,high,0.55,medium,2,,,,2,,witness_ordering,324288
C,C_00265,mug_serve,topk_posthoc,1,1,0,0,1,1,0.0845229,9,5,-1,medium,high,0.55,medium,2,,,,4,,witness_ordering,324289
C,C_00266,mug_serve,topk_posthoc,1,1,0,0,1,1,0.07679855,9,5,-1,medium,high,0.55,medium,2,,,,4,,witness_ordering,324290
C,C_00267,mug_serve,topk_posthoc,1,1,0,0,1,1,0.0829353,9,5,-1,medium,high,0.55,medium,2,,,,4,,witness_ordering,324291
C,C_00268,mug_serve,topk_posthoc,0,0,0,1,1,1,0.0,9,5,-1,medium,high,0.55,medium,2,,,,4,,witness_ordering,324292
C,C_00269,mug_serve,topk_posthoc,1,1,0,0,1,1,0.07825056,9,5,-1,medium,high,0.55,medium,2,,,,4,,witness_ordering,324293
C,C_00270,mug_serve,topk_posthoc,1,1,0,0,1,1,0.07070399,9,5,-1,medium,high,0.55,medium,2,,,,4,,witness_ordering,324294
C,C_00271,mug_serve,topk_posthoc,0,0,0,1,1,1,0.0,9,5,-1,medium,high,0.55,medium,2,,,,4,,witness_ordering,324295
C,C_00272,mug_serve,topk_posthoc,0,0,0,1,1,1,0.0,9,5,-1,medium,high,0.55,medium,2,,,,4,,witness_ordering,324296
C,C_00273,mug_serve,topk_posthoc,0,0,0,1,1,1,0.0,9,5,-1,medium,high,0.55,medium,2,,,,4,,witness_ordering,324297
C,C_00274,mug_serve,topk_posthoc,0,0,0,1,1,1,0.0,9,5,-1,medium,high,0.55,medium,2,,,,4,,witness_ordering,324298
C,C_00275,mug_serve,topk_posthoc,0,0,0,1,1,1,0.0,9,5,-1,medium,high,0.55,medium,2,,,,4,,witness_ordering,324299
C,C_00276,mug_serve,topk_posthoc,0,0,0,1,1,1,0.0,9,5,-1,medium,high,0.55,medium,2,,,,4,,witness_ordering,324300
C,C_00277,mug_serve,topk_posthoc,1,1,0,0,1,1,0.08313311,9,5,-1,medium,high,0.55,medium,2,,,,8,,witness_ordering,324301
C,C_00278,mug_serve,topk_posthoc,0,0,0,1,1,1,0.0,9,5,-1,medium,high,0.55,medium,2,,,,8,,witness_ordering,324302
C,C_00279,mug_serve,topk_posthoc,1,1,0,0,1,1,0.07792077,9,5,-1,medium,high,0.55,medium,2,,,,8,,witness_ordering,324303
C,C_00280,mug_serve,topk_posthoc,1,1,0,0,1,1,0.09263503,9,5,-1,medium,high,0.55,medium,2,,,,8,,witness_ordering,324304
C,C_00281,mug_serve,topk_posthoc,1,1,0,0,1,1,0.06360924,9,5,-1,medium,high,0.55,medium,2,,,,8,,witness_ordering,324305
C,C_00282,mug_serve,topk_posthoc,1,1,0,0,1,1,0.07739512,9,5,-1,medium,high,0.55,medium,2,,,,8,,witness_ordering,324306
C,C_00283,mug_serve,topk_posthoc,1,1,0,0,1,1,0.08532524,9,5,-1,medium,high,0.55,medium,2,,,,8,,witness_ordering,324307
C,C_00284,mug_serve,topk_posthoc,1,1,0,0,1,1,0.08681502,9,5,-1,medium,high,0.55,medium,2,,,,8,,witness_ordering,324308
C,C_00285,mug_serve,topk_posthoc,1,1,0,0,1,1,0.07020995,9,5,-1,medium,high,0.55,medium,2,,,,8,,witness_ordering,324309
C,C_00286,mug_serve,topk_posthoc,1,1,0,0,1,1,0.08582757,9,5,-1,medium,high,0.55,medium,2,,,,8,,witness_ordering,324310
C,C_00287,mug_serve,topk_posthoc,1,1,0,0,1,1,0.07399059,9,5,-1,medium,high,0.55,medium,2,,,,8,,witness_ordering,324311
C,C_00288,mug_serve,topk_posthoc,0,0,0,1,1,1,0.0,9,5,-1,medium,high,0.55,medium,2,,,,8,,witness_ordering,324312
C,C_00289,mug_serve,topk_posthoc,1,1,0,0,1,1,0.08129937,9,5,-1,medium,high,0.55,medium,2,,,,16,,witness_ordering,324313
C,C_00289_base,mug_serve,geometric_fc,1,0,1,1,1,1,0.04164966,9,5,-1,medium,high,0.55,medium,2,,,,16,,witness_ordering,324313
C,C_00289_base,mug_serve,oracle_sfc,1,1,0,0,1,1,0.08129937,9,5,-1,medium,high,0.55,medium,2,,,,16,,witness_ordering,324313
C,C_00289_base,mug_serve,semantic_only,1,1,0,0,1,1,0.0,9,5,-1,medium,high,0.55,medium,2,,,,16,,witness_ordering,324313
C,C_00289_base,mug_serve,posthoc_single,0,0,0,1,1,1,0.04164966,9,5,-1,medium,high,0.55,medium,2,,,,16,,witness_ordering,324313
C,C_00289_base,mug_serve,soft_penalty_fc,1,0,1,1,1,1,0.04164966,9,5,-1,medium,high,0.55,medium,2,,,,16,,witness_ordering,324313
C,C_00290,mug_serve,topk_posthoc,1,1,0,0,1,1,0.07748709,9,5,-1,medium,high,0.55,medium,2,,,,16,,witness_ordering,324314
C,C_00290_base,mug_serve,geometric_fc,1,0,1,1,1,1,0.0430916,9,5,-1,medium,high,0.55,medium,2,,,,16,,witness_ordering,324314
C,C_00290_base,mug_serve,oracle_sfc,1,1,0,0,1,1,0.07748709,9,5,-1,medium,high,0.55,medium,2,,,,16,,witness_ordering,324314
C,C_00290_base,mug_serve,semantic_only,1,1,0,0,1,1,0.0,9,5,-1,medium,high,0.55,medium,2,,,,16,,witness_ordering,324314
C,C_00290_base,mug_serve,posthoc_single,0,0,0,1,1,1,0.0430916,9,5,-1,medium,high,0.55,medium,2,,,,16,,witness_ordering,324314
C,C_00290_base,mug_serve,soft_penalty_fc,1,0,1,1,1,1,0.0430916,9,5,-1,medium,high,0.55,medium,2,,,,16,,witness_ordering,324314
C,C_00291,mug_serve,topk_posthoc,1,1,0,0,1,1,0.05947836,9,5,-1,medium,high,0.55,medium,2,,,,16,,witness_ordering,324315
C,C_00291_base,mug_serve,geometric_fc,1,0,1,1,1,1,0.04420644,9,5,-1,medium,high,0.55,medium,2,,,,16,,witness_ordering,324315
C,C_00291_base,mug_serve,oracle_sfc,1,1,0,0,1,1,0.05947836,9,5,-1,medium,high,0.55,medium,2,,,,16,,witness_ordering,324315
C,C_00291_base,mug_serve,semantic_only,1,1,0,0,1,1,0.0,9,5,-1,medium,high,0.55,medium,2,,,,16,,witness_ordering,324315
C,C_00291_base,mug_serve,posthoc_single,0,0,0,1,1,1,0.04420644,9,5,-1,medium,high,0.55,medium,2,,,,16,,witness_ordering,324315
C,C_00291_base,mug_serve,soft_penalty_fc,1,0,1,1,1,1,0.04420644,9,5,-1,medium,high,0.55,medium,2,,,,16,,witness_ordering,324315
C,C_00292,mug_serve,topk_posthoc,1,1,0,0,1,1,0.08470616,9,5,-1,medium,high,0.55,medium,2,,,,16,,witness_ordering,324316
C,C_00292_base,mug_serve,geometric_fc,1,0,1,1,1,1,0.04197197,9,5,-1,medium,high,0.55,medium,2,,,,16,,witness_ordering,324316
C,C_00292_base,mug_serve,oracle_sfc,1,1,0,0,1,1,0.08470616,9,5,-1,medium,high,0.55,medium,2,,,,16,,witness_ordering,324316
C,C_00292_base,mug_serve,semantic_only,1,1,0,0,1,1,0.0,9,5,-1,medium,high,0.55,medium,2,,,,16,,witness_ordering,324316
C,C_00292_base,mug_serve,posthoc_single,0,0,0,1,1,1,0.04197197,9,5,-1,medium,high,0.55,medium,2,,,,16,,witness_ordering,324316
C,C_00292_base,mug_serve,soft_penalty_fc,1,0,1,1,1,1,0.04197197,9,5,-1,medium,high,0.55,medium,2,,,,16,,witness_ordering,324316
C,C_00293,mug_serve,topk_posthoc,1,1,0,0,1,1,0.07357161,9,5,-1,medium,high,0.55,medium,2,,,,16,,witness_ordering,324317
C,C_00293_base,mug_serve,geometric_fc,1,0,1,1,1,1,0.04372268,9,5,-1,medium,high,0.55,medium,2,,,,16,,witness_ordering,324317
C,C_00293_base,mug_serve,oracle_sfc,1,1,0,0,1,1,0.07357161,9,5,-1,medium,high,0.55,medium,2,,,,16,,witness_ordering,324317
C,C_00293_base,mug_serve,semantic_only,1,1,0,0,1,1,0.0,9,5,-1,medium,high,0.55,medium,2,,,,16,,witness_ordering,324317
C,C_00293_base,mug_serve,posthoc_single,0,0,0,1,1,1,0.04372268,9,5,-1,medium,high,0.55,medium,2,,,,16,,witness_ordering,324317
C,C_00293_base,mug_serve,soft_penalty_fc,1,0,1,1,1,1,0.04372268,9,5,-1,medium,high,0.55,medium,2,,,,16,,witness_ordering,324317
C,C_00294,mug_serve,topk_posthoc,1,1,0,0,1,1,0.08414802,9,5,-1,medium,high,0.55,medium,2,,,,16,,witness_ordering,324318
C,C_00294_base,mug_serve,geometric_fc,1,0,1,1,1,1,0.03958009,9,5,-1,medium,high,0.55,medium,2,,,,16,,witness_ordering,324318
C,C_00294_base,mug_serve,oracle_sfc,1,1,0,0,1,1,0.08414802,9,5,-1,medium,high,0.55,medium,2,,,,16,,witness_ordering,324318
C,C_00294_base,mug_serve,semantic_only,1,1,0,0,1,1,0.0,9,5,-1,medium,high,0.55,medium,2,,,,16,,witness_ordering,324318
C,C_00294_base,mug_serve,posthoc_single,0,0,0,1,1,1,0.03958009,9,5,-1,medium,high,0.55,medium,2,,,,16,,witness_ordering,324318
C,C_00294_base,mug_serve,soft_penalty_fc,1,0,1,1,1,1,0.03958009,9,5,-1,medium,high,0.55,medium,2,,,,16,,witness_ordering,324318
C,C_00295,mug_serve,topk_posthoc,1,1,0,0,1,1,0.07107913,9,5,-1,medium,high,0.55,medium,2,,,,16,,witness_ordering,324319
C,C_00295_base,mug_serve,geometric_fc,1,0,1,1,1,1,0.04348994,9,5,-1,medium,high,0.55,medium,2,,,,16,,witness_ordering,324319
C,C_00295_base,mug_serve,oracle_sfc,1,1,0,0,1,1,0.07107913,9,5,-1,medium,high,0.55,medium,2,,,,16,,witness_ordering,324319
C,C_00295_base,mug_serve,semantic_only,1,1,0,0,1,1,0.0,9,5,-1,medium,high,0.55,medium,2,,,,16,,witness_ordering,324319
C,C_00295_base,mug_serve,posthoc_single,0,0,0,1,1,1,0.04348994,9,5,-1,medium,high,0.55,medium,2,,,,16,,witness_ordering,324319
C,C_00295_base,mug_serve,soft_penalty_fc,1,0,1,1,1,1,0.04348994,9,5,-1,medium,high,0.55,medium,2,,,,16,,witness_ordering,324319
C,C_00296,mug_serve,topk_posthoc,1,1,0,0,1,1,0.08548202,9,5,-1,medium,high,0.55,medium,2,,,,16,,witness_ordering,324320
C,C_00296_base,mug_serve,geometric_fc,1,0,1,1,1,1,0.04134021,9,5,-1,medium,high,0.55,medium,2,,,,16,,witness_ordering,324320
C,C_00296_base,mug_serve,oracle_sfc,1,1,0,0,1,1,0.08548202,9,5,-1,medium,high,0.55,medium,2,,,,16,,witness_ordering,324320
C,C_00296_base,mug_serve,semantic_only,1,1,0,0,1,1,0.0,9,5,-1,medium,high,0.55,medium,2,,,,16,,witness_ordering,324320
C,C_00296_base,mug_serve,posthoc_single,0,0,0,1,1,1,0.04134021,9,5,-1,medium,high,0.55,medium,2,,,,16,,witness_ordering,324320
C,C_00296_base,mug_serve,soft_penalty_fc,1,0,1,1,1,1,0.04134021,9,5,-1,medium,high,0.55,medium,2,,,,16,,witness_ordering,324320
C,C_00297,mug_serve,topk_posthoc,1,1,0,0,1,1,0.07424397,9,5,-1,medium,high,0.55,medium,2,,,,16,,witness_ordering,324321
C,C_00297_base,mug_serve,geometric_fc,1,0,1,1,1,1,0.04250317,9,5,-1,medium,high,0.55,medium,2,,,,16,,witness_ordering,324321
C,C_00297_base,mug_serve,oracle_sfc,1,1,0,0,1,1,0.07424397,9,5,-1,medium,high,0.55,medium,2,,,,16,,witness_ordering,324321
C,C_00297_base,mug_serve,semantic_only,1,1,0,0,1,1,0.0,9,5,-1,medium,high,0.55,medium,2,,,,16,,witness_ordering,324321
C,C_00297_base,mug_serve,posthoc_single,0,0,0,1,1,1,0.04250317,9,5,-1,medium,high,0.55,medium,2,,,,16,,witness_ordering,324321
C,C_00297_base,mug_serve,soft_penalty_fc,1,0,1,1,1,1,0.04250317,9,5,-1,medium,high,0.55,medium,2,,,,16,,witness_ordering,324321
C,C_00298,mug_serve,topk_posthoc,1,1,0,0,1,1,0.07740191,9,5,-1,medium,high,0.55,medium,2,,,,16,,witness_ordering,324322
C,C_00298_base,mug_serve,geometric_fc,1,0,1,1,1,1,0.0421011,9,5,-1,medium,high,0.55,medium,2,,,,16,,witness_ordering,324322
C,C_00298_base,mug_serve,oracle_sfc,1,1,0,0,1,1,0.07740191,9,5,-1,medium,high,0.55,medium,2,,,,16,,witness_ordering,324322
C,C_00298_base,mug_serve,semantic_only,1,1,0,0,1,1,0.0,9,5,-1,medium,high,0.55,medium,2,,,,16,,witness_ordering,324322
C,C_00298_base,mug_serve,posthoc_single,0,0,0,1,1,1,0.0421011,9,5,-1,medium,high,0.55,medium,2,,,,16,,witness_ordering,324322
C,C_00298_base,mug_serve,soft_penalty_fc,1,0,1,1,1,1,0.0421011,9,5,-1,medium,high,0.55,medium,2,,,,16,,witness_ordering,324322
C,C_00299,mug_serve,topk_posthoc,1,1,0,0,1,1,0.0679261,9,5,-1,medium,high,0.55,medium,2,,,,16,,witness_ordering,324323
C,C_00299_base,mug_serve,geometric_fc,1,0,1,1,1,1,0.04440435,9,5,-1,medium,high,0.55,medium,2,,,,16,,witness_ordering,324323
C,C_00299_base,mug_serve,oracle_sfc,1,1,0,0,1,1,0.0679261,9,5,-1,medium,high,0.55,medium,2,,,,16,,witness_ordering,324323
C,C_00299_base,mug_serve,semantic_only,1,1,0,0,1,1,0.0,9,5,-1,medium,high,0.55,medium,2,,,,16,,witness_ordering,324323
C,C_00299_base,mug_serve,posthoc_single,0,0,0,1,1,1,0.04440435,9,5,-1,medium,high,0.55,medium,2,,,,16,,witness_ordering,324323
C,C_00299_base,mug_serve,soft_penalty_fc,1,0,1,1,1,1,0.04440435,9,5,-1,medium,high,0.55,medium,2,,,,16,,witness_ordering,324323
C,C_00300,mug_serve,topk_posthoc,1,1,0,0,1,1,0.07930693,9,5,-1,medium,high,0.55,medium,2,,,,16,,witness_ordering,324324
C,C_00300_base,mug_serve,geometric_fc,1,0,1,1,1,1,0.04058106,9,5,-1,medium,high,0.55,medium,2,,,,16,,witness_ordering,324324
C,C_00300_base,mug_serve,oracle_sfc,1,1,0,0,1,1,0.07930693,9,5,-1,medium,high,0.55,medium,2,,,,16,,witness_ordering,324324
C,C_00300_base,mug_serve,semantic_only,1,1,0,0,1,1,0.0,9,5,-1,medium,high,0.55,medium,2,,,,16,,witness_ordering,324324
C,C_00300_base,mug_serve,posthoc_single,0,0,0,1,1,1,0.04058106,9,5,-1,medium,high,0.55,medium,2,,,,16,,witness_ordering,324324
C,C_00300_base,mug_serve,soft_penalty_fc,1,0,1,1,1,1,0.04058106,9,5,-1,medium,high,0.55,medium,2,,,,16,,witness_ordering,324324
C,C_00301,mug_serve,topk_posthoc,0,0,0,1,1,1,0.0,9,5,-1,medium,high,0.85,medium,2,,,,1,,witness_ordering,324325
C,C_00301_base,mug_serve,geometric_fc,1,0,1,1,1,1,0.04395179,9,5,-1,medium,high,0.85,medium,2,,,,1,,witness_ordering,324325
C,C_00301_base,mug_serve,oracle_sfc,1,1,0,0,1,1,0.0728843,9,5,-1,medium,high,0.85,medium,2,,,,1,,witness_ordering,324325
C,C_00301_base,mug_serve,semantic_only,1,1,0,0,1,1,0.0,9,5,-1,medium,high,0.85,medium,2,,,,1,,witness_ordering,324325
C,C_00301_base,mug_serve,posthoc_single,0,0,0,1,1,1,0.04395179,9,5,-1,medium,high,0.85,medium,2,,,,1,,witness_ordering,324325
C,C_00301_base,mug_serve,soft_penalty_fc,1,0,1,1,1,1,0.04395179,9,5,-1,medium,high,0.85,medium,2,,,,1,,witness_ordering,324325
C,C_00302,mug_serve,topk_posthoc,0,0,0,1,1,1,0.0,9,5,-1,medium,high,0.85,medium,2,,,,1,,witness_ordering,324326
C,C_00302_base,mug_serve,geometric_fc,1,0,1,1,1,1,0.04208487,9,5,-1,medium,high,0.85,medium,2,,,,1,,witness_ordering,324326
C,C_00302_base,mug_serve,oracle_sfc,1,1,0,0,1,1,0.07658914,9,5,-1,medium,high,0.85,medium,2,,,,1,,witness_ordering,324326
C,C_00302_base,mug_serve,semantic_only,1,1,0,0,1,1,0.0,9,5,-1,medium,high,0.85,medium,2,,,,1,,witness_ordering,324326
C,C_00302_base,mug_serve,posthoc_single,0,0,0,1,1,1,0.04208487,9,5,-1,medium,high,0.85,medium,2,,,,1,,witness_ordering,324326
C,C_00302_base,mug_serve,soft_penalty_fc,1,0,1,1,1,1,0.04208487,9,5,-1,medium,high,0.85,medium,2,,,,1,,witness_ordering,324326
C,C_00303,mug_serve,topk_posthoc,0,0,0,1,1,1,0.0,9,5,-1,medium,high,0.85,medium,2,,,,1,,witness_ordering,324327
C,C_00303_base,mug_serve,geometric_fc,1,0,1,1,1,1,0.04142326,9,5,-1,medium,high,0.85,medium,2,,,,1,,witness_ordering,324327
C,C_00303_base,mug_serve,oracle_sfc,1,1,0,0,1,1,0.07150099,9,5,-1,medium,high,0.85,medium,2,,,,1,,witness_ordering,324327
C,C_00303_base,mug_serve,semantic_only,1,1,0,0,1,1,0.0,9,5,-1,medium,high,0.85,medium,2,,,,1,,witness_ordering,324327
C,C_00303_base,mug_serve,posthoc_single,0,0,0,1,1,1,0.04142326,9,5,-1,medium,high,0.85,medium,2,,,,1,,witness_ordering,324327
C,C_00303_base,mug_serve,soft_penalty_fc,1,0,1,1,1,1,0.04142326,9,5,-1,medium,high,0.85,medium,2,,,,1,,witness_ordering,324327
C,C_00304,mug_serve,topk_posthoc,0,0,0,1,1,1,0.0,9,5,-1,medium,high,0.85,medium,2,,,,1,,witness_ordering,324328
C,C_00304_base,mug_serve,geometric_fc,1,0,1,1,1,1,0.0437165,9,5,-1,medium,high,0.85,medium,2,,,,1,,witness_ordering,324328
C,C_00304_base,mug_serve,oracle_sfc,1,1,0,0,1,1,0.07208337,9,5,-1,medium,high,0.85,medium,2,,,,1,,witness_ordering,324328
C,C_00304_base,mug_serve,semantic_only,1,1,0,0,1,1,0.0,9,5,-1,medium,high,0.85,medium,2,,,,1,,witness_ordering,324328
C,C_00304_base,mug_serve,posthoc_single,0,0,0,1,1,1,0.0437165,9,5,-1,medium,high,0.85,medium,2,,,,1,,witness_ordering,324328
C,C_00304_base,mug_serve,soft_penalty_fc,1,0,1,1,1,1,0.0437165,9,5,-1,medium,high,0.85,medium,2,,,,1,,witness_ordering,324328
C,C_00305,mug_serve,topk_posthoc,0,0,0,1,1,1,0.0,9,5,-1,medium,high,0.85,medium,2,,,,1,,witness_ordering,324329
C,C_00305_base,mug_serve,geometric_fc,1,0,1,1,1,1,0.04251777,9,5,-1,medium,high,0.85,medium,2,,,,1,,witness_ordering,324329
C,C_00305_base,mug_serve,oracle_sfc,1,1,0,0,1,1,0.08050802,9,5,-1,medium,high,0.85,medium,2,,,,1,,witness_ordering,324329
C,C_00305_base,mug_serve,semantic_only,1,1,0,0,1,1,0.0,9,5,-1,medium,high,0.85,medium,2,,,,1,,witness_ordering,324329
C,C_00305_base,mug_serve,posthoc_single,0,0,0,1,1,1,0.04251777,9,5,-1,medium,high,0.85,medium,2,,,,1,,witness_ordering,324329
C,C_00305_base,mug_serve,soft_penalty_fc,1,0,1,1,1,1,0.04251777,9,5,-1,medium,high,0.85,medium,2,,,,1,,witness_ordering,324329
C,C_00306,mug_serve,topk_posthoc,0,0,0,1,1,1,0.0,9,5,-1,medium,high,0.85,medium,2,,,,1,,witness_ordering,324330
C,C_00306_base,mug_serve,geometric_fc,1,0,1,1,1,1,0.04222411,9,5,-1,medium,high,0.85,medium,2,,,,1,,witness_ordering,324330
C,C_00306_base,mug_serve,oracle_sfc,1,1,0,0,1,1,0.07409134,9,5,-1,medium,high,0.85,medium,2,,,,1,,witness_ordering,324330
C,C_00306_base,mug_serve,semantic_only,1,1,0,0,1,1,0.0,9,5,-1,medium,high,0.85,medium,2,,,,1,,witness_ordering,324330
C,C_00306_base,mug_serve,posthoc_single,0,0,0,1,1,1,0.04222411,9,5,-1,medium,high,0.85,medium,2,,,,1,,witness_ordering,324330
C,C_00306_base,mug_serve,soft_penalty_fc,1,0,1,1,1,1,0.04222411,9,5,-1,medium,high,0.85,medium,2,,,,1,,witness_ordering,324330
C,C_00307,mug_serve,topk_posthoc,0,0,0,1,1,1,0.0,9,5,-1,medium,high,0.85,medium,2,,,,1,,witness_ordering,324331
C,C_00307_base,mug_serve,geometric_fc,1,0,1,1,1,1,0.03928386,9,5,-1,medium,high,0.85,medium,2,,,,1,,witness_ordering,324331
C,C_00307_base,mug_serve,oracle_sfc,1,1,0,0,1,1,0.0868495,9,5,-1,medium,high,0.85,medium,2,,,,1,,witness_ordering,324331
C,C_00307_base,mug_serve,semantic_only,1,1,0,0,1,1,0.0,9,5,-1,medium,high,0.85,medium,2,,,,1,,witness_ordering,324331
C,C_00307_base,mug_serve,posthoc_single,0,0,0,1,1,1,0.03928386,9,5,-1,medium,high,0.85,medium,2,,,,1,,witness_ordering,324331
C,C_00307_base,mug_serve,soft_penalty_fc,1,0,1,1,1,1,0.03928386,9,5,-1,medium,high,0.85,medium,2,,,,1,,witness_ordering,324331
C,C_00308,mug_serve,topk_posthoc,0,0,0,1,1,1,0.0,9,5,-1,medium,high,0.85,medium,2,,,,1,,witness_ordering,324332
C,C_00308_base,mug_serve,geometric_fc,1,0,1,1,1,1,0.04364318,9,5,-1,medium,high,0.85,medium,2,,,,1,,witness_ordering,324332
C,C_00308_base,mug_serve,oracle_sfc,1,1,0,0,1,1,0.0833441,9,5,-1,medium,high,0.85,medium,2,,,,1,,witness_ordering,324332
C,C_00308_base,mug_serve,semantic_only,1,1,0,0,1,1,0.0,9,5,-1,medium,high,0.85,medium,2,,,,1,,witness_ordering,324332
C,C_00308_base,mug_serve,posthoc_single,0,0,0,1,1,1,0.04364318,9,5,-1,medium,high,0.85,medium,2,,,,1,,witness_ordering,324332
C,C_00308_base,mug_serve,soft_penalty_fc,1,0,1,1,1,1,0.04364318,9,5,-1,medium,high,0.85,medium,2,,,,1,,witness_ordering,324332
C,C_00309,mug_serve,topk_posthoc,0,0,0,1,1,1,0.0,9,5,-1,medium,high,0.85,medium,2,,,,1,,witness_ordering,324333
C,C_00309_base,mug_serve,geometric_fc,1,0,1,1,1,1,0.04008655,9,5,-1,medium,high,0.85,medium,2,,,,1,,witness_ordering,324333
C,C_00309_base,mug_serve,oracle_sfc,1,1,0,0,1,1,0.08042425,9,5,-1,medium,high,0.85,medium,2,,,,1,,witness_ordering,324333
C,C_00309_base,mug_serve,semantic_only,1,1,0,0,1,1,0.0,9,5,-1,medium,high,0.85,medium,2,,,,1,,witness_ordering,324333
C,C_00309_base,mug_serve,posthoc_single,0,0,0,1,1,1,0.04008655,9,5,-1,medium,high,0.85,medium,2,,,,1,,witness_ordering,324333
C,C_00309_base,mug_serve,soft_penalty_fc,1,0,1,1,1,1,0.04008655,9,5,-1,medium,high,0.85,medium,2,,,,1,,witness_ordering,324333
C,C_00310,mug_serve,topk_posthoc,0,0,0,1,1,1,0.0,9,5,-1,medium,high,0.85,medium,2,,,,1,,witness_ordering,324334
C,C_00310_base,mug_serve,geometric_fc,1,0,1,1,1,1,0.0433177,9,5,-1,medium,high,0.85,medium,2,,,,1,,witness_ordering,324334
C,C_00310_base,mug_serve,oracle_sfc,1,1,0,0,1,1,0.07604946,9,5,-1,medium,high,0.85,medium,2,,,,1,,witness_ordering,324334
C,C_00310_base,mug_serve,semantic_only,1,1,0,0,1,1,0.0,9,5,-1,medium,high,0.85,medium,2,,,,1,,witness_ordering,324334
C,C_00310_base,mug_serve,posthoc_single,0,0,0,1,1,1,0.0433177,9,5,-1,medium,high,0.85,medium,2,,,,1,,witness_ordering,324334
C,C_00310_base,mug_serve,soft_penalty_fc,1,0,1,1,1,1,0.0433177,9,5,-1,medium,high,0.85,medium,2,,,,1,,witness_ordering,324334
C,C_00311,mug_serve,topk_posthoc,0,0,0,1,1,1,0.0,9,5,-1,medium,high,0.85,medium,2,,,,1,,witness_ordering,324335
C,C_00311_base,mug_serve,geometric_fc,1,0,1,1,1,1,0.04313092,9,5,-1,medium,high,0.85,medium,2,,,,1,,witness_ordering,324335
C,C_00311_base,mug_serve,oracle_sfc,1,1,0,0,1,1,0.07698763,9,5,-1,medium,high,0.85,medium,2,,,,1,,witness_ordering,324335
C,C_00311_base,mug_serve,semantic_only,1,1,0,0,1,1,0.0,9,5,-1,medium,high,0.85,medium,2,,,,1,,witness_ordering,324335
C,C_00311_base,mug_serve,posthoc_single,0,0,0,1,1,1,0.04313092,9,5,-1,medium,high,0.85,medium,2,,,,1,,witness_ordering,324335
C,C_00311_base,mug_serve,soft_penalty_fc,1,0,1,1,1,1,0.04313092,9,5,-1,medium,high,0.85,medium,2,,,,1,,witness_ordering,324335
C,C_00312,mug_serve,topk_posthoc,0,0,0,1,1,1,0.0,9,5,-1,medium,high,0.85,medium,2,,,,1,,witness_ordering,324336
C,C_00312_base,mug_serve,geometric_fc,1,0,1,1,1,1,0.04495315,9,5,-1,medium,high,0.85,medium,2,,,,1,,witness_ordering,324336
C,C_00312_base,mug_serve,oracle_sfc,1,1,0,0,1,1,0.06367663,9,5,-1,medium,high,0.85,medium,2,,,,1,,witness_ordering,324336
C,C_00312_base,mug_serve,semantic_only,1,1,0,0,1,1,0.0,9,5,-1,medium,high,0.85,medium,2,,,,1,,witness_ordering,324336
C,C_00312_base,mug_serve,posthoc_single,0,0,0,1,1,1,0.04495315,9,5,-1,medium,high,0.85,medium,2,,,,1,,witness_ordering,324336
C,C_00312_base,mug_serve,soft_penalty_fc,1,0,1,1,1,1,0.04495315,9,5,-1,medium,high,0.85,medium,2,,,,1,,witness_ordering,324336
C,C_00313,mug_serve,topk_posthoc,0,0,0,1,1,1,0.0,9,5,-1,medium,high,0.85,medium,2,,,,2,,witness_ordering,324337
C,C_00314,mug_serve,topk_posthoc,0,0,0,1,1,1,0.0,9,5,-1,medium,high,0.85,medium,2,,,,2,,witness_ordering,324338
C,C_00315,mug_serve,topk_posthoc,1,1,0,0,1,1,0.07330283,9,5,-1,medium,high,0.85,medium,2,,,,2,,witness_ordering,324339
C,C_00316,mug_serve,topk_posthoc,0,0,0,1,1,1,0.0,9,5,-1,medium,high,0.85,medium,2,,,,2,,witness_ordering,324340
C,C_00317,mug_serve,topk_posthoc,1,1,0,0,1,1,0.07711507,9,5,-1,medium,high,0.85,medium,2,,,,2,,witness_ordering,324341
C,C_00318,mug_serve,topk_posthoc,0,0,0,1,1,1,0.0,9,5,-1,medium,high,0.85,medium,2,,,,2,,witness_ordering,324342
C,C_00319,mug_serve,topk_posthoc,0,0,0,1,1,1,0.0,9,5,-1,medium,high,0.85,medium,2,,,,2,,witness_ordering,324343
C,C_00320,mug_serve,topk_posthoc,0,0,0,1,1,1,0.0,9,5,-1,medium,high,0.85,medium,2,,,,2,,witness_ordering,324344
C,C_00321,mug_serve,topk_posthoc,0,0,0,1,1,1,0.0,9,5,-1,medium,high,0.85,medium,2,,,,2,,witness_ordering,324345
C,C_00322,mug_serve,topk_posthoc,0,0,0,1,1,1,0.0,9,5,-1,medium,high,0.85,medium,2,,,,2,,witness_ordering,324346
C,C_00323,mug_serve,topk_posthoc,1,1,0,0,1,1,0.08701507,9,5,-1,medium,high,0.85,medium,2,,,,2,,witness_ordering,324347
C,C_00324,mug_serve,topk_posthoc,1,1,0,0,1,1,0.07296527,9,5,-1,medium,high,0.85,medium,2,,,,2,,witness_ordering,324348
C,C_00325,mug_serve,topk_posthoc,0,0,0,1,1,1,0.0,9,5,-1,medium,high,0.85,medium,2,,,,4,,witness_ordering,324349
C,C_00326,mug_serve,topk_posthoc,0,0,0,1,1,1,0.0,9,5,-1,medium,high,0.85,medium,2,,,,4,,witness_ordering,324350
C,C_00327,mug_serve,topk_posthoc,0,0,0,1,1,1,0.0,9,5,-1,medium,high,0.85,medium,2,,,,4,,witness_ordering,324351
C,C_00328,mug_serve,topk_posthoc,1,1,0,0,1,1,0.07818889,9,5,-1,medium,high,0.85,medium,2,,,,4,,witness_ordering,324352
C,C_00329,mug_serve,topk_posthoc,1,1,0,0,1,1,0.08427379,9,5,-1,medium,high,0.85,medium,2,,,,4,,witness_ordering,324353
C,C_00330,mug_serve,topk_posthoc,1,1,0,0,1,1,0.081733,9,5,-1,medium,high,0.85,medium,2,,,,4,,witness_ordering,324354
C,C_00331,mug_serve,topk_posthoc,1,1,0,0,1,1,0.05838625,9,5,-1,medium,high,0.85,medium,2,,,,4,,witness_ordering,324355
C,C_00332,mug_serve,topk_posthoc,0,0,0,1,1,1,0.0,9,5,-1,medium,high,0.85,medium,2,,,,4,,witness_ordering,324356
C,C_00333,mug_serve,topk_posthoc,1,1,0,0,1,1,0.08055659,9,5,-1,medium,high,0.85,medium,2,,,,4,,witness_ordering,324357
C,C_00334,mug_serve,topk_posthoc,0,0,0,1,1,1,0.0,9,5,-1,medium,high,0.85,medium,2,,,,4,,witness_ordering,324358
C,C_00335,mug_serve,topk_posthoc,0,0,0,1,1,1,0.0,9,5,-1,medium,high,0.85,medium,2,,,,4,,witness_ordering,324359
C,C_00336,mug_serve,topk_posthoc,0,0,0,1,1,1,0.0,9,5,-1,medium,high,0.85,medium,2,,,,4,,witness_ordering,324360
C,C_00337,mug_serve,topk_posthoc,1,1,0,0,1,1,0.05626602,9,5,-1,medium,high,0.85,medium,2,,,,8,,witness_ordering,324361
C,C_00338,mug_serve,topk_posthoc,0,0,0,1,1,1,0.0,9,5,-1,medium,high,0.85,medium,2,,,,8,,witness_ordering,324362
C,C_00339,mug_serve,topk_posthoc,1,1,0,0,1,1,0.08021793,9,5,-1,medium,high,0.85,medium,2,,,,8,,witness_ordering,324363
C,C_00340,mug_serve,topk_posthoc,0,0,0,1,1,1,0.0,9,5,-1,medium,high,0.85,medium,2,,,,8,,witness_ordering,324364
C,C_00341,mug_serve,topk_posthoc,0,0,0,1,1,1,0.0,9,5,-1,medium,high,0.85,medium,2,,,,8,,witness_ordering,324365
C,C_00342,mug_serve,topk_posthoc,0,0,0,1,1,1,0.0,9,5,-1,medium,high,0.85,medium,2,,,,8,,witness_ordering,324366
C,C_00343,mug_serve,topk_posthoc,0,0,0,1,1,1,0.0,9,5,-1,medium,high,0.85,medium,2,,,,8,,witness_ordering,324367
C,C_00344,mug_serve,topk_posthoc,1,1,0,0,1,1,0.08117794,9,5,-1,medium,high,0.85,medium,2,,,,8,,witness_ordering,324368
C,C_00345,mug_serve,topk_posthoc,1,1,0,0,1,1,0.06163902,9,5,-1,medium,high,0.85,medium,2,,,,8,,witness_ordering,324369
C,C_00346,mug_serve,topk_posthoc,0,0,0,1,1,1,0.0,9,5,-1,medium,high,0.85,medium,2,,,,8,,witness_ordering,324370
C,C_00347,mug_serve,topk_posthoc,1,1,0,0,1,1,0.0763071,9,5,-1,medium,high,0.85,medium,2,,,,8,,witness_ordering,324371
C,C_00348,mug_serve,topk_posthoc,1,1,0,0,1,1,0.05536155,9,5,-1,medium,high,0.85,medium,2,,,,8,,witness_ordering,324372
C,C_00349,mug_serve,topk_posthoc,1,1,0,0,1,1,0.06183543,9,5,-1,medium,high,0.85,medium,2,,,,16,,witness_ordering,324373
C,C_00349_base,mug_serve,geometric_fc,1,0,1,1,1,1,0.04435542,9,5,-1,medium,high,0.85,medium,2,,,,16,,witness_ordering,324373
C,C_00349_base,mug_serve,oracle_sfc,1,1,0,0,1,1,0.06183543,9,5,-1,medium,high,0.85,medium,2,,,,16,,witness_ordering,324373
C,C_00349_base,mug_serve,semantic_only,1,1,0,0,1,1,0.0,9,5,-1,medium,high,0.85,medium,2,,,,16,,witness_ordering,324373
C,C_00349_base,mug_serve,posthoc_single,0,0,0,1,1,1,0.04435542,9,5,-1,medium,high,0.85,medium,2,,,,16,,witness_ordering,324373
C,C_00349_base,mug_serve,soft_penalty_fc,1,0,1,1,1,1,0.04435542,9,5,-1,medium,high,0.85,medium,2,,,,16,,witness_ordering,324373
C,C_00350,mug_serve,topk_posthoc,1,1,0,0,1,1,0.07581675,9,5,-1,medium,high,0.85,medium,2,,,,16,,witness_ordering,324374
C,C_00350_base,mug_serve,geometric_fc,1,0,1,1,1,1,0.04437492,9,5,-1,medium,high,0.85,medium,2,,,,16,,witness_ordering,324374
C,C_00350_base,mug_serve,oracle_sfc,1,1,0,0,1,1,0.07581675,9,5,-1,medium,high,0.85,medium,2,,,,16,,witness_ordering,324374
C,C_00350_base,mug_serve,semantic_only,1,1,0,0,1,1,0.0,9,5,-1,medium,high,0.85,medium,2,,,,16,,witness_ordering,324374
C,C_00350_base,mug_serve,posthoc_single,0,0,0,1,1,1,0.04437492,9,5,-1,medium,high,0.85,medium,2,,,,16,,witness_ordering,324374
C,C_00350_base,mug_serve,soft_penalty_fc,1,0,1,1,1,1,0.04437492,9,5,-1,medium,high,0.85,medium,2,,,,16,,witness_ordering,324374
C,C_00351,mug_serve,topk_posthoc,1,1,0,0,1,1,0.09247675,9,5,-1,medium,high,0.85,medium,2,,,,16,,witness_ordering,324375
C,C_00351_base,mug_serve,geometric_fc,1,0,1,1,1,1,0.04054717,9,5,-1,medium,high,0.85,medium,2,,,,16,,witness_ordering,324375
C,C_00351_base,mug_serve,oracle_sfc,1,1,0,0,1,1,0.09247675,9,5,-1,medium,high,0.85,medium,2,,,,16,,witness_ordering,324375
C,C_00351_base,mug_serve,semantic_only,1,1,0,0,1,1,0.0,9,5,-1,medium,high,0.85,medium,2,,,,16,,witness_ordering,324375
C,C_00351_base,mug_serve,posthoc_single,0,0,0,1,1,1,0.04054717,9,5,-1,medium,high,0.85,medium,2,,,,16,,witness_ordering,324375
C,C_00351_base,mug_serve,soft_penalty_fc,1,0,1,1,1,1,0.04054717,9,5,-1,medium,high,0.85,medium,2,,,,16,,witness_ordering,324375
C,C_00352,mug_serve,topk_posthoc,1,1,0,0,1,1,0.07329805,9,5,-1,medium,high,0.85,medium,2,,,,16,,witness_ordering,324376
C,C_00352_base,mug_serve,geometric_fc,1,0,1,1,1,1,0.04422435,9,5,-1,medium,high,0.85,medium,2,,,,16,,witness_ordering,324376
C,C_00352_base,mug_serve,oracle_sfc,1,1,0,0,1,1,0.07329805,9,5,-1,medium,high,0.85,medium,2,,,,16,,witness_ordering,324376
C,C_00352_base,mug_serve,semantic_only,1,1,0,0,1,1,0.0,9,5,-1,medium,high,0.85,medium,2,,,,16,,witness_ordering,324376
C,C_00352_base,mug_serve,posthoc_single,0,0,0,1,1,1,0.04422435,9,5,-1,medium,high,0.85,medium,2,,,,16,,witness_ordering,324376
C,C_00352_base,mug_serve,soft_penalty_fc,1,0,1,1,1,1,0.04422435,9,5,-1,medium,high,0.85,medium,2,,,,16,,witness_ordering,324376
C,C_00353,mug_serve,topk_posthoc,1,1,0,0,1,1,0.08268174,9,5,-1,medium,high,0.85,medium,2,,,,16,,witness_ordering,324377
C,C_00353_base,mug_serve,geometric_fc,1,0,1,1,1,1,0.04365528,9,5,-1,medium,high,0.85,medium,2,,,,16,,witness_ordering,324377
C,C_00353_base,mug_serve,oracle_sfc,1,1,0,0,1,1,0.08268174,9,5,-1,medium,high,0.85,medium,2,,,,16,,witness_ordering,324377
C,C_00353_base,mug_serve,semantic_only,1,1,0,0,1,1,0.0,9,5,-1,medium,high,0.85,medium,2,,,,16,,witness_ordering,324377
C,C_00353_base,mug_serve,posthoc_single,0,0,0,1,1,1,0.04365528,9,5,-1,medium,high,0.85,medium,2,,,,16,,witness_ordering,324377
C,C_00353_base,mug_serve,soft_penalty_fc,1,0,1,1,1,1,0.04365528,9,5,-1,medium,high,0.85,medium,2,,,,16,,witness_ordering,324377
C,C_00354,mug_serve,topk_posthoc,1,1,0,0,1,1,0.0724653,9,5,-1,medium,high,0.85,medium,2,,,,16,,witness_ordering,324378
C,C_00354_base,mug_serve,geometric_fc,1,0,1,1,1,1,0.0437271,9,5,-1,medium,high,0.85,medium,2,,,,16,,witness_ordering,324378
C,C_00354_base,mug_serve,oracle_sfc,1,1,0,0,1,1,0.0724653,9,5,-1,medium,high,0.85,medium,2,,,,16,,witness_ordering,324378
C,C_00354_base,mug_serve,semantic_only,1,1,0,0,1,1,0.0,9,5,-1,medium,high,0.85,medium,2,,,,16,,witness_ordering,324378
C,C_00354_base,mug_serve,posthoc_single,0,0,0,1,1,1,0.0437271,9,5,-1,medium,high,0.85,medium,2,,,,16,,witness_ordering,324378
C,C_00354_base,mug_serve,soft_penalty_fc,1,0,1,1,1,1,0.0437271,9,5,-1,medium,high,0.85,medium,2,,,,16,,witness_ordering,324378
C,C_00355,mug_serve,topk_posthoc,1,1,0,0,1,1,0.06488929,9,5,-1,medium,high,0.85,medium,2,,,,16,,witness_ordering,324379
C,C_00355_base,mug_serve,geometric_fc,1,0,1,1,1,1,0.04290015,9,5,-1,medium,high,0.85,medium,2,,,,16,,witness_ordering,324379
C,C_00355_base,mug_serve,oracle_sfc,1,1,0,0,1,1,0.06488929,9,5,-1,medium,high,0.85,medium,2,,,,16,,witness_ordering,324379
C,C_00355_base,mug_serve,semantic_only,1,1,0,0,1,1,0.0,9,5,-1,medium,high,0.85,medium,2,,,,16,,witness_ordering,324379
C,C_00355_base,mug_serve,posthoc_single,0,0,0,1,1,1,0.04290015,9,5,-1,medium,high,0.85,medium,2,,,,16,,witness_ordering,324379
C,C_00355_base,mug_serve,soft_penalty_fc,1,0,1,1,1,1,0.04290015,9,5,-1,medium,high,0.85,medium,2,,,,16,,witness_ordering,324379
C,C_00356,mug_serve,topk_posthoc,1,1,0,0,1,1,0.07751533,9,5,-1,medium,high,0.85,medium,2,,,,16,,witness_ordering,324380
C,C_00356_base,mug_serve,geometric_fc,1,0,1,1,1,1,0.04334966,9,5,-1,medium,high,0.85,medium,2,,,,16,,witness_ordering,324380
C,C_00356_base,mug_serve,oracle_sfc,1,1,0,0,1,1,0.07751533,9,5,-1,medium,high,0.85,medium,2,,,,16,,witness_ordering,324380
C,C_00356_base,mug_serve,semantic_only,1,1,0,0,1,1,0.0,9,5,-1,medium,high,0.85,medium,2,,,,16,,witness_ordering,324380
C,C_00356_base,mug_serve,posthoc_single,0,0,0,1,1,1,0.04334966,9,5,-1,medium,high,0.85,medium,2,,,,16,,witness_ordering,324380
C,C_00356_base,mug_serve,soft_penalty_fc,1,0,1,1,1,1,0.04334966,9,5,-1,medium,high,0.85,medium,2,,,,16,,witness_ordering,324380
C,C_00357,mug_serve,topk_posthoc,1,1,0,0,1,1,0.07428067,9,5,-1,medium,high,0.85,medium,2,,,,16,,witness_ordering,324381
C,C_00357_base,mug_serve,geometric_fc,1,0,1,1,1,1,0.04288703,9,5,-1,medium,high,0.85,medium,2,,,,16,,witness_ordering,324381
C,C_00357_base,mug_serve,oracle_sfc,1,1,0,0,1,1,0.07428067,9,5,-1,medium,high,0.85,medium,2,,,,16,,witness_ordering,324381
C,C_00357_base,mug_serve,semantic_only,1,1,0,0,1,1,0.0,9,5,-1,medium,high,0.85,medium,2,,,,16,,witness_ordering,324381
C,C_00357_base,mug_serve,posthoc_single,0,0,0,1,1,1,0.04288703,9,5,-1,medium,high,0.85,medium,2,,,,16,,witness_ordering,324381
C,C_00357_base,mug_serve,soft_penalty_fc,1,0,1,1,1,1,0.04288703,9,5,-1,medium,high,0.85,medium,2,,,,16,,witness_ordering,324381
C,C_00358,mug_serve,topk_posthoc,1,1,0,0,1,1,0.07738237,9,5,-1,medium,high,0.85,medium,2,,,,16,,witness_ordering,324382
C,C_00358_base,mug_serve,geometric_fc,1,0,1,1,1,1,0.04044819,9,5,-1,medium,high,0.85,medium,2,,,,16,,witness_ordering,324382
C,C_00358_base,mug_serve,oracle_sfc,1,1,0,0,1,1,0.07738237,9,5,-1,medium,high,0.85,medium,2,,,,16,,witness_ordering,324382
C,C_00358_base,mug_serve,semantic_only,1,1,0,0,1,1,0.0,9,5,-1,medium,high,0.85,medium,2,,,,16,,witness_ordering,324382
C,C_00358_base,mug_serve,posthoc_single,0,0,0,1,1,1,0.04044819,9,5,-1,medium,high,0.85,medium,2,,,,16,,witness_ordering,324382
C,C_00358_base,mug_serve,soft_penalty_fc,1,0,1,1,1,1,0.04044819,9,5,-1,medium,high,0.85,medium,2,,,,16,,witness_ordering,324382
C,C_00359,mug_serve,topk_posthoc,1,1,0,0,1,1,0.06721975,9,5,-1,medium,high,0.85,medium,2,,,,16,,witness_ordering,324383
C,C_00359_base,mug_serve,geometric_fc,1,0,1,1,1,1,0.04494046,9,5,-1,medium,high,0.85,medium,2,,,,16,,witness_ordering,324383
C,C_00359_base,mug_serve,oracle_sfc,1,1,0,0,1,1,0.06721975,9,5,-1,medium,high,0.85,medium,2,,,,16,,witness_ordering,324383
C,C_00359_base,mug_serve,semantic_only,1,1,0,0,1,1,0.0,9,5,-1,medium,high,0.85,medium,2,,,,16,,witness_ordering,324383
C,C_00359_base,mug_serve,posthoc_single,0,0,0,1,1,1,0.04494046,9,5,-1,medium,high,0.85,medium,2,,,,16,,witness_ordering,324383
C,C_00359_base,mug_serve,soft_penalty_fc,1,0,1,1,1,1,0.04494046,9,5,-1,medium,high,0.85,medium,2,,,,16,,witness_ordering,324383
C,C_00360,mug_serve,topk_posthoc,1,1,0,0,1,1,0.07835928,9,5,-1,medium,high,0.85,medium,2,,,,16,,witness_ordering,324384
C,C_00360_base,mug_serve,geometric_fc,1,0,1,1,1,1,0.04192134,9,5,-1,medium,high,0.85,medium,2,,,,16,,witness_ordering,324384
C,C_00360_base,mug_serve,oracle_sfc,1,1,0,0,1,1,0.07835928,9,5,-1,medium,high,0.85,medium,2,,,,16,,witness_ordering,324384
C,C_00360_base,mug_serve,semantic_only,1,1,0,0,1,1,0.0,9,5,-1,medium,high,0.85,medium,2,,,,16,,witness_ordering,324384
C,C_00360_base,mug_serve,posthoc_single,0,0,0,1,1,1,0.04192134,9,5,-1,medium,high,0.85,medium,2,,,,16,,witness_ordering,324384
C,C_00360_base,mug_serve,soft_penalty_fc,1,0,1,1,1,1,0.04192134,9,5,-1,medium,high,0.85,medium,2,,,,16,,witness_ordering,324384
C,C_00361,phone_pick,topk_posthoc,0,0,0,1,1,1,0.0,8,3,-1,medium,high,0.25,medium,2,,,,1,,witness_ordering,324385
C,C_00361_base,phone_pick,geometric_fc,1,0,1,1,1,1,0.04257245,8,3,-1,medium,high,0.25,medium,2,,,,1,,witness_ordering,324385
C,C_00361_base,phone_pick,oracle_sfc,1,1,0,0,1,1,0.09154332,8,3,-1,medium,high,0.25,medium,2,,,,1,,witness_ordering,324385
C,C_00361_base,phone_pick,semantic_only,1,1,0,0,1,1,0.0,8,3,-1,medium,high,0.25,medium,2,,,,1,,witness_ordering,324385
C,C_00361_base,phone_pick,posthoc_single,0,0,0,1,1,1,0.04257245,8,3,-1,medium,high,0.25,medium,2,,,,1,,witness_ordering,324385
C,C_00361_base,phone_pick,soft_penalty_fc,1,0,1,1,1,1,0.04257245,8,3,-1,medium,high,0.25,medium,2,,,,1,,witness_ordering,324385
C,C_00362,phone_pick,topk_posthoc,0,0,0,1,1,1,0.0,8,3,-1,medium,high,0.25,medium,2,,,,1,,witness_ordering,324386
C,C_00362_base,phone_pick,geometric_fc,1,0,1,1,1,1,0.0425855,8,3,-1,medium,high,0.25,medium,2,,,,1,,witness_ordering,324386
C,C_00362_base,phone_pick,oracle_sfc,1,1,0,0,1,1,0.09422181,8,3,-1,medium,high,0.25,medium,2,,,,1,,witness_ordering,324386
C,C_00362_base,phone_pick,semantic_only,1,1,0,0,1,1,0.0,8,3,-1,medium,high,0.25,medium,2,,,,1,,witness_ordering,324386
C,C_00362_base,phone_pick,posthoc_single,0,0,0,1,1,1,0.0425855,8,3,-1,medium,high,0.25,medium,2,,,,1,,witness_ordering,324386
C,C_00362_base,phone_pick,soft_penalty_fc,1,0,1,1,1,1,0.0425855,8,3,-1,medium,high,0.25,medium,2,,,,1,,witness_ordering,324386
C,C_00363,phone_pick,topk_posthoc,0,0,0,1,1,1,0.0,8,3,-1,medium,high,0.25,medium,2,,,,1,,witness_ordering,324387
C,C_00363_base,phone_pick,geometric_fc,1,0,1,1,1,1,0.04324127,8,3,-1,medium,high,0.25,medium,2,,,,1,,witness_ordering,324387
C,C_00363_base,phone_pick,oracle_sfc,1,1,0,0,1,1,0.08574003,8,3,-1,medium,high,0.25,medium,2,,,,1,,witness_ordering,324387
C,C_00363_base,phone_pick,semantic_only,1,1,0,0,1,1,0.0,8,3,-1,medium,high,0.25,medium,2,,,,1,,witness_ordering,324387
C,C_00363_base,phone_pick,posthoc_single,0,0,0,1,1,1,0.04324127,8,3,-1,medium,high,0.25,medium,2,,,,1,,witness_ordering,324387
C,C_00363_base,phone_pick,soft_penalty_fc,1,0,1,1,1,1,0.04324127,8,3,-1,medium,high,0.25,medium,2,,,,1,,witness_ordering,324387
C,C_00364,phone_pick,topk_posthoc,0,0,0,1,1,1,0.0,8,3,-1,medium,high,0.25,medium,2,,,,1,,witness_ordering,324388
C,C_00364_base,phone_pick,geometric_fc,1,0,1,1,1,1,0.04494876,8,3,-1,medium,high,0.25,medium,2,,,,1,,witness_ordering,324388
C,C_00364_base,phone_pick,oracle_sfc,1,1,0,0,1,1,0.08227204,8,3,-1,medium,high,0.25,medium,2,,,,1,,witness_ordering,324388
C,C_00364_base,phone_pick,semantic_only,1,1,0,0,1,1,0.0,8,3,-1,medium,high,0.25,medium,2,,,,1,,witness_ordering,324388
C,C_00364_base,phone_pick,posthoc_single,0,0,0,1,1,1,0.04494876,8,3,-1,medium,high,0.25,medium,2,,,,1,,witness_ordering,324388
C,C_00364_base,phone_pick,soft_penalty_fc,1,0,1,1,1,1,0.04494876,8,3,-1,medium,high,0.25,medium,2,,,,1,,witness_ordering,324388
C,C_00365,phone_pick,topk_posthoc,0,0,0,1,1,1,0.0,8,3,-1,medium,high,0.25,medium,2,,,,1,,witness_ordering,324389
C,C_00365_base,phone_pick,geometric_fc,1,0,1,1,1,1,0.0430159,8,3,-1,medium,high,0.25,medium,2,,,,1,,witness_ordering,324389
C,C_00365_base,phone_pick,oracle_sfc,1,1,0,0,1,1,0.09691844,8,3,-1,medium,high,0.25,medium,2,,,,1,,witness_ordering,324389
C,C_00365_base,phone_pick,semantic_only,1,1,0,0,1,1,0.0,8,3,-1,medium,high,0.25,medium,2,,,,1,,witness_ordering,324389
C,C_00365_base,phone_pick,posthoc_single,0,0,0,1,1,1,0.0430159,8,3,-1,medium,high,0.25,medium,2,,,,1,,witness_ordering,324389
C,C_00365_base,phone_pick,soft_penalty_fc,1,0,1,1,1,1,0.0430159,8,3,-1,medium,high,0.25,medium,2,,,,1,,witness_ordering,324389
C,C_00366,phone_pick,topk_posthoc,0,0,0,1,1,1,0.0,8,3,-1,medium,high,0.25,medium,2,,,,1,,witness_ordering,324390
C,C_00366_base,phone_pick,geometric_fc,1,0,1,1,1,1,0.04310044,8,3,-1,medium,high,0.25,medium,2,,,,1,,witness_ordering,324390
C,C_00366_base,phone_pick,oracle_sfc,1,1,0,0,1,1,0.1069924,8,3,-1,medium,high,0.25,medium,2,,,,1,,witness_ordering,324390
C,C_00366_base,phone_pick,semantic_only,1,1,0,0,1,1,0.0,8,3,-1,medium,high,0.25,medium,2,,,,1,,witness_ordering,324390
C,C_00366_base,phone_pick,posthoc_single,0,0,0,1,1,1,0.04310044,8,3,-1,medium,high,0.25,medium,2,,,,1,,witness_ordering,324390
C,C_00366_base,phone_pick,soft_penalty_fc,1,0,1,1,1,1,0.04310044,8,3,-1,medium,high,0.25,medium,2,,,,1,,witness_ordering,324390
C,C_00367,phone_pick,topk_posthoc,0,0,0,1,1,1,0.0,8,3,-1,medium,high,0.25,medium,2,,,,1,,witness_ordering,324391
C,C_00367_base,phone_pick,geometric_fc,1,0,1,1,1,1,0.04203405,8,3,-1,medium,high,0.25,medium,2,,,,1,,witness_ordering,324391
C,C_00367_base,phone_pick,oracle_sfc,1,1,0,0,1,1,0.10383095,8,3,-1,medium,high,0.25,medium,2,,,,1,,witness_ordering,324391
C,C_00367_base,phone_pick,semantic_only,1,1,0,0,1,1,0.0,8,3,-1,medium,high,0.25,medium,2,,,,1,,witness_ordering,324391
C,C_00367_base,phone_pick,posthoc_single,0,0,0,1,1,1,0.04203405,8,3,-1,medium,high,0.25,medium,2,,,,1,,witness_ordering,324391
C,C_00367_base,phone_pick,soft_penalty_fc,1,0,1,1,1,1,0.04203405,8,3,-1,medium,high,0.25,medium,2,,,,1,,witness_ordering,324391
C,C_00368,phone_pick,topk_posthoc,0,0,0,1,1,1,0.0,8,3,-1,medium,high,0.25,medium,2,,,,1,,witness_ordering,324392
C,C_00368_base,phone_pick,geometric_fc,1,0,1,1,1,1,0.04340299,8,3,-1,medium,high,0.25,medium,2,,,,1,,witness_ordering,324392
C,C_00368_base,phone_pick,oracle_sfc,1,1,0,0,1,1,0.07827808,8,3,-1,medium,high,0.25,medium,2,,,,1,,witness_ordering,324392
C,C_00368_base,phone_pick,semantic_only,1,1,0,0,1,1,0.0,8,3,-1,medium,high,0.25,medium,2,,,,1,,witness_ordering,324392
C,C_00368_base,phone_pick,posthoc_single,0,0,0,1,1,1,0.04340299,8,3,-1,medium,high,0.25,medium,2,,,,1,,witness_ordering,324392
C,C_00368_base,phone_pick,soft_penalty_fc,1,0,1,1,1,1,0.04340299,8,3,-1,medium,high,0.25,medium,2,,,,1,,witness_ordering,324392
C,C_00369,phone_pick,topk_posthoc,0,0,0,1,1,1,0.0,8,3,-1,medium,high,0.25,medium,2,,,,1,,witness_ordering,324393
C,C_00369_base,phone_pick,geometric_fc,1,0,1,1,1,1,0.04345859,8,3,-1,medium,high,0.25,medium,2,,,,1,,witness_ordering,324393
C,C_00369_base,phone_pick,oracle_sfc,1,1,0,0,1,1,0.07376219,8,3,-1,medium,high,0.25,medium,2,,,,1,,witness_ordering,324393
C,C_00369_base,phone_pick,semantic_only,1,1,0,0,1,1,0.0,8,3,-1,medium,high,0.25,medium,2,,,,1,,witness_ordering,324393
C,C_00369_base,phone_pick,posthoc_single,0,0,0,1,1,1,0.04345859,8,3,-1,medium,high,0.25,medium,2,,,,1,,witness_ordering,324393
C,C_00369_base,phone_pick,soft_penalty_fc,1,0,1,1,1,1,0.04345859,8,3,-1,medium,high,0.25,medium,2,,,,1,,witness_ordering,324393
C,C_00370,phone_pick,topk_posthoc,0,0,0,1,1,1,0.0,8,3,-1,medium,high,0.25,medium,2,,,,1,,witness_ordering,324394
C,C_00370_base,phone_pick,geometric_fc,1,0,1,1,1,1,0.04400021,8,3,-1,medium,high,0.25,medium,2,,,,1,,witness_ordering,324394
C,C_00370_base,phone_pick,oracle_sfc,1,1,0,0,1,1,0.10804862,8,3,-1,medium,high,0.25,medium,2,,,,1,,witness_ordering,324394
C,C_00370_base,phone_pick,semantic_only,1,1,0,0,1,1,0.0,8,3,-1,medium,high,0.25,medium,2,,,,1,,witness_ordering,324394
C,C_00370_base,phone_pick,posthoc_single,0,0,0,1,1,1,0.04400021,8,3,-1,medium,high,0.25,medium,2,,,,1,,witness_ordering,324394
C,C_00370_base,phone_pick,soft_penalty_fc,1,0,1,1,1,1,0.04400021,8,3,-1,medium,high,0.25,medium,2,,,,1,,witness_ordering,324394
C,C_00371,phone_pick,topk_posthoc,0,0,0,1,1,1,0.0,8,3,-1,medium,high,0.25,medium,2,,,,1,,witness_ordering,324395
C,C_00371_base,phone_pick,geometric_fc,1,0,1,1,1,1,0.0453033,8,3,-1,medium,high,0.25,medium,2,,,,1,,witness_ordering,324395
C,C_00371_base,phone_pick,oracle_sfc,1,1,0,0,1,1,0.09555999,8,3,-1,medium,high,0.25,medium,2,,,,1,,witness_ordering,324395
C,C_00371_base,phone_pick,semantic_only,1,1,0,0,1,1,0.0,8,3,-1,medium,high,0.25,medium,2,,,,1,,witness_ordering,324395
C,C_00371_base,phone_pick,posthoc_single,0,0,0,1,1,1,0.0453033,8,3,-1,medium,high,0.25,medium,2,,,,1,,witness_ordering,324395
C,C_00371_base,phone_pick,soft_penalty_fc,1,0,1,1,1,1,0.0453033,8,3,-1,medium,high,0.25,medium,2,,,,1,,witness_ordering,324395
C,C_00372,phone_pick,topk_posthoc,0,0,0,1,1,1,0.0,8,3,-1,medium,high,0.25,medium,2,,,,1,,witness_ordering,324396
C,C_00372_base,phone_pick,geometric_fc,1,0,1,1,1,1,0.04281895,8,3,-1,medium,high,0.25,medium,2,,,,1,,witness_ordering,324396
C,C_00372_base,phone_pick,oracle_sfc,1,1,0,0,1,1,0.09943968,8,3,-1,medium,high,0.25,medium,2,,,,1,,witness_ordering,324396
C,C_00372_base,phone_pick,semantic_only,1,1,0,0,1,1,0.0,8,3,-1,medium,high,0.25,medium,2,,,,1,,witness_ordering,324396
C,C_00372_base,phone_pick,posthoc_single,0,0,0,1,1,1,0.04281895,8,3,-1,medium,high,0.25,medium,2,,,,1,,witness_ordering,324396
C,C_00372_base,phone_pick,soft_penalty_fc,1,0,1,1,1,1,0.04281895,8,3,-1,medium,high,0.25,medium,2,,,,1,,witness_ordering,324396
C,C_00373,phone_pick,topk_posthoc,1,1,0,0,1,1,0.0928802,8,3,-1,medium,high,0.25,medium,2,,,,2,,witness_ordering,324397
C,C_00374,phone_pick,topk_posthoc,0,0,0,1,1,1,0.0,8,3,-1,medium,high,0.25,medium,2,,,,2,,witness_ordering,324398
C,C_00375,phone_pick,topk_posthoc,0,0,0,1,1,1,0.0,8,3,-1,medium,high,0.25,medium,2,,,,2,,witness_ordering,324399
C,C_00376,phone_pick,topk_posthoc,0,0,0,1,1,1,0.0,8,3,-1,medium,high,0.25,medium,2,,,,2,,witness_ordering,324400
C,C_00377,phone_pick,topk_posthoc,0,0,0,1,1,1,0.0,8,3,-1,medium,high,0.25,medium,2,,,,2,,witness_ordering,324401
C,C_00378,phone_pick,topk_posthoc,0,0,0,1,1,1,0.0,8,3,-1,medium,high,0.25,medium,2,,,,2,,witness_ordering,324402
C,C_00379,phone_pick,topk_posthoc,1,1,0,0,1,1,0.09733344,8,3,-1,medium,high,0.25,medium,2,,,,2,,witness_ordering,324403
C,C_00380,phone_pick,topk_posthoc,0,0,0,1,1,1,0.0,8,3,-1,medium,high,0.25,medium,2,,,,2,,witness_ordering,324404
C,C_00381,phone_pick,topk_posthoc,0,0,0,1,1,1,0.0,8,3,-1,medium,high,0.25,medium,2,,,,2,,witness_ordering,324405
C,C_00382,phone_pick,topk_posthoc,0,0,0,1,1,1,0.0,8,3,-1,medium,high,0.25,medium,2,,,,2,,witness_ordering,324406
C,C_00383,phone_pick,topk_posthoc,0,0,0,1,1,1,0.0,8,3,-1,medium,high,0.25,medium,2,,,,2,,witness_ordering,324407
C,C_00384,phone_pick,topk_posthoc,0,0,0,1,1,1,0.0,8,3,-1,medium,high,0.25,medium,2,,,,2,,witness_ordering,324408
C,C_00385,phone_pick,topk_posthoc,0,0,0,1,1,1,0.0,8,3,-1,medium,high,0.25,medium,2,,,,4,,witness_ordering,324409
C,C_00386,phone_pick,topk_posthoc,0,0,0,1,1,1,0.0,8,3,-1,medium,high,0.25,medium,2,,,,4,,witness_ordering,324410
C,C_00387,phone_pick,topk_posthoc,0,0,0,1,1,1,0.0,8,3,-1,medium,high,0.25,medium,2,,,,4,,witness_ordering,324411
C,C_00388,phone_pick,topk_posthoc,0,0,0,1,1,1,0.0,8,3,-1,medium,high,0.25,medium,2,,,,4,,witness_ordering,324412
C,C_00389,phone_pick,topk_posthoc,0,0,0,1,1,1,0.0,8,3,-1,medium,high,0.25,medium,2,,,,4,,witness_ordering,324413
C,C_00390,phone_pick,topk_posthoc,0,0,0,1,1,1,0.0,8,3,-1,medium,high,0.25,medium,2,,,,4,,witness_ordering,324414
C,C_00391,phone_pick,topk_posthoc,0,0,0,1,1,1,0.0,8,3,-1,medium,high,0.25,medium,2,,,,4,,witness_ordering,324415
C,C_00392,phone_pick,topk_posthoc,0,0,0,1,1,1,0.0,8,3,-1,medium,high,0.25,medium,2,,,,4,,witness_ordering,324416
C,C_00393,phone_pick,topk_posthoc,1,1,0,0,1,1,0.10198686,8,3,-1,medium,high,0.25,medium,2,,,,4,,witness_ordering,324417
C,C_00394,phone_pick,topk_posthoc,1,1,0,0,1,1,0.11331045,8,3,-1,medium,high,0.25,medium,2,,,,4,,witness_ordering,324418
C,C_00395,phone_pick,topk_posthoc,0,0,0,1,1,1,0.0,8,3,-1,medium,high,0.25,medium,2,,,,4,,witness_ordering,324419
C,C_00396,phone_pick,topk_posthoc,0,0,0,1,1,1,0.0,8,3,-1,medium,high,0.25,medium,2,,,,4,,witness_ordering,324420
C,C_00397,phone_pick,topk_posthoc,0,0,0,1,1,1,0.0,8,3,-1,medium,high,0.25,medium,2,,,,8,,witness_ordering,324421
C,C_00398,phone_pick,topk_posthoc,1,1,0,0,1,1,0.10016197,8,3,-1,medium,high,0.25,medium,2,,,,8,,witness_ordering,324422
C,C_00399,phone_pick,topk_posthoc,0,0,0,1,1,1,0.0,8,3,-1,medium,high,0.25,medium,2,,,,8,,witness_ordering,324423
C,C_00400,phone_pick,topk_posthoc,1,1,0,0,1,1,0.11157295,8,3,-1,medium,high,0.25,medium,2,,,,8,,witness_ordering,324424
C,C_00401,phone_pick,topk_posthoc,1,1,0,0,1,1,0.11139265,8,3,-1,medium,high,0.25,medium,2,,,,8,,witness_ordering,324425
C,C_00402,phone_pick,topk_posthoc,0,0,0,1,1,1,0.0,8,3,-1,medium,high,0.25,medium,2,,,,8,,witness_ordering,324426
C,C_00403,phone_pick,topk_posthoc,0,0,0,1,1,1,0.0,8,3,-1,medium,high,0.25,medium,2,,,,8,,witness_ordering,324427
C,C_00404,phone_pick,topk_posthoc,1,1,0,0,1,1,0.08485295,8,3,-1,medium,high,0.25,medium,2,,,,8,,witness_ordering,324428
C,C_00405,phone_pick,topk_posthoc,0,0,0,1,1,1,0.0,8,3,-1,medium,high,0.25,medium,2,,,,8,,witness_ordering,324429
C,C_00406,phone_pick,topk_posthoc,1,1,0,0,1,1,0.08373094,8,3,-1,medium,high,0.25,medium,2,,,,8,,witness_ordering,324430
C,C_00407,phone_pick,topk_posthoc,0,0,0,1,1,1,0.0,8,3,-1,medium,high,0.25,medium,2,,,,8,,witness_ordering,324431
C,C_00408,phone_pick,topk_posthoc,0,0,0,1,1,1,0.0,8,3,-1,medium,high,0.25,medium,2,,,,8,,witness_ordering,324432
C,C_00409,phone_pick,topk_posthoc,1,1,0,0,1,1,0.11916516,8,3,-1,medium,high,0.25,medium,2,,,,16,,witness_ordering,324433
C,C_00409_base,phone_pick,geometric_fc,1,0,1,1,1,1,0.04194381,8,3,-1,medium,high,0.25,medium,2,,,,16,,witness_ordering,324433
C,C_00409_base,phone_pick,oracle_sfc,1,1,0,0,1,1,0.11916516,8,3,-1,medium,high,0.25,medium,2,,,,16,,witness_ordering,324433
C,C_00409_base,phone_pick,semantic_only,1,1,0,0,1,1,0.0,8,3,-1,medium,high,0.25,medium,2,,,,16,,witness_ordering,324433
C,C_00409_base,phone_pick,posthoc_single,0,0,0,1,1,1,0.04194381,8,3,-1,medium,high,0.25,medium,2,,,,16,,witness_ordering,324433
C,C_00409_base,phone_pick,soft_penalty_fc,1,0,1,1,1,1,0.04194381,8,3,-1,medium,high,0.25,medium,2,,,,16,,witness_ordering,324433
C,C_00410,phone_pick,topk_posthoc,1,1,0,0,1,1,0.11604535,8,3,-1,medium,high,0.25,medium,2,,,,16,,witness_ordering,324434
C,C_00410_base,phone_pick,geometric_fc,1,0,1,1,1,1,0.04328688,8,3,-1,medium,high,0.25,medium,2,,,,16,,witness_ordering,324434
C,C_00410_base,phone_pick,oracle_sfc,1,1,0,0,1,1,0.11604535,8,3,-1,medium,high,0.25,medium,2,,,,16,,witness_ordering,324434
C,C_00410_base,phone_pick,semantic_only,1,1,0,0,1,1,0.0,8,3,-1,medium,high,0.25,medium,2,,,,16,,witness_ordering,324434
C,C_00410_base,phone_pick,posthoc_single,0,0,0,1,1,1,0.04328688,8,3,-1,medium,high,0.25,medium,2,,,,16,,witness_ordering,324434
C,C_00410_base,phone_pick,soft_penalty_fc,1,0,1,1,1,1,0.04328688,8,3,-1,medium,high,0.25,medium,2,,,,16,,witness_ordering,324434
C,C_00411,phone_pick,topk_posthoc,1,1,0,0,1,1,0.10641917,8,3,-1,medium,high,0.25,medium,2,,,,16,,witness_ordering,324435
C,C_00411_base,phone_pick,geometric_fc,1,0,1,1,1,1,0.04116927,8,3,-1,medium,high,0.25,medium,2,,,,16,,witness_ordering,324435
C,C_00411_base,phone_pick,oracle_sfc,1,1,0,0,1,1,0.10641917,8,3,-1,medium,high,0.25,medium,2,,,,16,,witness_ordering,324435
C,C_00411_base,phone_pick,semantic_only,1,1,0,0,1,1,0.0,8,3,-1,medium,high,0.25,medium,2,,,,16,,witness_ordering,324435
C,C_00411_base,phone_pick,posthoc_single,0,0,0,1,1,1,0.04116927,8,3,-1,medium,high,0.25,medium,2,,,,16,,witness_ordering,324435
C,C_00411_base,phone_pick,soft_penalty_fc,1,0,1,1,1,1,0.04116927,8,3,-1,medium,high,0.25,medium,2,,,,16,,witness_ordering,324435
C,C_00412,phone_pick,topk_posthoc,1,1,0,0,1,1,0.09132287,8,3,-1,medium,high,0.25,medium,2,,,,16,,witness_ordering,324436
C,C_00412_base,phone_pick,geometric_fc,1,0,1,1,1,1,0.04338527,8,3,-1,medium,high,0.25,medium,2,,,,16,,witness_ordering,324436
C,C_00412_base,phone_pick,oracle_sfc,1,1,0,0,1,1,0.09132287,8,3,-1,medium,high,0.25,medium,2,,,,16,,witness_ordering,324436
C,C_00412_base,phone_pick,semantic_only,1,1,0,0,1,1,0.0,8,3,-1,medium,high,0.25,medium,2,,,,16,,witness_ordering,324436
C,C_00412_base,phone_pick,posthoc_single,0,0,0,1,1,1,0.04338527,8,3,-1,medium,high,0.25,medium,2,,,,16,,witness_ordering,324436
C,C_00412_base,phone_pick,soft_penalty_fc,1,0,1,1,1,1,0.04338527,8,3,-1,medium,high,0.25,medium,2,,,,16,,witness_ordering,324436
C,C_00413,phone_pick,topk_posthoc,1,1,0,0,1,1,0.1160429,8,3,-1,medium,high,0.25,medium,2,,,,16,,witness_ordering,324437
C,C_00413_base,phone_pick,geometric_fc,1,0,1,1,1,1,0.04314063,8,3,-1,medium,high,0.25,medium,2,,,,16,,witness_ordering,324437
C,C_00413_base,phone_pick,oracle_sfc,1,1,0,0,1,1,0.1160429,8,3,-1,medium,high,0.25,medium,2,,,,16,,witness_ordering,324437
C,C_00413_base,phone_pick,semantic_only,1,1,0,0,1,1,0.0,8,3,-1,medium,high,0.25,medium,2,,,,16,,witness_ordering,324437
C,C_00413_base,phone_pick,posthoc_single,0,0,0,1,1,1,0.04314063,8,3,-1,medium,high,0.25,medium,2,,,,16,,witness_ordering,324437
C,C_00413_base,phone_pick,soft_penalty_fc,1,0,1,1,1,1,0.04314063,8,3,-1,medium,high,0.25,medium,2,,,,16,,witness_ordering,324437
C,C_00414,phone_pick,topk_posthoc,1,1,0,0,1,1,0.10422814,8,3,-1,medium,high,0.25,medium,2,,,,16,,witness_ordering,324438
C,C_00414_base,phone_pick,geometric_fc,1,0,1,1,1,1,0.04309937,8,3,-1,medium,high,0.25,medium,2,,,,16,,witness_ordering,324438
C,C_00414_base,phone_pick,oracle_sfc,1,1,0,0,1,1,0.10422814,8,3,-1,medium,high,0.25,medium,2,,,,16,,witness_ordering,324438
C,C_00414_base,phone_pick,semantic_only,1,1,0,0,1,1,0.0,8,3,-1,medium,high,0.25,medium,2,,,,16,,witness_ordering,324438
C,C_00414_base,phone_pick,posthoc_single,0,0,0,1,1,1,0.04309937,8,3,-1,medium,high,0.25,medium,2,,,,16,,witness_ordering,324438
C,C_00414_base,phone_pick,soft_penalty_fc,1,0,1,1,1,1,0.04309937,8,3,-1,medium,high,0.25,medium,2,,,,16,,witness_ordering,324438
C,C_00415,phone_pick,topk_posthoc,1,1,0,0,1,1,0.1066619,8,3,-1,medium,high,0.25,medium,2,,,,16,,witness_ordering,324439
C,C_00415_base,phone_pick,geometric_fc,1,0,1,1,1,1,0.04107043,8,3,-1,medium,high,0.25,medium,2,,,,16,,witness_ordering,324439
C,C_00415_base,phone_pick,oracle_sfc,1,1,0,0,1,1,0.1066619,8,3,-1,medium,high,0.25,medium,2,,,,16,,witness_ordering,324439
C,C_00415_base,phone_pick,semantic_only,1,1,0,0,1,1,0.0,8,3,-1,medium,high,0.25,medium,2,,,,16,,witness_ordering,324439
C,C_00415_base,phone_pick,posthoc_single,0,0,0,1,1,1,0.04107043,8,3,-1,medium,high,0.25,medium,2,,,,16,,witness_ordering,324439
C,C_00415_base,phone_pick,soft_penalty_fc,1,0,1,1,1,1,0.04107043,8,3,-1,medium,high,0.25,medium,2,,,,16,,witness_ordering,324439
C,C_00416,phone_pick,topk_posthoc,1,1,0,0,1,1,0.12430635,8,3,-1,medium,high,0.25,medium,2,,,,16,,witness_ordering,324440
C,C_00416_base,phone_pick,geometric_fc,1,0,1,1,1,1,0.04249761,8,3,-1,medium,high,0.25,medium,2,,,,16,,witness_ordering,324440
C,C_00416_base,phone_pick,oracle_sfc,1,1,0,0,1,1,0.12430635,8,3,-1,medium,high,0.25,medium,2,,,,16,,witness_ordering,324440
C,C_00416_base,phone_pick,semantic_only,1,1,0,0,1,1,0.0,8,3,-1,medium,high,0.25,medium,2,,,,16,,witness_ordering,324440
C,C_00416_base,phone_pick,posthoc_single,0,0,0,1,1,1,0.04249761,8,3,-1,medium,high,0.25,medium,2,,,,16,,witness_ordering,324440
C,C_00416_base,phone_pick,soft_penalty_fc,1,0,1,1,1,1,0.04249761,8,3,-1,medium,high,0.25,medium,2,,,,16,,witness_ordering,324440
C,C_00417,phone_pick,topk_posthoc,1,1,0,0,1,1,0.10468091,8,3,-1,medium,high,0.25,medium,2,,,,16,,witness_ordering,324441
C,C_00417_base,phone_pick,geometric_fc,1,0,1,1,1,1,0.04159034,8,3,-1,medium,high,0.25,medium,2,,,,16,,witness_ordering,324441
C,C_00417_base,phone_pick,oracle_sfc,1,1,0,0,1,1,0.10468091,8,3,-1,medium,high,0.25,medium,2,,,,16,,witness_ordering,324441
C,C_00417_base,phone_pick,semantic_only,1,1,0,0,1,1,0.0,8,3,-1,medium,high,0.25,medium,2,,,,16,,witness_ordering,324441
C,C_00417_base,phone_pick,posthoc_single,0,0,0,1,1,1,0.04159034,8,3,-1,medium,high,0.25,medium,2,,,,16,,witness_ordering,324441
C,C_00417_base,phone_pick,soft_penalty_fc,1,0,1,1,1,1,0.04159034,8,3,-1,medium,high,0.25,medium,2,,,,16,,witness_ordering,324441
C,C_00418,phone_pick,topk_posthoc,1,1,0,0,1,1,0.10111639,8,3,-1,medium,high,0.25,medium,2,,,,16,,witness_ordering,324442
C,C_00418_base,phone_pick,geometric_fc,1,0,1,1,1,1,0.04153641,8,3,-1,medium,high,0.25,medium,2,,,,16,,witness_ordering,324442
C,C_00418_base,phone_pick,oracle_sfc,1,1,0,0,1,1,0.10111639,8,3,-1,medium,high,0.25,medium,2,,,,16,,witness_ordering,324442
C,C_00418_base,phone_pick,semantic_only,1,1,0,0,1,1,0.0,8,3,-1,medium,high,0.25,medium,2,,,,16,,witness_ordering,324442
C,C_00418_base,phone_pick,posthoc_single,0,0,0,1,1,1,0.04153641,8,3,-1,medium,high,0.25,medium,2,,,,16,,witness_ordering,324442
C,C_00418_base,phone_pick,soft_penalty_fc,1,0,1,1,1,1,0.04153641,8,3,-1,medium,high,0.25,medium,2,,,,16,,witness_ordering,324442
C,C_00419,phone_pick,topk_posthoc,1,1,0,0,1,1,0.11019502,8,3,-1,medium,high,0.25,medium,2,,,,16,,witness_ordering,324443
C,C_00419_base,phone_pick,geometric_fc,1,0,1,1,1,1,0.03954211,8,3,-1,medium,high,0.25,medium,2,,,,16,,witness_ordering,324443
C,C_00419_base,phone_pick,oracle_sfc,1,1,0,0,1,1,0.11019502,8,3,-1,medium,high,0.25,medium,2,,,,16,,witness_ordering,324443
C,C_00419_base,phone_pick,semantic_only,1,1,0,0,1,1,0.0,8,3,-1,medium,high,0.25,medium,2,,,,16,,witness_ordering,324443
C,C_00419_base,phone_pick,posthoc_single,0,0,0,1,1,1,0.03954211,8,3,-1,medium,high,0.25,medium,2,,,,16,,witness_ordering,324443
C,C_00419_base,phone_pick,soft_penalty_fc,1,0,1,1,1,1,0.03954211,8,3,-1,medium,high,0.25,medium,2,,,,16,,witness_ordering,324443
C,C_00420,phone_pick,topk_posthoc,1,1,0,0,1,1,0.11929652,8,3,-1,medium,high,0.25,medium,2,,,,16,,witness_ordering,324444
C,C_00420_base,phone_pick,geometric_fc,1,0,1,1,1,1,0.04366657,8,3,-1,medium,high,0.25,medium,2,,,,16,,witness_ordering,324444
C,C_00420_base,phone_pick,oracle_sfc,1,1,0,0,1,1,0.11929652,8,3,-1,medium,high,0.25,medium,2,,,,16,,witness_ordering,324444
C,C_00420_base,phone_pick,semantic_only,1,1,0,0,1,1,0.0,8,3,-1,medium,high,0.25,medium,2,,,,16,,witness_ordering,324444
C,C_00420_base,phone_pick,posthoc_single,0,0,0,1,1,1,0.04366657,8,3,-1,medium,high,0.25,medium,2,,,,16,,witness_ordering,324444
C,C_00420_base,phone_pick,soft_penalty_fc,1,0,1,1,1,1,0.04366657,8,3,-1,medium,high,0.25,medium,2,,,,16,,witness_ordering,324444
C,C_00421,phone_pick,topk_posthoc,0,0,0,1,1,1,0.0,8,3,-1,medium,high,0.55,medium,2,,,,1,,witness_ordering,324445
C,C_00421_base,phone_pick,geometric_fc,1,0,1,1,1,1,0.04329248,8,3,-1,medium,high,0.55,medium,2,,,,1,,witness_ordering,324445
C,C_00421_base,phone_pick,oracle_sfc,1,1,0,0,1,1,0.08724573,8,3,-1,medium,high,0.55,medium,2,,,,1,,witness_ordering,324445
C,C_00421_base,phone_pick,semantic_only,1,1,0,0,1,1,0.0,8,3,-1,medium,high,0.55,medium,2,,,,1,,witness_ordering,324445
C,C_00421_base,phone_pick,posthoc_single,0,0,0,1,1,1,0.04329248,8,3,-1,medium,high,0.55,medium,2,,,,1,,witness_ordering,324445
C,C_00421_base,phone_pick,soft_penalty_fc,1,0,1,1,1,1,0.04329248,8,3,-1,medium,high,0.55,medium,2,,,,1,,witness_ordering,324445
C,C_00422,phone_pick,topk_posthoc,0,0,0,1,1,1,0.0,8,3,-1,medium,high,0.55,medium,2,,,,1,,witness_ordering,324446
C,C_00422_base,phone_pick,geometric_fc,1,0,1,1,1,1,0.04098689,8,3,-1,medium,high,0.55,medium,2,,,,1,,witness_ordering,324446
C,C_00422_base,phone_pick,oracle_sfc,1,1,0,0,1,1,0.10723626,8,3,-1,medium,high,0.55,medium,2,,,,1,,witness_ordering,324446
C,C_00422_base,phone_pick,semantic_only,1,1,0,0,1,1,0.0,8,3,-1,medium,high,0.55,medium,2,,,,1,,witness_ordering,324446
C,C_00422_base,phone_pick,posthoc_single,0,0,0,1,1,1,0.04098689,8,3,-1,medium,high,0.55,medium,2,,,,1,,witness_ordering,324446
C,C_00422_base,phone_pick,soft_penalty_fc,1,0,1,1,1,1,0.04098689,8,3,-1,medium,high,0.55,medium,2,,,,1,,witness_ordering,324446
C,C_00423,phone_pick,topk_posthoc,0,0,0,1,1,1,0.0,8,3,-1,medium,high,0.55,medium,2,,,,1,,witness_ordering,324447
C,C_00423_base,phone_pick,geometric_fc,1,0,1,1,1,1,0.04440475,8,3,-1,medium,high,0.55,medium,2,,,,1,,witness_ordering,324447
C,C_00423_base,phone_pick,oracle_sfc,1,1,0,0,1,1,0.10292926,8,3,-1,medium,high,0.55,medium,2,,,,1,,witness_ordering,324447
C,C_00423_base,phone_pick,semantic_only,1,1,0,0,1,1,0.0,8,3,-1,medium,high,0.55,medium,2,,,,1,,witness_ordering,324447
C,C_00423_base,phone_pick,posthoc_single,0,0,0,1,1,1,0.04440475,8,3,-1,medium,high,0.55,medium,2,,,,1,,witness_ordering,324447
C,C_00423_base,phone_pick,soft_penalty_fc,1,0,1,1,1,1,0.04440475,8,3,-1,medium,high,0.55,medium,2,,,,1,,witness_ordering,324447
C,C_00424,phone_pick,topk_posthoc,0,0,0,1,1,1,0.0,8,3,-1,medium,high,0.55,medium,2,,,,1,,witness_ordering,324448
C,C_00424_base,phone_pick,geometric_fc,1,0,1,1,1,1,0.04451962,8,3,-1,medium,high,0.55,medium,2,,,,1,,witness_ordering,324448
C,C_00424_base,phone_pick,oracle_sfc,1,1,0,0,1,1,0.08715364,8,3,-1,medium,high,0.55,medium,2,,,,1,,witness_ordering,324448
C,C_00424_base,phone_pick,semantic_only,1,1,0,0,1,1,0.0,8,3,-1,medium,high,0.55,medium,2,,,,1,,witness_ordering,324448
C,C_00424_base,phone_pick,posthoc_single,0,0,0,1,1,1,0.04451962,8,3,-1,medium,high,0.55,medium,2,,,,1,,witness_ordering,324448
C,C_00424_base,phone_pick,soft_penalty_fc,1,0,1,1,1,1,0.04451962,8,3,-1,medium,high,0.55,medium,2,,,,1,,witness_ordering,324448
C,C_00425,phone_pick,topk_posthoc,0,0,0,1,1,1,0.0,8,3,-1,medium,high,0.55,medium,2,,,,1,,witness_ordering,324449
C,C_00425_base,phone_pick,geometric_fc,1,0,1,1,1,1,0.04425861,8,3,-1,medium,high,0.55,medium,2,,,,1,,witness_ordering,324449
C,C_00425_base,phone_pick,oracle_sfc,1,1,0,0,1,1,0.10498895,8,3,-1,medium,high,0.55,medium,2,,,,1,,witness_ordering,324449
C,C_00425_base,phone_pick,semantic_only,1,1,0,0,1,1,0.0,8,3,-1,medium,high,0.55,medium,2,,,,1,,witness_ordering,324449
C,C_00425_base,phone_pick,posthoc_single,0,0,0,1,1,1,0.04425861,8,3,-1,medium,high,0.55,medium,2,,,,1,,witness_ordering,324449
C,C_00425_base,phone_pick,soft_penalty_fc,1,0,1,1,1,1,0.04425861,8,3,-1,medium,high,0.55,medium,2,,,,1,,witness_ordering,324449
C,C_00426,phone_pick,topk_posthoc,0,0,0,1,1,1,0.0,8,3,-1,medium,high,0.55,medium,2,,,,1,,witness_ordering,324450
C,C_00426_base,phone_pick,geometric_fc,1,0,1,1,1,1,0.04276637,8,3,-1,medium,high,0.55,medium,2,,,,1,,witness_ordering,324450
C,C_00426_base,phone_pick,oracle_sfc,1,1,0,0,1,1,0.12325,8,3,-1,medium,high,0.55,medium,2,,,,1,,witness_ordering,324450
C,C_00426_base,phone_pick,semantic_only,1,1,0,0,1,1,0.0,8,3,-1,medium,high,0.55,medium,2,,,,1,,witness_ordering,324450
C,C_00426_base,phone_pick,posthoc_single,0,0,0,1,1,1,0.04276637,8,3,-1,medium,high,0.55,medium,2,,,,1,,witness_ordering,324450
C,C_00426_base,phone_pick,soft_penalty_fc,1,0,1,1,1,1,0.04276637,8,3,-1,medium,high,0.55,medium,2,,,,1,,witness_ordering,324450
C,C_00427,phone_pick,topk_posthoc,0,0,0,1,1,1,0.0,8,3,-1,medium,high,0.55,medium,2,,,,1,,witness_ordering,324451
C,C_00427_base,phone_pick,geometric_fc,1,0,1,1,1,1,0.04112309,8,3,-1,medium,high,0.55,medium,2,,,,1,,witness_ordering,324451
C,C_00427_base,phone_pick,oracle_sfc,1,1,0,0,1,1,0.10901907,8,3,-1,medium,high,0.55,medium,2,,,,1,,witness_ordering,324451
C,C_00427_base,phone_pick,semantic_only,1,1,0,0,1,1,0.0,8,3,-1,medium,high,0.55,medium,2,,,,1,,witness_ordering,324451
C,C_00427_base,phone_pick,posthoc_single,0,0,0,1,1,1,0.04112309,8,3,-1,medium,high,0.55,medium,2,,,,1,,witness_ordering,324451
C,C_00427_base,phone_pick,soft_penalty_fc,1,0,1,1,1,1,0.04112309,8,3,-1,medium,high,0.55,medium,2,,,,1,,witness_ordering,324451
C,C_00428,phone_pick,topk_posthoc,0,0,0,1,1,1,0.0,8,3,-1,medium,high,0.55,medium,2,,,,1,,witness_ordering,324452
C,C_00428_base,phone_pick,geometric_fc,1,0,1,1,1,1,0.04391654,8,3,-1,medium,high,0.55,medium,2,,,,1,,witness_ordering,324452
C,C_00428_base,phone_pick,oracle_sfc,1,1,0,0,1,1,0.11384205,8,3,-1,medium,high,0.55,medium,2,,,,1,,witness_ordering,324452
C,C_00428_base,phone_pick,semantic_only,1,1,0,0,1,1,0.0,8,3,-1,medium,high,0.55,medium,2,,,,1,,witness_ordering,324452
C,C_00428_base,phone_pick,posthoc_single,0,0,0,1,1,1,0.04391654,8,3,-1,medium,high,0.55,medium,2,,,,1,,witness_ordering,324452
C,C_00428_base,phone_pick,soft_penalty_fc,1,0,1,1,1,1,0.04391654,8,3,-1,medium,high,0.55,medium,2,,,,1,,witness_ordering,324452
C,C_00429,phone_pick,topk_posthoc,0,0,0,1,1,1,0.0,8,3,-1,medium,high,0.55,medium,2,,,,1,,witness_ordering,324453
C,C_00429_base,phone_pick,geometric_fc,1,0,1,1,1,1,0.04406689,8,3,-1,medium,high,0.55,medium,2,,,,1,,witness_ordering,324453
C,C_00429_base,phone_pick,oracle_sfc,1,1,0,0,1,1,0.08374055,8,3,-1,medium,high,0.55,medium,2,,,,1,,witness_ordering,324453
C,C_00429_base,phone_pick,semantic_only,1,1,0,0,1,1,0.0,8,3,-1,medium,high,0.55,medium,2,,,,1,,witness_ordering,324453
C,C_00429_base,phone_pick,posthoc_single,0,0,0,1,1,1,0.04406689,8,3,-1,medium,high,0.55,medium,2,,,,1,,witness_ordering,324453
C,C_00429_base,phone_pick,soft_penalty_fc,1,0,1,1,1,1,0.04406689,8,3,-1,medium,high,0.55,medium,2,,,,1,,witness_ordering,324453
C,C_00430,phone_pick,topk_posthoc,0,0,0,1,1,1,0.0,8,3,-1,medium,high,0.55,medium,2,,,,1,,witness_ordering,324454
C,C_00430_base,phone_pick,geometric_fc,1,0,1,1,1,1,0.04383861,8,3,-1,medium,high,0.55,medium,2,,,,1,,witness_ordering,324454
C,C_00430_base,phone_pick,oracle_sfc,1,1,0,0,1,1,0.10340889,8,3,-1,medium,high,0.55,medium,2,,,,1,,witness_ordering,324454
C,C_00430_base,phone_pick,semantic_only,1,1,0,0,1,1,0.0,8,3,-1,medium,high,0.55,medium,2,,,,1,,witness_ordering,324454
C,C_00430_base,phone_pick,posthoc_single,0,0,0,1,1,1,0.04383861,8,3,-1,medium,high,0.55,medium,2,,,,1,,witness_ordering,324454
C,C_00430_base,phone_pick,soft_penalty_fc,1,0,1,1,1,1,0.04383861,8,3,-1,medium,high,0.55,medium,2,,,,1,,witness_ordering,324454
C,C_00431,phone_pick,topk_posthoc,0,0,0,1,1,1,0.0,8,3,-1,medium,high,0.55,medium,2,,,,1,,witness_ordering,324455
C,C_00431_base,phone_pick,geometric_fc,1,0,1,1,1,1,0.0441637,8,3,-1,medium,high,0.55,medium,2,,,,1,,witness_ordering,324455
C,C_00431_base,phone_pick,oracle_sfc,1,1,0,0,1,1,0.11727001,8,3,-1,medium,high,0.55,medium,2,,,,1,,witness_ordering,324455
C,C_00431_base,phone_pick,semantic_only,1,1,0,0,1,1,0.0,8,3,-1,medium,high,0.55,medium,2,,,,1,,witness_ordering,324455
C,C_00431_base,phone_pick,posthoc_single,0,0,0,1,1,1,0.0441637,8,3,-1,medium,high,0.55,medium,2,,,,1,,witness_ordering,324455
C,C_00431_base,phone_pick,soft_penalty_fc,1,0,1,1,1,1,0.0441637,8,3,-1,medium,high,0.55,medium,2,,,,1,,witness_ordering,324455
C,C_00432,phone_pick,topk_posthoc,0,0,0,1,1,1,0.0,8,3,-1,medium,high,0.55,medium,2,,,,1,,witness_ordering,324456
C,C_00432_base,phone_pick,geometric_fc,1,0,1,1,1,1,0.04365761,8,3,-1,medium,high,0.55,medium,2,,,,1,,witness_ordering,324456
C,C_00432_base,phone_pick,oracle_sfc,1,1,0,0,1,1,0.11438178,8,3,-1,medium,high,0.55,medium,2,,,,1,,witness_ordering,324456
C,C_00432_base,phone_pick,semantic_only,1,1,0,0,1,1,0.0,8,3,-1,medium,high,0.55,medium,2,,,,1,,witness_ordering,324456
C,C_00432_base,phone_pick,posthoc_single,0,0,0,1,1,1,0.04365761,8,3,-1,medium,high,0.55,medium,2,,,,1,,witness_ordering,324456
C,C_00432_base,phone_pick,soft_penalty_fc,1,0,1,1,1,1,0.04365761,8,3,-1,medium,high,0.55,medium,2,,,,1,,witness_ordering,324456
C,C_00433,phone_pick,topk_posthoc,0,0,0,1,1,1,0.0,8,3,-1,medium,high,0.55,medium,2,,,,2,,witness_ordering,324457
C,C_00434,phone_pick,topk_posthoc,0,0,0,1,1,1,0.0,8,3,-1,medium,high,0.55,medium,2,,,,2,,witness_ordering,324458
C,C_00435,phone_pick,topk_posthoc,0,0,0,1,1,1,0.0,8,3,-1,medium,high,0.55,medium,2,,,,2,,witness_ordering,324459
C,C_00436,phone_pick,topk_posthoc,1,1,0,0,1,1,0.09165999,8,3,-1,medium,high,0.55,medium,2,,,,2,,witness_ordering,324460
C,C_00437,phone_pick,topk_posthoc,1,1,0,0,1,1,0.06986078,8,3,-1,medium,high,0.55,medium,2,,,,2,,witness_ordering,324461
C,C_00438,phone_pick,topk_posthoc,0,0,0,1,1,1,0.0,8,3,-1,medium,high,0.55,medium,2,,,,2,,witness_ordering,324462
C,C_00439,phone_pick,topk_posthoc,1,1,0,0,1,1,0.1166649,8,3,-1,medium,high,0.55,medium,2,,,,2,,witness_ordering,324463
C,C_00440,phone_pick,topk_posthoc,0,0,0,1,1,1,0.0,8,3,-1,medium,high,0.55,medium,2,,,,2,,witness_ordering,324464
C,C_00441,phone_pick,topk_posthoc,0,0,0,1,1,1,0.0,8,3,-1,medium,high,0.55,medium,2,,,,2,,witness_ordering,324465
C,C_00442,phone_pick,topk_posthoc,0,0,0,1,1,1,0.0,8,3,-1,medium,high,0.55,medium,2,,,,2,,witness_ordering,324466
C,C_00443,phone_pick,topk_posthoc,0,0,0,1,1,1,0.0,8,3,-1,medium,high,0.55,medium,2,,,,2,,witness_ordering,324467
C,C_00444,phone_pick,topk_posthoc,0,0,0,1,1,1,0.0,8,3,-1,medium,high,0.55,medium,2,,,,2,,witness_ordering,324468
C,C_00445,phone_pick,topk_posthoc,0,0,0,1,1,1,0.0,8,3,-1,medium,high,0.55,medium,2,,,,4,,witness_ordering,324469
C,C_00446,phone_pick,topk_posthoc,1,1,0,0,1,1,0.08421828,8,3,-1,medium,high,0.55,medium,2,,,,4,,witness_ordering,324470
C,C_00447,phone_pick,topk_posthoc,1,1,0,0,1,1,0.08872091,8,3,-1,medium,high,0.55,medium,2,,,,4,,witness_ordering,324471
C,C_00448,phone_pick,topk_posthoc,1,1,0,0,1,1,0.1192261,8,3,-1,medium,high,0.55,medium,2,,,,4,,witness_ordering,324472
C,C_00449,phone_pick,topk_posthoc,0,0,0,1,1,1,0.0,8,3,-1,medium,high,0.55,medium,2,,,,4,,witness_ordering,324473
C,C_00450,phone_pick,topk_posthoc,0,0,0,1,1,1,0.0,8,3,-1,medium,high,0.55,medium,2,,,,4,,witness_ordering,324474
C,C_00451,phone_pick,topk_posthoc,0,0,0,1,1,1,0.0,8,3,-1,medium,high,0.55,medium,2,,,,4,,witness_ordering,324475
C,C_00452,phone_pick,topk_posthoc,1,1,0,0,1,1,0.09238891,8,3,-1,medium,high,0.55,medium,2,,,,4,,witness_ordering,324476
C,C_00453,phone_pick,topk_posthoc,0,0,0,1,1,1,0.0,8,3,-1,medium,high,0.55,medium,2,,,,4,,witness_ordering,324477
C,C_00454,phone_pick,topk_posthoc,0,0,0,1,1,1,0.0,8,3,-1,medium,high,0.55,medium,2,,,,4,,witness_ordering,324478
C,C_00455,phone_pick,topk_posthoc,0,0,0,1,1,1,0.0,8,3,-1,medium,high,0.55,medium,2,,,,4,,witness_ordering,324479
C,C_00456,phone_pick,topk_posthoc,0,0,0,1,1,1,0.0,8,3,-1,medium,high,0.55,medium,2,,,,4,,witness_ordering,324480
C,C_00457,phone_pick,topk_posthoc,1,1,0,0,1,1,0.1070211,8,3,-1,medium,high,0.55,medium,2,,,,8,,witness_ordering,324481
C,C_00458,phone_pick,topk_posthoc,1,1,0,0,1,1,0.11680929,8,3,-1,medium,high,0.55,medium,2,,,,8,,witness_ordering,324482
C,C_00459,phone_pick,topk_posthoc,1,1,0,0,1,1,0.10332705,8,3,-1,medium,high,0.55,medium,2,,,,8,,witness_ordering,324483
C,C_00460,phone_pick,topk_posthoc,1,1,0,0,1,1,0.10700211,8,3,-1,medium,high,0.55,medium,2,,,,8,,witness_ordering,324484
C,C_00461,phone_pick,topk_posthoc,1,1,0,0,1,1,0.10798345,8,3,-1,medium,high,0.55,medium,2,,,,8,,witness_ordering,324485
C,C_00462,phone_pick,topk_posthoc,1,1,0,0,1,1,0.10183535,8,3,-1,medium,high,0.55,medium,2,,,,8,,witness_ordering,324486
C,C_00463,phone_pick,topk_posthoc,1,1,0,0,1,1,0.11078248,8,3,-1,medium,high,0.55,medium,2,,,,8,,witness_ordering,324487
C,C_00464,phone_pick,topk_posthoc,1,1,0,0,1,1,0.11189827,8,3,-1,medium,high,0.55,medium,2,,,,8,,witness_ordering,324488
C,C_00465,phone_pick,topk_posthoc,1,1,0,0,1,1,0.11926719,8,3,-1,medium,high,0.55,medium,2,,,,8,,witness_ordering,324489
C,C_00466,phone_pick,topk_posthoc,1,1,0,0,1,1,0.09887301,8,3,-1,medium,high,0.55,medium,2,,,,8,,witness_ordering,324490
C,C_00467,phone_pick,topk_posthoc,0,0,0,1,1,1,0.0,8,3,-1,medium,high,0.55,medium,2,,,,8,,witness_ordering,324491
C,C_00468,phone_pick,topk_posthoc,1,1,0,0,1,1,0.08425106,8,3,-1,medium,high,0.55,medium,2,,,,8,,witness_ordering,324492
C,C_00469,phone_pick,topk_posthoc,1,1,0,0,1,1,0.1063562,8,3,-1,medium,high,0.55,medium,2,,,,16,,witness_ordering,324493
C,C_00469_base,phone_pick,geometric_fc,1,0,1,1,1,1,0.04170799,8,3,-1,medium,high,0.55,medium,2,,,,16,,witness_ordering,324493
C,C_00469_base,phone_pick,oracle_sfc,1,1,0,0,1,1,0.1063562,8,3,-1,medium,high,0.55,medium,2,,,,16,,witness_ordering,324493
C,C_00469_base,phone_pick,semantic_only,1,1,0,0,1,1,0.0,8,3,-1,medium,high,0.55,medium,2,,,,16,,witness_ordering,324493
C,C_00469_base,phone_pick,posthoc_single,0,0,0,1,1,1,0.04170799,8,3,-1,medium,high,0.55,medium,2,,,,16,,witness_ordering,324493
C,C_00469_base,phone_pick,soft_penalty_fc,1,0,1,1,1,1,0.04170799,8,3,-1,medium,high,0.55,medium,2,,,,16,,witness_ordering,324493
C,C_00470,phone_pick,topk_posthoc,1,1,0,0,1,1,0.10960731,8,3,-1,medium,high,0.55,medium,2,,,,16,,witness_ordering,324494
C,C_00470_base,phone_pick,geometric_fc,1,0,1,1,1,1,0.04144118,8,3,-1,medium,high,0.55,medium,2,,,,16,,witness_ordering,324494
C,C_00470_base,phone_pick,oracle_sfc,1,1,0,0,1,1,0.10960731,8,3,-1,medium,high,0.55,medium,2,,,,16,,witness_ordering,324494
C,C_00470_base,phone_pick,semantic_only,1,1,0,0,1,1,0.0,8,3,-1,medium,high,0.55,medium,2,,,,16,,witness_ordering,324494
C,C_00470_base,phone_pick,posthoc_single,0,0,0,1,1,1,0.04144118,8,3,-1,medium,high,0.55,medium,2,,,,16,,witness_ordering,324494
C,C_00470_base,phone_pick,soft_penalty_fc,1,0,1,1,1,1,0.04144118,8,3,-1,medium,high,0.55,medium,2,,,,16,,witness_ordering,324494
C,C_00471,phone_pick,topk_posthoc,1,1,0,0,1,1,0.1005818,8,3,-1,medium,high,0.55,medium,2,,,,16,,witness_ordering,324495
C,C_00471_base,phone_pick,geometric_fc,1,0,1,1,1,1,0.04469628,8,3,-1,medium,high,0.55,medium,2,,,,16,,witness_ordering,324495
C,C_00471_base,phone_pick,oracle_sfc,1,1,0,0,1,1,0.1005818,8,3,-1,medium,high,0.55,medium,2,,,,16,,witness_ordering,324495
C,C_00471_base,phone_pick,semantic_only,1,1,0,0,1,1,0.0,8,3,-1,medium,high,0.55,medium,2,,,,16,,witness_ordering,324495
C,C_00471_base,phone_pick,posthoc_single,0,0,0,1,1,1,0.04469628,8,3,-1,medium,high,0.55,medium,2,,,,16,,witness_ordering,324495
C,C_00471_base,phone_pick,soft_penalty_fc,1,0,1,1,1,1,0.04469628,8,3,-1,medium,high,0.55,medium,2,,,,16,,witness_ordering,324495
C,C_00472,phone_pick,topk_posthoc,1,1,0,0,1,1,0.10199875,8,3,-1,medium,high,0.55,medium,2,,,,16,,witness_ordering,324496
C,C_00472_base,phone_pick,geometric_fc,1,0,1,1,1,1,0.04300154,8,3,-1,medium,high,0.55,medium,2,,,,16,,witness_ordering,324496
C,C_00472_base,phone_pick,oracle_sfc,1,1,0,0,1,1,0.10199875,8,3,-1,medium,high,0.55,medium,2,,,,16,,witness_ordering,324496
C,C_00472_base,phone_pick,semantic_only,1,1,0,0,1,1,0.0,8,3,-1,medium,high,0.55,medium,2,,,,16,,witness_ordering,324496
C,C_00472_base,phone_pick,posthoc_single,0,0,0,1,1,1,0.04300154,8,3,-1,medium,high,0.55,medium,2,,,,16,,witness_ordering,324496
C,C_00472_base,phone_pick,soft_penalty_fc,1,0,1,1,1,1,0.04300154,8,3,-1,medium,high,0.55,medium,2,,,,16,,witness_ordering,324496
C,C_00473,phone_pick,topk_posthoc,1,1,0,0,1,1,0.11381993,8,3,-1,medium,high,0.55,medium,2,,,,16,,witness_ordering,324497
C,C_00473_base,phone_pick,geometric_fc,1,0,1,1,1,1,0.04529814,8,3,-1,medium,high,0.55,medium,2,,,,16,,witness_ordering,324497
C,C_00473_base,phone_pick,oracle_sfc,1,1,0,0,1,1,0.11381993,8,3,-1,medium,high,0.55,medium,2,,,,16,,witness_ordering,324497
C,C_00473_base,phone_pick,semantic_only,1,1,0,0,1,1,0.0,8,3,-1,medium,high,0.55,medium,2,,,,16,,witness_ordering,324497
C,C_00473_base,phone_pick,posthoc_single,0,0,0,1,1,1,0.04529814,8,3,-1,medium,high,0.55,medium,2,,,,16,,witness_ordering,324497
C,C_00473_base,phone_pick,soft_penalty_fc,1,0,1,1,1,1,0.04529814,8,3,-1,medium,high,0.55,medium,2,,,,16,,witness_ordering,324497
C,C_00474,phone_pick,topk_posthoc,1,1,0,0,1,1,0.10944956,8,3,-1,medium,high,0.55,medium,2,,,,16,,witness_ordering,324498
C,C_00474_base,phone_pick,geometric_fc,1,0,1,1,1,1,0.04363215,8,3,-1,medium,high,0.55,medium,2,,,,16,,witness_ordering,324498
C,C_00474_base,phone_pick,oracle_sfc,1,1,0,0,1,1,0.10944956,8,3,-1,medium,high,0.55,medium,2,,,,16,,witness_ordering,324498
C,C_00474_base,phone_pick,semantic_only,1,1,0,0,1,1,0.0,8,3,-1,medium,high,0.55,medium,2,,,,16,,witness_ordering,324498
C,C_00474_base,phone_pick,posthoc_single,0,0,0,1,1,1,0.04363215,8,3,-1,medium,high,0.55,medium,2,,,,16,,witness_ordering,324498
C,C_00474_base,phone_pick,soft_penalty_fc,1,0,1,1,1,1,0.04363215,8,3,-1,medium,high,0.55,medium,2,,,,16,,witness_ordering,324498
C,C_00475,phone_pick,topk_posthoc,1,1,0,0,1,1,0.10837928,8,3,-1,medium,high,0.55,medium,2,,,,16,,witness_ordering,324499
C,C_00475_base,phone_pick,geometric_fc,1,0,1,1,1,1,0.04321174,8,3,-1,medium,high,0.55,medium,2,,,,16,,witness_ordering,324499
C,C_00475_base,phone_pick,oracle_sfc,1,1,0,0,1,1,0.10837928,8,3,-1,medium,high,0.55,medium,2,,,,16,,witness_ordering,324499
C,C_00475_base,phone_pick,semantic_only,1,1,0,0,1,1,0.0,8,3,-1,medium,high,0.55,medium,2,,,,16,,witness_ordering,324499
C,C_00475_base,phone_pick,posthoc_single,0,0,0,1,1,1,0.04321174,8,3,-1,medium,high,0.55,medium,2,,,,16,,witness_ordering,324499
C,C_00475_base,phone_pick,soft_penalty_fc,1,0,1,1,1,1,0.04321174,8,3,-1,medium,high,0.55,medium,2,,,,16,,witness_ordering,324499
C,C_00476,phone_pick,topk_posthoc,1,1,0,0,1,1,0.09788258,8,3,-1,medium,high,0.55,medium,2,,,,16,,witness_ordering,324500
C,C_00476_base,phone_pick,geometric_fc,1,0,1,1,1,1,0.04322259,8,3,-1,medium,high,0.55,medium,2,,,,16,,witness_ordering,324500
C,C_00476_base,phone_pick,oracle_sfc,1,1,0,0,1,1,0.09788258,8,3,-1,medium,high,0.55,medium,2,,,,16,,witness_ordering,324500
C,C_00476_base,phone_pick,semantic_only,1,1,0,0,1,1,0.0,8,3,-1,medium,high,0.55,medium,2,,,,16,,witness_ordering,324500
C,C_00476_base,phone_pick,posthoc_single,0,0,0,1,1,1,0.04322259,8,3,-1,medium,high,0.55,medium,2,,,,16,,witness_ordering,324500
C,C_00476_base,phone_pick,soft_penalty_fc,1,0,1,1,1,1,0.04322259,8,3,-1,medium,high,0.55,medium,2,,,,16,,witness_ordering,324500
C,C_00477,phone_pick,topk_posthoc,1,1,0,0,1,1,0.10329338,8,3,-1,medium,high,0.55,medium,2,,,,16,,witness_ordering,324501
C,C_00477_base,phone_pick,geometric_fc,1,0,1,1,1,1,0.04261778,8,3,-1,medium,high,0.55,medium,2,,,,16,,witness_ordering,324501
C,C_00477_base,phone_pick,oracle_sfc,1,1,0,0,1,1,0.10329338,8,3,-1,medium,high,0.55,medium,2,,,,16,,witness_ordering,324501
C,C_00477_base,phone_pick,semantic_only,1,1,0,0,1,1,0.0,8,3,-1,medium,high,0.55,medium,2,,,,16,,witness_ordering,324501
C,C_00477_base,phone_pick,posthoc_single,0,0,0,1,1,1,0.04261778,8,3,-1,medium,high,0.55,medium,2,,,,16,,witness_ordering,324501
C,C_00477_base,phone_pick,soft_penalty_fc,1,0,1,1,1,1,0.04261778,8,3,-1,medium,high,0.55,medium,2,,,,16,,witness_ordering,324501
C,C_00478,phone_pick,topk_posthoc,1,1,0,0,1,1,0.1052749,8,3,-1,medium,high,0.55,medium,2,,,,16,,witness_ordering,324502
C,C_00478_base,phone_pick,geometric_fc,1,0,1,1,1,1,0.04120946,8,3,-1,medium,high,0.55,medium,2,,,,16,,witness_ordering,324502
C,C_00478_base,phone_pick,oracle_sfc,1,1,0,0,1,1,0.1052749,8,3,-1,medium,high,0.55,medium,2,,,,16,,witness_ordering,324502
C,C_00478_base,phone_pick,semantic_only,1,1,0,0,1,1,0.0,8,3,-1,medium,high,0.55,medium,2,,,,16,,witness_ordering,324502
C,C_00478_base,phone_pick,posthoc_single,0,0,0,1,1,1,0.04120946,8,3,-1,medium,high,0.55,medium,2,,,,16,,witness_ordering,324502
C,C_00478_base,phone_pick,soft_penalty_fc,1,0,1,1,1,1,0.04120946,8,3,-1,medium,high,0.55,medium,2,,,,16,,witness_ordering,324502
C,C_00479,phone_pick,topk_posthoc,1,1,0,0,1,1,0.09837726,8,3,-1,medium,high,0.55,medium,2,,,,16,,witness_ordering,324503
C,C_00479_base,phone_pick,geometric_fc,1,0,1,1,1,1,0.04414205,8,3,-1,medium,high,0.55,medium,2,,,,16,,witness_ordering,324503
C,C_00479_base,phone_pick,oracle_sfc,1,1,0,0,1,1,0.09837726,8,3,-1,medium,high,0.55,medium,2,,,,16,,witness_ordering,324503
C,C_00479_base,phone_pick,semantic_only,1,1,0,0,1,1,0.0,8,3,-1,medium,high,0.55,medium,2,,,,16,,witness_ordering,324503
C,C_00479_base,phone_pick,posthoc_single,0,0,0,1,1,1,0.04414205,8,3,-1,medium,high,0.55,medium,2,,,,16,,witness_ordering,324503
C,C_00479_base,phone_pick,soft_penalty_fc,1,0,1,1,1,1,0.04414205,8,3,-1,medium,high,0.55,medium,2,,,,16,,witness_ordering,324503
C,C_00480,phone_pick,topk_posthoc,1,1,0,0,1,1,0.11721799,8,3,-1,medium,high,0.55,medium,2,,,,16,,witness_ordering,324504
C,C_00480_base,phone_pick,geometric_fc,1,0,1,1,1,1,0.0408601,8,3,-1,medium,high,0.55,medium,2,,,,16,,witness_ordering,324504
C,C_00480_base,phone_pick,oracle_sfc,1,1,0,0,1,1,0.11721799,8,3,-1,medium,high,0.55,medium,2,,,,16,,witness_ordering,324504
C,C_00480_base,phone_pick,semantic_only,1,1,0,0,1,1,0.0,8,3,-1,medium,high,0.55,medium,2,,,,16,,witness_ordering,324504
C,C_00480_base,phone_pick,posthoc_single,0,0,0,1,1,1,0.0408601,8,3,-1,medium,high,0.55,medium,2,,,,16,,witness_ordering,324504
C,C_00480_base,phone_pick,soft_penalty_fc,1,0,1,1,1,1,0.0408601,8,3,-1,medium,high,0.55,medium,2,,,,16,,witness_ordering,324504
C,C_00481,phone_pick,topk_posthoc,0,0,0,1,1,1,0.0,8,3,-1,medium,high,0.85,medium,2,,,,1,,witness_ordering,324505
C,C_00481_base,phone_pick,geometric_fc,1,0,1,1,1,1,0.04150983,8,3,-1,medium,high,0.85,medium,2,,,,1,,witness_ordering,324505
C,C_00481_base,phone_pick,oracle_sfc,1,1,0,0,1,1,0.08498238,8,3,-1,medium,high,0.85,medium,2,,,,1,,witness_ordering,324505
C,C_00481_base,phone_pick,semantic_only,1,1,0,0,1,1,0.0,8,3,-1,medium,high,0.85,medium,2,,,,1,,witness_ordering,324505
C,C_00481_base,phone_pick,posthoc_single,0,0,0,1,1,1,0.04150983,8,3,-1,medium,high,0.85,medium,2,,,,1,,witness_ordering,324505
C,C_00481_base,phone_pick,soft_penalty_fc,1,0,1,1,1,1,0.04150983,8,3,-1,medium,high,0.85,medium,2,,,,1,,witness_ordering,324505
C,C_00482,phone_pick,topk_posthoc,0,0,0,1,1,1,0.0,8,3,-1,medium,high,0.85,medium,2,,,,1,,witness_ordering,324506
C,C_00482_base,phone_pick,geometric_fc,1,0,1,1,1,1,0.04498126,8,3,-1,medium,high,0.85,medium,2,,,,1,,witness_ordering,324506
C,C_00482_base,phone_pick,oracle_sfc,1,1,0,0,1,1,0.10047351,8,3,-1,medium,high,0.85,medium,2,,,,1,,witness_ordering,324506
C,C_00482_base,phone_pick,semantic_only,1,1,0,0,1,1,0.0,8,3,-1,medium,high,0.85,medium,2,,,,1,,witness_ordering,324506
C,C_00482_base,phone_pick,posthoc_single,0,0,0,1,1,1,0.04498126,8,3,-1,medium,high,0.85,medium,2,,,,1,,witness_ordering,324506
C,C_00482_base,phone_pick,soft_penalty_fc,1,0,1,1,1,1,0.04498126,8,3,-1,medium,high,0.85,medium,2,,,,1,,witness_ordering,324506
C,C_00483,phone_pick,topk_posthoc,0,0,0,1,1,1,0.0,8,3,-1,medium,high,0.85,medium,2,,,,1,,witness_ordering,324507
C,C_00483_base,phone_pick,geometric_fc,1,0,1,1,1,1,0.0418754,8,3,-1,medium,high,0.85,medium,2,,,,1,,witness_ordering,324507
C,C_00483_base,phone_pick,oracle_sfc,1,1,0,0,1,1,0.11332737,8,3,-1,medium,high,0.85,medium,2,,,,1,,witness_ordering,324507
C,C_00483_base,phone_pick,semantic_only,1,1,0,0,1,1,0.0,8,3,-1,medium,high,0.85,medium,2,,,,1,,witness_ordering,324507
C,C_00483_base,phone_pick,posthoc_single,0,0,0,1,1,1,0.0418754,8,3,-1,medium,high,0.85,medium,2,,,,1,,witness_ordering,324507
C,C_00483_base,phone_pick,soft_penalty_fc,1,0,1,1,1,1,0.0418754,8,3,-1,medium,high,0.85,medium,2,,,,1,,witness_ordering,324507
C,C_00484,phone_pick,topk_posthoc,0,0,0,1,1,1,0.0,8,3,-1,medium,high,0.85,medium,2,,,,1,,witness_ordering,324508
C,C_00484_base,phone_pick,geometric_fc,1,0,1,1,1,1,0.04378778,8,3,-1,medium,high,0.85,medium,2,,,,1,,witness_ordering,324508
C,C_00484_base,phone_pick,oracle_sfc,1,1,0,0,1,1,0.09188736,8,3,-1,medium,high,0.85,medium,2,,,,1,,witness_ordering,324508
C,C_00484_base,phone_pick,semantic_only,1,1,0,0,1,1,0.0,8,3,-1,medium,high,0.85,medium,2,,,,1,,witness_ordering,324508
C,C_00484_base,phone_pick,posthoc_single,0,0,0,1,1,1,0.04378778,8,3,-1,medium,high,0.85,medium,2,,,,1,,witness_ordering,324508
C,C_00484_base,phone_pick,soft_penalty_fc,1,0,1,1,1,1,0.04378778,8,3,-1,medium,high,0.85,medium,2,,,,1,,witness_ordering,324508
C,C_00485,phone_pick,topk_posthoc,0,0,0,1,1,1,0.0,8,3,-1,medium,high,0.85,medium,2,,,,1,,witness_ordering,324509
C,C_00485_base,phone_pick,geometric_fc,1,0,1,1,1,1,0.0434145,8,3,-1,medium,high,0.85,medium,2,,,,1,,witness_ordering,324509
C,C_00485_base,phone_pick,oracle_sfc,1,1,0,0,1,1,0.11334228,8,3,-1,medium,high,0.85,medium,2,,,,1,,witness_ordering,324509
C,C_00485_base,phone_pick,semantic_only,1,1,0,0,1,1,0.0,8,3,-1,medium,high,0.85,medium,2,,,,1,,witness_ordering,324509
C,C_00485_base,phone_pick,posthoc_single,0,0,0,1,1,1,0.0434145,8,3,-1,medium,high,0.85,medium,2,,,,1,,witness_ordering,324509
C,C_00485_base,phone_pick,soft_penalty_fc,1,0,1,1,1,1,0.0434145,8,3,-1,medium,high,0.85,medium,2,,,,1,,witness_ordering,324509
C,C_00486,phone_pick,topk_posthoc,0,0,0,1,1,1,0.0,8,3,-1,medium,high,0.85,medium,2,,,,1,,witness_ordering,324510
C,C_00486_base,phone_pick,geometric_fc,1,0,1,1,1,1,0.04380173,8,3,-1,medium,high,0.85,medium,2,,,,1,,witness_ordering,324510
C,C_00486_base,phone_pick,oracle_sfc,1,1,0,0,1,1,0.09901571,8,3,-1,medium,high,0.85,medium,2,,,,1,,witness_ordering,324510
C,C_00486_base,phone_pick,semantic_only,1,1,0,0,1,1,0.0,8,3,-1,medium,high,0.85,medium,2,,,,1,,witness_ordering,324510
C,C_00486_base,phone_pick,posthoc_single,0,0,0,1,1,1,0.04380173,8,3,-1,medium,high,0.85,medium,2,,,,1,,witness_ordering,324510
C,C_00486_base,phone_pick,soft_penalty_fc,1,0,1,1,1,1,0.04380173,8,3,-1,medium,high,0.85,medium,2,,,,1,,witness_ordering,324510
C,C_00487,phone_pick,topk_posthoc,0,0,0,1,1,1,0.0,8,3,-1,medium,high,0.85,medium,2,,,,1,,witness_ordering,324511
C,C_00487_base,phone_pick,geometric_fc,1,0,1,1,1,1,0.04162472,8,3,-1,medium,high,0.85,medium,2,,,,1,,witness_ordering,324511
C,C_00487_base,phone_pick,oracle_sfc,1,1,0,0,1,1,0.1092737,8,3,-1,medium,high,0.85,medium,2,,,,1,,witness_ordering,324511
C,C_00487_base,phone_pick,semantic_only,1,1,0,0,1,1,0.0,8,3,-1,medium,high,0.85,medium,2,,,,1,,witness_ordering,324511
C,C_00487_base,phone_pick,posthoc_single,0,0,0,1,1,1,0.04162472,8,3,-1,medium,high,0.85,medium,2,,,,1,,witness_ordering,324511
C,C_00487_base,phone_pick,soft_penalty_fc,1,0,1,1,1,1,0.04162472,8,3,-1,medium,high,0.85,medium,2,,,,1,,witness_ordering,324511
C,C_00488,phone_pick,topk_posthoc,0,0,0,1,1,1,0.0,8,3,-1,medium,high,0.85,medium,2,,,,1,,witness_ordering,324512
C,C_00488_base,phone_pick,geometric_fc,1,0,1,1,1,1,0.04252428,8,3,-1,medium,high,0.85,medium,2,,,,1,,witness_ordering,324512
C,C_00488_base,phone_pick,oracle_sfc,1,1,0,0,1,1,0.09360549,8,3,-1,medium,high,0.85,medium,2,,,,1,,witness_ordering,324512
C,C_00488_base,phone_pick,semantic_only,1,1,0,0,1,1,0.0,8,3,-1,medium,high,0.85,medium,2,,,,1,,witness_ordering,324512
C,C_00488_base,phone_pick,posthoc_single,0,0,0,1,1,1,0.04252428,8,3,-1,medium,high,0.85,medium,2,,,,1,,witness_ordering,324512
C,C_00488_base,phone_pick,soft_penalty_fc,1,0,1,1,1,1,0.04252428,8,3,-1,medium,high,0.85,medium,2,,,,1,,witness_ordering,324512
C,C_00489,phone_pick,topk_posthoc,0,0,0,1,1,1,0.0,8,3,-1,medium,high,0.85,medium,2,,,,1,,witness_ordering,324513
C,C_00489_base,phone_pick,geometric_fc,1,0,1,1,1,1,0.04450198,8,3,-1,medium,high,0.85,medium,2,,,,1,,witness_ordering,324513
C,C_00489_base,phone_pick,oracle_sfc,1,1,0,0,1,1,0.09497935,8,3,-1,medium,high,0.85,medium,2,,,,1,,witness_ordering,324513
C,C_00489_base,phone_pick,semantic_only,1,1,0,0,1,1,0.0,8,3,-1,medium,high,0.85,medium,2,,,,1,,witness_ordering,324513
C,C_00489_base,phone_pick,posthoc_single,0,0,0,1,1,1,0.04450198,8,3,-1,medium,high,0.85,medium,2,,,,1,,witness_ordering,324513
C,C_00489_base,phone_pick,soft_penalty_fc,1,0,1,1,1,1,0.04450198,8,3,-1,medium,high,0.85,medium,2,,,,1,,witness_ordering,324513
C,C_00490,phone_pick,topk_posthoc,0,0,0,1,1,1,0.0,8,3,-1,medium,high,0.85,medium,2,,,,1,,witness_ordering,324514
C,C_00490_base,phone_pick,geometric_fc,1,0,1,1,1,1,0.04286178,8,3,-1,medium,high,0.85,medium,2,,,,1,,witness_ordering,324514
C,C_00490_base,phone_pick,oracle_sfc,1,1,0,0,1,1,0.11897151,8,3,-1,medium,high,0.85,medium,2,,,,1,,witness_ordering,324514
C,C_00490_base,phone_pick,semantic_only,1,1,0,0,1,1,0.0,8,3,-1,medium,high,0.85,medium,2,,,,1,,witness_ordering,324514
C,C_00490_base,phone_pick,posthoc_single,0,0,0,1,1,1,0.04286178,8,3,-1,medium,high,0.85,medium,2,,,,1,,witness_ordering,324514
C,C_00490_base,phone_pick,soft_penalty_fc,1,0,1,1,1,1,0.04286178,8,3,-1,medium,high,0.85,medium,2,,,,1,,witness_ordering,324514
C,C_00491,phone_pick,topk_posthoc,0,0,0,1,1,1,0.0,8,3,-1,medium,high,0.85,medium,2,,,,1,,witness_ordering,324515
C,C_00491_base,phone_pick,geometric_fc,1,0,1,1,1,1,0.04411529,8,3,-1,medium,high,0.85,medium,2,,,,1,,witness_ordering,324515
C,C_00491_base,phone_pick,oracle_sfc,1,1,0,0,1,1,0.10241882,8,3,-1,medium,high,0.85,medium,2,,,,1,,witness_ordering,324515
C,C_00491_base,phone_pick,semantic_only,1,1,0,0,1,1,0.0,8,3,-1,medium,high,0.85,medium,2,,,,1,,witness_ordering,324515
C,C_00491_base,phone_pick,posthoc_single,0,0,0,1,1,1,0.04411529,8,3,-1,medium,high,0.85,medium,2,,,,1,,witness_ordering,324515
C,C_00491_base,phone_pick,soft_penalty_fc,1,0,1,1,1,1,0.04411529,8,3,-1,medium,high,0.85,medium,2,,,,1,,witness_ordering,324515
C,C_00492,phone_pick,topk_posthoc,0,0,0,1,1,1,0.0,8,3,-1,medium,high,0.85,medium,2,,,,1,,witness_ordering,324516
C,C_00492_base,phone_pick,geometric_fc,1,0,1,1,1,1,0.04391039,8,3,-1,medium,high,0.85,medium,2,,,,1,,witness_ordering,324516
C,C_00492_base,phone_pick,oracle_sfc,1,1,0,0,1,1,0.10839143,8,3,-1,medium,high,0.85,medium,2,,,,1,,witness_ordering,324516
C,C_00492_base,phone_pick,semantic_only,1,1,0,0,1,1,0.0,8,3,-1,medium,high,0.85,medium,2,,,,1,,witness_ordering,324516
C,C_00492_base,phone_pick,posthoc_single,0,0,0,1,1,1,0.04391039,8,3,-1,medium,high,0.85,medium,2,,,,1,,witness_ordering,324516
C,C_00492_base,phone_pick,soft_penalty_fc,1,0,1,1,1,1,0.04391039,8,3,-1,medium,high,0.85,medium,2,,,,1,,witness_ordering,324516
C,C_00493,phone_pick,topk_posthoc,0,0,0,1,1,1,0.0,8,3,-1,medium,high,0.85,medium,2,,,,2,,witness_ordering,324517
C,C_00494,phone_pick,topk_posthoc,1,1,0,0,1,1,0.09705613,8,3,-1,medium,high,0.85,medium,2,,,,2,,witness_ordering,324518
C,C_00495,phone_pick,topk_posthoc,0,0,0,1,1,1,0.0,8,3,-1,medium,high,0.85,medium,2,,,,2,,witness_ordering,324519
C,C_00496,phone_pick,topk_posthoc,0,0,0,1,1,1,0.0,8,3,-1,medium,high,0.85,medium,2,,,,2,,witness_ordering,324520
C,C_00497,phone_pick,topk_posthoc,0,0,0,1,1,1,0.0,8,3,-1,medium,high,0.85,medium,2,,,,2,,witness_ordering,324521
C,C_00498,phone_pick,topk_posthoc,0,0,0,1,1,1,0.0,8,3,-1,medium,high,0.85,medium,2,,,,2,,witness_ordering,324522
C,C_00499,phone_pick,topk_posthoc,0,0,0,1,1,1,0.0,8,3,-1,medium,high,0.85,medium,2,,,,2,,witness_ordering,324523
C,C_00500,phone_pick,topk_posthoc,0,0,0,1,1,1,0.0,8,3,-1,medium,high,0.85,medium,2,,,,2,,witness_ordering,324524
C,C_00501,phone_pick,topk_posthoc,0,0,0,1,1,1,0.0,8,3,-1,medium,high,0.85,medium,2,,,,2,,witness_ordering,324525
C,C_00502,phone_pick,topk_posthoc,0,0,0,1,1,1,0.0,8,3,-1,medium,high,0.85,medium,2,,,,2,,witness_ordering,324526
C,C_00503,phone_pick,topk_posthoc,0,0,0,1,1,1,0.0,8,3,-1,medium,high,0.85,medium,2,,,,2,,witness_ordering,324527
C,C_00504,phone_pick,topk_posthoc,1,1,0,0,1,1,0.09009407,8,3,-1,medium,high,0.85,medium,2,,,,2,,witness_ordering,324528
C,C_00505,phone_pick,topk_posthoc,1,1,0,0,1,1,0.12224945,8,3,-1,medium,high,0.85,medium,2,,,,4,,witness_ordering,324529
C,C_00506,phone_pick,topk_posthoc,0,0,0,1,1,1,0.0,8,3,-1,medium,high,0.85,medium,2,,,,4,,witness_ordering,324530
C,C_00507,phone_pick,topk_posthoc,1,1,0,0,1,1,0.092539,8,3,-1,medium,high,0.85,medium,2,,,,4,,witness_ordering,324531
C,C_00508,phone_pick,topk_posthoc,0,0,0,1,1,1,0.0,8,3,-1,medium,high,0.85,medium,2,,,,4,,witness_ordering,324532
C,C_00509,phone_pick,topk_posthoc,1,1,0,0,1,1,0.09612808,8,3,-1,medium,high,0.85,medium,2,,,,4,,witness_ordering,324533
C,C_00510,phone_pick,topk_posthoc,1,1,0,0,1,1,0.09244034,8,3,-1,medium,high,0.85,medium,2,,,,4,,witness_ordering,324534
C,C_00511,phone_pick,topk_posthoc,0,0,0,1,1,1,0.0,8,3,-1,medium,high,0.85,medium,2,,,,4,,witness_ordering,324535
C,C_00512,phone_pick,topk_posthoc,1,1,0,0,1,1,0.09927726,8,3,-1,medium,high,0.85,medium,2,,,,4,,witness_ordering,324536
C,C_00513,phone_pick,topk_posthoc,1,1,0,0,1,1,0.11235487,8,3,-1,medium,high,0.85,medium,2,,,,4,,witness_ordering,324537
C,C_00514,phone_pick,topk_posthoc,1,1,0,0,1,1,0.07790527,8,3,-1,medium,high,0.85,medium,2,,,,4,,witness_ordering,324538
C,C_00515,phone_pick,topk_posthoc,0,0,0,1,1,1,0.0,8,3,-1,medium,high,0.85,medium,2,,,,4,,witness_ordering,324539
C,C_00516,phone_pick,topk_posthoc,0,0,0,1,1,1,0.0,8,3,-1,medium,high,0.85,medium,2,,,,4,,witness_ordering,324540
C,C_00517,phone_pick,topk_posthoc,1,1,0,0,1,1,0.07945345,8,3,-1,medium,high,0.85,medium,2,,,,8,,witness_ordering,324541
C,C_00518,phone_pick,topk_posthoc,1,1,0,0,1,1,0.0776376,8,3,-1,medium,high,0.85,medium,2,,,,8,,witness_ordering,324542
C,C_00519,phone_pick,topk_posthoc,1,1,0,0,1,1,0.10138284,8,3,-1,medium,high,0.85,medium,2,,,,8,,witness_ordering,324543
C,C_00520,phone_pick,topk_posthoc,1,1,0,0,1,1,0.08334113,8,3,-1,medium,high,0.85,medium,2,,,,8,,witness_ordering,324544
C,C_00521,phone_pick,topk_posthoc,1,1,0,0,1,1,0.09572998,8,3,-1,medium,high,0.85,medium,2,,,,8,,witness_ordering,324545
C,C_00522,phone_pick,topk_posthoc,1,1,0,0,1,1,0.11202768,8,3,-1,medium,high,0.85,medium,2,,,,8,,witness_ordering,324546
C,C_00523,phone_pick,topk_posthoc,0,0,0,1,1,1,0.0,8,3,-1,medium,high,0.85,medium,2,,,,8,,witness_ordering,324547
C,C_00524,phone_pick,topk_posthoc,0,0,0,1,1,1,0.0,8,3,-1,medium,high,0.85,medium,2,,,,8,,witness_ordering,324548
C,C_00525,phone_pick,topk_posthoc,1,1,0,0,1,1,0.09847432,8,3,-1,medium,high,0.85,medium,2,,,,8,,witness_ordering,324549
C,C_00526,phone_pick,topk_posthoc,1,1,0,0,1,1,0.10426415,8,3,-1,medium,high,0.85,medium,2,,,,8,,witness_ordering,324550
C,C_00527,phone_pick,topk_posthoc,0,0,0,1,1,1,0.0,8,3,-1,medium,high,0.85,medium,2,,,,8,,witness_ordering,324551
C,C_00528,phone_pick,topk_posthoc,1,1,0,0,1,1,0.09827404,8,3,-1,medium,high,0.85,medium,2,,,,8,,witness_ordering,324552
C,C_00529,phone_pick,topk_posthoc,1,1,0,0,1,1,0.09268433,8,3,-1,medium,high,0.85,medium,2,,,,16,,witness_ordering,324553
C,C_00529_base,phone_pick,geometric_fc,1,0,1,1,1,1,0.04334476,8,3,-1,medium,high,0.85,medium,2,,,,16,,witness_ordering,324553
C,C_00529_base,phone_pick,oracle_sfc,1,1,0,0,1,1,0.09268433,8,3,-1,medium,high,0.85,medium,2,,,,16,,witness_ordering,324553
C,C_00529_base,phone_pick,semantic_only,1,1,0,0,1,1,0.0,8,3,-1,medium,high,0.85,medium,2,,,,16,,witness_ordering,324553
C,C_00529_base,phone_pick,posthoc_single,0,0,0,1,1,1,0.04334476,8,3,-1,medium,high,0.85,medium,2,,,,16,,witness_ordering,324553
C,C_00529_base,phone_pick,soft_penalty_fc,1,0,1,1,1,1,0.04334476,8,3,-1,medium,high,0.85,medium,2,,,,16,,witness_ordering,324553
C,C_00530,phone_pick,topk_posthoc,1,1,0,0,1,1,0.11108594,8,3,-1,medium,high,0.85,medium,2,,,,16,,witness_ordering,324554
C,C_00530_base,phone_pick,geometric_fc,1,0,1,1,1,1,0.04540103,8,3,-1,medium,high,0.85,medium,2,,,,16,,witness_ordering,324554
C,C_00530_base,phone_pick,oracle_sfc,1,1,0,0,1,1,0.11108594,8,3,-1,medium,high,0.85,medium,2,,,,16,,witness_ordering,324554
C,C_00530_base,phone_pick,semantic_only,1,1,0,0,1,1,0.0,8,3,-1,medium,high,0.85,medium,2,,,,16,,witness_ordering,324554
C,C_00530_base,phone_pick,posthoc_single,0,0,0,1,1,1,0.04540103,8,3,-1,medium,high,0.85,medium,2,,,,16,,witness_ordering,324554
C,C_00530_base,phone_pick,soft_penalty_fc,1,0,1,1,1,1,0.04540103,8,3,-1,medium,high,0.85,medium,2,,,,16,,witness_ordering,324554
C,C_00531,phone_pick,topk_posthoc,1,1,0,0,1,1,0.10356562,8,3,-1,medium,high,0.85,medium,2,,,,16,,witness_ordering,324555
C,C_00531_base,phone_pick,geometric_fc,1,0,1,1,1,1,0.04392748,8,3,-1,medium,high,0.85,medium,2,,,,16,,witness_ordering,324555
C,C_00531_base,phone_pick,oracle_sfc,1,1,0,0,1,1,0.10356562,8,3,-1,medium,high,0.85,medium,2,,,,16,,witness_ordering,324555
C,C_00531_base,phone_pick,semantic_only,1,1,0,0,1,1,0.0,8,3,-1,medium,high,0.85,medium,2,,,,16,,witness_ordering,324555
C,C_00531_base,phone_pick,posthoc_single,0,0,0,1,1,1,0.04392748,8,3,-1,medium,high,0.85,medium,2,,,,16,,witness_ordering,324555
C,C_00531_base,phone_pick,soft_penalty_fc,1,0,1,1,1,1,0.04392748,8,3,-1,medium,high,0.85,medium,2,,,,16,,witness_ordering,324555
C,C_00532,phone_pick,topk_posthoc,1,1,0,0,1,1,0.10722229,8,3,-1,medium,high,0.85,medium,2,,,,16,,witness_ordering,324556
C,C_00532_base,phone_pick,geometric_fc,1,0,1,1,1,1,0.04333425,8,3,-1,medium,high,0.85,medium,2,,,,16,,witness_ordering,324556
C,C_00532_base,phone_pick,oracle_sfc,1,1,0,0,1,1,0.10722229,8,3,-1,medium,high,0.85,medium,2,,,,16,,witness_ordering,324556
C,C_00532_base,phone_pick,semantic_only,1,1,0,0,1,1,0.0,8,3,-1,medium,high,0.85,medium,2,,,,16,,witness_ordering,324556
C,C_00532_base,phone_pick,posthoc_single,0,0,0,1,1,1,0.04333425,8,3,-1,medium,high,0.85,medium,2,,,,16,,witness_ordering,324556
C,C_00532_base,phone_pick,soft_penalty_fc,1,0,1,1,1,1,0.04333425,8,3,-1,medium,high,0.85,medium,2,,,,16,,witness_ordering,324556
C,C_00533,phone_pick,topk_posthoc,1,1,0,0,1,1,0.11399132,8,3,-1,medium,high,0.85,medium,2,,,,16,,witness_ordering,324557
C,C_00533_base,phone_pick,geometric_fc,1,0,1,1,1,1,0.04587003,8,3,-1,medium,high,0.85,medium,2,,,,16,,witness_ordering,324557
C,C_00533_base,phone_pick,oracle_sfc,1,1,0,0,1,1,0.11399132,8,3,-1,medium,high,0.85,medium,2,,,,16,,witness_ordering,324557
C,C_00533_base,phone_pick,semantic_only,1,1,0,0,1,1,0.0,8,3,-1,medium,high,0.85,medium,2,,,,16,,witness_ordering,324557
C,C_00533_base,phone_pick,posthoc_single,0,0,0,1,1,1,0.04587003,8,3,-1,medium,high,0.85,medium,2,,,,16,,witness_ordering,324557
C,C_00533_base,phone_pick,soft_penalty_fc,1,0,1,1,1,1,0.04587003,8,3,-1,medium,high,0.85,medium,2,,,,16,,witness_ordering,324557
C,C_00534,phone_pick,topk_posthoc,1,1,0,0,1,1,0.10398356,8,3,-1,medium,high,0.85,medium,2,,,,16,,witness_ordering,324558
C,C_00534_base,phone_pick,geometric_fc,1,0,1,1,1,1,0.04313306,8,3,-1,medium,high,0.85,medium,2,,,,16,,witness_ordering,324558
C,C_00534_base,phone_pick,oracle_sfc,1,1,0,0,1,1,0.10398356,8,3,-1,medium,high,0.85,medium,2,,,,16,,witness_ordering,324558
C,C_00534_base,phone_pick,semantic_only,1,1,0,0,1,1,0.0,8,3,-1,medium,high,0.85,medium,2,,,,16,,witness_ordering,324558
C,C_00534_base,phone_pick,posthoc_single,0,0,0,1,1,1,0.04313306,8,3,-1,medium,high,0.85,medium,2,,,,16,,witness_ordering,324558
C,C_00534_base,phone_pick,soft_penalty_fc,1,0,1,1,1,1,0.04313306,8,3,-1,medium,high,0.85,medium,2,,,,16,,witness_ordering,324558
C,C_00535,phone_pick,topk_posthoc,1,1,0,0,1,1,0.1054536,8,3,-1,medium,high,0.85,medium,2,,,,16,,witness_ordering,324559
C,C_00535_base,phone_pick,geometric_fc,1,0,1,1,1,1,0.04507079,8,3,-1,medium,high,0.85,medium,2,,,,16,,witness_ordering,324559
C,C_00535_base,phone_pick,oracle_sfc,1,1,0,0,1,1,0.1054536,8,3,-1,medium,high,0.85,medium,2,,,,16,,witness_ordering,324559
C,C_00535_base,phone_pick,semantic_only,1,1,0,0,1,1,0.0,8,3,-1,medium,high,0.85,medium,2,,,,16,,witness_ordering,324559
C,C_00535_base,phone_pick,posthoc_single,0,0,0,1,1,1,0.04507079,8,3,-1,medium,high,0.85,medium,2,,,,16,,witness_ordering,324559
C,C_00535_base,phone_pick,soft_penalty_fc,1,0,1,1,1,1,0.04507079,8,3,-1,medium,high,0.85,medium,2,,,,16,,witness_ordering,324559
C,C_00536,phone_pick,topk_posthoc,1,1,0,0,1,1,0.09485943,8,3,-1,medium,high,0.85,medium,2,,,,16,,witness_ordering,324560
C,C_00536_base,phone_pick,geometric_fc,1,0,1,1,1,1,0.04509669,8,3,-1,medium,high,0.85,medium,2,,,,16,,witness_ordering,324560
C,C_00536_base,phone_pick,oracle_sfc,1,1,0,0,1,1,0.09485943,8,3,-1,medium,high,0.85,medium,2,,,,16,,witness_ordering,324560
C,C_00536_base,phone_pick,semantic_only,1,1,0,0,1,1,0.0,8,3,-1,medium,high,0.85,medium,2,,,,16,,witness_ordering,324560
C,C_00536_base,phone_pick,posthoc_single,0,0,0,1,1,1,0.04509669,8,3,-1,medium,high,0.85,medium,2,,,,16,,witness_ordering,324560
C,C_00536_base,phone_pick,soft_penalty_fc,1,0,1,1,1,1,0.04509669,8,3,-1,medium,high,0.85,medium,2,,,,16,,witness_ordering,324560
C,C_00537,phone_pick,topk_posthoc,1,1,0,0,1,1,0.10790135,8,3,-1,medium,high,0.85,medium,2,,,,16,,witness_ordering,324561
C,C_00537_base,phone_pick,geometric_fc,1,0,1,1,1,1,0.04255412,8,3,-1,medium,high,0.85,medium,2,,,,16,,witness_ordering,324561
C,C_00537_base,phone_pick,oracle_sfc,1,1,0,0,1,1,0.10790135,8,3,-1,medium,high,0.85,medium,2,,,,16,,witness_ordering,324561
C,C_00537_base,phone_pick,semantic_only,1,1,0,0,1,1,0.0,8,3,-1,medium,high,0.85,medium,2,,,,16,,witness_ordering,324561
C,C_00537_base,phone_pick,posthoc_single,0,0,0,1,1,1,0.04255412,8,3,-1,medium,high,0.85,medium,2,,,,16,,witness_ordering,324561
C,C_00537_base,phone_pick,soft_penalty_fc,1,0,1,1,1,1,0.04255412,8,3,-1,medium,high,0.85,medium,2,,,,16,,witness_ordering,324561
C,C_00538,phone_pick,topk_posthoc,1,1,0,0,1,1,0.10012392,8,3,-1,medium,high,0.85,medium,2,,,,16,,witness_ordering,324562
C,C_00538_base,phone_pick,geometric_fc,1,0,1,1,1,1,0.0450161,8,3,-1,medium,high,0.85,medium,2,,,,16,,witness_ordering,324562
C,C_00538_base,phone_pick,oracle_sfc,1,1,0,0,1,1,0.10012392,8,3,-1,medium,high,0.85,medium,2,,,,16,,witness_ordering,324562
C,C_00538_base,phone_pick,semantic_only,1,1,0,0,1,1,0.0,8,3,-1,medium,high,0.85,medium,2,,,,16,,witness_ordering,324562
C,C_00538_base,phone_pick,posthoc_single,0,0,0,1,1,1,0.0450161,8,3,-1,medium,high,0.85,medium,2,,,,16,,witness_ordering,324562
C,C_00538_base,phone_pick,soft_penalty_fc,1,0,1,1,1,1,0.0450161,8,3,-1,medium,high,0.85,medium,2,,,,16,,witness_ordering,324562
C,C_00539,phone_pick,topk_posthoc,1,1,0,0,1,1,0.116693,8,3,-1,medium,high,0.85,medium,2,,,,16,,witness_ordering,324563
C,C_00539_base,phone_pick,geometric_fc,1,0,1,1,1,1,0.04279692,8,3,-1,medium,high,0.85,medium,2,,,,16,,witness_ordering,324563
C,C_00539_base,phone_pick,oracle_sfc,1,1,0,0,1,1,0.116693,8,3,-1,medium,high,0.85,medium,2,,,,16,,witness_ordering,324563
C,C_00539_base,phone_pick,semantic_only,1,1,0,0,1,1,0.0,8,3,-1,medium,high,0.85,medium,2,,,,16,,witness_ordering,324563
C,C_00539_base,phone_pick,posthoc_single,0,0,0,1,1,1,0.04279692,8,3,-1,medium,high,0.85,medium,2,,,,16,,witness_ordering,324563
C,C_00539_base,phone_pick,soft_penalty_fc,1,0,1,1,1,1,0.04279692,8,3,-1,medium,high,0.85,medium,2,,,,16,,witness_ordering,324563
C,C_00540,phone_pick,topk_posthoc,1,1,0,0,1,1,0.08764262,8,3,-1,medium,high,0.85,medium,2,,,,16,,witness_ordering,324564
C,C_00540_base,phone_pick,geometric_fc,1,0,1,1,1,1,0.04428213,8,3,-1,medium,high,0.85,medium,2,,,,16,,witness_ordering,324564
C,C_00540_base,phone_pick,oracle_sfc,1,1,0,0,1,1,0.08764262,8,3,-1,medium,high,0.85,medium,2,,,,16,,witness_ordering,324564
C,C_00540_base,phone_pick,semantic_only,1,1,0,0,1,1,0.0,8,3,-1,medium,high,0.85,medium,2,,,,16,,witness_ordering,324564
C,C_00540_base,phone_pick,posthoc_single,0,0,0,1,1,1,0.04428213,8,3,-1,medium,high,0.85,medium,2,,,,16,,witness_ordering,324564
C,C_00540_base,phone_pick,soft_penalty_fc,1,0,1,1,1,1,0.04428213,8,3,-1,medium,high,0.85,medium,2,,,,16,,witness_ordering,324564
C,C_00541,spray_bottle_use,topk_posthoc,0,0,0,1,1,1,0.0,9,4,-1,medium,high,0.25,medium,2,,,,1,,witness_ordering,324565
C,C_00541_base,spray_bottle_use,geometric_fc,1,0,1,1,1,1,0.04341842,9,4,-1,medium,high,0.25,medium,2,,,,1,,witness_ordering,324565
C,C_00541_base,spray_bottle_use,oracle_sfc,1,1,0,0,1,1,0.00439125,9,4,-1,medium,high,0.25,medium,2,,,,1,,witness_ordering,324565
C,C_00541_base,spray_bottle_use,semantic_only,1,1,0,0,1,1,0.0,9,4,-1,medium,high,0.25,medium,2,,,,1,,witness_ordering,324565
C,C_00541_base,spray_bottle_use,posthoc_single,0,0,0,1,1,1,0.04341842,9,4,-1,medium,high,0.25,medium,2,,,,1,,witness_ordering,324565
C,C_00541_base,spray_bottle_use,soft_penalty_fc,1,0,1,1,1,1,0.04341842,9,4,-1,medium,high,0.25,medium,2,,,,1,,witness_ordering,324565
C,C_00542,spray_bottle_use,topk_posthoc,0,0,0,0,1,0,0.0,9,4,-1,medium,high,0.25,medium,2,,,,1,,witness_ordering,324566
C,C_00542_base,spray_bottle_use,geometric_fc,1,0,1,0,1,0,0.04491071,9,4,-1,medium,high,0.25,medium,2,,,,1,,witness_ordering,324566
C,C_00542_base,spray_bottle_use,oracle_sfc,0,0,0,0,1,0,0.0,9,4,-1,medium,high,0.25,medium,2,,,,1,,witness_ordering,324566
C,C_00542_base,spray_bottle_use,semantic_only,1,0,1,0,1,0,0.0,9,4,-1,medium,high,0.25,medium,2,,,,1,,witness_ordering,324566
C,C_00542_base,spray_bottle_use,posthoc_single,0,0,0,0,1,0,0.04491071,9,4,-1,medium,high,0.25,medium,2,,,,1,,witness_ordering,324566
C,C_00542_base,spray_bottle_use,soft_penalty_fc,1,0,1,0,1,0,0.04491071,9,4,-1,medium,high,0.25,medium,2,,,,1,,witness_ordering,324566
C,C_00543,spray_bottle_use,topk_posthoc,0,0,0,1,1,1,0.0,9,4,-1,medium,high,0.25,medium,2,,,,1,,witness_ordering,324567
C,C_00543_base,spray_bottle_use,geometric_fc,1,0,1,1,1,1,0.03663206,9,4,-1,medium,high,0.25,medium,2,,,,1,,witness_ordering,324567
C,C_00543_base,spray_bottle_use,oracle_sfc,1,1,0,0,1,1,0.06232392,9,4,-1,medium,high,0.25,medium,2,,,,1,,witness_ordering,324567
C,C_00543_base,spray_bottle_use,semantic_only,1,1,0,0,1,1,0.0,9,4,-1,medium,high,0.25,medium,2,,,,1,,witness_ordering,324567
C,C_00543_base,spray_bottle_use,posthoc_single,0,0,0,1,1,1,0.03663206,9,4,-1,medium,high,0.25,medium,2,,,,1,,witness_ordering,324567
C,C_00543_base,spray_bottle_use,soft_penalty_fc,1,0,1,1,1,1,0.03663206,9,4,-1,medium,high,0.25,medium,2,,,,1,,witness_ordering,324567
C,C_00544,spray_bottle_use,topk_posthoc,0,0,0,1,1,1,0.0,9,4,-1,medium,high,0.25,medium,2,,,,1,,witness_ordering,324568
C,C_00544_base,spray_bottle_use,geometric_fc,1,0,1,1,1,1,0.04135878,9,4,-1,medium,high,0.25,medium,2,,,,1,,witness_ordering,324568
C,C_00544_base,spray_bottle_use,oracle_sfc,1,1,0,0,1,1,0.03859689,9,4,-1,medium,high,0.25,medium,2,,,,1,,witness_ordering,324568
C,C_00544_base,spray_bottle_use,semantic_only,1,1,0,0,1,1,0.0,9,4,-1,medium,high,0.25,medium,2,,,,1,,witness_ordering,324568
C,C_00544_base,spray_bottle_use,posthoc_single,0,0,0,1,1,1,0.04135878,9,4,-1,medium,high,0.25,medium,2,,,,1,,witness_ordering,324568
C,C_00544_base,spray_bottle_use,soft_penalty_fc,1,0,1,1,1,1,0.04135878,9,4,-1,medium,high,0.25,medium,2,,,,1,,witness_ordering,324568
C,C_00545,spray_bottle_use,topk_posthoc,0,0,0,1,1,1,0.0,9,4,-1,medium,high,0.25,medium,2,,,,1,,witness_ordering,324569
C,C_00545_base,spray_bottle_use,geometric_fc,1,0,1,1,1,1,0.03614963,9,4,-1,medium,high,0.25,medium,2,,,,1,,witness_ordering,324569
C,C_00545_base,spray_bottle_use,oracle_sfc,1,1,0,0,1,1,0.05014457,9,4,-1,medium,high,0.25,medium,2,,,,1,,witness_ordering,324569
C,C_00545_base,spray_bottle_use,semantic_only,1,1,0,0,1,1,0.0,9,4,-1,medium,high,0.25,medium,2,,,,1,,witness_ordering,324569
C,C_00545_base,spray_bottle_use,posthoc_single,0,0,0,1,1,1,0.03614963,9,4,-1,medium,high,0.25,medium,2,,,,1,,witness_ordering,324569
C,C_00545_base,spray_bottle_use,soft_penalty_fc,1,0,1,1,1,1,0.03614963,9,4,-1,medium,high,0.25,medium,2,,,,1,,witness_ordering,324569
C,C_00546,spray_bottle_use,topk_posthoc,0,0,0,1,1,1,0.0,9,4,-1,medium,high,0.25,medium,2,,,,1,,witness_ordering,324570
C,C_00546_base,spray_bottle_use,geometric_fc,1,0,1,1,1,1,0.04091753,9,4,-1,medium,high,0.25,medium,2,,,,1,,witness_ordering,324570
C,C_00546_base,spray_bottle_use,oracle_sfc,1,1,0,0,1,1,0.06044679,9,4,-1,medium,high,0.25,medium,2,,,,1,,witness_ordering,324570
C,C_00546_base,spray_bottle_use,semantic_only,1,1,0,0,1,1,0.0,9,4,-1,medium,high,0.25,medium,2,,,,1,,witness_ordering,324570
C,C_00546_base,spray_bottle_use,posthoc_single,0,0,0,1,1,1,0.04091753,9,4,-1,medium,high,0.25,medium,2,,,,1,,witness_ordering,324570
C,C_00546_base,spray_bottle_use,soft_penalty_fc,1,0,1,1,1,1,0.04091753,9,4,-1,medium,high,0.25,medium,2,,,,1,,witness_ordering,324570
C,C_00547,spray_bottle_use,topk_posthoc,0,0,0,1,1,1,0.0,9,4,-1,medium,high,0.25,medium,2,,,,1,,witness_ordering,324571
C,C_00547_base,spray_bottle_use,geometric_fc,1,0,1,1,1,1,0.04247104,9,4,-1,medium,high,0.25,medium,2,,,,1,,witness_ordering,324571
C,C_00547_base,spray_bottle_use,oracle_sfc,1,1,0,0,1,1,0.03656157,9,4,-1,medium,high,0.25,medium,2,,,,1,,witness_ordering,324571
C,C_00547_base,spray_bottle_use,semantic_only,1,1,0,0,1,1,0.0,9,4,-1,medium,high,0.25,medium,2,,,,1,,witness_ordering,324571
C,C_00547_base,spray_bottle_use,posthoc_single,0,0,0,1,1,1,0.04247104,9,4,-1,medium,high,0.25,medium,2,,,,1,,witness_ordering,324571
C,C_00547_base,spray_bottle_use,soft_penalty_fc,1,0,1,1,1,1,0.04247104,9,4,-1,medium,high,0.25,medium,2,,,,1,,witness_ordering,324571
C,C_00548,spray_bottle_use,topk_posthoc,0,0,0,1,1,1,0.0,9,4,-1,medium,high,0.25,medium,2,,,,1,,witness_ordering,324572
C,C_00548_base,spray_bottle_use,geometric_fc,1,0,1,1,1,1,0.04686852,9,4,-1,medium,high,0.25,medium,2,,,,1,,witness_ordering,324572
C,C_00548_base,spray_bottle_use,oracle_sfc,1,1,0,0,1,1,0.01367887,9,4,-1,medium,high,0.25,medium,2,,,,1,,witness_ordering,324572
C,C_00548_base,spray_bottle_use,semantic_only,1,1,0,0,1,1,0.0,9,4,-1,medium,high,0.25,medium,2,,,,1,,witness_ordering,324572
C,C_00548_base,spray_bottle_use,posthoc_single,0,0,0,1,1,1,0.04686852,9,4,-1,medium,high,0.25,medium,2,,,,1,,witness_ordering,324572
C,C_00548_base,spray_bottle_use,soft_penalty_fc,1,0,1,1,1,1,0.04686852,9,4,-1,medium,high,0.25,medium,2,,,,1,,witness_ordering,324572
C,C_00549,spray_bottle_use,topk_posthoc,0,0,0,1,1,1,0.0,9,4,-1,medium,high,0.25,medium,2,,,,1,,witness_ordering,324573
C,C_00549_base,spray_bottle_use,geometric_fc,1,0,1,1,1,1,0.04692323,9,4,-1,medium,high,0.25,medium,2,,,,1,,witness_ordering,324573
C,C_00549_base,spray_bottle_use,oracle_sfc,1,1,0,0,1,1,0.0315278,9,4,-1,medium,high,0.25,medium,2,,,,1,,witness_ordering,324573
C,C_00549_base,spray_bottle_use,semantic_only,1,1,0,0,1,1,0.0,9,4,-1,medium,high,0.25,medium,2,,,,1,,witness_ordering,324573
C,C_00549_base,spray_bottle_use,posthoc_single,0,0,0,1,1,1,0.04692323,9,4,-1,medium,high,0.25,medium,2,,,,1,,witness_ordering,324573
C,C_00549_base,spray_bottle_use,soft_penalty_fc,1,0,1,1,1,1,0.04692323,9,4,-1,medium,high,0.25,medium,2,,,,1,,witness_ordering,324573
C,C_00550,spray_bottle_use,topk_posthoc,0,0,0,1,1,1,0.0,9,4,-1,medium,high,0.25,medium,2,,,,1,,witness_ordering,324574
C,C_00550_base,spray_bottle_use,geometric_fc,1,0,1,1,1,1,0.04182435,9,4,-1,medium,high,0.25,medium,2,,,,1,,witness_ordering,324574
C,C_00550_base,spray_bottle_use,oracle_sfc,1,1,0,0,1,1,0.01845644,9,4,-1,medium,high,0.25,medium,2,,,,1,,witness_ordering,324574
C,C_00550_base,spray_bottle_use,semantic_only,1,1,0,0,1,1,0.0,9,4,-1,medium,high,0.25,medium,2,,,,1,,witness_ordering,324574
C,C_00550_base,spray_bottle_use,posthoc_single,0,0,0,1,1,1,0.04182435,9,4,-1,medium,high,0.25,medium,2,,,,1,,witness_ordering,324574
C,C_00550_base,spray_bottle_use,soft_penalty_fc,1,0,1,1,1,1,0.04182435,9,4,-1,medium,high,0.25,medium,2,,,,1,,witness_ordering,324574
C,C_00551,spray_bottle_use,topk_posthoc,0,0,0,1,1,1,0.0,9,4,-1,medium,high,0.25,medium,2,,,,1,,witness_ordering,324575
C,C_00551_base,spray_bottle_use,geometric_fc,1,0,1,1,1,1,0.04232629,9,4,-1,medium,high,0.25,medium,2,,,,1,,witness_ordering,324575
C,C_00551_base,spray_bottle_use,oracle_sfc,1,1,0,0,1,1,0.00562433,9,4,-1,medium,high,0.25,medium,2,,,,1,,witness_ordering,324575
C,C_00551_base,spray_bottle_use,semantic_only,1,1,0,0,1,1,0.0,9,4,-1,medium,high,0.25,medium,2,,,,1,,witness_ordering,324575
C,C_00551_base,spray_bottle_use,posthoc_single,0,0,0,1,1,1,0.04232629,9,4,-1,medium,high,0.25,medium,2,,,,1,,witness_ordering,324575
C,C_00551_base,spray_bottle_use,soft_penalty_fc,1,0,1,1,1,1,0.04232629,9,4,-1,medium,high,0.25,medium,2,,,,1,,witness_ordering,324575
C,C_00552,spray_bottle_use,topk_posthoc,0,0,0,1,1,1,0.0,9,4,-1,medium,high,0.25,medium,2,,,,1,,witness_ordering,324576
C,C_00552_base,spray_bottle_use,geometric_fc,1,0,1,1,1,1,0.03741686,9,4,-1,medium,high,0.25,medium,2,,,,1,,witness_ordering,324576
C,C_00552_base,spray_bottle_use,oracle_sfc,1,1,0,0,1,1,0.04036832,9,4,-1,medium,high,0.25,medium,2,,,,1,,witness_ordering,324576
C,C_00552_base,spray_bottle_use,semantic_only,1,1,0,0,1,1,0.0,9,4,-1,medium,high,0.25,medium,2,,,,1,,witness_ordering,324576
C,C_00552_base,spray_bottle_use,posthoc_single,0,0,0,1,1,1,0.03741686,9,4,-1,medium,high,0.25,medium,2,,,,1,,witness_ordering,324576
C,C_00552_base,spray_bottle_use,soft_penalty_fc,1,0,1,1,1,1,0.03741686,9,4,-1,medium,high,0.25,medium,2,,,,1,,witness_ordering,324576
C,C_00553,spray_bottle_use,topk_posthoc,0,0,0,1,1,1,0.0,9,4,-1,medium,high,0.25,medium,2,,,,2,,witness_ordering,324577
C,C_00554,spray_bottle_use,topk_posthoc,0,0,0,1,1,1,0.0,9,4,-1,medium,high,0.25,medium,2,,,,2,,witness_ordering,324578
C,C_00555,spray_bottle_use,topk_posthoc,0,0,0,0,1,0,0.0,9,4,-1,medium,high,0.25,medium,2,,,,2,,witness_ordering,324579
C,C_00556,spray_bottle_use,topk_posthoc,0,0,0,1,1,1,0.0,9,4,-1,medium,high,0.25,medium,2,,,,2,,witness_ordering,324580
C,C_00557,spray_bottle_use,topk_posthoc,0,0,0,1,1,1,0.0,9,4,-1,medium,high,0.25,medium,2,,,,2,,witness_ordering,324581
C,C_00558,spray_bottle_use,topk_posthoc,1,1,0,0,1,1,0.0317945,9,4,-1,medium,high,0.25,medium,2,,,,2,,witness_ordering,324582
C,C_00559,spray_bottle_use,topk_posthoc,0,0,0,0,1,0,0.0,9,4,-1,medium,high,0.25,medium,2,,,,2,,witness_ordering,324583
C,C_00560,spray_bottle_use,topk_posthoc,0,0,0,1,1,1,0.0,9,4,-1,medium,high,0.25,medium,2,,,,2,,witness_ordering,324584
C,C_00561,spray_bottle_use,topk_posthoc,0,0,0,0,1,0,0.0,9,4,-1,medium,high,0.25,medium,2,,,,2,,witness_ordering,324585
C,C_00562,spray_bottle_use,topk_posthoc,0,0,0,1,1,1,0.0,9,4,-1,medium,high,0.25,medium,2,,,,2,,witness_ordering,324586
C,C_00563,spray_bottle_use,topk_posthoc,0,0,0,1,1,1,0.0,9,4,-1,medium,high,0.25,medium,2,,,,2,,witness_ordering,324587
C,C_00564,spray_bottle_use,topk_posthoc,1,1,0,0,1,1,0.0198191,9,4,-1,medium,high,0.25,medium,2,,,,2,,witness_ordering,324588
C,C_00565,spray_bottle_use,topk_posthoc,0,0,0,1,1,1,0.0,9,4,-1,medium,high,0.25,medium,2,,,,4,,witness_ordering,324589
C,C_00566,spray_bottle_use,topk_posthoc,0,0,0,1,1,1,0.0,9,4,-1,medium,high,0.25,medium,2,,,,4,,witness_ordering,324590
C,C_00567,spray_bottle_use,topk_posthoc,1,1,0,0,1,1,0.05536759,9,4,-1,medium,high,0.25,medium,2,,,,4,,witness_ordering,324591
C,C_00568,spray_bottle_use,topk_posthoc,1,1,0,0,1,1,0.0150002,9,4,-1,medium,high,0.25,medium,2,,,,4,,witness_ordering,324592
C,C_00569,spray_bottle_use,topk_posthoc,1,1,0,0,1,1,0.04702378,9,4,-1,medium,high,0.25,medium,2,,,,4,,witness_ordering,324593
C,C_00570,spray_bottle_use,topk_posthoc,0,0,0,1,1,1,0.0,9,4,-1,medium,high,0.25,medium,2,,,,4,,witness_ordering,324594
C,C_00571,spray_bottle_use,topk_posthoc,0,0,0,1,1,1,0.0,9,4,-1,medium,high,0.25,medium,2,,,,4,,witness_ordering,324595
C,C_00572,spray_bottle_use,topk_posthoc,0,0,0,1,1,1,0.0,9,4,-1,medium,high,0.25,medium,2,,,,4,,witness_ordering,324596
C,C_00573,spray_bottle_use,topk_posthoc,0,0,0,1,1,1,0.0,9,4,-1,medium,high,0.25,medium,2,,,,4,,witness_ordering,324597
C,C_00574,spray_bottle_use,topk_posthoc,1,1,0,0,1,1,0.03542585,9,4,-1,medium,high,0.25,medium,2,,,,4,,witness_ordering,324598
C,C_00575,spray_bottle_use,topk_posthoc,0,0,0,1,1,1,0.0,9,4,-1,medium,high,0.25,medium,2,,,,4,,witness_ordering,324599
C,C_00576,spray_bottle_use,topk_posthoc,1,1,0,0,1,1,0.04960487,9,4,-1,medium,high,0.25,medium,2,,,,4,,witness_ordering,324600
C,C_00577,spray_bottle_use,topk_posthoc,0,0,0,1,1,1,0.0,9,4,-1,medium,high,0.25,medium,2,,,,8,,witness_ordering,324601
C,C_00578,spray_bottle_use,topk_posthoc,1,1,0,0,1,1,0.05453069,9,4,-1,medium,high,0.25,medium,2,,,,8,,witness_ordering,324602
C,C_00579,spray_bottle_use,topk_posthoc,0,0,0,1,1,1,0.0,9,4,-1,medium,high,0.25,medium,2,,,,8,,witness_ordering,324603
C,C_00580,spray_bottle_use,topk_posthoc,0,0,0,0,1,0,0.0,9,4,-1,medium,high,0.25,medium,2,,,,8,,witness_ordering,324604
C,C_00581,spray_bottle_use,topk_posthoc,1,1,0,0,1,1,0.04291713,9,4,-1,medium,high,0.25,medium,2,,,,8,,witness_ordering,324605
C,C_00582,spray_bottle_use,topk_posthoc,1,1,0,0,1,1,0.03808478,9,4,-1,medium,high,0.25,medium,2,,,,8,,witness_ordering,324606
C,C_00583,spray_bottle_use,topk_posthoc,1,1,0,0,1,1,0.0536579,9,4,-1,medium,high,0.25,medium,2,,,,8,,witness_ordering,324607
C,C_00584,spray_bottle_use,topk_posthoc,0,0,0,0,1,0,0.0,9,4,-1,medium,high,0.25,medium,2,,,,8,,witness_ordering,324608
C,C_00585,spray_bottle_use,topk_posthoc,1,1,0,0,1,1,0.03950651,9,4,-1,medium,high,0.25,medium,2,,,,8,,witness_ordering,324609
C,C_00586,spray_bottle_use,topk_posthoc,1,1,0,0,1,1,0.05903422,9,4,-1,medium,high,0.25,medium,2,,,,8,,witness_ordering,324610
C,C_00587,spray_bottle_use,topk_posthoc,1,1,0,0,1,1,0.05004447,9,4,-1,medium,high,0.25,medium,2,,,,8,,witness_ordering,324611
C,C_00588,spray_bottle_use,topk_posthoc,0,0,0,0,1,0,0.0,9,4,-1,medium,high,0.25,medium,2,,,,8,,witness_ordering,324612
C,C_00589,spray_bottle_use,topk_posthoc,0,0,0,0,1,0,0.0,9,4,-1,medium,high,0.25,medium,2,,,,16,,witness_ordering,324613
C,C_00589_base,spray_bottle_use,geometric_fc,1,0,1,0,1,0,0.0424193,9,4,-1,medium,high,0.25,medium,2,,,,16,,witness_ordering,324613
C,C_00589_base,spray_bottle_use,oracle_sfc,0,0,0,0,1,0,0.0,9,4,-1,medium,high,0.25,medium,2,,,,16,,witness_ordering,324613
C,C_00589_base,spray_bottle_use,semantic_only,1,0,1,0,1,0,0.0,9,4,-1,medium,high,0.25,medium,2,,,,16,,witness_ordering,324613
C,C_00589_base,spray_bottle_use,posthoc_single,0,0,0,0,1,0,0.0424193,9,4,-1,medium,high,0.25,medium,2,,,,16,,witness_ordering,324613
C,C_00589_base,spray_bottle_use,soft_penalty_fc,1,0,1,0,1,0,0.0424193,9,4,-1,medium,high,0.25,medium,2,,,,16,,witness_ordering,324613
C,C_00590,spray_bottle_use,topk_posthoc,1,1,0,0,1,1,0.0726553,9,4,-1,medium,high,0.25,medium,2,,,,16,,witness_ordering,324614
C,C_00590_base,spray_bottle_use,geometric_fc,1,0,1,1,1,1,0.03546678,9,4,-1,medium,high,0.25,medium,2,,,,16,,witness_ordering,324614
C,C_00590_base,spray_bottle_use,oracle_sfc,1,1,0,0,1,1,0.0726553,9,4,-1,medium,high,0.25,medium,2,,,,16,,witness_ordering,324614
C,C_00590_base,spray_bottle_use,semantic_only,1,1,0,0,1,1,0.0,9,4,-1,medium,high,0.25,medium,2,,,,16,,witness_ordering,324614
C,C_00590_base,spray_bottle_use,posthoc_single,0,0,0,1,1,1,0.03546678,9,4,-1,medium,high,0.25,medium,2,,,,16,,witness_ordering,324614
C,C_00590_base,spray_bottle_use,soft_penalty_fc,1,0,1,1,1,1,0.03546678,9,4,-1,medium,high,0.25,medium,2,,,,16,,witness_ordering,324614
C,C_00591,spray_bottle_use,topk_posthoc,1,1,0,0,1,1,0.01024187,9,4,-1,medium,high,0.25,medium,2,,,,16,,witness_ordering,324615
C,C_00591_base,spray_bottle_use,geometric_fc,1,0,1,1,1,1,0.04039205,9,4,-1,medium,high,0.25,medium,2,,,,16,,witness_ordering,324615
C,C_00591_base,spray_bottle_use,oracle_sfc,1,1,0,0,1,1,0.01024187,9,4,-1,medium,high,0.25,medium,2,,,,16,,witness_ordering,324615
C,C_00591_base,spray_bottle_use,semantic_only,1,1,0,0,1,1,0.0,9,4,-1,medium,high,0.25,medium,2,,,,16,,witness_ordering,324615
C,C_00591_base,spray_bottle_use,posthoc_single,0,0,0,1,1,1,0.04039205,9,4,-1,medium,high,0.25,medium,2,,,,16,,witness_ordering,324615
C,C_00591_base,spray_bottle_use,soft_penalty_fc,1,0,1,1,1,1,0.04039205,9,4,-1,medium,high,0.25,medium,2,,,,16,,witness_ordering,324615
C,C_00592,spray_bottle_use,topk_posthoc,0,0,0,0,1,0,0.0,9,4,-1,medium,high,0.25,medium,2,,,,16,,witness_ordering,324616
C,C_00592_base,spray_bottle_use,geometric_fc,1,0,1,0,1,0,0.04015986,9,4,-1,medium,high,0.25,medium,2,,,,16,,witness_ordering,324616
C,C_00592_base,spray_bottle_use,oracle_sfc,0,0,0,0,1,0,0.0,9,4,-1,medium,high,0.25,medium,2,,,,16,,witness_ordering,324616
C,C_00592_base,spray_bottle_use,semantic_only,1,0,1,0,1,0,0.0,9,4,-1,medium,high,0.25,medium,2,,,,16,,witness_ordering,324616
C,C_00592_base,spray_bottle_use,posthoc_single,0,0,0,0,1,0,0.04015986,9,4,-1,medium,high,0.25,medium,2,,,,16,,witness_ordering,324616
C,C_00592_base,spray_bottle_use,soft_penalty_fc,1,0,1,0,1,0,0.04015986,9,4,-1,medium,high,0.25,medium,2,,,,16,,witness_ordering,324616
C,C_00593,spray_bottle_use,topk_posthoc,1,1,0,0,1,1,0.04164685,9,4,-1,medium,high,0.25,medium,2,,,,16,,witness_ordering,324617
C,C_00593_base,spray_bottle_use,geometric_fc,1,0,1,1,1,1,0.04065035,9,4,-1,medium,high,0.25,medium,2,,,,16,,witness_ordering,324617
C,C_00593_base,spray_bottle_use,oracle_sfc,1,1,0,0,1,1,0.04164685,9,4,-1,medium,high,0.25,medium,2,,,,16,,witness_ordering,324617
C,C_00593_base,spray_bottle_use,semantic_only,1,1,0,0,1,1,0.0,9,4,-1,medium,high,0.25,medium,2,,,,16,,witness_ordering,324617
C,C_00593_base,spray_bottle_use,posthoc_single,0,0,0,1,1,1,0.04065035,9,4,-1,medium,high,0.25,medium,2,,,,16,,witness_ordering,324617
C,C_00593_base,spray_bottle_use,soft_penalty_fc,1,0,1,1,1,1,0.04065035,9,4,-1,medium,high,0.25,medium,2,,,,16,,witness_ordering,324617
C,C_00594,spray_bottle_use,topk_posthoc,0,0,0,0,1,0,0.0,9,4,-1,medium,high,0.25,medium,2,,,,16,,witness_ordering,324618
C,C_00594_base,spray_bottle_use,geometric_fc,1,0,1,0,1,0,0.04502795,9,4,-1,medium,high,0.25,medium,2,,,,16,,witness_ordering,324618
C,C_00594_base,spray_bottle_use,oracle_sfc,0,0,0,0,1,0,0.0,9,4,-1,medium,high,0.25,medium,2,,,,16,,witness_ordering,324618
C,C_00594_base,spray_bottle_use,semantic_only,1,0,1,0,1,0,0.0,9,4,-1,medium,high,0.25,medium,2,,,,16,,witness_ordering,324618
C,C_00594_base,spray_bottle_use,posthoc_single,0,0,0,0,1,0,0.04502795,9,4,-1,medium,high,0.25,medium,2,,,,16,,witness_ordering,324618
C,C_00594_base,spray_bottle_use,soft_penalty_fc,1,0,1,0,1,0,0.04502795,9,4,-1,medium,high,0.25,medium,2,,,,16,,witness_ordering,324618
C,C_00595,spray_bottle_use,topk_posthoc,1,1,0,0,1,1,0.03705658,9,4,-1,medium,high,0.25,medium,2,,,,16,,witness_ordering,324619
C,C_00595_base,spray_bottle_use,geometric_fc,1,0,1,1,1,1,0.0427899,9,4,-1,medium,high,0.25,medium,2,,,,16,,witness_ordering,324619
C,C_00595_base,spray_bottle_use,oracle_sfc,1,1,0,0,1,1,0.03705658,9,4,-1,medium,high,0.25,medium,2,,,,16,,witness_ordering,324619
C,C_00595_base,spray_bottle_use,semantic_only,1,1,0,0,1,1,0.0,9,4,-1,medium,high,0.25,medium,2,,,,16,,witness_ordering,324619
C,C_00595_base,spray_bottle_use,posthoc_single,0,0,0,1,1,1,0.0427899,9,4,-1,medium,high,0.25,medium,2,,,,16,,witness_ordering,324619
C,C_00595_base,spray_bottle_use,soft_penalty_fc,1,0,1,1,1,1,0.0427899,9,4,-1,medium,high,0.25,medium,2,,,,16,,witness_ordering,324619
C,C_00596,spray_bottle_use,topk_posthoc,1,1,0,0,1,1,0.0101666,9,4,-1,medium,high,0.25,medium,2,,,,16,,witness_ordering,324620
C,C_00596_base,spray_bottle_use,geometric_fc,1,0,1,1,1,1,0.04793135,9,4,-1,medium,high,0.25,medium,2,,,,16,,witness_ordering,324620
C,C_00596_base,spray_bottle_use,oracle_sfc,1,1,0,0,1,1,0.0101666,9,4,-1,medium,high,0.25,medium,2,,,,16,,witness_ordering,324620
C,C_00596_base,spray_bottle_use,semantic_only,1,1,0,0,1,1,0.0,9,4,-1,medium,high,0.25,medium,2,,,,16,,witness_ordering,324620
C,C_00596_base,spray_bottle_use,posthoc_single,0,0,0,1,1,1,0.04793135,9,4,-1,medium,high,0.25,medium,2,,,,16,,witness_ordering,324620
C,C_00596_base,spray_bottle_use,soft_penalty_fc,1,0,1,1,1,1,0.04793135,9,4,-1,medium,high,0.25,medium,2,,,,16,,witness_ordering,324620
C,C_00597,spray_bottle_use,topk_posthoc,0,0,0,0,1,0,0.0,9,4,-1,medium,high,0.25,medium,2,,,,16,,witness_ordering,324621
C,C_00597_base,spray_bottle_use,geometric_fc,1,0,1,0,1,0,0.04564574,9,4,-1,medium,high,0.25,medium,2,,,,16,,witness_ordering,324621
C,C_00597_base,spray_bottle_use,oracle_sfc,0,0,0,0,1,0,0.0,9,4,-1,medium,high,0.25,medium,2,,,,16,,witness_ordering,324621
C,C_00597_base,spray_bottle_use,semantic_only,1,0,1,0,1,0,0.0,9,4,-1,medium,high,0.25,medium,2,,,,16,,witness_ordering,324621
C,C_00597_base,spray_bottle_use,posthoc_single,0,0,0,0,1,0,0.04564574,9,4,-1,medium,high,0.25,medium,2,,,,16,,witness_ordering,324621
C,C_00597_base,spray_bottle_use,soft_penalty_fc,1,0,1,0,1,0,0.04564574,9,4,-1,medium,high,0.25,medium,2,,,,16,,witness_ordering,324621
C,C_00598,spray_bottle_use,topk_posthoc,1,1,0,0,1,1,0.06479044,9,4,-1,medium,high,0.25,medium,2,,,,16,,witness_ordering,324622
C,C_00598_base,spray_bottle_use,geometric_fc,1,0,1,1,1,1,0.03471506,9,4,-1,medium,high,0.25,medium,2,,,,16,,witness_ordering,324622
C,C_00598_base,spray_bottle_use,oracle_sfc,1,1,0,0,1,1,0.06479044,9,4,-1,medium,high,0.25,medium,2,,,,16,,witness_ordering,324622
C,C_00598_base,spray_bottle_use,semantic_only,1,1,0,0,1,1,0.0,9,4,-1,medium,high,0.25,medium,2,,,,16,,witness_ordering,324622
C,C_00598_base,spray_bottle_use,posthoc_single,0,0,0,1,1,1,0.03471506,9,4,-1,medium,high,0.25,medium,2,,,,16,,witness_ordering,324622
C,C_00598_base,spray_bottle_use,soft_penalty_fc,1,0,1,1,1,1,0.03471506,9,4,-1,medium,high,0.25,medium,2,,,,16,,witness_ordering,324622
C,C_00599,spray_bottle_use,topk_posthoc,1,1,0,0,1,1,0.0442841,9,4,-1,medium,high,0.25,medium,2,,,,16,,witness_ordering,324623
C,C_00599_base,spray_bottle_use,geometric_fc,1,0,1,1,1,1,0.04235336,9,4,-1,medium,high,0.25,medium,2,,,,16,,witness_ordering,324623
C,C_00599_base,spray_bottle_use,oracle_sfc,1,1,0,0,1,1,0.0442841,9,4,-1,medium,high,0.25,medium,2,,,,16,,witness_ordering,324623
C,C_00599_base,spray_bottle_use,semantic_only,1,1,0,0,1,1,0.0,9,4,-1,medium,high,0.25,medium,2,,,,16,,witness_ordering,324623
C,C_00599_base,spray_bottle_use,posthoc_single,0,0,0,1,1,1,0.04235336,9,4,-1,medium,high,0.25,medium,2,,,,16,,witness_ordering,324623
C,C_00599_base,spray_bottle_use,soft_penalty_fc,1,0,1,1,1,1,0.04235336,9,4,-1,medium,high,0.25,medium,2,,,,16,,witness_ordering,324623
C,C_00600,spray_bottle_use,topk_posthoc,1,1,0,0,1,1,0.05237982,9,4,-1,medium,high,0.25,medium,2,,,,16,,witness_ordering,324624
C,C_00600_base,spray_bottle_use,geometric_fc,1,0,1,1,1,1,0.03687284,9,4,-1,medium,high,0.25,medium,2,,,,16,,witness_ordering,324624
C,C_00600_base,spray_bottle_use,oracle_sfc,1,1,0,0,1,1,0.05237982,9,4,-1,medium,high,0.25,medium,2,,,,16,,witness_ordering,324624
C,C_00600_base,spray_bottle_use,semantic_only,1,1,0,0,1,1,0.0,9,4,-1,medium,high,0.25,medium,2,,,,16,,witness_ordering,324624
C,C_00600_base,spray_bottle_use,posthoc_single,0,0,0,1,1,1,0.03687284,9,4,-1,medium,high,0.25,medium,2,,,,16,,witness_ordering,324624
C,C_00600_base,spray_bottle_use,soft_penalty_fc,1,0,1,1,1,1,0.03687284,9,4,-1,medium,high,0.25,medium,2,,,,16,,witness_ordering,324624
C,C_00601,spray_bottle_use,topk_posthoc,0,0,0,1,1,1,0.0,9,4,-1,medium,high,0.55,medium,2,,,,1,,witness_ordering,324625
C,C_00601_base,spray_bottle_use,geometric_fc,1,0,1,1,1,1,0.03983819,9,4,-1,medium,high,0.55,medium,2,,,,1,,witness_ordering,324625
C,C_00601_base,spray_bottle_use,oracle_sfc,1,1,0,0,1,1,0.04585997,9,4,-1,medium,high,0.55,medium,2,,,,1,,witness_ordering,324625
C,C_00601_base,spray_bottle_use,semantic_only,1,1,0,0,1,1,0.0,9,4,-1,medium,high,0.55,medium,2,,,,1,,witness_ordering,324625
C,C_00601_base,spray_bottle_use,posthoc_single,0,0,0,1,1,1,0.03983819,9,4,-1,medium,high,0.55,medium,2,,,,1,,witness_ordering,324625
C,C_00601_base,spray_bottle_use,soft_penalty_fc,1,0,1,1,1,1,0.03983819,9,4,-1,medium,high,0.55,medium,2,,,,1,,witness_ordering,324625
C,C_00602,spray_bottle_use,topk_posthoc,0,0,0,0,1,0,0.0,9,4,-1,medium,high,0.55,medium,2,,,,1,,witness_ordering,324626
C,C_00602_base,spray_bottle_use,geometric_fc,1,0,1,0,1,0,0.04295863,9,4,-1,medium,high,0.55,medium,2,,,,1,,witness_ordering,324626
C,C_00602_base,spray_bottle_use,oracle_sfc,0,0,0,0,1,0,0.0,9,4,-1,medium,high,0.55,medium,2,,,,1,,witness_ordering,324626
C,C_00602_base,spray_bottle_use,semantic_only,1,0,1,0,1,0,0.0,9,4,-1,medium,high,0.55,medium,2,,,,1,,witness_ordering,324626
C,C_00602_base,spray_bottle_use,posthoc_single,0,0,0,0,1,0,0.04295863,9,4,-1,medium,high,0.55,medium,2,,,,1,,witness_ordering,324626
C,C_00602_base,spray_bottle_use,soft_penalty_fc,1,0,1,0,1,0,0.04295863,9,4,-1,medium,high,0.55,medium,2,,,,1,,witness_ordering,324626
C,C_00603,spray_bottle_use,topk_posthoc,0,0,0,1,1,1,0.0,9,4,-1,medium,high,0.55,medium,2,,,,1,,witness_ordering,324627
C,C_00603_base,spray_bottle_use,geometric_fc,1,0,1,1,1,1,0.04128256,9,4,-1,medium,high,0.55,medium,2,,,,1,,witness_ordering,324627
C,C_00603_base,spray_bottle_use,oracle_sfc,1,1,0,0,1,1,0.028015,9,4,-1,medium,high,0.55,medium,2,,,,1,,witness_ordering,324627
C,C_00603_base,spray_bottle_use,semantic_only,1,1,0,0,1,1,0.0,9,4,-1,medium,high,0.55,medium,2,,,,1,,witness_ordering,324627
C,C_00603_base,spray_bottle_use,posthoc_single,0,0,0,1,1,1,0.04128256,9,4,-1,medium,high,0.55,medium,2,,,,1,,witness_ordering,324627
C,C_00603_base,spray_bottle_use,soft_penalty_fc,1,0,1,1,1,1,0.04128256,9,4,-1,medium,high,0.55,medium,2,,,,1,,witness_ordering,324627
C,C_00604,spray_bottle_use,topk_posthoc,0,0,0,1,1,1,0.0,9,4,-1,medium,high,0.55,medium,2,,,,1,,witness_ordering,324628
C,C_00604_base,spray_bottle_use,geometric_fc,1,0,1,1,1,1,0.03858706,9,4,-1,medium,high,0.55,medium,2,,,,1,,witness_ordering,324628
C,C_00604_base,spray_bottle_use,oracle_sfc,1,1,0,0,1,1,0.04422681,9,4,-1,medium,high,0.55,medium,2,,,,1,,witness_ordering,324628
C,C_00604_base,spray_bottle_use,semantic_only,1,1,0,0,1,1,0.0,9,4,-1,medium,high,0.55,medium,2,,,,1,,witness_ordering,324628
C,C_00604_base,spray_bottle_use,posthoc_single,0,0,0,1,1,1,0.03858706,9,4,-1,medium,high,0.55,medium,2,,,,1,,witness_ordering,324628
C,C_00604_base,spray_bottle_use,soft_penalty_fc,1,0,1,1,1,1,0.03858706,9,4,-1,medium,high,0.55,medium,2,,,,1,,witness_ordering,324628
C,C_00605,spray_bottle_use,topk_posthoc,0,0,0,0,1,0,0.0,9,4,-1,medium,high,0.55,medium,2,,,,1,,witness_ordering,324629
C,C_00605_base,spray_bottle_use,geometric_fc,1,0,1,0,1,0,0.04390779,9,4,-1,medium,high,0.55,medium,2,,,,1,,witness_ordering,324629
C,C_00605_base,spray_bottle_use,oracle_sfc,0,0,0,0,1,0,0.0,9,4,-1,medium,high,0.55,medium,2,,,,1,,witness_ordering,324629
C,C_00605_base,spray_bottle_use,semantic_only,1,0,1,0,1,0,0.0,9,4,-1,medium,high,0.55,medium,2,,,,1,,witness_ordering,324629
C,C_00605_base,spray_bottle_use,posthoc_single,0,0,0,0,1,0,0.04390779,9,4,-1,medium,high,0.55,medium,2,,,,1,,witness_ordering,324629
C,C_00605_base,spray_bottle_use,soft_penalty_fc,1,0,1,0,1,0,0.04390779,9,4,-1,medium,high,0.55,medium,2,,,,1,,witness_ordering,324629
C,C_00606,spray_bottle_use,topk_posthoc,0,0,0,1,1,1,0.0,9,4,-1,medium,high,0.55,medium,2,,,,1,,witness_ordering,324630
C,C_00606_base,spray_bottle_use,geometric_fc,1,0,1,1,1,1,0.04364987,9,4,-1,medium,high,0.55,medium,2,,,,1,,witness_ordering,324630
C,C_00606_base,spray_bottle_use,oracle_sfc,1,1,0,0,1,1,0.01091357,9,4,-1,medium,high,0.55,medium,2,,,,1,,witness_ordering,324630
C,C_00606_base,spray_bottle_use,semantic_only,1,1,0,0,1,1,0.0,9,4,-1,medium,high,0.55,medium,2,,,,1,,witness_ordering,324630
C,C_00606_base,spray_bottle_use,posthoc_single,0,0,0,1,1,1,0.04364987,9,4,-1,medium,high,0.55,medium,2,,,,1,,witness_ordering,324630
C,C_00606_base,spray_bottle_use,soft_penalty_fc,1,0,1,1,1,1,0.04364987,9,4,-1,medium,high,0.55,medium,2,,,,1,,witness_ordering,324630
C,C_00607,spray_bottle_use,topk_posthoc,0,0,0,0,1,0,0.0,9,4,-1,medium,high,0.55,medium,2,,,,1,,witness_ordering,324631
C,C_00607_base,spray_bottle_use,geometric_fc,1,0,1,0,1,0,0.04271204,9,4,-1,medium,high,0.55,medium,2,,,,1,,witness_ordering,324631
C,C_00607_base,spray_bottle_use,oracle_sfc,0,0,0,0,1,0,0.0,9,4,-1,medium,high,0.55,medium,2,,,,1,,witness_ordering,324631
C,C_00607_base,spray_bottle_use,semantic_only,1,0,1,0,1,0,0.0,9,4,-1,medium,high,0.55,medium,2,,,,1,,witness_ordering,324631
C,C_00607_base,spray_bottle_use,posthoc_single,0,0,0,0,1,0,0.04271204,9,4,-1,medium,high,0.55,medium,2,,,,1,,witness_ordering,324631
C,C_00607_base,spray_bottle_use,soft_penalty_fc,1,0,1,0,1,0,0.04271204,9,4,-1,medium,high,0.55,medium,2,,,,1,,witness_ordering,324631
C,C_00608,spray_bottle_use,topk_posthoc,0,0,0,1,1,1,0.0,9,4,-1,medium,high,0.55,medium,2,,,,1,,witness_ordering,324632
C,C_00608_base,spray_bottle_use,geometric_fc,1,0,1,1,1,1,0.03866981,9,4,-1,medium,high,0.55,medium,2,,,,1,,witness_ordering,324632
C,C_00608_base,spray_bottle_use,oracle_sfc,1,1,0,0,1,1,0.02524017,9,4,-1,medium,high,0.55,medium,2,,,,1,,witness_ordering,324632
C,C_00608_base,spray_bottle_use,semantic_only,1,1,0,0,1,1,0.0,9,4,-1,medium,high,0.55,medium,2,,,,1,,witness_ordering,324632
C,C_00608_base,spray_bottle_use,posthoc_single,0,0,0,1,1,1,0.03866981,9,4,-1,medium,high,0.55,medium,2,,,,1,,witness_ordering,324632
C,C_00608_base,spray_bottle_use,soft_penalty_fc,1,0,1,1,1,1,0.03866981,9,4,-1,medium,high,0.55,medium,2,,,,1,,witness_ordering,324632
C,C_00609,spray_bottle_use,topk_posthoc,0,0,0,1,1,1,0.0,9,4,-1,medium,high,0.55,medium,2,,,,1,,witness_ordering,324633
C,C_00609_base,spray_bottle_use,geometric_fc,1,0,1,1,1,1,0.04042499,9,4,-1,medium,high,0.55,medium,2,,,,1,,witness_ordering,324633
C,C_00609_base,spray_bottle_use,oracle_sfc,1,1,0,0,1,1,0.03531121,9,4,-1,medium,high,0.55,medium,2,,,,1,,witness_ordering,324633
C,C_00609_base,spray_bottle_use,semantic_only,1,1,0,0,1,1,0.0,9,4,-1,medium,high,0.55,medium,2,,,,1,,witness_ordering,324633
C,C_00609_base,spray_bottle_use,posthoc_single,0,0,0,1,1,1,0.04042499,9,4,-1,medium,high,0.55,medium,2,,,,1,,witness_ordering,324633
C,C_00609_base,spray_bottle_use,soft_penalty_fc,1,0,1,1,1,1,0.04042499,9,4,-1,medium,high,0.55,medium,2,,,,1,,witness_ordering,324633
C,C_00610,spray_bottle_use,topk_posthoc,0,0,0,1,1,1,0.0,9,4,-1,medium,high,0.55,medium,2,,,,1,,witness_ordering,324634
C,C_00610_base,spray_bottle_use,geometric_fc,1,0,1,1,1,1,0.04525299,9,4,-1,medium,high,0.55,medium,2,,,,1,,witness_ordering,324634
C,C_00610_base,spray_bottle_use,oracle_sfc,1,1,0,0,1,1,0.00860722,9,4,-1,medium,high,0.55,medium,2,,,,1,,witness_ordering,324634
C,C_00610_base,spray_bottle_use,semantic_only,1,1,0,0,1,1,0.0,9,4,-1,medium,high,0.55,medium,2,,,,1,,witness_ordering,324634
C,C_00610_base,spray_bottle_use,posthoc_single,0,0,0,1,1,1,0.04525299,9,4,-1,medium,high,0.55,medium,2,,,,1,,witness_ordering,324634
C,C_00610_base,spray_bottle_use,soft_penalty_fc,1,0,1,1,1,1,0.04525299,9,4,-1,medium,high,0.55,medium,2,,,,1,,witness_ordering,324634
C,C_00611,spray_bottle_use,topk_posthoc,0,0,0,1,1,1,0.0,9,4,-1,medium,high,0.55,medium,2,,,,1,,witness_ordering,324635
C,C_00611_base,spray_bottle_use,geometric_fc,1,0,1,1,1,1,0.04195331,9,4,-1,medium,high,0.55,medium,2,,,,1,,witness_ordering,324635
C,C_00611_base,spray_bottle_use,oracle_sfc,1,1,0,0,1,1,0.03235383,9,4,-1,medium,high,0.55,medium,2,,,,1,,witness_ordering,324635
C,C_00611_base,spray_bottle_use,semantic_only,1,1,0,0,1,1,0.0,9,4,-1,medium,high,0.55,medium,2,,,,1,,witness_ordering,324635
C,C_00611_base,spray_bottle_use,posthoc_single,0,0,0,1,1,1,0.04195331,9,4,-1,medium,high,0.55,medium,2,,,,1,,witness_ordering,324635
C,C_00611_base,spray_bottle_use,soft_penalty_fc,1,0,1,1,1,1,0.04195331,9,4,-1,medium,high,0.55,medium,2,,,,1,,witness_ordering,324635
C,C_00612,spray_bottle_use,topk_posthoc,0,0,0,1,1,1,0.0,9,4,-1,medium,high,0.55,medium,2,,,,1,,witness_ordering,324636
C,C_00612_base,spray_bottle_use,geometric_fc,1,0,1,1,1,1,0.04232922,9,4,-1,medium,high,0.55,medium,2,,,,1,,witness_ordering,324636
C,C_00612_base,spray_bottle_use,oracle_sfc,1,1,0,0,1,1,0.01481606,9,4,-1,medium,high,0.55,medium,2,,,,1,,witness_ordering,324636
C,C_00612_base,spray_bottle_use,semantic_only,1,1,0,0,1,1,0.0,9,4,-1,medium,high,0.55,medium,2,,,,1,,witness_ordering,324636
C,C_00612_base,spray_bottle_use,posthoc_single,0,0,0,1,1,1,0.04232922,9,4,-1,medium,high,0.55,medium,2,,,,1,,witness_ordering,324636
C,C_00612_base,spray_bottle_use,soft_penalty_fc,1,0,1,1,1,1,0.04232922,9,4,-1,medium,high,0.55,medium,2,,,,1,,witness_ordering,324636
C,C_00613,spray_bottle_use,topk_posthoc,0,0,0,1,1,1,0.0,9,4,-1,medium,high,0.55,medium,2,,,,2,,witness_ordering,324637
C,C_00614,spray_bottle_use,topk_posthoc,0,0,0,1,1,1,0.0,9,4,-1,medium,high,0.55,medium,2,,,,2,,witness_ordering,324638
C,C_00615,spray_bottle_use,topk_posthoc,0,0,0,1,1,1,0.0,9,4,-1,medium,high,0.55,medium,2,,,,2,,witness_ordering,324639
C,C_00616,spray_bottle_use,topk_posthoc,0,0,0,0,1,0,0.0,9,4,-1,medium,high,0.55,medium,2,,,,2,,witness_ordering,324640
C,C_00617,spray_bottle_use,topk_posthoc,1,1,0,0,1,1,0.01883422,9,4,-1,medium,high,0.55,medium,2,,,,2,,witness_ordering,324641
C,C_00618,spray_bottle_use,topk_posthoc,1,1,0,0,1,1,0.02514511,9,4,-1,medium,high,0.55,medium,2,,,,2,,witness_ordering,324642
C,C_00619,spray_bottle_use,topk_posthoc,0,0,0,1,1,1,0.0,9,4,-1,medium,high,0.55,medium,2,,,,2,,witness_ordering,324643
C,C_00620,spray_bottle_use,topk_posthoc,0,0,0,0,1,0,0.0,9,4,-1,medium,high,0.55,medium,2,,,,2,,witness_ordering,324644
C,C_00621,spray_bottle_use,topk_posthoc,0,0,0,0,1,0,0.0,9,4,-1,medium,high,0.55,medium,2,,,,2,,witness_ordering,324645
C,C_00622,spray_bottle_use,topk_posthoc,0,0,0,1,1,1,0.0,9,4,-1,medium,high,0.55,medium,2,,,,2,,witness_ordering,324646
C,C_00623,spray_bottle_use,topk_posthoc,0,0,0,1,1,1,0.0,9,4,-1,medium,high,0.55,medium,2,,,,2,,witness_ordering,324647
C,C_00624,spray_bottle_use,topk_posthoc,0,0,0,1,1,1,0.0,9,4,-1,medium,high,0.55,medium,2,,,,2,,witness_ordering,324648
C,C_00625,spray_bottle_use,topk_posthoc,1,1,0,0,1,1,0.01457054,9,4,-1,medium,high,0.55,medium,2,,,,4,,witness_ordering,324649
C,C_00626,spray_bottle_use,topk_posthoc,0,0,0,1,1,1,0.0,9,4,-1,medium,high,0.55,medium,2,,,,4,,witness_ordering,324650
C,C_00627,spray_bottle_use,topk_posthoc,1,1,0,0,1,1,0.02154224,9,4,-1,medium,high,0.55,medium,2,,,,4,,witness_ordering,324651
C,C_00628,spray_bottle_use,topk_posthoc,0,0,0,1,1,1,0.0,9,4,-1,medium,high,0.55,medium,2,,,,4,,witness_ordering,324652
C,C_00629,spray_bottle_use,topk_posthoc,0,0,0,1,1,1,0.0,9,4,-1,medium,high,0.55,medium,2,,,,4,,witness_ordering,324653
C,C_00630,spray_bottle_use,topk_posthoc,1,1,0,0,1,1,0.01787037,9,4,-1,medium,high,0.55,medium,2,,,,4,,witness_ordering,324654
C,C_00631,spray_bottle_use,topk_posthoc,1,1,0,0,1,1,0.00631848,9,4,-1,medium,high,0.55,medium,2,,,,4,,witness_ordering,324655
C,C_00632,spray_bottle_use,topk_posthoc,1,1,0,0,1,1,0.04261425,9,4,-1,medium,high,0.55,medium,2,,,,4,,witness_ordering,324656
C,C_00633,spray_bottle_use,topk_posthoc,0,0,0,1,1,1,0.0,9,4,-1,medium,high,0.55,medium,2,,,,4,,witness_ordering,324657
C,C_00634,spray_bottle_use,topk_posthoc,0,0,0,1,1,1,0.0,9,4,-1,medium,high,0.55,medium,2,,,,4,,witness_ordering,324658
C,C_00635,spray_bottle_use,topk_posthoc,1,1,0,0,1,1,0.01649709,9,4,-1,medium,high,0.55,medium,2,,,,4,,witness_ordering,324659
C,C_00636,spray_bottle_use,topk_posthoc,1,1,0,0,1,1,0.00597128,9,4,-1,medium,high,0.55,medium,2,,,,4,,witness_ordering,324660
C,C_00637,spray_bottle_use,topk_posthoc,0,0,0,0,1,0,0.0,9,4,-1,medium,high,0.55,medium,2,,,,8,,witness_ordering,324661
C,C_00638,spray_bottle_use,topk_posthoc,1,1,0,0,1,1,0.0084742,9,4,-1,medium,high,0.55,medium,2,,,,8,,witness_ordering,324662
C,C_00639,spray_bottle_use,topk_posthoc,1,1,0,0,1,1,0.04465385,9,4,-1,medium,high,0.55,medium,2,,,,8,,witness_ordering,324663
C,C_00640,spray_bottle_use,topk_posthoc,1,1,0,0,1,1,0.029318,9,4,-1,medium,high,0.55,medium,2,,,,8,,witness_ordering,324664
C,C_00641,spray_bottle_use,topk_posthoc,1,1,0,0,1,1,0.03291718,9,4,-1,medium,high,0.55,medium,2,,,,8,,witness_ordering,324665
C,C_00642,spray_bottle_use,topk_posthoc,1,1,0,0,1,1,0.0316535,9,4,-1,medium,high,0.55,medium,2,,,,8,,witness_ordering,324666
C,C_00643,spray_bottle_use,topk_posthoc,1,1,0,0,1,1,0.05800434,9,4,-1,medium,high,0.55,medium,2,,,,8,,witness_ordering,324667
C,C_00644,spray_bottle_use,topk_posthoc,1,1,0,0,1,1,0.00879904,9,4,-1,medium,high,0.55,medium,2,,,,8,,witness_ordering,324668
C,C_00645,spray_bottle_use,topk_posthoc,0,0,0,1,1,1,0.0,9,4,-1,medium,high,0.55,medium,2,,,,8,,witness_ordering,324669
C,C_00646,spray_bottle_use,topk_posthoc,0,0,0,1,1,1,0.0,9,4,-1,medium,high,0.55,medium,2,,,,8,,witness_ordering,324670
C,C_00647,spray_bottle_use,topk_posthoc,1,1,0,0,1,1,0.02089245,9,4,-1,medium,high,0.55,medium,2,,,,8,,witness_ordering,324671
C,C_00648,spray_bottle_use,topk_posthoc,0,0,0,1,1,1,0.0,9,4,-1,medium,high,0.55,medium,2,,,,8,,witness_ordering,324672
C,C_00649,spray_bottle_use,topk_posthoc,1,1,0,0,1,1,0.0417913,9,4,-1,medium,high,0.55,medium,2,,,,16,,witness_ordering,324673
C,C_00649_base,spray_bottle_use,geometric_fc,1,0,1,1,1,1,0.03874211,9,4,-1,medium,high,0.55,medium,2,,,,16,,witness_ordering,324673
C,C_00649_base,spray_bottle_use,oracle_sfc,1,1,0,0,1,1,0.0417913,9,4,-1,medium,high,0.55,medium,2,,,,16,,witness_ordering,324673
C,C_00649_base,spray_bottle_use,semantic_only,1,1,0,0,1,1,0.0,9,4,-1,medium,high,0.55,medium,2,,,,16,,witness_ordering,324673
C,C_00649_base,spray_bottle_use,posthoc_single,0,0,0,1,1,1,0.03874211,9,4,-1,medium,high,0.55,medium,2,,,,16,,witness_ordering,324673
C,C_00649_base,spray_bottle_use,soft_penalty_fc,1,0,1,1,1,1,0.03874211,9,4,-1,medium,high,0.55,medium,2,,,,16,,witness_ordering,324673
C,C_00650,spray_bottle_use,topk_posthoc,1,1,0,0,1,1,0.04132636,9,4,-1,medium,high,0.55,medium,2,,,,16,,witness_ordering,324674
C,C_00650_base,spray_bottle_use,geometric_fc,1,0,1,1,1,1,0.03929041,9,4,-1,medium,high,0.55,medium,2,,,,16,,witness_ordering,324674
C,C_00650_base,spray_bottle_use,oracle_sfc,1,1,0,0,1,1,0.04132636,9,4,-1,medium,high,0.55,medium,2,,,,16,,witness_ordering,324674
C,C_00650_base,spray_bottle_use,semantic_only,1,1,0,0,1,1,0.0,9,4,-1,medium,high,0.55,medium,2,,,,16,,witness_ordering,324674
C,C_00650_base,spray_bottle_use,posthoc_single,0,0,0,1,1,1,0.03929041,9,4,-1,medium,high,0.55,medium,2,,,,16,,witness_ordering,324674
C,C_00650_base,spray_bottle_use,soft_penalty_fc,1,0,1,1,1,1,0.03929041,9,4,-1,medium,high,0.55,medium,2,,,,16,,witness_ordering,324674
C,C_00651,spray_bottle_use,topk_posthoc,1,1,0,0,1,1,0.01392706,9,4,-1,medium,high,0.55,medium,2,,,,16,,witness_ordering,324675
C,C_00651_base,spray_bottle_use,geometric_fc,1,0,1,1,1,1,0.03988474,9,4,-1,medium,high,0.55,medium,2,,,,16,,witness_ordering,324675
C,C_00651_base,spray_bottle_use,oracle_sfc,1,1,0,0,1,1,0.01392706,9,4,-1,medium,high,0.55,medium,2,,,,16,,witness_ordering,324675
C,C_00651_base,spray_bottle_use,semantic_only,1,1,0,0,1,1,0.0,9,4,-1,medium,high,0.55,medium,2,,,,16,,witness_ordering,324675
C,C_00651_base,spray_bottle_use,posthoc_single,0,0,0,1,1,1,0.03988474,9,4,-1,medium,high,0.55,medium,2,,,,16,,witness_ordering,324675
C,C_00651_base,spray_bottle_use,soft_penalty_fc,1,0,1,1,1,1,0.03988474,9,4,-1,medium,high,0.55,medium,2,,,,16,,witness_ordering,324675
C,C_00652,spray_bottle_use,topk_posthoc,1,1,0,0,1,1,0.03359592,9,4,-1,medium,high,0.55,medium,2,,,,16,,witness_ordering,324676
C,C_00652_base,spray_bottle_use,geometric_fc,1,0,1,1,1,1,0.04046021,9,4,-1,medium,high,0.55,medium,2,,,,16,,witness_ordering,324676
C,C_00652_base,spray_bottle_use,oracle_sfc,1,1,0,0,1,1,0.03359592,9,4,-1,medium,high,0.55,medium,2,,,,16,,witness_ordering,324676
C,C_00652_base,spray_bottle_use,semantic_only,1,1,0,0,1,1,0.0,9,4,-1,medium,high,0.55,medium,2,,,,16,,witness_ordering,324676
C,C_00652_base,spray_bottle_use,posthoc_single,0,0,0,1,1,1,0.04046021,9,4,-1,medium,high,0.55,medium,2,,,,16,,witness_ordering,324676
C,C_00652_base,spray_bottle_use,soft_penalty_fc,1,0,1,1,1,1,0.04046021,9,4,-1,medium,high,0.55,medium,2,,,,16,,witness_ordering,324676
C,C_00653,spray_bottle_use,topk_posthoc,1,1,0,0,1,1,0.03662004,9,4,-1,medium,high,0.55,medium,2,,,,16,,witness_ordering,324677
C,C_00653_base,spray_bottle_use,geometric_fc,1,0,1,1,1,1,0.03781316,9,4,-1,medium,high,0.55,medium,2,,,,16,,witness_ordering,324677
C,C_00653_base,spray_bottle_use,oracle_sfc,1,1,0,0,1,1,0.03662004,9,4,-1,medium,high,0.55,medium,2,,,,16,,witness_ordering,324677
C,C_00653_base,spray_bottle_use,semantic_only,1,1,0,0,1,1,0.0,9,4,-1,medium,high,0.55,medium,2,,,,16,,witness_ordering,324677
C,C_00653_base,spray_bottle_use,posthoc_single,0,0,0,1,1,1,0.03781316,9,4,-1,medium,high,0.55,medium,2,,,,16,,witness_ordering,324677
C,C_00653_base,spray_bottle_use,soft_penalty_fc,1,0,1,1,1,1,0.03781316,9,4,-1,medium,high,0.55,medium,2,,,,16,,witness_ordering,324677
C,C_00654,spray_bottle_use,topk_posthoc,1,1,0,0,1,1,0.04308425,9,4,-1,medium,high,0.55,medium,2,,,,16,,witness_ordering,324678
C,C_00654_base,spray_bottle_use,geometric_fc,1,0,1,1,1,1,0.03898248,9,4,-1,medium,high,0.55,medium,2,,,,16,,witness_ordering,324678
C,C_00654_base,spray_bottle_use,oracle_sfc,1,1,0,0,1,1,0.04308425,9,4,-1,medium,high,0.55,medium,2,,,,16,,witness_ordering,324678
C,C_00654_base,spray_bottle_use,semantic_only,1,1,0,0,1,1,0.0,9,4,-1,medium,high,0.55,medium,2,,,,16,,witness_ordering,324678
C,C_00654_base,spray_bottle_use,posthoc_single,0,0,0,1,1,1,0.03898248,9,4,-1,medium,high,0.55,medium,2,,,,16,,witness_ordering,324678
C,C_00654_base,spray_bottle_use,soft_penalty_fc,1,0,1,1,1,1,0.03898248,9,4,-1,medium,high,0.55,medium,2,,,,16,,witness_ordering,324678
C,C_00655,spray_bottle_use,topk_posthoc,1,1,0,0,1,1,0.01846728,9,4,-1,medium,high,0.55,medium,2,,,,16,,witness_ordering,324679
C,C_00655_base,spray_bottle_use,geometric_fc,1,0,1,1,1,1,0.04296815,9,4,-1,medium,high,0.55,medium,2,,,,16,,witness_ordering,324679
C,C_00655_base,spray_bottle_use,oracle_sfc,1,1,0,0,1,1,0.01846728,9,4,-1,medium,high,0.55,medium,2,,,,16,,witness_ordering,324679
C,C_00655_base,spray_bottle_use,semantic_only,1,1,0,0,1,1,0.0,9,4,-1,medium,high,0.55,medium,2,,,,16,,witness_ordering,324679
C,C_00655_base,spray_bottle_use,posthoc_single,0,0,0,1,1,1,0.04296815,9,4,-1,medium,high,0.55,medium,2,,,,16,,witness_ordering,324679
C,C_00655_base,spray_bottle_use,soft_penalty_fc,1,0,1,1,1,1,0.04296815,9,4,-1,medium,high,0.55,medium,2,,,,16,,witness_ordering,324679
C,C_00656,spray_bottle_use,topk_posthoc,1,1,0,0,1,1,0.00342618,9,4,-1,medium,high,0.55,medium,2,,,,16,,witness_ordering,324680
C,C_00656_base,spray_bottle_use,geometric_fc,1,0,1,1,1,1,0.04283209,9,4,-1,medium,high,0.55,medium,2,,,,16,,witness_ordering,324680
C,C_00656_base,spray_bottle_use,oracle_sfc,1,1,0,0,1,1,0.00342618,9,4,-1,medium,high,0.55,medium,2,,,,16,,witness_ordering,324680
C,C_00656_base,spray_bottle_use,semantic_only,1,1,0,0,1,1,0.0,9,4,-1,medium,high,0.55,medium,2,,,,16,,witness_ordering,324680
C,C_00656_base,spray_bottle_use,posthoc_single,0,0,0,1,1,1,0.04283209,9,4,-1,medium,high,0.55,medium,2,,,,16,,witness_ordering,324680
C,C_00656_base,spray_bottle_use,soft_penalty_fc,1,0,1,1,1,1,0.04283209,9,4,-1,medium,high,0.55,medium,2,,,,16,,witness_ordering,324680
C,C_00657,spray_bottle_use,topk_posthoc,1,1,0,0,1,1,0.03058492,9,4,-1,medium,high,0.55,medium,2,,,,16,,witness_ordering,324681
C,C_00657_base,spray_bottle_use,geometric_fc,1,0,1,1,1,1,0.04052016,9,4,-1,medium,high,0.55,medium,2,,,,16,,witness_ordering,324681
C,C_00657_base,spray_bottle_use,oracle_sfc,1,1,0,0,1,1,0.03058492,9,4,-1,medium,high,0.55,medium,2,,,,16,,witness_ordering,324681
C,C_00657_base,spray_bottle_use,semantic_only,1,1,0,0,1,1,0.0,9,4,-1,medium,high,0.55,medium,2,,,,16,,witness_ordering,324681
C,C_00657_base,spray_bottle_use,posthoc_single,0,0,0,1,1,1,0.04052016,9,4,-1,medium,high,0.55,medium,2,,,,16,,witness_ordering,324681
C,C_00657_base,spray_bottle_use,soft_penalty_fc,1,0,1,1,1,1,0.04052016,9,4,-1,medium,high,0.55,medium,2,,,,16,,witness_ordering,324681
C,C_00658,spray_bottle_use,topk_posthoc,1,1,0,0,1,1,0.00339794,9,4,-1,medium,high,0.55,medium,2,,,,16,,witness_ordering,324682
C,C_00658_base,spray_bottle_use,geometric_fc,1,0,1,1,1,1,0.04112632,9,4,-1,medium,high,0.55,medium,2,,,,16,,witness_ordering,324682
C,C_00658_base,spray_bottle_use,oracle_sfc,1,1,0,0,1,1,0.00339794,9,4,-1,medium,high,0.55,medium,2,,,,16,,witness_ordering,324682
C,C_00658_base,spray_bottle_use,semantic_only,1,1,0,0,1,1,0.0,9,4,-1,medium,high,0.55,medium,2,,,,16,,witness_ordering,324682
C,C_00658_base,spray_bottle_use,posthoc_single,0,0,0,1,1,1,0.04112632,9,4,-1,medium,high,0.55,medium,2,,,,16,,witness_ordering,324682
C,C_00658_base,spray_bottle_use,soft_penalty_fc,1,0,1,1,1,1,0.04112632,9,4,-1,medium,high,0.55,medium,2,,,,16,,witness_ordering,324682
C,C_00659,spray_bottle_use,topk_posthoc,1,1,0,0,1,1,0.0507646,9,4,-1,medium,high,0.55,medium,2,,,,16,,witness_ordering,324683
C,C_00659_base,spray_bottle_use,geometric_fc,1,0,1,1,1,1,0.03982506,9,4,-1,medium,high,0.55,medium,2,,,,16,,witness_ordering,324683
C,C_00659_base,spray_bottle_use,oracle_sfc,1,1,0,0,1,1,0.0507646,9,4,-1,medium,high,0.55,medium,2,,,,16,,witness_ordering,324683
C,C_00659_base,spray_bottle_use,semantic_only,1,1,0,0,1,1,0.0,9,4,-1,medium,high,0.55,medium,2,,,,16,,witness_ordering,324683
C,C_00659_base,spray_bottle_use,posthoc_single,0,0,0,1,1,1,0.03982506,9,4,-1,medium,high,0.55,medium,2,,,,16,,witness_ordering,324683
C,C_00659_base,spray_bottle_use,soft_penalty_fc,1,0,1,1,1,1,0.03982506,9,4,-1,medium,high,0.55,medium,2,,,,16,,witness_ordering,324683
C,C_00660,spray_bottle_use,topk_posthoc,0,0,0,0,1,0,0.0,9,4,-1,medium,high,0.55,medium,2,,,,16,,witness_ordering,324684
C,C_00660_base,spray_bottle_use,geometric_fc,1,0,1,0,1,0,0.04364379,9,4,-1,medium,high,0.55,medium,2,,,,16,,witness_ordering,324684
C,C_00660_base,spray_bottle_use,oracle_sfc,0,0,0,0,1,0,0.0,9,4,-1,medium,high,0.55,medium,2,,,,16,,witness_ordering,324684
C,C_00660_base,spray_bottle_use,semantic_only,1,0,1,0,1,0,0.0,9,4,-1,medium,high,0.55,medium,2,,,,16,,witness_ordering,324684
C,C_00660_base,spray_bottle_use,posthoc_single,0,0,0,0,1,0,0.04364379,9,4,-1,medium,high,0.55,medium,2,,,,16,,witness_ordering,324684
C,C_00660_base,spray_bottle_use,soft_penalty_fc,1,0,1,0,1,0,0.04364379,9,4,-1,medium,high,0.55,medium,2,,,,16,,witness_ordering,324684
C,C_00661,spray_bottle_use,topk_posthoc,0,0,0,0,1,0,0.0,9,4,-1,medium,high,0.85,medium,2,,,,1,,witness_ordering,324685
C,C_00661_base,spray_bottle_use,geometric_fc,1,0,1,0,1,0,0.04547895,9,4,-1,medium,high,0.85,medium,2,,,,1,,witness_ordering,324685
C,C_00661_base,spray_bottle_use,oracle_sfc,0,0,0,0,1,0,0.0,9,4,-1,medium,high,0.85,medium,2,,,,1,,witness_ordering,324685
C,C_00661_base,spray_bottle_use,semantic_only,1,0,1,0,1,0,0.0,9,4,-1,medium,high,0.85,medium,2,,,,1,,witness_ordering,324685
C,C_00661_base,spray_bottle_use,posthoc_single,0,0,0,0,1,0,0.04547895,9,4,-1,medium,high,0.85,medium,2,,,,1,,witness_ordering,324685
C,C_00661_base,spray_bottle_use,soft_penalty_fc,1,0,1,0,1,0,0.04547895,9,4,-1,medium,high,0.85,medium,2,,,,1,,witness_ordering,324685
C,C_00662,spray_bottle_use,topk_posthoc,0,0,0,0,1,0,0.0,9,4,-1,medium,high,0.85,medium,2,,,,1,,witness_ordering,324686
C,C_00662_base,spray_bottle_use,geometric_fc,1,0,1,0,1,0,0.04297584,9,4,-1,medium,high,0.85,medium,2,,,,1,,witness_ordering,324686
C,C_00662_base,spray_bottle_use,oracle_sfc,0,0,0,0,1,0,0.0,9,4,-1,medium,high,0.85,medium,2,,,,1,,witness_ordering,324686
C,C_00662_base,spray_bottle_use,semantic_only,1,0,1,0,1,0,0.0,9,4,-1,medium,high,0.85,medium,2,,,,1,,witness_ordering,324686
C,C_00662_base,spray_bottle_use,posthoc_single,0,0,0,0,1,0,0.04297584,9,4,-1,medium,high,0.85,medium,2,,,,1,,witness_ordering,324686
C,C_00662_base,spray_bottle_use,soft_penalty_fc,1,0,1,0,1,0,0.04297584,9,4,-1,medium,high,0.85,medium,2,,,,1,,witness_ordering,324686
C,C_00663,spray_bottle_use,topk_posthoc,0,0,0,1,1,1,0.0,9,4,-1,medium,high,0.85,medium,2,,,,1,,witness_ordering,324687
C,C_00663_base,spray_bottle_use,geometric_fc,1,0,1,1,1,1,0.03978292,9,4,-1,medium,high,0.85,medium,2,,,,1,,witness_ordering,324687
C,C_00663_base,spray_bottle_use,oracle_sfc,1,1,0,0,1,1,0.00100499,9,4,-1,medium,high,0.85,medium,2,,,,1,,witness_ordering,324687
C,C_00663_base,spray_bottle_use,semantic_only,1,1,0,0,1,1,0.0,9,4,-1,medium,high,0.85,medium,2,,,,1,,witness_ordering,324687
C,C_00663_base,spray_bottle_use,posthoc_single,0,0,0,1,1,1,0.03978292,9,4,-1,medium,high,0.85,medium,2,,,,1,,witness_ordering,324687
C,C_00663_base,spray_bottle_use,soft_penalty_fc,1,0,1,1,1,1,0.03978292,9,4,-1,medium,high,0.85,medium,2,,,,1,,witness_ordering,324687
C,C_00664,spray_bottle_use,topk_posthoc,0,0,0,1,1,1,0.0,9,4,-1,medium,high,0.85,medium,2,,,,1,,witness_ordering,324688
C,C_00664_base,spray_bottle_use,geometric_fc,1,0,1,1,1,1,0.04103149,9,4,-1,medium,high,0.85,medium,2,,,,1,,witness_ordering,324688
C,C_00664_base,spray_bottle_use,oracle_sfc,1,1,0,0,1,1,0.03257004,9,4,-1,medium,high,0.85,medium,2,,,,1,,witness_ordering,324688
C,C_00664_base,spray_bottle_use,semantic_only,1,1,0,0,1,1,0.0,9,4,-1,medium,high,0.85,medium,2,,,,1,,witness_ordering,324688
C,C_00664_base,spray_bottle_use,posthoc_single,0,0,0,1,1,1,0.04103149,9,4,-1,medium,high,0.85,medium,2,,,,1,,witness_ordering,324688
C,C_00664_base,spray_bottle_use,soft_penalty_fc,1,0,1,1,1,1,0.04103149,9,4,-1,medium,high,0.85,medium,2,,,,1,,witness_ordering,324688
C,C_00665,spray_bottle_use,topk_posthoc,0,0,0,1,1,1,0.0,9,4,-1,medium,high,0.85,medium,2,,,,1,,witness_ordering,324689
C,C_00665_base,spray_bottle_use,geometric_fc,1,0,1,1,1,1,0.04104421,9,4,-1,medium,high,0.85,medium,2,,,,1,,witness_ordering,324689
C,C_00665_base,spray_bottle_use,oracle_sfc,1,1,0,0,1,1,0.01401767,9,4,-1,medium,high,0.85,medium,2,,,,1,,witness_ordering,324689
C,C_00665_base,spray_bottle_use,semantic_only,1,1,0,0,1,1,0.0,9,4,-1,medium,high,0.85,medium,2,,,,1,,witness_ordering,324689
C,C_00665_base,spray_bottle_use,posthoc_single,0,0,0,1,1,1,0.04104421,9,4,-1,medium,high,0.85,medium,2,,,,1,,witness_ordering,324689
C,C_00665_base,spray_bottle_use,soft_penalty_fc,1,0,1,1,1,1,0.04104421,9,4,-1,medium,high,0.85,medium,2,,,,1,,witness_ordering,324689
C,C_00666,spray_bottle_use,topk_posthoc,0,0,0,1,1,1,0.0,9,4,-1,medium,high,0.85,medium,2,,,,1,,witness_ordering,324690
C,C_00666_base,spray_bottle_use,geometric_fc,1,0,1,1,1,1,0.04038845,9,4,-1,medium,high,0.85,medium,2,,,,1,,witness_ordering,324690
C,C_00666_base,spray_bottle_use,oracle_sfc,1,1,0,0,1,1,0.01996297,9,4,-1,medium,high,0.85,medium,2,,,,1,,witness_ordering,324690
C,C_00666_base,spray_bottle_use,semantic_only,1,1,0,0,1,1,0.0,9,4,-1,medium,high,0.85,medium,2,,,,1,,witness_ordering,324690
C,C_00666_base,spray_bottle_use,posthoc_single,0,0,0,1,1,1,0.04038845,9,4,-1,medium,high,0.85,medium,2,,,,1,,witness_ordering,324690
C,C_00666_base,spray_bottle_use,soft_penalty_fc,1,0,1,1,1,1,0.04038845,9,4,-1,medium,high,0.85,medium,2,,,,1,,witness_ordering,324690
C,C_00667,spray_bottle_use,topk_posthoc,0,0,0,0,1,0,0.0,9,4,-1,medium,high,0.85,medium,2,,,,1,,witness_ordering,324691
C,C_00667_base,spray_bottle_use,geometric_fc,1,0,1,0,1,0,0.0437321,9,4,-1,medium,high,0.85,medium,2,,,,1,,witness_ordering,324691
C,C_00667_base,spray_bottle_use,oracle_sfc,0,0,0,0,1,0,0.0,9,4,-1,medium,high,0.85,medium,2,,,,1,,witness_ordering,324691
C,C_00667_base,spray_bottle_use,semantic_only,1,0,1,0,1,0,0.0,9,4,-1,medium,high,0.85,medium,2,,,,1,,witness_ordering,324691
C,C_00667_base,spray_bottle_use,posthoc_single,0,0,0,0,1,0,0.0437321,9,4,-1,medium,high,0.85,medium,2,,,,1,,witness_ordering,324691
C,C_00667_base,spray_bottle_use,soft_penalty_fc,1,0,1,0,1,0,0.0437321,9,4,-1,medium,high,0.85,medium,2,,,,1,,witness_ordering,324691
C,C_00668,spray_bottle_use,topk_posthoc,0,0,0,1,1,1,0.0,9,4,-1,medium,high,0.85,medium,2,,,,1,,witness_ordering,324692
C,C_00668_base,spray_bottle_use,geometric_fc,1,0,1,1,1,1,0.04152452,9,4,-1,medium,high,0.85,medium,2,,,,1,,witness_ordering,324692
C,C_00668_base,spray_bottle_use,oracle_sfc,1,1,0,0,1,1,0.04015876,9,4,-1,medium,high,0.85,medium,2,,,,1,,witness_ordering,324692
C,C_00668_base,spray_bottle_use,semantic_only,1,1,0,0,1,1,0.0,9,4,-1,medium,high,0.85,medium,2,,,,1,,witness_ordering,324692
C,C_00668_base,spray_bottle_use,posthoc_single,0,0,0,1,1,1,0.04152452,9,4,-1,medium,high,0.85,medium,2,,,,1,,witness_ordering,324692
C,C_00668_base,spray_bottle_use,soft_penalty_fc,1,0,1,1,1,1,0.04152452,9,4,-1,medium,high,0.85,medium,2,,,,1,,witness_ordering,324692
C,C_00669,spray_bottle_use,topk_posthoc,0,0,0,1,1,1,0.0,9,4,-1,medium,high,0.85,medium,2,,,,1,,witness_ordering,324693
C,C_00669_base,spray_bottle_use,geometric_fc,1,0,1,1,1,1,0.04048525,9,4,-1,medium,high,0.85,medium,2,,,,1,,witness_ordering,324693
C,C_00669_base,spray_bottle_use,oracle_sfc,1,1,0,0,1,1,0.01441463,9,4,-1,medium,high,0.85,medium,2,,,,1,,witness_ordering,324693
C,C_00669_base,spray_bottle_use,semantic_only,1,1,0,0,1,1,0.0,9,4,-1,medium,high,0.85,medium,2,,,,1,,witness_ordering,324693
C,C_00669_base,spray_bottle_use,posthoc_single,0,0,0,1,1,1,0.04048525,9,4,-1,medium,high,0.85,medium,2,,,,1,,witness_ordering,324693
C,C_00669_base,spray_bottle_use,soft_penalty_fc,1,0,1,1,1,1,0.04048525,9,4,-1,medium,high,0.85,medium,2,,,,1,,witness_ordering,324693
C,C_00670,spray_bottle_use,topk_posthoc,0,0,0,1,1,1,0.0,9,4,-1,medium,high,0.85,medium,2,,,,1,,witness_ordering,324694
C,C_00670_base,spray_bottle_use,geometric_fc,1,0,1,1,1,1,0.04317924,9,4,-1,medium,high,0.85,medium,2,,,,1,,witness_ordering,324694
C,C_00670_base,spray_bottle_use,oracle_sfc,1,1,0,0,1,1,0.01824263,9,4,-1,medium,high,0.85,medium,2,,,,1,,witness_ordering,324694
C,C_00670_base,spray_bottle_use,semantic_only,1,1,0,0,1,1,0.0,9,4,-1,medium,high,0.85,medium,2,,,,1,,witness_ordering,324694
C,C_00670_base,spray_bottle_use,posthoc_single,0,0,0,1,1,1,0.04317924,9,4,-1,medium,high,0.85,medium,2,,,,1,,witness_ordering,324694
C,C_00670_base,spray_bottle_use,soft_penalty_fc,1,0,1,1,1,1,0.04317924,9,4,-1,medium,high,0.85,medium,2,,,,1,,witness_ordering,324694
C,C_00671,spray_bottle_use,topk_posthoc,0,0,0,1,1,1,0.0,9,4,-1,medium,high,0.85,medium,2,,,,1,,witness_ordering,324695
C,C_00671_base,spray_bottle_use,geometric_fc,1,0,1,1,1,1,0.04153622,9,4,-1,medium,high,0.85,medium,2,,,,1,,witness_ordering,324695
C,C_00671_base,spray_bottle_use,oracle_sfc,1,1,0,0,1,1,0.00527753,9,4,-1,medium,high,0.85,medium,2,,,,1,,witness_ordering,324695
C,C_00671_base,spray_bottle_use,semantic_only,1,1,0,0,1,1,0.0,9,4,-1,medium,high,0.85,medium,2,,,,1,,witness_ordering,324695
C,C_00671_base,spray_bottle_use,posthoc_single,0,0,0,1,1,1,0.04153622,9,4,-1,medium,high,0.85,medium,2,,,,1,,witness_ordering,324695
C,C_00671_base,spray_bottle_use,soft_penalty_fc,1,0,1,1,1,1,0.04153622,9,4,-1,medium,high,0.85,medium,2,,,,1,,witness_ordering,324695
C,C_00672,spray_bottle_use,topk_posthoc,0,0,0,1,1,1,0.0,9,4,-1,medium,high,0.85,medium,2,,,,1,,witness_ordering,324696
C,C_00672_base,spray_bottle_use,geometric_fc,1,0,1,1,1,1,0.04224813,9,4,-1,medium,high,0.85,medium,2,,,,1,,witness_ordering,324696
C,C_00672_base,spray_bottle_use,oracle_sfc,1,1,0,0,1,1,0.01550955,9,4,-1,medium,high,0.85,medium,2,,,,1,,witness_ordering,324696
C,C_00672_base,spray_bottle_use,semantic_only,1,1,0,0,1,1,0.0,9,4,-1,medium,high,0.85,medium,2,,,,1,,witness_ordering,324696
C,C_00672_base,spray_bottle_use,posthoc_single,0,0,0,1,1,1,0.04224813,9,4,-1,medium,high,0.85,medium,2,,,,1,,witness_ordering,324696
C,C_00672_base,spray_bottle_use,soft_penalty_fc,1,0,1,1,1,1,0.04224813,9,4,-1,medium,high,0.85,medium,2,,,,1,,witness_ordering,324696
C,C_00673,spray_bottle_use,topk_posthoc,0,0,0,1,1,1,0.0,9,4,-1,medium,high,0.85,medium,2,,,,2,,witness_ordering,324697
C,C_00674,spray_bottle_use,topk_posthoc,0,0,0,1,1,1,0.0,9,4,-1,medium,high,0.85,medium,2,,,,2,,witness_ordering,324698
C,C_00675,spray_bottle_use,topk_posthoc,0,0,0,0,1,0,0.0,9,4,-1,medium,high,0.85,medium,2,,,,2,,witness_ordering,324699
C,C_00676,spray_bottle_use,topk_posthoc,0,0,0,0,1,0,0.0,9,4,-1,medium,high,0.85,medium,2,,,,2,,witness_ordering,324700
C,C_00677,spray_bottle_use,topk_posthoc,0,0,0,1,1,1,0.0,9,4,-1,medium,high,0.85,medium,2,,,,2,,witness_ordering,324701
C,C_00678,spray_bottle_use,topk_posthoc,0,0,0,0,1,0,0.0,9,4,-1,medium,high,0.85,medium,2,,,,2,,witness_ordering,324702
C,C_00679,spray_bottle_use,topk_posthoc,1,1,0,0,1,1,0.01276119,9,4,-1,medium,high,0.85,medium,2,,,,2,,witness_ordering,324703
C,C_00680,spray_bottle_use,topk_posthoc,0,0,0,1,1,1,0.0,9,4,-1,medium,high,0.85,medium,2,,,,2,,witness_ordering,324704
C,C_00681,spray_bottle_use,topk_posthoc,0,0,0,0,1,0,0.0,9,4,-1,medium,high,0.85,medium,2,,,,2,,witness_ordering,324705
C,C_00682,spray_bottle_use,topk_posthoc,0,0,0,1,1,1,0.0,9,4,-1,medium,high,0.85,medium,2,,,,2,,witness_ordering,324706
C,C_00683,spray_bottle_use,topk_posthoc,0,0,0,1,1,1,0.0,9,4,-1,medium,high,0.85,medium,2,,,,2,,witness_ordering,324707
C,C_00684,spray_bottle_use,topk_posthoc,0,0,0,0,1,0,0.0,9,4,-1,medium,high,0.85,medium,2,,,,2,,witness_ordering,324708
C,C_00685,spray_bottle_use,topk_posthoc,0,0,0,1,1,1,0.0,9,4,-1,medium,high,0.85,medium,2,,,,4,,witness_ordering,324709
C,C_00686,spray_bottle_use,topk_posthoc,0,0,0,1,1,1,0.0,9,4,-1,medium,high,0.85,medium,2,,,,4,,witness_ordering,324710
C,C_00687,spray_bottle_use,topk_posthoc,1,1,0,0,1,1,0.02837502,9,4,-1,medium,high,0.85,medium,2,,,,4,,witness_ordering,324711
C,C_00688,spray_bottle_use,topk_posthoc,1,1,0,0,1,1,0.00570709,9,4,-1,medium,high,0.85,medium,2,,,,4,,witness_ordering,324712
C,C_00689,spray_bottle_use,topk_posthoc,1,1,0,0,1,1,0.00112408,9,4,-1,medium,high,0.85,medium,2,,,,4,,witness_ordering,324713
C,C_00690,spray_bottle_use,topk_posthoc,1,1,0,0,1,1,0.04100737,9,4,-1,medium,high,0.85,medium,2,,,,4,,witness_ordering,324714
C,C_00691,spray_bottle_use,topk_posthoc,0,0,0,0,1,0,0.0,9,4,-1,medium,high,0.85,medium,2,,,,4,,witness_ordering,324715
C,C_00692,spray_bottle_use,topk_posthoc,0,0,0,0,1,0,0.0,9,4,-1,medium,high,0.85,medium,2,,,,4,,witness_ordering,324716
C,C_00693,spray_bottle_use,topk_posthoc,0,0,0,0,1,0,0.0,9,4,-1,medium,high,0.85,medium,2,,,,4,,witness_ordering,324717
C,C_00694,spray_bottle_use,topk_posthoc,1,1,0,0,1,1,0.00518663,9,4,-1,medium,high,0.85,medium,2,,,,4,,witness_ordering,324718
C,C_00695,spray_bottle_use,topk_posthoc,1,1,0,0,1,1,0.02571003,9,4,-1,medium,high,0.85,medium,2,,,,4,,witness_ordering,324719
C,C_00696,spray_bottle_use,topk_posthoc,0,0,0,1,1,1,0.0,9,4,-1,medium,high,0.85,medium,2,,,,4,,witness_ordering,324720
C,C_00697,spray_bottle_use,topk_posthoc,0,0,0,0,1,0,0.0,9,4,-1,medium,high,0.85,medium,2,,,,8,,witness_ordering,324721
C,C_00698,spray_bottle_use,topk_posthoc,0,0,0,1,1,1,0.0,9,4,-1,medium,high,0.85,medium,2,,,,8,,witness_ordering,324722
C,C_00699,spray_bottle_use,topk_posthoc,1,1,0,0,1,1,0.01657712,9,4,-1,medium,high,0.85,medium,2,,,,8,,witness_ordering,324723
C,C_00700,spray_bottle_use,topk_posthoc,0,0,0,1,1,1,0.0,9,4,-1,medium,high,0.85,medium,2,,,,8,,witness_ordering,324724
C,C_00701,spray_bottle_use,topk_posthoc,1,1,0,0,1,1,0.02697957,9,4,-1,medium,high,0.85,medium,2,,,,8,,witness_ordering,324725
C,C_00702,spray_bottle_use,topk_posthoc,1,1,0,0,1,1,0.0255822,9,4,-1,medium,high,0.85,medium,2,,,,8,,witness_ordering,324726
C,C_00703,spray_bottle_use,topk_posthoc,1,1,0,0,1,1,0.00567886,9,4,-1,medium,high,0.85,medium,2,,,,8,,witness_ordering,324727
C,C_00704,spray_bottle_use,topk_posthoc,0,0,0,1,1,1,0.0,9,4,-1,medium,high,0.85,medium,2,,,,8,,witness_ordering,324728
C,C_00705,spray_bottle_use,topk_posthoc,1,1,0,0,1,1,0.00710841,9,4,-1,medium,high,0.85,medium,2,,,,8,,witness_ordering,324729
C,C_00706,spray_bottle_use,topk_posthoc,0,0,0,0,1,0,0.0,9,4,-1,medium,high,0.85,medium,2,,,,8,,witness_ordering,324730
C,C_00707,spray_bottle_use,topk_posthoc,0,0,0,0,1,0,0.0,9,4,-1,medium,high,0.85,medium,2,,,,8,,witness_ordering,324731
C,C_00708,spray_bottle_use,topk_posthoc,0,0,0,1,1,1,0.0,9,4,-1,medium,high,0.85,medium,2,,,,8,,witness_ordering,324732
C,C_00709,spray_bottle_use,topk_posthoc,1,1,0,0,1,1,0.04206809,9,4,-1,medium,high,0.85,medium,2,,,,16,,witness_ordering,324733
C,C_00709_base,spray_bottle_use,geometric_fc,1,0,1,1,1,1,0.03896147,9,4,-1,medium,high,0.85,medium,2,,,,16,,witness_ordering,324733
C,C_00709_base,spray_bottle_use,oracle_sfc,1,1,0,0,1,1,0.04206809,9,4,-1,medium,high,0.85,medium,2,,,,16,,witness_ordering,324733
C,C_00709_base,spray_bottle_use,semantic_only,1,1,0,0,1,1,0.0,9,4,-1,medium,high,0.85,medium,2,,,,16,,witness_ordering,324733
C,C_00709_base,spray_bottle_use,posthoc_single,0,0,0,1,1,1,0.03896147,9,4,-1,medium,high,0.85,medium,2,,,,16,,witness_ordering,324733
C,C_00709_base,spray_bottle_use,soft_penalty_fc,1,0,1,1,1,1,0.03896147,9,4,-1,medium,high,0.85,medium,2,,,,16,,witness_ordering,324733
C,C_00710,spray_bottle_use,topk_posthoc,0,0,0,0,1,0,0.0,9,4,-1,medium,high,0.85,medium,2,,,,16,,witness_ordering,324734
C,C_00710_base,spray_bottle_use,geometric_fc,1,0,1,0,1,0,0.0425129,9,4,-1,medium,high,0.85,medium,2,,,,16,,witness_ordering,324734
C,C_00710_base,spray_bottle_use,oracle_sfc,0,0,0,0,1,0,0.0,9,4,-1,medium,high,0.85,medium,2,,,,16,,witness_ordering,324734
C,C_00710_base,spray_bottle_use,semantic_only,1,0,1,0,1,0,0.0,9,4,-1,medium,high,0.85,medium,2,,,,16,,witness_ordering,324734
C,C_00710_base,spray_bottle_use,posthoc_single,0,0,0,0,1,0,0.0425129,9,4,-1,medium,high,0.85,medium,2,,,,16,,witness_ordering,324734
C,C_00710_base,spray_bottle_use,soft_penalty_fc,1,0,1,0,1,0,0.0425129,9,4,-1,medium,high,0.85,medium,2,,,,16,,witness_ordering,324734
C,C_00711,spray_bottle_use,topk_posthoc,0,0,0,0,1,0,0.0,9,4,-1,medium,high,0.85,medium,2,,,,16,,witness_ordering,324735
C,C_00711_base,spray_bottle_use,geometric_fc,1,0,1,0,1,0,0.04043181,9,4,-1,medium,high,0.85,medium,2,,,,16,,witness_ordering,324735
C,C_00711_base,spray_bottle_use,oracle_sfc,0,0,0,0,1,0,0.0,9,4,-1,medium,high,0.85,medium,2,,,,16,,witness_ordering,324735
C,C_00711_base,spray_bottle_use,semantic_only,1,0,1,0,1,0,0.0,9,4,-1,medium,high,0.85,medium,2,,,,16,,witness_ordering,324735
C,C_00711_base,spray_bottle_use,posthoc_single,0,0,0,0,1,0,0.04043181,9,4,-1,medium,high,0.85,medium,2,,,,16,,witness_ordering,324735
C,C_00711_base,spray_bottle_use,soft_penalty_fc,1,0,1,0,1,0,0.04043181,9,4,-1,medium,high,0.85,medium,2,,,,16,,witness_ordering,324735
C,C_00712,spray_bottle_use,topk_posthoc,0,0,0,0,1,0,0.0,9,4,-1,medium,high,0.85,medium,2,,,,16,,witness_ordering,324736
C,C_00712_base,spray_bottle_use,geometric_fc,1,0,1,0,1,0,0.04453332,9,4,-1,medium,high,0.85,medium,2,,,,16,,witness_ordering,324736
C,C_00712_base,spray_bottle_use,oracle_sfc,0,0,0,0,1,0,0.0,9,4,-1,medium,high,0.85,medium,2,,,,16,,witness_ordering,324736
C,C_00712_base,spray_bottle_use,semantic_only,1,0,1,0,1,0,0.0,9,4,-1,medium,high,0.85,medium,2,,,,16,,witness_ordering,324736
C,C_00712_base,spray_bottle_use,posthoc_single,0,0,0,0,1,0,0.04453332,9,4,-1,medium,high,0.85,medium,2,,,,16,,witness_ordering,324736
C,C_00712_base,spray_bottle_use,soft_penalty_fc,1,0,1,0,1,0,0.04453332,9,4,-1,medium,high,0.85,medium,2,,,,16,,witness_ordering,324736
C,C_00713,spray_bottle_use,topk_posthoc,1,1,0,0,1,1,0.03541888,9,4,-1,medium,high,0.85,medium,2,,,,16,,witness_ordering,324737
C,C_00713_base,spray_bottle_use,geometric_fc,1,0,1,1,1,1,0.03878428,9,4,-1,medium,high,0.85,medium,2,,,,16,,witness_ordering,324737
C,C_00713_base,spray_bottle_use,oracle_sfc,1,1,0,0,1,1,0.03541888,9,4,-1,medium,high,0.85,medium,2,,,,16,,witness_ordering,324737
C,C_00713_base,spray_bottle_use,semantic_only,1,1,0,0,1,1,0.0,9,4,-1,medium,high,0.85,medium,2,,,,16,,witness_ordering,324737
C,C_00713_base,spray_bottle_use,posthoc_single,0,0,0,1,1,1,0.03878428,9,4,-1,medium,high,0.85,medium,2,,,,16,,witness_ordering,324737
C,C_00713_base,spray_bottle_use,soft_penalty_fc,1,0,1,1,1,1,0.03878428,9,4,-1,medium,high,0.85,medium,2,,,,16,,witness_ordering,324737
C,C_00714,spray_bottle_use,topk_posthoc,1,1,0,0,1,1,0.0153633,9,4,-1,medium,high,0.85,medium,2,,,,16,,witness_ordering,324738
C,C_00714_base,spray_bottle_use,geometric_fc,1,0,1,1,1,1,0.04118199,9,4,-1,medium,high,0.85,medium,2,,,,16,,witness_ordering,324738
C,C_00714_base,spray_bottle_use,oracle_sfc,1,1,0,0,1,1,0.0153633,9,4,-1,medium,high,0.85,medium,2,,,,16,,witness_ordering,324738
C,C_00714_base,spray_bottle_use,semantic_only,1,1,0,0,1,1,0.0,9,4,-1,medium,high,0.85,medium,2,,,,16,,witness_ordering,324738
C,C_00714_base,spray_bottle_use,posthoc_single,0,0,0,1,1,1,0.04118199,9,4,-1,medium,high,0.85,medium,2,,,,16,,witness_ordering,324738
C,C_00714_base,spray_bottle_use,soft_penalty_fc,1,0,1,1,1,1,0.04118199,9,4,-1,medium,high,0.85,medium,2,,,,16,,witness_ordering,324738
C,C_00715,spray_bottle_use,topk_posthoc,0,0,0,0,1,0,0.0,9,4,-1,medium,high,0.85,medium,2,,,,16,,witness_ordering,324739
C,C_00715_base,spray_bottle_use,geometric_fc,1,0,1,0,1,0,0.045921,9,4,-1,medium,high,0.85,medium,2,,,,16,,witness_ordering,324739
C,C_00715_base,spray_bottle_use,oracle_sfc,0,0,0,0,1,0,0.0,9,4,-1,medium,high,0.85,medium,2,,,,16,,witness_ordering,324739
C,C_00715_base,spray_bottle_use,semantic_only,1,0,1,0,1,0,0.0,9,4,-1,medium,high,0.85,medium,2,,,,16,,witness_ordering,324739
C,C_00715_base,spray_bottle_use,posthoc_single,0,0,0,0,1,0,0.045921,9,4,-1,medium,high,0.85,medium,2,,,,16,,witness_ordering,324739
C,C_00715_base,spray_bottle_use,soft_penalty_fc,1,0,1,0,1,0,0.045921,9,4,-1,medium,high,0.85,medium,2,,,,16,,witness_ordering,324739
C,C_00716,spray_bottle_use,topk_posthoc,1,1,0,0,1,1,0.02563576,9,4,-1,medium,high,0.85,medium,2,,,,16,,witness_ordering,324740
C,C_00716_base,spray_bottle_use,geometric_fc,1,0,1,1,1,1,0.04164625,9,4,-1,medium,high,0.85,medium,2,,,,16,,witness_ordering,324740
C,C_00716_base,spray_bottle_use,oracle_sfc,1,1,0,0,1,1,0.02563576,9,4,-1,medium,high,0.85,medium,2,,,,16,,witness_ordering,324740
C,C_00716_base,spray_bottle_use,semantic_only,1,1,0,0,1,1,0.0,9,4,-1,medium,high,0.85,medium,2,,,,16,,witness_ordering,324740
C,C_00716_base,spray_bottle_use,posthoc_single,0,0,0,1,1,1,0.04164625,9,4,-1,medium,high,0.85,medium,2,,,,16,,witness_ordering,324740
C,C_00716_base,spray_bottle_use,soft_penalty_fc,1,0,1,1,1,1,0.04164625,9,4,-1,medium,high,0.85,medium,2,,,,16,,witness_ordering,324740
C,C_00717,spray_bottle_use,topk_posthoc,0,0,0,0,1,0,0.0,9,4,-1,medium,high,0.85,medium,2,,,,16,,witness_ordering,324741
C,C_00717_base,spray_bottle_use,geometric_fc,1,0,1,0,1,0,0.04377329,9,4,-1,medium,high,0.85,medium,2,,,,16,,witness_ordering,324741
C,C_00717_base,spray_bottle_use,oracle_sfc,0,0,0,0,1,0,0.0,9,4,-1,medium,high,0.85,medium,2,,,,16,,witness_ordering,324741
C,C_00717_base,spray_bottle_use,semantic_only,1,0,1,0,1,0,0.0,9,4,-1,medium,high,0.85,medium,2,,,,16,,witness_ordering,324741
C,C_00717_base,spray_bottle_use,posthoc_single,0,0,0,0,1,0,0.04377329,9,4,-1,medium,high,0.85,medium,2,,,,16,,witness_ordering,324741
C,C_00717_base,spray_bottle_use,soft_penalty_fc,1,0,1,0,1,0,0.04377329,9,4,-1,medium,high,0.85,medium,2,,,,16,,witness_ordering,324741
C,C_00718,spray_bottle_use,topk_posthoc,1,1,0,0,1,1,0.0038959,9,4,-1,medium,high,0.85,medium,2,,,,16,,witness_ordering,324742
C,C_00718_base,spray_bottle_use,geometric_fc,1,0,1,1,1,1,0.04021696,9,4,-1,medium,high,0.85,medium,2,,,,16,,witness_ordering,324742
C,C_00718_base,spray_bottle_use,oracle_sfc,1,1,0,0,1,1,0.0038959,9,4,-1,medium,high,0.85,medium,2,,,,16,,witness_ordering,324742
C,C_00718_base,spray_bottle_use,semantic_only,1,1,0,0,1,1,0.0,9,4,-1,medium,high,0.85,medium,2,,,,16,,witness_ordering,324742
C,C_00718_base,spray_bottle_use,posthoc_single,0,0,0,1,1,1,0.04021696,9,4,-1,medium,high,0.85,medium,2,,,,16,,witness_ordering,324742
C,C_00718_base,spray_bottle_use,soft_penalty_fc,1,0,1,1,1,1,0.04021696,9,4,-1,medium,high,0.85,medium,2,,,,16,,witness_ordering,324742
C,C_00719,spray_bottle_use,topk_posthoc,1,1,0,0,1,1,0.02431436,9,4,-1,medium,high,0.85,medium,2,,,,16,,witness_ordering,324743
C,C_00719_base,spray_bottle_use,geometric_fc,1,0,1,1,1,1,0.03916209,9,4,-1,medium,high,0.85,medium,2,,,,16,,witness_ordering,324743
C,C_00719_base,spray_bottle_use,oracle_sfc,1,1,0,0,1,1,0.02431436,9,4,-1,medium,high,0.85,medium,2,,,,16,,witness_ordering,324743
C,C_00719_base,spray_bottle_use,semantic_only,1,1,0,0,1,1,0.0,9,4,-1,medium,high,0.85,medium,2,,,,16,,witness_ordering,324743
C,C_00719_base,spray_bottle_use,posthoc_single,0,0,0,1,1,1,0.03916209,9,4,-1,medium,high,0.85,medium,2,,,,16,,witness_ordering,324743
C,C_00719_base,spray_bottle_use,soft_penalty_fc,1,0,1,1,1,1,0.03916209,9,4,-1,medium,high,0.85,medium,2,,,,16,,witness_ordering,324743
C,C_00720,spray_bottle_use,topk_posthoc,1,1,0,0,1,1,0.01249041,9,4,-1,medium,high,0.85,medium,2,,,,16,,witness_ordering,324744
C,C_00720_base,spray_bottle_use,geometric_fc,1,0,1,1,1,1,0.04131071,9,4,-1,medium,high,0.85,medium,2,,,,16,,witness_ordering,324744
C,C_00720_base,spray_bottle_use,oracle_sfc,1,1,0,0,1,1,0.01249041,9,4,-1,medium,high,0.85,medium,2,,,,16,,witness_ordering,324744
C,C_00720_base,spray_bottle_use,semantic_only,1,1,0,0,1,1,0.0,9,4,-1,medium,high,0.85,medium,2,,,,16,,witness_ordering,324744
C,C_00720_base,spray_bottle_use,posthoc_single,0,0,0,1,1,1,0.04131071,9,4,-1,medium,high,0.85,medium,2,,,,16,,witness_ordering,324744
C,C_00720_base,spray_bottle_use,soft_penalty_fc,1,0,1,1,1,1,0.04131071,9,4,-1,medium,high,0.85,medium,2,,,,16,,witness_ordering,324744
C,C_00721,apple_pick,topk_posthoc,0,0,0,0,1,0,0.0,7,3,-1,medium,high,0.25,medium,2,,,,1,,witness_ordering,324745
C,C_00721_base,apple_pick,geometric_fc,1,0,1,0,1,0,0.05612687,7,3,-1,medium,high,0.25,medium,2,,,,1,,witness_ordering,324745
C,C_00721_base,apple_pick,oracle_sfc,0,0,0,0,1,0,0.0,7,3,-1,medium,high,0.25,medium,2,,,,1,,witness_ordering,324745
C,C_00721_base,apple_pick,semantic_only,1,0,1,0,1,0,0.0,7,3,-1,medium,high,0.25,medium,2,,,,1,,witness_ordering,324745
C,C_00721_base,apple_pick,posthoc_single,0,0,0,0,1,0,0.05612687,7,3,-1,medium,high,0.25,medium,2,,,,1,,witness_ordering,324745
C,C_00721_base,apple_pick,soft_penalty_fc,1,0,1,0,1,0,0.05612687,7,3,-1,medium,high,0.25,medium,2,,,,1,,witness_ordering,324745
C,C_00722,apple_pick,topk_posthoc,0,0,0,1,1,1,0.0,7,3,-1,medium,high,0.25,medium,2,,,,1,,witness_ordering,324746
C,C_00722_base,apple_pick,geometric_fc,1,0,1,1,1,1,0.05771417,7,3,-1,medium,high,0.25,medium,2,,,,1,,witness_ordering,324746
C,C_00722_base,apple_pick,oracle_sfc,1,1,0,0,1,1,0.03374153,7,3,-1,medium,high,0.25,medium,2,,,,1,,witness_ordering,324746
C,C_00722_base,apple_pick,semantic_only,1,1,0,0,1,1,0.0,7,3,-1,medium,high,0.25,medium,2,,,,1,,witness_ordering,324746
C,C_00722_base,apple_pick,posthoc_single,0,0,0,1,1,1,0.05771417,7,3,-1,medium,high,0.25,medium,2,,,,1,,witness_ordering,324746
C,C_00722_base,apple_pick,soft_penalty_fc,1,0,1,1,1,1,0.05771417,7,3,-1,medium,high,0.25,medium,2,,,,1,,witness_ordering,324746
C,C_00723,apple_pick,topk_posthoc,0,0,0,0,1,0,0.0,7,3,-1,medium,high,0.25,medium,2,,,,1,,witness_ordering,324747
C,C_00723_base,apple_pick,geometric_fc,1,0,1,0,1,0,0.05625355,7,3,-1,medium,high,0.25,medium,2,,,,1,,witness_ordering,324747
C,C_00723_base,apple_pick,oracle_sfc,0,0,0,0,1,0,0.0,7,3,-1,medium,high,0.25,medium,2,,,,1,,witness_ordering,324747
C,C_00723_base,apple_pick,semantic_only,1,0,1,0,1,0,0.0,7,3,-1,medium,high,0.25,medium,2,,,,1,,witness_ordering,324747
C,C_00723_base,apple_pick,posthoc_single,0,0,0,0,1,0,0.05625355,7,3,-1,medium,high,0.25,medium,2,,,,1,,witness_ordering,324747
C,C_00723_base,apple_pick,soft_penalty_fc,1,0,1,0,1,0,0.05625355,7,3,-1,medium,high,0.25,medium,2,,,,1,,witness_ordering,324747
C,C_00724,apple_pick,topk_posthoc,0,0,0,0,1,0,0.0,7,3,-1,medium,high,0.25,medium,2,,,,1,,witness_ordering,324748
C,C_00724_base,apple_pick,geometric_fc,1,0,1,0,1,0,0.05226748,7,3,-1,medium,high,0.25,medium,2,,,,1,,witness_ordering,324748
C,C_00724_base,apple_pick,oracle_sfc,0,0,0,0,1,0,0.0,7,3,-1,medium,high,0.25,medium,2,,,,1,,witness_ordering,324748
C,C_00724_base,apple_pick,semantic_only,1,0,1,0,1,0,0.0,7,3,-1,medium,high,0.25,medium,2,,,,1,,witness_ordering,324748
C,C_00724_base,apple_pick,posthoc_single,0,0,0,0,1,0,0.05226748,7,3,-1,medium,high,0.25,medium,2,,,,1,,witness_ordering,324748
C,C_00724_base,apple_pick,soft_penalty_fc,1,0,1,0,1,0,0.05226748,7,3,-1,medium,high,0.25,medium,2,,,,1,,witness_ordering,324748
C,C_00725,apple_pick,topk_posthoc,0,0,0,1,1,1,0.0,7,3,-1,medium,high,0.25,medium,2,,,,1,,witness_ordering,324749
C,C_00725_base,apple_pick,geometric_fc,1,0,1,1,1,1,0.05043059,7,3,-1,medium,high,0.25,medium,2,,,,1,,witness_ordering,324749
C,C_00725_base,apple_pick,oracle_sfc,1,1,0,0,1,1,0.07795623,7,3,-1,medium,high,0.25,medium,2,,,,1,,witness_ordering,324749
C,C_00725_base,apple_pick,semantic_only,1,1,0,0,1,1,0.0,7,3,-1,medium,high,0.25,medium,2,,,,1,,witness_ordering,324749
C,C_00725_base,apple_pick,posthoc_single,0,0,0,1,1,1,0.05043059,7,3,-1,medium,high,0.25,medium,2,,,,1,,witness_ordering,324749
C,C_00725_base,apple_pick,soft_penalty_fc,1,0,1,1,1,1,0.05043059,7,3,-1,medium,high,0.25,medium,2,,,,1,,witness_ordering,324749
C,C_00726,apple_pick,topk_posthoc,0,0,0,0,1,0,0.0,7,3,-1,medium,high,0.25,medium,2,,,,1,,witness_ordering,324750
C,C_00726_base,apple_pick,geometric_fc,1,0,1,0,1,0,0.05790251,7,3,-1,medium,high,0.25,medium,2,,,,1,,witness_ordering,324750
C,C_00726_base,apple_pick,oracle_sfc,0,0,0,0,1,0,0.0,7,3,-1,medium,high,0.25,medium,2,,,,1,,witness_ordering,324750
C,C_00726_base,apple_pick,semantic_only,1,0,1,0,1,0,0.0,7,3,-1,medium,high,0.25,medium,2,,,,1,,witness_ordering,324750
C,C_00726_base,apple_pick,posthoc_single,0,0,0,0,1,0,0.05790251,7,3,-1,medium,high,0.25,medium,2,,,,1,,witness_ordering,324750
C,C_00726_base,apple_pick,soft_penalty_fc,1,0,1,0,1,0,0.05790251,7,3,-1,medium,high,0.25,medium,2,,,,1,,witness_ordering,324750
C,C_00727,apple_pick,topk_posthoc,0,0,0,1,1,1,0.0,7,3,-1,medium,high,0.25,medium,2,,,,1,,witness_ordering,324751
C,C_00727_base,apple_pick,geometric_fc,1,0,1,1,1,1,0.04921098,7,3,-1,medium,high,0.25,medium,2,,,,1,,witness_ordering,324751
C,C_00727_base,apple_pick,oracle_sfc,1,1,0,0,1,1,0.05097493,7,3,-1,medium,high,0.25,medium,2,,,,1,,witness_ordering,324751
C,C_00727_base,apple_pick,semantic_only,1,1,0,0,1,1,0.0,7,3,-1,medium,high,0.25,medium,2,,,,1,,witness_ordering,324751
C,C_00727_base,apple_pick,posthoc_single,0,0,0,1,1,1,0.04921098,7,3,-1,medium,high,0.25,medium,2,,,,1,,witness_ordering,324751
C,C_00727_base,apple_pick,soft_penalty_fc,1,0,1,1,1,1,0.04921098,7,3,-1,medium,high,0.25,medium,2,,,,1,,witness_ordering,324751
C,C_00728,apple_pick,topk_posthoc,0,0,0,1,1,1,0.0,7,3,-1,medium,high,0.25,medium,2,,,,1,,witness_ordering,324752
C,C_00728_base,apple_pick,geometric_fc,1,0,1,1,1,1,0.05237714,7,3,-1,medium,high,0.25,medium,2,,,,1,,witness_ordering,324752
C,C_00728_base,apple_pick,oracle_sfc,1,1,0,0,1,1,0.02435936,7,3,-1,medium,high,0.25,medium,2,,,,1,,witness_ordering,324752
C,C_00728_base,apple_pick,semantic_only,1,1,0,0,1,1,0.0,7,3,-1,medium,high,0.25,medium,2,,,,1,,witness_ordering,324752
C,C_00728_base,apple_pick,posthoc_single,0,0,0,1,1,1,0.05237714,7,3,-1,medium,high,0.25,medium,2,,,,1,,witness_ordering,324752
C,C_00728_base,apple_pick,soft_penalty_fc,1,0,1,1,1,1,0.05237714,7,3,-1,medium,high,0.25,medium,2,,,,1,,witness_ordering,324752
C,C_00729,apple_pick,topk_posthoc,0,0,0,0,1,0,0.0,7,3,-1,medium,high,0.25,medium,2,,,,1,,witness_ordering,324753
C,C_00729_base,apple_pick,geometric_fc,1,0,1,0,1,0,0.05372782,7,3,-1,medium,high,0.25,medium,2,,,,1,,witness_ordering,324753
C,C_00729_base,apple_pick,oracle_sfc,0,0,0,0,1,0,0.0,7,3,-1,medium,high,0.25,medium,2,,,,1,,witness_ordering,324753
C,C_00729_base,apple_pick,semantic_only,1,0,1,0,1,0,0.0,7,3,-1,medium,high,0.25,medium,2,,,,1,,witness_ordering,324753
C,C_00729_base,apple_pick,posthoc_single,0,0,0,0,1,0,0.05372782,7,3,-1,medium,high,0.25,medium,2,,,,1,,witness_ordering,324753
C,C_00729_base,apple_pick,soft_penalty_fc,1,0,1,0,1,0,0.05372782,7,3,-1,medium,high,0.25,medium,2,,,,1,,witness_ordering,324753
C,C_00730,apple_pick,topk_posthoc,0,0,0,1,1,1,0.0,7,3,-1,medium,high,0.25,medium,2,,,,1,,witness_ordering,324754
C,C_00730_base,apple_pick,geometric_fc,1,0,1,1,1,1,0.05617871,7,3,-1,medium,high,0.25,medium,2,,,,1,,witness_ordering,324754
C,C_00730_base,apple_pick,oracle_sfc,1,1,0,0,1,1,0.00289883,7,3,-1,medium,high,0.25,medium,2,,,,1,,witness_ordering,324754
C,C_00730_base,apple_pick,semantic_only,1,1,0,0,1,1,0.0,7,3,-1,medium,high,0.25,medium,2,,,,1,,witness_ordering,324754
C,C_00730_base,apple_pick,posthoc_single,0,0,0,1,1,1,0.05617871,7,3,-1,medium,high,0.25,medium,2,,,,1,,witness_ordering,324754
C,C_00730_base,apple_pick,soft_penalty_fc,1,0,1,1,1,1,0.05617871,7,3,-1,medium,high,0.25,medium,2,,,,1,,witness_ordering,324754
C,C_00731,apple_pick,topk_posthoc,0,0,0,1,1,1,0.0,7,3,-1,medium,high,0.25,medium,2,,,,1,,witness_ordering,324755
C,C_00731_base,apple_pick,geometric_fc,1,0,1,1,1,1,0.05794556,7,3,-1,medium,high,0.25,medium,2,,,,1,,witness_ordering,324755
C,C_00731_base,apple_pick,oracle_sfc,1,1,0,0,1,1,0.00022985,7,3,-1,medium,high,0.25,medium,2,,,,1,,witness_ordering,324755
C,C_00731_base,apple_pick,semantic_only,1,1,0,0,1,1,0.0,7,3,-1,medium,high,0.25,medium,2,,,,1,,witness_ordering,324755
C,C_00731_base,apple_pick,posthoc_single,0,0,0,1,1,1,0.05794556,7,3,-1,medium,high,0.25,medium,2,,,,1,,witness_ordering,324755
C,C_00731_base,apple_pick,soft_penalty_fc,1,0,1,1,1,1,0.05794556,7,3,-1,medium,high,0.25,medium,2,,,,1,,witness_ordering,324755
C,C_00732,apple_pick,topk_posthoc,0,0,0,1,1,1,0.0,7,3,-1,medium,high,0.25,medium,2,,,,1,,witness_ordering,324756
C,C_00732_base,apple_pick,geometric_fc,1,0,1,1,1,1,0.0582033,7,3,-1,medium,high,0.25,medium,2,,,,1,,witness_ordering,324756
C,C_00732_base,apple_pick,oracle_sfc,1,1,0,0,1,1,0.03041242,7,3,-1,medium,high,0.25,medium,2,,,,1,,witness_ordering,324756
C,C_00732_base,apple_pick,semantic_only,1,1,0,0,1,1,0.0,7,3,-1,medium,high,0.25,medium,2,,,,1,,witness_ordering,324756
C,C_00732_base,apple_pick,posthoc_single,0,0,0,1,1,1,0.0582033,7,3,-1,medium,high,0.25,medium,2,,,,1,,witness_ordering,324756
C,C_00732_base,apple_pick,soft_penalty_fc,1,0,1,1,1,1,0.0582033,7,3,-1,medium,high,0.25,medium,2,,,,1,,witness_ordering,324756
C,C_00733,apple_pick,topk_posthoc,0,0,0,1,1,1,0.0,7,3,-1,medium,high,0.25,medium,2,,,,2,,witness_ordering,324757
C,C_00734,apple_pick,topk_posthoc,0,0,0,1,1,1,0.0,7,3,-1,medium,high,0.25,medium,2,,,,2,,witness_ordering,324758
C,C_00735,apple_pick,topk_posthoc,0,0,0,0,1,0,0.0,7,3,-1,medium,high,0.25,medium,2,,,,2,,witness_ordering,324759
C,C_00736,apple_pick,topk_posthoc,0,0,0,0,1,0,0.0,7,3,-1,medium,high,0.25,medium,2,,,,2,,witness_ordering,324760
C,C_00737,apple_pick,topk_posthoc,0,0,0,0,1,0,0.0,7,3,-1,medium,high,0.25,medium,2,,,,2,,witness_ordering,324761
C,C_00738,apple_pick,topk_posthoc,0,0,0,1,1,1,0.0,7,3,-1,medium,high,0.25,medium,2,,,,2,,witness_ordering,324762
C,C_00739,apple_pick,topk_posthoc,0,0,0,1,1,1,0.0,7,3,-1,medium,high,0.25,medium,2,,,,2,,witness_ordering,324763
C,C_00740,apple_pick,topk_posthoc,0,0,0,1,1,1,0.0,7,3,-1,medium,high,0.25,medium,2,,,,2,,witness_ordering,324764
C,C_00741,apple_pick,topk_posthoc,0,0,0,1,1,1,0.0,7,3,-1,medium,high,0.25,medium,2,,,,2,,witness_ordering,324765
C,C_00742,apple_pick,topk_posthoc,0,0,0,1,1,1,0.0,7,3,-1,medium,high,0.25,medium,2,,,,2,,witness_ordering,324766
C,C_00743,apple_pick,topk_posthoc,0,0,0,0,1,0,0.0,7,3,-1,medium,high,0.25,medium,2,,,,2,,witness_ordering,324767
C,C_00744,apple_pick,topk_posthoc,0,0,0,0,1,0,0.0,7,3,-1,medium,high,0.25,medium,2,,,,2,,witness_ordering,324768
C,C_00745,apple_pick,topk_posthoc,1,1,0,0,1,1,0.00182116,7,3,-1,medium,high,0.25,medium,2,,,,4,,witness_ordering,324769
C,C_00746,apple_pick,topk_posthoc,1,1,0,0,1,1,0.03087825,7,3,-1,medium,high,0.25,medium,2,,,,4,,witness_ordering,324770
C,C_00747,apple_pick,topk_posthoc,1,1,0,0,1,1,0.04625205,7,3,-1,medium,high,0.25,medium,2,,,,4,,witness_ordering,324771
C,C_00748,apple_pick,topk_posthoc,0,0,0,0,1,0,0.0,7,3,-1,medium,high,0.25,medium,2,,,,4,,witness_ordering,324772
C,C_00749,apple_pick,topk_posthoc,0,0,0,1,1,1,0.0,7,3,-1,medium,high,0.25,medium,2,,,,4,,witness_ordering,324773
C,C_00750,apple_pick,topk_posthoc,0,0,0,0,1,0,0.0,7,3,-1,medium,high,0.25,medium,2,,,,4,,witness_ordering,324774
C,C_00751,apple_pick,topk_posthoc,1,1,0,0,1,1,0.06161069,7,3,-1,medium,high,0.25,medium,2,,,,4,,witness_ordering,324775
C,C_00752,apple_pick,topk_posthoc,0,0,0,0,1,0,0.0,7,3,-1,medium,high,0.25,medium,2,,,,4,,witness_ordering,324776
C,C_00753,apple_pick,topk_posthoc,0,0,0,1,1,1,0.0,7,3,-1,medium,high,0.25,medium,2,,,,4,,witness_ordering,324777
C,C_00754,apple_pick,topk_posthoc,0,0,0,0,1,0,0.0,7,3,-1,medium,high,0.25,medium,2,,,,4,,witness_ordering,324778
C,C_00755,apple_pick,topk_posthoc,0,0,0,1,1,1,0.0,7,3,-1,medium,high,0.25,medium,2,,,,4,,witness_ordering,324779
C,C_00756,apple_pick,topk_posthoc,1,1,0,0,1,1,0.11584999,7,3,-1,medium,high,0.25,medium,2,,,,4,,witness_ordering,324780
C,C_00757,apple_pick,topk_posthoc,1,1,0,0,1,1,0.01814698,7,3,-1,medium,high,0.25,medium,2,,,,8,,witness_ordering,324781
C,C_00758,apple_pick,topk_posthoc,0,0,0,0,1,0,0.0,7,3,-1,medium,high,0.25,medium,2,,,,8,,witness_ordering,324782
C,C_00759,apple_pick,topk_posthoc,0,0,0,0,1,0,0.0,7,3,-1,medium,high,0.25,medium,2,,,,8,,witness_ordering,324783
C,C_00760,apple_pick,topk_posthoc,0,0,0,0,1,0,0.0,7,3,-1,medium,high,0.25,medium,2,,,,8,,witness_ordering,324784
C,C_00761,apple_pick,topk_posthoc,1,1,0,0,1,1,0.05014174,7,3,-1,medium,high,0.25,medium,2,,,,8,,witness_ordering,324785
C,C_00762,apple_pick,topk_posthoc,1,1,0,0,1,1,0.00973339,7,3,-1,medium,high,0.25,medium,2,,,,8,,witness_ordering,324786
C,C_00763,apple_pick,topk_posthoc,1,1,0,0,1,1,0.04242566,7,3,-1,medium,high,0.25,medium,2,,,,8,,witness_ordering,324787
C,C_00764,apple_pick,topk_posthoc,1,1,0,0,1,1,0.08525215,7,3,-1,medium,high,0.25,medium,2,,,,8,,witness_ordering,324788
C,C_00765,apple_pick,topk_posthoc,0,0,0,1,1,1,0.0,7,3,-1,medium,high,0.25,medium,2,,,,8,,witness_ordering,324789
C,C_00766,apple_pick,topk_posthoc,0,0,0,1,1,1,0.0,7,3,-1,medium,high,0.25,medium,2,,,,8,,witness_ordering,324790
C,C_00767,apple_pick,topk_posthoc,0,0,0,0,1,0,0.0,7,3,-1,medium,high,0.25,medium,2,,,,8,,witness_ordering,324791
C,C_00768,apple_pick,topk_posthoc,1,1,0,0,1,1,0.07338497,7,3,-1,medium,high,0.25,medium,2,,,,8,,witness_ordering,324792
C,C_00769,apple_pick,topk_posthoc,0,0,0,0,1,0,0.0,7,3,-1,medium,high,0.25,medium,2,,,,16,,witness_ordering,324793
C,C_00769_base,apple_pick,geometric_fc,1,0,1,0,1,0,0.05025467,7,3,-1,medium,high,0.25,medium,2,,,,16,,witness_ordering,324793
C,C_00769_base,apple_pick,oracle_sfc,0,0,0,0,1,0,0.0,7,3,-1,medium,high,0.25,medium,2,,,,16,,witness_ordering,324793
C,C_00769_base,apple_pick,semantic_only,1,0,1,0,1,0,0.0,7,3,-1,medium,high,0.25,medium,2,,,,16,,witness_ordering,324793
C,C_00769_base,apple_pick,posthoc_single,0,0,0,0,1,0,0.05025467,7,3,-1,medium,high,0.25,medium,2,,,,16,,witness_ordering,324793
C,C_00769_base,apple_pick,soft_penalty_fc,1,0,1,0,1,0,0.05025467,7,3,-1,medium,high,0.25,medium,2,,,,16,,witness_ordering,324793
C,C_00770,apple_pick,topk_posthoc,0,0,0,0,1,0,0.0,7,3,-1,medium,high,0.25,medium,2,,,,16,,witness_ordering,324794
C,C_00770_base,apple_pick,geometric_fc,1,0,1,0,1,0,0.04974938,7,3,-1,medium,high,0.25,medium,2,,,,16,,witness_ordering,324794
C,C_00770_base,apple_pick,oracle_sfc,0,0,0,0,1,0,0.0,7,3,-1,medium,high,0.25,medium,2,,,,16,,witness_ordering,324794
C,C_00770_base,apple_pick,semantic_only,1,0,1,0,1,0,0.0,7,3,-1,medium,high,0.25,medium,2,,,,16,,witness_ordering,324794
C,C_00770_base,apple_pick,posthoc_single,0,0,0,0,1,0,0.04974938,7,3,-1,medium,high,0.25,medium,2,,,,16,,witness_ordering,324794
C,C_00770_base,apple_pick,soft_penalty_fc,1,0,1,0,1,0,0.04974938,7,3,-1,medium,high,0.25,medium,2,,,,16,,witness_ordering,324794
C,C_00771,apple_pick,topk_posthoc,1,1,0,0,1,1,0.08025201,7,3,-1,medium,high,0.25,medium,2,,,,16,,witness_ordering,324795
C,C_00771_base,apple_pick,geometric_fc,1,0,1,1,1,1,0.05250497,7,3,-1,medium,high,0.25,medium,2,,,,16,,witness_ordering,324795
C,C_00771_base,apple_pick,oracle_sfc,1,1,0,0,1,1,0.08025201,7,3,-1,medium,high,0.25,medium,2,,,,16,,witness_ordering,324795
C,C_00771_base,apple_pick,semantic_only,1,1,0,0,1,1,0.0,7,3,-1,medium,high,0.25,medium,2,,,,16,,witness_ordering,324795
C,C_00771_base,apple_pick,posthoc_single,0,0,0,1,1,1,0.05250497,7,3,-1,medium,high,0.25,medium,2,,,,16,,witness_ordering,324795
C,C_00771_base,apple_pick,soft_penalty_fc,1,0,1,1,1,1,0.05250497,7,3,-1,medium,high,0.25,medium,2,,,,16,,witness_ordering,324795
C,C_00772,apple_pick,topk_posthoc,0,0,0,0,1,0,0.0,7,3,-1,medium,high,0.25,medium,2,,,,16,,witness_ordering,324796
C,C_00772_base,apple_pick,geometric_fc,1,0,1,0,1,0,0.05780859,7,3,-1,medium,high,0.25,medium,2,,,,16,,witness_ordering,324796
C,C_00772_base,apple_pick,oracle_sfc,0,0,0,0,1,0,0.0,7,3,-1,medium,high,0.25,medium,2,,,,16,,witness_ordering,324796
C,C_00772_base,apple_pick,semantic_only,1,0,1,0,1,0,0.0,7,3,-1,medium,high,0.25,medium,2,,,,16,,witness_ordering,324796
C,C_00772_base,apple_pick,posthoc_single,0,0,0,0,1,0,0.05780859,7,3,-1,medium,high,0.25,medium,2,,,,16,,witness_ordering,324796
C,C_00772_base,apple_pick,soft_penalty_fc,1,0,1,0,1,0,0.05780859,7,3,-1,medium,high,0.25,medium,2,,,,16,,witness_ordering,324796
C,C_00773,apple_pick,topk_posthoc,0,0,0,0,1,0,0.0,7,3,-1,medium,high,0.25,medium,2,,,,16,,witness_ordering,324797
C,C_00773_base,apple_pick,geometric_fc,1,0,1,0,1,0,0.05015636,7,3,-1,medium,high,0.25,medium,2,,,,16,,witness_ordering,324797
C,C_00773_base,apple_pick,oracle_sfc,0,0,0,0,1,0,0.0,7,3,-1,medium,high,0.25,medium,2,,,,16,,witness_ordering,324797
C,C_00773_base,apple_pick,semantic_only,1,0,1,0,1,0,0.0,7,3,-1,medium,high,0.25,medium,2,,,,16,,witness_ordering,324797
C,C_00773_base,apple_pick,posthoc_single,0,0,0,0,1,0,0.05015636,7,3,-1,medium,high,0.25,medium,2,,,,16,,witness_ordering,324797
C,C_00773_base,apple_pick,soft_penalty_fc,1,0,1,0,1,0,0.05015636,7,3,-1,medium,high,0.25,medium,2,,,,16,,witness_ordering,324797
C,C_00774,apple_pick,topk_posthoc,1,1,0,0,1,1,0.07689377,7,3,-1,medium,high,0.25,medium,2,,,,16,,witness_ordering,324798
C,C_00774_base,apple_pick,geometric_fc,1,0,1,1,1,1,0.05361184,7,3,-1,medium,high,0.25,medium,2,,,,16,,witness_ordering,324798
C,C_00774_base,apple_pick,oracle_sfc,1,1,0,0,1,1,0.07689377,7,3,-1,medium,high,0.25,medium,2,,,,16,,witness_ordering,324798
C,C_00774_base,apple_pick,semantic_only,1,1,0,0,1,1,0.0,7,3,-1,medium,high,0.25,medium,2,,,,16,,witness_ordering,324798
C,C_00774_base,apple_pick,posthoc_single,0,0,0,1,1,1,0.05361184,7,3,-1,medium,high,0.25,medium,2,,,,16,,witness_ordering,324798
C,C_00774_base,apple_pick,soft_penalty_fc,1,0,1,1,1,1,0.05361184,7,3,-1,medium,high,0.25,medium,2,,,,16,,witness_ordering,324798
C,C_00775,apple_pick,topk_posthoc,0,0,0,0,1,0,0.0,7,3,-1,medium,high,0.25,medium,2,,,,16,,witness_ordering,324799
C,C_00775_base,apple_pick,geometric_fc,1,0,1,0,1,0,0.05188616,7,3,-1,medium,high,0.25,medium,2,,,,16,,witness_ordering,324799
C,C_00775_base,apple_pick,oracle_sfc,0,0,0,0,1,0,0.0,7,3,-1,medium,high,0.25,medium,2,,,,16,,witness_ordering,324799
C,C_00775_base,apple_pick,semantic_only,1,0,1,0,1,0,0.0,7,3,-1,medium,high,0.25,medium,2,,,,16,,witness_ordering,324799
C,C_00775_base,apple_pick,posthoc_single,0,0,0,0,1,0,0.05188616,7,3,-1,medium,high,0.25,medium,2,,,,16,,witness_ordering,324799
C,C_00775_base,apple_pick,soft_penalty_fc,1,0,1,0,1,0,0.05188616,7,3,-1,medium,high,0.25,medium,2,,,,16,,witness_ordering,324799
C,C_00776,apple_pick,topk_posthoc,0,0,0,0,1,0,0.0,7,3,-1,medium,high,0.25,medium,2,,,,16,,witness_ordering,324800
C,C_00776_base,apple_pick,geometric_fc,1,0,1,0,1,0,0.05731382,7,3,-1,medium,high,0.25,medium,2,,,,16,,witness_ordering,324800
C,C_00776_base,apple_pick,oracle_sfc,0,0,0,0,1,0,0.0,7,3,-1,medium,high,0.25,medium,2,,,,16,,witness_ordering,324800
C,C_00776_base,apple_pick,semantic_only,1,0,1,0,1,0,0.0,7,3,-1,medium,high,0.25,medium,2,,,,16,,witness_ordering,324800
C,C_00776_base,apple_pick,posthoc_single,0,0,0,0,1,0,0.05731382,7,3,-1,medium,high,0.25,medium,2,,,,16,,witness_ordering,324800
C,C_00776_base,apple_pick,soft_penalty_fc,1,0,1,0,1,0,0.05731382,7,3,-1,medium,high,0.25,medium,2,,,,16,,witness_ordering,324800
C,C_00777,apple_pick,topk_posthoc,0,0,0,0,1,0,0.0,7,3,-1,medium,high,0.25,medium,2,,,,16,,witness_ordering,324801
C,C_00777_base,apple_pick,geometric_fc,1,0,1,0,1,0,0.05907795,7,3,-1,medium,high,0.25,medium,2,,,,16,,witness_ordering,324801
C,C_00777_base,apple_pick,oracle_sfc,0,0,0,0,1,0,0.0,7,3,-1,medium,high,0.25,medium,2,,,,16,,witness_ordering,324801
C,C_00777_base,apple_pick,semantic_only,1,0,1,0,1,0,0.0,7,3,-1,medium,high,0.25,medium,2,,,,16,,witness_ordering,324801
C,C_00777_base,apple_pick,posthoc_single,0,0,0,0,1,0,0.05907795,7,3,-1,medium,high,0.25,medium,2,,,,16,,witness_ordering,324801
C,C_00777_base,apple_pick,soft_penalty_fc,1,0,1,0,1,0,0.05907795,7,3,-1,medium,high,0.25,medium,2,,,,16,,witness_ordering,324801
C,C_00778,apple_pick,topk_posthoc,1,1,0,0,1,1,0.03928186,7,3,-1,medium,high,0.25,medium,2,,,,16,,witness_ordering,324802
C,C_00778_base,apple_pick,geometric_fc,1,0,1,1,1,1,0.05665866,7,3,-1,medium,high,0.25,medium,2,,,,16,,witness_ordering,324802
C,C_00778_base,apple_pick,oracle_sfc,1,1,0,0,1,1,0.03928186,7,3,-1,medium,high,0.25,medium,2,,,,16,,witness_ordering,324802
C,C_00778_base,apple_pick,semantic_only,1,1,0,0,1,1,0.0,7,3,-1,medium,high,0.25,medium,2,,,,16,,witness_ordering,324802
C,C_00778_base,apple_pick,posthoc_single,0,0,0,1,1,1,0.05665866,7,3,-1,medium,high,0.25,medium,2,,,,16,,witness_ordering,324802
C,C_00778_base,apple_pick,soft_penalty_fc,1,0,1,1,1,1,0.05665866,7,3,-1,medium,high,0.25,medium,2,,,,16,,witness_ordering,324802
C,C_00779,apple_pick,topk_posthoc,0,0,0,0,1,0,0.0,7,3,-1,medium,high,0.25,medium,2,,,,16,,witness_ordering,324803
C,C_00779_base,apple_pick,geometric_fc,1,0,1,0,1,0,0.05162585,7,3,-1,medium,high,0.25,medium,2,,,,16,,witness_ordering,324803
C,C_00779_base,apple_pick,oracle_sfc,0,0,0,0,1,0,0.0,7,3,-1,medium,high,0.25,medium,2,,,,16,,witness_ordering,324803
C,C_00779_base,apple_pick,semantic_only,1,0,1,0,1,0,0.0,7,3,-1,medium,high,0.25,medium,2,,,,16,,witness_ordering,324803
C,C_00779_base,apple_pick,posthoc_single,0,0,0,0,1,0,0.05162585,7,3,-1,medium,high,0.25,medium,2,,,,16,,witness_ordering,324803
C,C_00779_base,apple_pick,soft_penalty_fc,1,0,1,0,1,0,0.05162585,7,3,-1,medium,high,0.25,medium,2,,,,16,,witness_ordering,324803
C,C_00780,apple_pick,topk_posthoc,1,1,0,0,1,1,0.05873705,7,3,-1,medium,high,0.25,medium,2,,,,16,,witness_ordering,324804
C,C_00780_base,apple_pick,geometric_fc,1,0,1,1,1,1,0.05456622,7,3,-1,medium,high,0.25,medium,2,,,,16,,witness_ordering,324804
C,C_00780_base,apple_pick,oracle_sfc,1,1,0,0,1,1,0.05873705,7,3,-1,medium,high,0.25,medium,2,,,,16,,witness_ordering,324804
C,C_00780_base,apple_pick,semantic_only,1,1,0,0,1,1,0.0,7,3,-1,medium,high,0.25,medium,2,,,,16,,witness_ordering,324804
C,C_00780_base,apple_pick,posthoc_single,0,0,0,1,1,1,0.05456622,7,3,-1,medium,high,0.25,medium,2,,,,16,,witness_ordering,324804
C,C_00780_base,apple_pick,soft_penalty_fc,1,0,1,1,1,1,0.05456622,7,3,-1,medium,high,0.25,medium,2,,,,16,,witness_ordering,324804
C,C_00781,apple_pick,topk_posthoc,0,0,0,1,1,1,0.0,7,3,-1,medium,high,0.55,medium,2,,,,1,,witness_ordering,324805
C,C_00781_base,apple_pick,geometric_fc,1,0,1,1,1,1,0.05854935,7,3,-1,medium,high,0.55,medium,2,,,,1,,witness_ordering,324805
C,C_00781_base,apple_pick,oracle_sfc,1,1,0,0,1,1,0.03114759,7,3,-1,medium,high,0.55,medium,2,,,,1,,witness_ordering,324805
C,C_00781_base,apple_pick,semantic_only,1,1,0,0,1,1,0.0,7,3,-1,medium,high,0.55,medium,2,,,,1,,witness_ordering,324805
C,C_00781_base,apple_pick,posthoc_single,0,0,0,1,1,1,0.05854935,7,3,-1,medium,high,0.55,medium,2,,,,1,,witness_ordering,324805
C,C_00781_base,apple_pick,soft_penalty_fc,1,0,1,1,1,1,0.05854935,7,3,-1,medium,high,0.55,medium,2,,,,1,,witness_ordering,324805
C,C_00782,apple_pick,topk_posthoc,0,0,0,0,1,0,0.0,7,3,-1,medium,high,0.55,medium,2,,,,1,,witness_ordering,324806
C,C_00782_base,apple_pick,geometric_fc,1,0,1,0,1,0,0.05856226,7,3,-1,medium,high,0.55,medium,2,,,,1,,witness_ordering,324806
C,C_00782_base,apple_pick,oracle_sfc,0,0,0,0,1,0,0.0,7,3,-1,medium,high,0.55,medium,2,,,,1,,witness_ordering,324806
C,C_00782_base,apple_pick,semantic_only,1,0,1,0,1,0,0.0,7,3,-1,medium,high,0.55,medium,2,,,,1,,witness_ordering,324806
C,C_00782_base,apple_pick,posthoc_single,0,0,0,0,1,0,0.05856226,7,3,-1,medium,high,0.55,medium,2,,,,1,,witness_ordering,324806
C,C_00782_base,apple_pick,soft_penalty_fc,1,0,1,0,1,0,0.05856226,7,3,-1,medium,high,0.55,medium,2,,,,1,,witness_ordering,324806
C,C_00783,apple_pick,topk_posthoc,0,0,0,1,1,1,0.0,7,3,-1,medium,high,0.55,medium,2,,,,1,,witness_ordering,324807
C,C_00783_base,apple_pick,geometric_fc,1,0,1,1,1,1,0.05497353,7,3,-1,medium,high,0.55,medium,2,,,,1,,witness_ordering,324807
C,C_00783_base,apple_pick,oracle_sfc,1,1,0,0,1,1,0.0219168,7,3,-1,medium,high,0.55,medium,2,,,,1,,witness_ordering,324807
C,C_00783_base,apple_pick,semantic_only,1,1,0,0,1,1,0.0,7,3,-1,medium,high,0.55,medium,2,,,,1,,witness_ordering,324807
C,C_00783_base,apple_pick,posthoc_single,0,0,0,1,1,1,0.05497353,7,3,-1,medium,high,0.55,medium,2,,,,1,,witness_ordering,324807
C,C_00783_base,apple_pick,soft_penalty_fc,1,0,1,1,1,1,0.05497353,7,3,-1,medium,high,0.55,medium,2,,,,1,,witness_ordering,324807
C,C_00784,apple_pick,topk_posthoc,0,0,0,0,1,0,0.0,7,3,-1,medium,high,0.55,medium,2,,,,1,,witness_ordering,324808
C,C_00784_base,apple_pick,geometric_fc,1,0,1,0,1,0,0.05704891,7,3,-1,medium,high,0.55,medium,2,,,,1,,witness_ordering,324808
C,C_00784_base,apple_pick,oracle_sfc,0,0,0,0,1,0,0.0,7,3,-1,medium,high,0.55,medium,2,,,,1,,witness_ordering,324808
C,C_00784_base,apple_pick,semantic_only,1,0,1,0,1,0,0.0,7,3,-1,medium,high,0.55,medium,2,,,,1,,witness_ordering,324808
C,C_00784_base,apple_pick,posthoc_single,0,0,0,0,1,0,0.05704891,7,3,-1,medium,high,0.55,medium,2,,,,1,,witness_ordering,324808
C,C_00784_base,apple_pick,soft_penalty_fc,1,0,1,0,1,0,0.05704891,7,3,-1,medium,high,0.55,medium,2,,,,1,,witness_ordering,324808
C,C_00785,apple_pick,topk_posthoc,0,0,0,0,1,0,0.0,7,3,-1,medium,high,0.55,medium,2,,,,1,,witness_ordering,324809
C,C_00785_base,apple_pick,geometric_fc,1,0,1,0,1,0,0.056918,7,3,-1,medium,high,0.55,medium,2,,,,1,,witness_ordering,324809
C,C_00785_base,apple_pick,oracle_sfc,0,0,0,0,1,0,0.0,7,3,-1,medium,high,0.55,medium,2,,,,1,,witness_ordering,324809
C,C_00785_base,apple_pick,semantic_only,1,0,1,0,1,0,0.0,7,3,-1,medium,high,0.55,medium,2,,,,1,,witness_ordering,324809
C,C_00785_base,apple_pick,posthoc_single,0,0,0,0,1,0,0.056918,7,3,-1,medium,high,0.55,medium,2,,,,1,,witness_ordering,324809
C,C_00785_base,apple_pick,soft_penalty_fc,1,0,1,0,1,0,0.056918,7,3,-1,medium,high,0.55,medium,2,,,,1,,witness_ordering,324809
C,C_00786,apple_pick,topk_posthoc,0,0,0,1,1,1,0.0,7,3,-1,medium,high,0.55,medium,2,,,,1,,witness_ordering,324810
C,C_00786_base,apple_pick,geometric_fc,1,0,1,1,1,1,0.05324255,7,3,-1,medium,high,0.55,medium,2,,,,1,,witness_ordering,324810
C,C_00786_base,apple_pick,oracle_sfc,1,1,0,0,1,1,0.04714711,7,3,-1,medium,high,0.55,medium,2,,,,1,,witness_ordering,324810
C,C_00786_base,apple_pick,semantic_only,1,1,0,0,1,1,0.0,7,3,-1,medium,high,0.55,medium,2,,,,1,,witness_ordering,324810
C,C_00786_base,apple_pick,posthoc_single,0,0,0,1,1,1,0.05324255,7,3,-1,medium,high,0.55,medium,2,,,,1,,witness_ordering,324810
C,C_00786_base,apple_pick,soft_penalty_fc,1,0,1,1,1,1,0.05324255,7,3,-1,medium,high,0.55,medium,2,,,,1,,witness_ordering,324810
C,C_00787,apple_pick,topk_posthoc,0,0,0,1,1,1,0.0,7,3,-1,medium,high,0.55,medium,2,,,,1,,witness_ordering,324811
C,C_00787_base,apple_pick,geometric_fc,1,0,1,1,1,1,0.05562207,7,3,-1,medium,high,0.55,medium,2,,,,1,,witness_ordering,324811
C,C_00787_base,apple_pick,oracle_sfc,1,1,0,0,1,1,0.04483949,7,3,-1,medium,high,0.55,medium,2,,,,1,,witness_ordering,324811
C,C_00787_base,apple_pick,semantic_only,1,1,0,0,1,1,0.0,7,3,-1,medium,high,0.55,medium,2,,,,1,,witness_ordering,324811
C,C_00787_base,apple_pick,posthoc_single,0,0,0,1,1,1,0.05562207,7,3,-1,medium,high,0.55,medium,2,,,,1,,witness_ordering,324811
C,C_00787_base,apple_pick,soft_penalty_fc,1,0,1,1,1,1,0.05562207,7,3,-1,medium,high,0.55,medium,2,,,,1,,witness_ordering,324811
C,C_00788,apple_pick,topk_posthoc,0,0,0,0,1,0,0.0,7,3,-1,medium,high,0.55,medium,2,,,,1,,witness_ordering,324812
C,C_00788_base,apple_pick,geometric_fc,1,0,1,0,1,0,0.06046502,7,3,-1,medium,high,0.55,medium,2,,,,1,,witness_ordering,324812
C,C_00788_base,apple_pick,oracle_sfc,0,0,0,0,1,0,0.0,7,3,-1,medium,high,0.55,medium,2,,,,1,,witness_ordering,324812
C,C_00788_base,apple_pick,semantic_only,1,0,1,0,1,0,0.0,7,3,-1,medium,high,0.55,medium,2,,,,1,,witness_ordering,324812
C,C_00788_base,apple_pick,posthoc_single,0,0,0,0,1,0,0.06046502,7,3,-1,medium,high,0.55,medium,2,,,,1,,witness_ordering,324812
C,C_00788_base,apple_pick,soft_penalty_fc,1,0,1,0,1,0,0.06046502,7,3,-1,medium,high,0.55,medium,2,,,,1,,witness_ordering,324812
C,C_00789,apple_pick,topk_posthoc,0,0,0,1,1,1,0.0,7,3,-1,medium,high,0.55,medium,2,,,,1,,witness_ordering,324813
C,C_00789_base,apple_pick,geometric_fc,1,0,1,1,1,1,0.05635173,7,3,-1,medium,high,0.55,medium,2,,,,1,,witness_ordering,324813
C,C_00789_base,apple_pick,oracle_sfc,1,1,0,0,1,1,0.00852398,7,3,-1,medium,high,0.55,medium,2,,,,1,,witness_ordering,324813
C,C_00789_base,apple_pick,semantic_only,1,1,0,0,1,1,0.0,7,3,-1,medium,high,0.55,medium,2,,,,1,,witness_ordering,324813
C,C_00789_base,apple_pick,posthoc_single,0,0,0,1,1,1,0.05635173,7,3,-1,medium,high,0.55,medium,2,,,,1,,witness_ordering,324813
C,C_00789_base,apple_pick,soft_penalty_fc,1,0,1,1,1,1,0.05635173,7,3,-1,medium,high,0.55,medium,2,,,,1,,witness_ordering,324813
C,C_00790,apple_pick,topk_posthoc,0,0,0,0,1,0,0.0,7,3,-1,medium,high,0.55,medium,2,,,,1,,witness_ordering,324814
C,C_00790_base,apple_pick,geometric_fc,1,0,1,0,1,0,0.05609982,7,3,-1,medium,high,0.55,medium,2,,,,1,,witness_ordering,324814
C,C_00790_base,apple_pick,oracle_sfc,0,0,0,0,1,0,0.0,7,3,-1,medium,high,0.55,medium,2,,,,1,,witness_ordering,324814
C,C_00790_base,apple_pick,semantic_only,1,0,1,0,1,0,0.0,7,3,-1,medium,high,0.55,medium,2,,,,1,,witness_ordering,324814
C,C_00790_base,apple_pick,posthoc_single,0,0,0,0,1,0,0.05609982,7,3,-1,medium,high,0.55,medium,2,,,,1,,witness_ordering,324814
C,C_00790_base,apple_pick,soft_penalty_fc,1,0,1,0,1,0,0.05609982,7,3,-1,medium,high,0.55,medium,2,,,,1,,witness_ordering,324814
C,C_00791,apple_pick,topk_posthoc,0,0,0,0,1,0,0.0,7,3,-1,medium,high,0.55,medium,2,,,,1,,witness_ordering,324815
C,C_00791_base,apple_pick,geometric_fc,1,0,1,0,1,0,0.05256397,7,3,-1,medium,high,0.55,medium,2,,,,1,,witness_ordering,324815
C,C_00791_base,apple_pick,oracle_sfc,0,0,0,0,1,0,0.0,7,3,-1,medium,high,0.55,medium,2,,,,1,,witness_ordering,324815
C,C_00791_base,apple_pick,semantic_only,1,0,1,0,1,0,0.0,7,3,-1,medium,high,0.55,medium,2,,,,1,,witness_ordering,324815
C,C_00791_base,apple_pick,posthoc_single,0,0,0,0,1,0,0.05256397,7,3,-1,medium,high,0.55,medium,2,,,,1,,witness_ordering,324815
C,C_00791_base,apple_pick,soft_penalty_fc,1,0,1,0,1,0,0.05256397,7,3,-1,medium,high,0.55,medium,2,,,,1,,witness_ordering,324815
C,C_00792,apple_pick,topk_posthoc,0,0,0,0,1,0,0.0,7,3,-1,medium,high,0.55,medium,2,,,,1,,witness_ordering,324816
C,C_00792_base,apple_pick,geometric_fc,1,0,1,0,1,0,0.05011784,7,3,-1,medium,high,0.55,medium,2,,,,1,,witness_ordering,324816
C,C_00792_base,apple_pick,oracle_sfc,0,0,0,0,1,0,0.0,7,3,-1,medium,high,0.55,medium,2,,,,1,,witness_ordering,324816
C,C_00792_base,apple_pick,semantic_only,1,0,1,0,1,0,0.0,7,3,-1,medium,high,0.55,medium,2,,,,1,,witness_ordering,324816
C,C_00792_base,apple_pick,posthoc_single,0,0,0,0,1,0,0.05011784,7,3,-1,medium,high,0.55,medium,2,,,,1,,witness_ordering,324816
C,C_00792_base,apple_pick,soft_penalty_fc,1,0,1,0,1,0,0.05011784,7,3,-1,medium,high,0.55,medium,2,,,,1,,witness_ordering,324816
C,C_00793,apple_pick,topk_posthoc,0,0,0,0,1,0,0.0,7,3,-1,medium,high,0.55,medium,2,,,,2,,witness_ordering,324817
C,C_00794,apple_pick,topk_posthoc,1,1,0,0,1,1,0.02586104,7,3,-1,medium,high,0.55,medium,2,,,,2,,witness_ordering,324818
C,C_00795,apple_pick,topk_posthoc,0,0,0,0,1,0,0.0,7,3,-1,medium,high,0.55,medium,2,,,,2,,witness_ordering,324819
C,C_00796,apple_pick,topk_posthoc,0,0,0,0,1,0,0.0,7,3,-1,medium,high,0.55,medium,2,,,,2,,witness_ordering,324820
C,C_00797,apple_pick,topk_posthoc,0,0,0,0,1,0,0.0,7,3,-1,medium,high,0.55,medium,2,,,,2,,witness_ordering,324821
C,C_00798,apple_pick,topk_posthoc,0,0,0,1,1,1,0.0,7,3,-1,medium,high,0.55,medium,2,,,,2,,witness_ordering,324822
C,C_00799,apple_pick,topk_posthoc,0,0,0,0,1,0,0.0,7,3,-1,medium,high,0.55,medium,2,,,,2,,witness_ordering,324823
C,C_00800,apple_pick,topk_posthoc,0,0,0,0,1,0,0.0,7,3,-1,medium,high,0.55,medium,2,,,,2,,witness_ordering,324824
C,C_00801,apple_pick,topk_posthoc,0,0,0,0,1,0,0.0,7,3,-1,medium,high,0.55,medium,2,,,,2,,witness_ordering,324825
C,C_00802,apple_pick,topk_posthoc,0,0,0,0,1,0,0.0,7,3,-1,medium,high,0.55,medium,2,,,,2,,witness_ordering,324826
C,C_00803,apple_pick,topk_posthoc,0,0,0,0,1,0,0.0,7,3,-1,medium,high,0.55,medium,2,,,,2,,witness_ordering,324827
C,C_00804,apple_pick,topk_posthoc,0,0,0,0,1,0,0.0,7,3,-1,medium,high,0.55,medium,2,,,,2,,witness_ordering,324828
C,C_00805,apple_pick,topk_posthoc,0,0,0,0,1,0,0.0,7,3,-1,medium,high,0.55,medium,2,,,,4,,witness_ordering,324829
C,C_00806,apple_pick,topk_posthoc,1,1,0,0,1,1,0.00712476,7,3,-1,medium,high,0.55,medium,2,,,,4,,witness_ordering,324830
C,C_00807,apple_pick,topk_posthoc,0,0,0,1,1,1,0.0,7,3,-1,medium,high,0.55,medium,2,,,,4,,witness_ordering,324831
C,C_00808,apple_pick,topk_posthoc,1,1,0,0,1,1,0.00270549,7,3,-1,medium,high,0.55,medium,2,,,,4,,witness_ordering,324832
C,C_00809,apple_pick,topk_posthoc,0,0,0,1,1,1,0.0,7,3,-1,medium,high,0.55,medium,2,,,,4,,witness_ordering,324833
C,C_00810,apple_pick,topk_posthoc,1,1,0,0,1,1,0.0408712,7,3,-1,medium,high,0.55,medium,2,,,,4,,witness_ordering,324834
C,C_00811,apple_pick,topk_posthoc,0,0,0,0,1,0,0.0,7,3,-1,medium,high,0.55,medium,2,,,,4,,witness_ordering,324835
C,C_00812,apple_pick,topk_posthoc,0,0,0,0,1,0,0.0,7,3,-1,medium,high,0.55,medium,2,,,,4,,witness_ordering,324836
C,C_00813,apple_pick,topk_posthoc,0,0,0,0,1,0,0.0,7,3,-1,medium,high,0.55,medium,2,,,,4,,witness_ordering,324837
C,C_00814,apple_pick,topk_posthoc,1,1,0,0,1,1,0.02117957,7,3,-1,medium,high,0.55,medium,2,,,,4,,witness_ordering,324838
C,C_00815,apple_pick,topk_posthoc,0,0,0,0,1,0,0.0,7,3,-1,medium,high,0.55,medium,2,,,,4,,witness_ordering,324839
C,C_00816,apple_pick,topk_posthoc,0,0,0,1,1,1,0.0,7,3,-1,medium,high,0.55,medium,2,,,,4,,witness_ordering,324840
C,C_00817,apple_pick,topk_posthoc,0,0,0,0,1,0,0.0,7,3,-1,medium,high,0.55,medium,2,,,,8,,witness_ordering,324841
C,C_00818,apple_pick,topk_posthoc,0,0,0,0,1,0,0.0,7,3,-1,medium,high,0.55,medium,2,,,,8,,witness_ordering,324842
C,C_00819,apple_pick,topk_posthoc,0,0,0,0,1,0,0.0,7,3,-1,medium,high,0.55,medium,2,,,,8,,witness_ordering,324843
C,C_00820,apple_pick,topk_posthoc,0,0,0,0,1,0,0.0,7,3,-1,medium,high,0.55,medium,2,,,,8,,witness_ordering,324844
C,C_00821,apple_pick,topk_posthoc,1,1,0,0,1,1,0.02081213,7,3,-1,medium,high,0.55,medium,2,,,,8,,witness_ordering,324845
C,C_00822,apple_pick,topk_posthoc,0,0,0,0,1,0,0.0,7,3,-1,medium,high,0.55,medium,2,,,,8,,witness_ordering,324846
C,C_00823,apple_pick,topk_posthoc,1,1,0,0,1,1,0.01045888,7,3,-1,medium,high,0.55,medium,2,,,,8,,witness_ordering,324847
C,C_00824,apple_pick,topk_posthoc,0,0,0,0,1,0,0.0,7,3,-1,medium,high,0.55,medium,2,,,,8,,witness_ordering,324848
C,C_00825,apple_pick,topk_posthoc,0,0,0,0,1,0,0.0,7,3,-1,medium,high,0.55,medium,2,,,,8,,witness_ordering,324849
C,C_00826,apple_pick,topk_posthoc,1,1,0,0,1,1,0.01712236,7,3,-1,medium,high,0.55,medium,2,,,,8,,witness_ordering,324850
C,C_00827,apple_pick,topk_posthoc,1,1,0,0,1,1,0.0033136,7,3,-1,medium,high,0.55,medium,2,,,,8,,witness_ordering,324851
C,C_00828,apple_pick,topk_posthoc,0,0,0,0,1,0,0.0,7,3,-1,medium,high,0.55,medium,2,,,,8,,witness_ordering,324852
C,C_00829,apple_pick,topk_posthoc,0,0,0,0,1,0,0.0,7,3,-1,medium,high,0.55,medium,2,,,,16,,witness_ordering,324853
C,C_00829_base,apple_pick,geometric_fc,1,0,1,0,1,0,0.05793865,7,3,-1,medium,high,0.55,medium,2,,,,16,,witness_ordering,324853
C,C_00829_base,apple_pick,oracle_sfc,0,0,0,0,1,0,0.0,7,3,-1,medium,high,0.55,medium,2,,,,16,,witness_ordering,324853
C,C_00829_base,apple_pick,semantic_only,1,0,1,0,1,0,0.0,7,3,-1,medium,high,0.55,medium,2,,,,16,,witness_ordering,324853
C,C_00829_base,apple_pick,posthoc_single,0,0,0,0,1,0,0.05793865,7,3,-1,medium,high,0.55,medium,2,,,,16,,witness_ordering,324853
C,C_00829_base,apple_pick,soft_penalty_fc,1,0,1,0,1,0,0.05793865,7,3,-1,medium,high,0.55,medium,2,,,,16,,witness_ordering,324853
C,C_00830,apple_pick,topk_posthoc,1,1,0,0,1,1,0.01679997,7,3,-1,medium,high,0.55,medium,2,,,,16,,witness_ordering,324854
C,C_00830_base,apple_pick,geometric_fc,1,0,1,1,1,1,0.05755521,7,3,-1,medium,high,0.55,medium,2,,,,16,,witness_ordering,324854
C,C_00830_base,apple_pick,oracle_sfc,1,1,0,0,1,1,0.01679997,7,3,-1,medium,high,0.55,medium,2,,,,16,,witness_ordering,324854
C,C_00830_base,apple_pick,semantic_only,1,1,0,0,1,1,0.0,7,3,-1,medium,high,0.55,medium,2,,,,16,,witness_ordering,324854
C,C_00830_base,apple_pick,posthoc_single,0,0,0,1,1,1,0.05755521,7,3,-1,medium,high,0.55,medium,2,,,,16,,witness_ordering,324854
C,C_00830_base,apple_pick,soft_penalty_fc,1,0,1,1,1,1,0.05755521,7,3,-1,medium,high,0.55,medium,2,,,,16,,witness_ordering,324854
C,C_00831,apple_pick,topk_posthoc,0,0,0,0,1,0,0.0,7,3,-1,medium,high,0.55,medium,2,,,,16,,witness_ordering,324855
C,C_00831_base,apple_pick,geometric_fc,1,0,1,0,1,0,0.05296407,7,3,-1,medium,high,0.55,medium,2,,,,16,,witness_ordering,324855
C,C_00831_base,apple_pick,oracle_sfc,0,0,0,0,1,0,0.0,7,3,-1,medium,high,0.55,medium,2,,,,16,,witness_ordering,324855
C,C_00831_base,apple_pick,semantic_only,1,0,1,0,1,0,0.0,7,3,-1,medium,high,0.55,medium,2,,,,16,,witness_ordering,324855
C,C_00831_base,apple_pick,posthoc_single,0,0,0,0,1,0,0.05296407,7,3,-1,medium,high,0.55,medium,2,,,,16,,witness_ordering,324855
C,C_00831_base,apple_pick,soft_penalty_fc,1,0,1,0,1,0,0.05296407,7,3,-1,medium,high,0.55,medium,2,,,,16,,witness_ordering,324855
C,C_00832,apple_pick,topk_posthoc,1,1,0,0,1,1,0.08000437,7,3,-1,medium,high,0.55,medium,2,,,,16,,witness_ordering,324856
C,C_00832_base,apple_pick,geometric_fc,1,0,1,1,1,1,0.05301884,7,3,-1,medium,high,0.55,medium,2,,,,16,,witness_ordering,324856
C,C_00832_base,apple_pick,oracle_sfc,1,1,0,0,1,1,0.08000437,7,3,-1,medium,high,0.55,medium,2,,,,16,,witness_ordering,324856
C,C_00832_base,apple_pick,semantic_only,1,1,0,0,1,1,0.0,7,3,-1,medium,high,0.55,medium,2,,,,16,,witness_ordering,324856
C,C_00832_base,apple_pick,posthoc_single,0,0,0,1,1,1,0.05301884,7,3,-1,medium,high,0.55,medium,2,,,,16,,witness_ordering,324856
C,C_00832_base,apple_pick,soft_penalty_fc,1,0,1,1,1,1,0.05301884,7,3,-1,medium,high,0.55,medium,2,,,,16,,witness_ordering,324856
C,C_00833,apple_pick,topk_posthoc,1,1,0,0,1,1,0.00266603,7,3,-1,medium,high,0.55,medium,2,,,,16,,witness_ordering,324857
C,C_00833_base,apple_pick,geometric_fc,1,0,1,1,1,1,0.05891524,7,3,-1,medium,high,0.55,medium,2,,,,16,,witness_ordering,324857
C,C_00833_base,apple_pick,oracle_sfc,1,1,0,0,1,1,0.00266603,7,3,-1,medium,high,0.55,medium,2,,,,16,,witness_ordering,324857
C,C_00833_base,apple_pick,semantic_only,1,1,0,0,1,1,0.0,7,3,-1,medium,high,0.55,medium,2,,,,16,,witness_ordering,324857
C,C_00833_base,apple_pick,posthoc_single,0,0,0,1,1,1,0.05891524,7,3,-1,medium,high,0.55,medium,2,,,,16,,witness_ordering,324857
C,C_00833_base,apple_pick,soft_penalty_fc,1,0,1,1,1,1,0.05891524,7,3,-1,medium,high,0.55,medium,2,,,,16,,witness_ordering,324857
C,C_00834,apple_pick,topk_posthoc,0,0,0,0,1,0,0.0,7,3,-1,medium,high,0.55,medium,2,,,,16,,witness_ordering,324858
C,C_00834_base,apple_pick,geometric_fc,1,0,1,0,1,0,0.05523,7,3,-1,medium,high,0.55,medium,2,,,,16,,witness_ordering,324858
C,C_00834_base,apple_pick,oracle_sfc,0,0,0,0,1,0,0.0,7,3,-1,medium,high,0.55,medium,2,,,,16,,witness_ordering,324858
C,C_00834_base,apple_pick,semantic_only,1,0,1,0,1,0,0.0,7,3,-1,medium,high,0.55,medium,2,,,,16,,witness_ordering,324858
C,C_00834_base,apple_pick,posthoc_single,0,0,0,0,1,0,0.05523,7,3,-1,medium,high,0.55,medium,2,,,,16,,witness_ordering,324858
C,C_00834_base,apple_pick,soft_penalty_fc,1,0,1,0,1,0,0.05523,7,3,-1,medium,high,0.55,medium,2,,,,16,,witness_ordering,324858
C,C_00835,apple_pick,topk_posthoc,0,0,0,0,1,0,0.0,7,3,-1,medium,high,0.55,medium,2,,,,16,,witness_ordering,324859
C,C_00835_base,apple_pick,geometric_fc,1,0,1,0,1,0,0.05189994,7,3,-1,medium,high,0.55,medium,2,,,,16,,witness_ordering,324859
C,C_00835_base,apple_pick,oracle_sfc,0,0,0,0,1,0,0.0,7,3,-1,medium,high,0.55,medium,2,,,,16,,witness_ordering,324859
C,C_00835_base,apple_pick,semantic_only,1,0,1,0,1,0,0.0,7,3,-1,medium,high,0.55,medium,2,,,,16,,witness_ordering,324859
C,C_00835_base,apple_pick,posthoc_single,0,0,0,0,1,0,0.05189994,7,3,-1,medium,high,0.55,medium,2,,,,16,,witness_ordering,324859
C,C_00835_base,apple_pick,soft_penalty_fc,1,0,1,0,1,0,0.05189994,7,3,-1,medium,high,0.55,medium,2,,,,16,,witness_ordering,324859
C,C_00836,apple_pick,topk_posthoc,1,1,0,0,1,1,0.00881664,7,3,-1,medium,high,0.55,medium,2,,,,16,,witness_ordering,324860
C,C_00836_base,apple_pick,geometric_fc,1,0,1,1,1,1,0.05472188,7,3,-1,medium,high,0.55,medium,2,,,,16,,witness_ordering,324860
C,C_00836_base,apple_pick,oracle_sfc,1,1,0,0,1,1,0.00881664,7,3,-1,medium,high,0.55,medium,2,,,,16,,witness_ordering,324860
C,C_00836_base,apple_pick,semantic_only,1,1,0,0,1,1,0.0,7,3,-1,medium,high,0.55,medium,2,,,,16,,witness_ordering,324860
C,C_00836_base,apple_pick,posthoc_single,0,0,0,1,1,1,0.05472188,7,3,-1,medium,high,0.55,medium,2,,,,16,,witness_ordering,324860
C,C_00836_base,apple_pick,soft_penalty_fc,1,0,1,1,1,1,0.05472188,7,3,-1,medium,high,0.55,medium,2,,,,16,,witness_ordering,324860
C,C_00837,apple_pick,topk_posthoc,1,1,0,0,1,1,0.07168589,7,3,-1,medium,high,0.55,medium,2,,,,16,,witness_ordering,324861
C,C_00837_base,apple_pick,geometric_fc,1,0,1,1,1,1,0.05280955,7,3,-1,medium,high,0.55,medium,2,,,,16,,witness_ordering,324861
C,C_00837_base,apple_pick,oracle_sfc,1,1,0,0,1,1,0.07168589,7,3,-1,medium,high,0.55,medium,2,,,,16,,witness_ordering,324861
C,C_00837_base,apple_pick,semantic_only,1,1,0,0,1,1,0.0,7,3,-1,medium,high,0.55,medium,2,,,,16,,witness_ordering,324861
C,C_00837_base,apple_pick,posthoc_single,0,0,0,1,1,1,0.05280955,7,3,-1,medium,high,0.55,medium,2,,,,16,,witness_ordering,324861
C,C_00837_base,apple_pick,soft_penalty_fc,1,0,1,1,1,1,0.05280955,7,3,-1,medium,high,0.55,medium,2,,,,16,,witness_ordering,324861
C,C_00838,apple_pick,topk_posthoc,0,0,0,0,1,0,0.0,7,3,-1,medium,high,0.55,medium,2,,,,16,,witness_ordering,324862
C,C_00838_base,apple_pick,geometric_fc,1,0,1,0,1,0,0.05932459,7,3,-1,medium,high,0.55,medium,2,,,,16,,witness_ordering,324862
C,C_00838_base,apple_pick,oracle_sfc,0,0,0,0,1,0,0.0,7,3,-1,medium,high,0.55,medium,2,,,,16,,witness_ordering,324862
C,C_00838_base,apple_pick,semantic_only,1,0,1,0,1,0,0.0,7,3,-1,medium,high,0.55,medium,2,,,,16,,witness_ordering,324862
C,C_00838_base,apple_pick,posthoc_single,0,0,0,0,1,0,0.05932459,7,3,-1,medium,high,0.55,medium,2,,,,16,,witness_ordering,324862
C,C_00838_base,apple_pick,soft_penalty_fc,1,0,1,0,1,0,0.05932459,7,3,-1,medium,high,0.55,medium,2,,,,16,,witness_ordering,324862
C,C_00839,apple_pick,topk_posthoc,0,0,0,0,1,0,0.0,7,3,-1,medium,high,0.55,medium,2,,,,16,,witness_ordering,324863
C,C_00839_base,apple_pick,geometric_fc,1,0,1,0,1,0,0.05192272,7,3,-1,medium,high,0.55,medium,2,,,,16,,witness_ordering,324863
C,C_00839_base,apple_pick,oracle_sfc,0,0,0,0,1,0,0.0,7,3,-1,medium,high,0.55,medium,2,,,,16,,witness_ordering,324863
C,C_00839_base,apple_pick,semantic_only,1,0,1,0,1,0,0.0,7,3,-1,medium,high,0.55,medium,2,,,,16,,witness_ordering,324863
C,C_00839_base,apple_pick,posthoc_single,0,0,0,0,1,0,0.05192272,7,3,-1,medium,high,0.55,medium,2,,,,16,,witness_ordering,324863
C,C_00839_base,apple_pick,soft_penalty_fc,1,0,1,0,1,0,0.05192272,7,3,-1,medium,high,0.55,medium,2,,,,16,,witness_ordering,324863
C,C_00840,apple_pick,topk_posthoc,0,0,0,0,1,0,0.0,7,3,-1,medium,high,0.55,medium,2,,,,16,,witness_ordering,324864
C,C_00840_base,apple_pick,geometric_fc,1,0,1,0,1,0,0.05987588,7,3,-1,medium,high,0.55,medium,2,,,,16,,witness_ordering,324864
C,C_00840_base,apple_pick,oracle_sfc,0,0,0,0,1,0,0.0,7,3,-1,medium,high,0.55,medium,2,,,,16,,witness_ordering,324864
C,C_00840_base,apple_pick,semantic_only,1,0,1,0,1,0,0.0,7,3,-1,medium,high,0.55,medium,2,,,,16,,witness_ordering,324864
C,C_00840_base,apple_pick,posthoc_single,0,0,0,0,1,0,0.05987588,7,3,-1,medium,high,0.55,medium,2,,,,16,,witness_ordering,324864
C,C_00840_base,apple_pick,soft_penalty_fc,1,0,1,0,1,0,0.05987588,7,3,-1,medium,high,0.55,medium,2,,,,16,,witness_ordering,324864
C,C_00841,apple_pick,topk_posthoc,0,0,0,1,1,1,0.0,7,3,-1,medium,high,0.85,medium,2,,,,1,,witness_ordering,324865
C,C_00841_base,apple_pick,geometric_fc,1,0,1,1,1,1,0.05599993,7,3,-1,medium,high,0.85,medium,2,,,,1,,witness_ordering,324865
C,C_00841_base,apple_pick,oracle_sfc,1,1,0,0,1,1,0.01996789,7,3,-1,medium,high,0.85,medium,2,,,,1,,witness_ordering,324865
C,C_00841_base,apple_pick,semantic_only,1,1,0,0,1,1,0.0,7,3,-1,medium,high,0.85,medium,2,,,,1,,witness_ordering,324865
C,C_00841_base,apple_pick,posthoc_single,0,0,0,1,1,1,0.05599993,7,3,-1,medium,high,0.85,medium,2,,,,1,,witness_ordering,324865
C,C_00841_base,apple_pick,soft_penalty_fc,1,0,1,1,1,1,0.05599993,7,3,-1,medium,high,0.85,medium,2,,,,1,,witness_ordering,324865
C,C_00842,apple_pick,topk_posthoc,0,0,0,0,1,0,0.0,7,3,-1,medium,high,0.85,medium,2,,,,1,,witness_ordering,324866
C,C_00842_base,apple_pick,geometric_fc,1,0,1,0,1,0,0.05690765,7,3,-1,medium,high,0.85,medium,2,,,,1,,witness_ordering,324866
C,C_00842_base,apple_pick,oracle_sfc,0,0,0,0,1,0,0.0,7,3,-1,medium,high,0.85,medium,2,,,,1,,witness_ordering,324866
C,C_00842_base,apple_pick,semantic_only,1,0,1,0,1,0,0.0,7,3,-1,medium,high,0.85,medium,2,,,,1,,witness_ordering,324866
C,C_00842_base,apple_pick,posthoc_single,0,0,0,0,1,0,0.05690765,7,3,-1,medium,high,0.85,medium,2,,,,1,,witness_ordering,324866
C,C_00842_base,apple_pick,soft_penalty_fc,1,0,1,0,1,0,0.05690765,7,3,-1,medium,high,0.85,medium,2,,,,1,,witness_ordering,324866
C,C_00843,apple_pick,topk_posthoc,0,0,0,0,1,0,0.0,7,3,-1,medium,high,0.85,medium,2,,,,1,,witness_ordering,324867
C,C_00843_base,apple_pick,geometric_fc,1,0,1,0,1,0,0.05785752,7,3,-1,medium,high,0.85,medium,2,,,,1,,witness_ordering,324867
C,C_00843_base,apple_pick,oracle_sfc,0,0,0,0,1,0,0.0,7,3,-1,medium,high,0.85,medium,2,,,,1,,witness_ordering,324867
C,C_00843_base,apple_pick,semantic_only,1,0,1,0,1,0,0.0,7,3,-1,medium,high,0.85,medium,2,,,,1,,witness_ordering,324867
C,C_00843_base,apple_pick,posthoc_single,0,0,0,0,1,0,0.05785752,7,3,-1,medium,high,0.85,medium,2,,,,1,,witness_ordering,324867
C,C_00843_base,apple_pick,soft_penalty_fc,1,0,1,0,1,0,0.05785752,7,3,-1,medium,high,0.85,medium,2,,,,1,,witness_ordering,324867
C,C_00844,apple_pick,topk_posthoc,0,0,0,1,1,1,0.0,7,3,-1,medium,high,0.85,medium,2,,,,1,,witness_ordering,324868
C,C_00844_base,apple_pick,geometric_fc,1,0,1,1,1,1,0.0564228,7,3,-1,medium,high,0.85,medium,2,,,,1,,witness_ordering,324868
C,C_00844_base,apple_pick,oracle_sfc,1,1,0,0,1,1,0.00845905,7,3,-1,medium,high,0.85,medium,2,,,,1,,witness_ordering,324868
C,C_00844_base,apple_pick,semantic_only,1,1,0,0,1,1,0.0,7,3,-1,medium,high,0.85,medium,2,,,,1,,witness_ordering,324868
C,C_00844_base,apple_pick,posthoc_single,0,0,0,1,1,1,0.0564228,7,3,-1,medium,high,0.85,medium,2,,,,1,,witness_ordering,324868
C,C_00844_base,apple_pick,soft_penalty_fc,1,0,1,1,1,1,0.0564228,7,3,-1,medium,high,0.85,medium,2,,,,1,,witness_ordering,324868
C,C_00845,apple_pick,topk_posthoc,0,0,0,0,1,0,0.0,7,3,-1,medium,high,0.85,medium,2,,,,1,,witness_ordering,324869
C,C_00845_base,apple_pick,geometric_fc,1,0,1,0,1,0,0.05611753,7,3,-1,medium,high,0.85,medium,2,,,,1,,witness_ordering,324869
C,C_00845_base,apple_pick,oracle_sfc,0,0,0,0,1,0,0.0,7,3,-1,medium,high,0.85,medium,2,,,,1,,witness_ordering,324869
C,C_00845_base,apple_pick,semantic_only,1,0,1,0,1,0,0.0,7,3,-1,medium,high,0.85,medium,2,,,,1,,witness_ordering,324869
C,C_00845_base,apple_pick,posthoc_single,0,0,0,0,1,0,0.05611753,7,3,-1,medium,high,0.85,medium,2,,,,1,,witness_ordering,324869
C,C_00845_base,apple_pick,soft_penalty_fc,1,0,1,0,1,0,0.05611753,7,3,-1,medium,high,0.85,medium,2,,,,1,,witness_ordering,324869
C,C_00846,apple_pick,topk_posthoc,0,0,0,1,1,1,0.0,7,3,-1,medium,high,0.85,medium,2,,,,1,,witness_ordering,324870
C,C_00846_base,apple_pick,geometric_fc,1,0,1,1,1,1,0.05430292,7,3,-1,medium,high,0.85,medium,2,,,,1,,witness_ordering,324870
C,C_00846_base,apple_pick,oracle_sfc,1,1,0,0,1,1,0.01134124,7,3,-1,medium,high,0.85,medium,2,,,,1,,witness_ordering,324870
C,C_00846_base,apple_pick,semantic_only,1,1,0,0,1,1,0.0,7,3,-1,medium,high,0.85,medium,2,,,,1,,witness_ordering,324870
C,C_00846_base,apple_pick,posthoc_single,0,0,0,1,1,1,0.05430292,7,3,-1,medium,high,0.85,medium,2,,,,1,,witness_ordering,324870
C,C_00846_base,apple_pick,soft_penalty_fc,1,0,1,1,1,1,0.05430292,7,3,-1,medium,high,0.85,medium,2,,,,1,,witness_ordering,324870
C,C_00847,apple_pick,topk_posthoc,0,0,0,1,1,1,0.0,7,3,-1,medium,high,0.85,medium,2,,,,1,,witness_ordering,324871
C,C_00847_base,apple_pick,geometric_fc,1,0,1,1,1,1,0.05616826,7,3,-1,medium,high,0.85,medium,2,,,,1,,witness_ordering,324871
C,C_00847_base,apple_pick,oracle_sfc,1,1,0,0,1,1,0.03820062,7,3,-1,medium,high,0.85,medium,2,,,,1,,witness_ordering,324871
C,C_00847_base,apple_pick,semantic_only,1,1,0,0,1,1,0.0,7,3,-1,medium,high,0.85,medium,2,,,,1,,witness_ordering,324871
C,C_00847_base,apple_pick,posthoc_single,0,0,0,1,1,1,0.05616826,7,3,-1,medium,high,0.85,medium,2,,,,1,,witness_ordering,324871
C,C_00847_base,apple_pick,soft_penalty_fc,1,0,1,1,1,1,0.05616826,7,3,-1,medium,high,0.85,medium,2,,,,1,,witness_ordering,324871
C,C_00848,apple_pick,topk_posthoc,0,0,0,0,1,0,0.0,7,3,-1,medium,high,0.85,medium,2,,,,1,,witness_ordering,324872
C,C_00848_base,apple_pick,geometric_fc,1,0,1,0,1,0,0.05575805,7,3,-1,medium,high,0.85,medium,2,,,,1,,witness_ordering,324872
C,C_00848_base,apple_pick,oracle_sfc,0,0,0,0,1,0,0.0,7,3,-1,medium,high,0.85,medium,2,,,,1,,witness_ordering,324872
C,C_00848_base,apple_pick,semantic_only,1,0,1,0,1,0,0.0,7,3,-1,medium,high,0.85,medium,2,,,,1,,witness_ordering,324872
C,C_00848_base,apple_pick,posthoc_single,0,0,0,0,1,0,0.05575805,7,3,-1,medium,high,0.85,medium,2,,,,1,,witness_ordering,324872
C,C_00848_base,apple_pick,soft_penalty_fc,1,0,1,0,1,0,0.05575805,7,3,-1,medium,high,0.85,medium,2,,,,1,,witness_ordering,324872
C,C_00849,apple_pick,topk_posthoc,0,0,0,1,1,1,0.0,7,3,-1,medium,high,0.85,medium,2,,,,1,,witness_ordering,324873
C,C_00849_base,apple_pick,geometric_fc,1,0,1,1,1,1,0.05878612,7,3,-1,medium,high,0.85,medium,2,,,,1,,witness_ordering,324873
C,C_00849_base,apple_pick,oracle_sfc,1,1,0,0,1,1,0.0094362,7,3,-1,medium,high,0.85,medium,2,,,,1,,witness_ordering,324873
C,C_00849_base,apple_pick,semantic_only,1,1,0,0,1,1,0.0,7,3,-1,medium,high,0.85,medium,2,,,,1,,witness_ordering,324873
C,C_00849_base,apple_pick,posthoc_single,0,0,0,1,1,1,0.05878612,7,3,-1,medium,high,0.85,medium,2,,,,1,,witness_ordering,324873
C,C_00849_base,apple_pick,soft_penalty_fc,1,0,1,1,1,1,0.05878612,7,3,-1,medium,high,0.85,medium,2,,,,1,,witness_ordering,324873
C,C_00850,apple_pick,topk_posthoc,0,0,0,0,1,0,0.0,7,3,-1,medium,high,0.85,medium,2,,,,1,,witness_ordering,324874
C,C_00850_base,apple_pick,geometric_fc,1,0,1,0,1,0,0.05552351,7,3,-1,medium,high,0.85,medium,2,,,,1,,witness_ordering,324874
C,C_00850_base,apple_pick,oracle_sfc,0,0,0,0,1,0,0.0,7,3,-1,medium,high,0.85,medium,2,,,,1,,witness_ordering,324874
C,C_00850_base,apple_pick,semantic_only,1,0,1,0,1,0,0.0,7,3,-1,medium,high,0.85,medium,2,,,,1,,witness_ordering,324874
C,C_00850_base,apple_pick,posthoc_single,0,0,0,0,1,0,0.05552351,7,3,-1,medium,high,0.85,medium,2,,,,1,,witness_ordering,324874
C,C_00850_base,apple_pick,soft_penalty_fc,1,0,1,0,1,0,0.05552351,7,3,-1,medium,high,0.85,medium,2,,,,1,,witness_ordering,324874
C,C_00851,apple_pick,topk_posthoc,0,0,0,0,1,0,0.0,7,3,-1,medium,high,0.85,medium,2,,,,1,,witness_ordering,324875
C,C_00851_base,apple_pick,geometric_fc,1,0,1,0,1,0,0.05568012,7,3,-1,medium,high,0.85,medium,2,,,,1,,witness_ordering,324875
C,C_00851_base,apple_pick,oracle_sfc,0,0,0,0,1,0,0.0,7,3,-1,medium,high,0.85,medium,2,,,,1,,witness_ordering,324875
C,C_00851_base,apple_pick,semantic_only,1,0,1,0,1,0,0.0,7,3,-1,medium,high,0.85,medium,2,,,,1,,witness_ordering,324875
C,C_00851_base,apple_pick,posthoc_single,0,0,0,0,1,0,0.05568012,7,3,-1,medium,high,0.85,medium,2,,,,1,,witness_ordering,324875
C,C_00851_base,apple_pick,soft_penalty_fc,1,0,1,0,1,0,0.05568012,7,3,-1,medium,high,0.85,medium,2,,,,1,,witness_ordering,324875
C,C_00852,apple_pick,topk_posthoc,0,0,0,0,1,0,0.0,7,3,-1,medium,high,0.85,medium,2,,,,1,,witness_ordering,324876
C,C_00852_base,apple_pick,geometric_fc,1,0,1,0,1,0,0.05705779,7,3,-1,medium,high,0.85,medium,2,,,,1,,witness_ordering,324876
C,C_00852_base,apple_pick,oracle_sfc,0,0,0,0,1,0,0.0,7,3,-1,medium,high,0.85,medium,2,,,,1,,witness_ordering,324876
C,C_00852_base,apple_pick,semantic_only,1,0,1,0,1,0,0.0,7,3,-1,medium,high,0.85,medium,2,,,,1,,witness_ordering,324876
C,C_00852_base,apple_pick,posthoc_single,0,0,0,0,1,0,0.05705779,7,3,-1,medium,high,0.85,medium,2,,,,1,,witness_ordering,324876
C,C_00852_base,apple_pick,soft_penalty_fc,1,0,1,0,1,0,0.05705779,7,3,-1,medium,high,0.85,medium,2,,,,1,,witness_ordering,324876
C,C_00853,apple_pick,topk_posthoc,0,0,0,0,1,0,0.0,7,3,-1,medium,high,0.85,medium,2,,,,2,,witness_ordering,324877
C,C_00854,apple_pick,topk_posthoc,0,0,0,0,1,0,0.0,7,3,-1,medium,high,0.85,medium,2,,,,2,,witness_ordering,324878
C,C_00855,apple_pick,topk_posthoc,0,0,0,0,1,0,0.0,7,3,-1,medium,high,0.85,medium,2,,,,2,,witness_ordering,324879
C,C_00856,apple_pick,topk_posthoc,0,0,0,1,1,1,0.0,7,3,-1,medium,high,0.85,medium,2,,,,2,,witness_ordering,324880
C,C_00857,apple_pick,topk_posthoc,0,0,0,0,1,0,0.0,7,3,-1,medium,high,0.85,medium,2,,,,2,,witness_ordering,324881
C,C_00858,apple_pick,topk_posthoc,0,0,0,1,1,1,0.0,7,3,-1,medium,high,0.85,medium,2,,,,2,,witness_ordering,324882
C,C_00859,apple_pick,topk_posthoc,0,0,0,1,1,1,0.0,7,3,-1,medium,high,0.85,medium,2,,,,2,,witness_ordering,324883
C,C_00860,apple_pick,topk_posthoc,0,0,0,1,1,1,0.0,7,3,-1,medium,high,0.85,medium,2,,,,2,,witness_ordering,324884
C,C_00861,apple_pick,topk_posthoc,0,0,0,0,1,0,0.0,7,3,-1,medium,high,0.85,medium,2,,,,2,,witness_ordering,324885
C,C_00862,apple_pick,topk_posthoc,0,0,0,0,1,0,0.0,7,3,-1,medium,high,0.85,medium,2,,,,2,,witness_ordering,324886
C,C_00863,apple_pick,topk_posthoc,0,0,0,0,1,0,0.0,7,3,-1,medium,high,0.85,medium,2,,,,2,,witness_ordering,324887
C,C_00864,apple_pick,topk_posthoc,0,0,0,0,1,0,0.0,7,3,-1,medium,high,0.85,medium,2,,,,2,,witness_ordering,324888
C,C_00865,apple_pick,topk_posthoc,0,0,0,0,1,0,0.0,7,3,-1,medium,high,0.85,medium,2,,,,4,,witness_ordering,324889
C,C_00866,apple_pick,topk_posthoc,1,1,0,0,1,1,0.00964018,7,3,-1,medium,high,0.85,medium,2,,,,4,,witness_ordering,324890
C,C_00867,apple_pick,topk_posthoc,0,0,0,0,1,0,0.0,7,3,-1,medium,high,0.85,medium,2,,,,4,,witness_ordering,324891
C,C_00868,apple_pick,topk_posthoc,0,0,0,0,1,0,0.0,7,3,-1,medium,high,0.85,medium,2,,,,4,,witness_ordering,324892
C,C_00869,apple_pick,topk_posthoc,0,0,0,0,1,0,0.0,7,3,-1,medium,high,0.85,medium,2,,,,4,,witness_ordering,324893
C,C_00870,apple_pick,topk_posthoc,0,0,0,0,1,0,0.0,7,3,-1,medium,high,0.85,medium,2,,,,4,,witness_ordering,324894
C,C_00871,apple_pick,topk_posthoc,0,0,0,0,1,0,0.0,7,3,-1,medium,high,0.85,medium,2,,,,4,,witness_ordering,324895
C,C_00872,apple_pick,topk_posthoc,0,0,0,0,1,0,0.0,7,3,-1,medium,high,0.85,medium,2,,,,4,,witness_ordering,324896
C,C_00873,apple_pick,topk_posthoc,0,0,0,0,1,0,0.0,7,3,-1,medium,high,0.85,medium,2,,,,4,,witness_ordering,324897
C,C_00874,apple_pick,topk_posthoc,0,0,0,0,1,0,0.0,7,3,-1,medium,high,0.85,medium,2,,,,4,,witness_ordering,324898
C,C_00875,apple_pick,topk_posthoc,0,0,0,0,1,0,0.0,7,3,-1,medium,high,0.85,medium,2,,,,4,,witness_ordering,324899
C,C_00876,apple_pick,topk_posthoc,0,0,0,0,1,0,0.0,7,3,-1,medium,high,0.85,medium,2,,,,4,,witness_ordering,324900
C,C_00877,apple_pick,topk_posthoc,1,1,0,0,1,1,0.05281463,7,3,-1,medium,high,0.85,medium,2,,,,8,,witness_ordering,324901
C,C_00878,apple_pick,topk_posthoc,0,0,0,0,1,0,0.0,7,3,-1,medium,high,0.85,medium,2,,,,8,,witness_ordering,324902
C,C_00879,apple_pick,topk_posthoc,0,0,0,0,1,0,0.0,7,3,-1,medium,high,0.85,medium,2,,,,8,,witness_ordering,324903
C,C_00880,apple_pick,topk_posthoc,0,0,0,0,1,0,0.0,7,3,-1,medium,high,0.85,medium,2,,,,8,,witness_ordering,324904
C,C_00881,apple_pick,topk_posthoc,1,1,0,0,1,1,0.00100526,7,3,-1,medium,high,0.85,medium,2,,,,8,,witness_ordering,324905
C,C_00882,apple_pick,topk_posthoc,0,0,0,0,1,0,0.0,7,3,-1,medium,high,0.85,medium,2,,,,8,,witness_ordering,324906
C,C_00883,apple_pick,topk_posthoc,0,0,0,0,1,0,0.0,7,3,-1,medium,high,0.85,medium,2,,,,8,,witness_ordering,324907
C,C_00884,apple_pick,topk_posthoc,0,0,0,1,1,1,0.0,7,3,-1,medium,high,0.85,medium,2,,,,8,,witness_ordering,324908
C,C_00885,apple_pick,topk_posthoc,0,0,0,0,1,0,0.0,7,3,-1,medium,high,0.85,medium,2,,,,8,,witness_ordering,324909
C,C_00886,apple_pick,topk_posthoc,0,0,0,0,1,0,0.0,7,3,-1,medium,high,0.85,medium,2,,,,8,,witness_ordering,324910
C,C_00887,apple_pick,topk_posthoc,0,0,0,0,1,0,0.0,7,3,-1,medium,high,0.85,medium,2,,,,8,,witness_ordering,324911
C,C_00888,apple_pick,topk_posthoc,0,0,0,0,1,0,0.0,7,3,-1,medium,high,0.85,medium,2,,,,8,,witness_ordering,324912
C,C_00889,apple_pick,topk_posthoc,0,0,0,0,1,0,0.0,7,3,-1,medium,high,0.85,medium,2,,,,16,,witness_ordering,324913
C,C_00889_base,apple_pick,geometric_fc,1,0,1,0,1,0,0.05497065,7,3,-1,medium,high,0.85,medium,2,,,,16,,witness_ordering,324913
C,C_00889_base,apple_pick,oracle_sfc,0,0,0,0,1,0,0.0,7,3,-1,medium,high,0.85,medium,2,,,,16,,witness_ordering,324913
C,C_00889_base,apple_pick,semantic_only,1,0,1,0,1,0,0.0,7,3,-1,medium,high,0.85,medium,2,,,,16,,witness_ordering,324913
C,C_00889_base,apple_pick,posthoc_single,0,0,0,0,1,0,0.05497065,7,3,-1,medium,high,0.85,medium,2,,,,16,,witness_ordering,324913
C,C_00889_base,apple_pick,soft_penalty_fc,1,0,1,0,1,0,0.05497065,7,3,-1,medium,high,0.85,medium,2,,,,16,,witness_ordering,324913
C,C_00890,apple_pick,topk_posthoc,1,1,0,0,1,1,0.00287025,7,3,-1,medium,high,0.85,medium,2,,,,16,,witness_ordering,324914
C,C_00890_base,apple_pick,geometric_fc,1,0,1,1,1,1,0.06095529,7,3,-1,medium,high,0.85,medium,2,,,,16,,witness_ordering,324914
C,C_00890_base,apple_pick,oracle_sfc,1,1,0,0,1,1,0.00287025,7,3,-1,medium,high,0.85,medium,2,,,,16,,witness_ordering,324914
C,C_00890_base,apple_pick,semantic_only,1,1,0,0,1,1,0.0,7,3,-1,medium,high,0.85,medium,2,,,,16,,witness_ordering,324914
C,C_00890_base,apple_pick,posthoc_single,0,0,0,1,1,1,0.06095529,7,3,-1,medium,high,0.85,medium,2,,,,16,,witness_ordering,324914
C,C_00890_base,apple_pick,soft_penalty_fc,1,0,1,1,1,1,0.06095529,7,3,-1,medium,high,0.85,medium,2,,,,16,,witness_ordering,324914
C,C_00891,apple_pick,topk_posthoc,0,0,0,0,1,0,0.0,7,3,-1,medium,high,0.85,medium,2,,,,16,,witness_ordering,324915
C,C_00891_base,apple_pick,geometric_fc,1,0,1,0,1,0,0.05828268,7,3,-1,medium,high,0.85,medium,2,,,,16,,witness_ordering,324915
C,C_00891_base,apple_pick,oracle_sfc,0,0,0,0,1,0,0.0,7,3,-1,medium,high,0.85,medium,2,,,,16,,witness_ordering,324915
C,C_00891_base,apple_pick,semantic_only,1,0,1,0,1,0,0.0,7,3,-1,medium,high,0.85,medium,2,,,,16,,witness_ordering,324915
C,C_00891_base,apple_pick,posthoc_single,0,0,0,0,1,0,0.05828268,7,3,-1,medium,high,0.85,medium,2,,,,16,,witness_ordering,324915
C,C_00891_base,apple_pick,soft_penalty_fc,1,0,1,0,1,0,0.05828268,7,3,-1,medium,high,0.85,medium,2,,,,16,,witness_ordering,324915
C,C_00892,apple_pick,topk_posthoc,0,0,0,0,1,0,0.0,7,3,-1,medium,high,0.85,medium,2,,,,16,,witness_ordering,324916
C,C_00892_base,apple_pick,geometric_fc,1,0,1,0,1,0,0.05710542,7,3,-1,medium,high,0.85,medium,2,,,,16,,witness_ordering,324916
C,C_00892_base,apple_pick,oracle_sfc,0,0,0,0,1,0,0.0,7,3,-1,medium,high,0.85,medium,2,,,,16,,witness_ordering,324916
C,C_00892_base,apple_pick,semantic_only,1,0,1,0,1,0,0.0,7,3,-1,medium,high,0.85,medium,2,,,,16,,witness_ordering,324916
C,C_00892_base,apple_pick,posthoc_single,0,0,0,0,1,0,0.05710542,7,3,-1,medium,high,0.85,medium,2,,,,16,,witness_ordering,324916
C,C_00892_base,apple_pick,soft_penalty_fc,1,0,1,0,1,0,0.05710542,7,3,-1,medium,high,0.85,medium,2,,,,16,,witness_ordering,324916
C,C_00893,apple_pick,topk_posthoc,0,0,0,0,1,0,0.0,7,3,-1,medium,high,0.85,medium,2,,,,16,,witness_ordering,324917
C,C_00893_base,apple_pick,geometric_fc,1,0,1,0,1,0,0.05496536,7,3,-1,medium,high,0.85,medium,2,,,,16,,witness_ordering,324917
C,C_00893_base,apple_pick,oracle_sfc,0,0,0,0,1,0,0.0,7,3,-1,medium,high,0.85,medium,2,,,,16,,witness_ordering,324917
C,C_00893_base,apple_pick,semantic_only,1,0,1,0,1,0,0.0,7,3,-1,medium,high,0.85,medium,2,,,,16,,witness_ordering,324917
C,C_00893_base,apple_pick,posthoc_single,0,0,0,0,1,0,0.05496536,7,3,-1,medium,high,0.85,medium,2,,,,16,,witness_ordering,324917
C,C_00893_base,apple_pick,soft_penalty_fc,1,0,1,0,1,0,0.05496536,7,3,-1,medium,high,0.85,medium,2,,,,16,,witness_ordering,324917
C,C_00894,apple_pick,topk_posthoc,0,0,0,0,1,0,0.0,7,3,-1,medium,high,0.85,medium,2,,,,16,,witness_ordering,324918
C,C_00894_base,apple_pick,geometric_fc,1,0,1,0,1,0,0.05604737,7,3,-1,medium,high,0.85,medium,2,,,,16,,witness_ordering,324918
C,C_00894_base,apple_pick,oracle_sfc,0,0,0,0,1,0,0.0,7,3,-1,medium,high,0.85,medium,2,,,,16,,witness_ordering,324918
C,C_00894_base,apple_pick,semantic_only,1,0,1,0,1,0,0.0,7,3,-1,medium,high,0.85,medium,2,,,,16,,witness_ordering,324918
C,C_00894_base,apple_pick,posthoc_single,0,0,0,0,1,0,0.05604737,7,3,-1,medium,high,0.85,medium,2,,,,16,,witness_ordering,324918
C,C_00894_base,apple_pick,soft_penalty_fc,1,0,1,0,1,0,0.05604737,7,3,-1,medium,high,0.85,medium,2,,,,16,,witness_ordering,324918
C,C_00895,apple_pick,topk_posthoc,0,0,0,0,1,0,0.0,7,3,-1,medium,high,0.85,medium,2,,,,16,,witness_ordering,324919
C,C_00895_base,apple_pick,geometric_fc,1,0,1,0,1,0,0.05798736,7,3,-1,medium,high,0.85,medium,2,,,,16,,witness_ordering,324919
C,C_00895_base,apple_pick,oracle_sfc,0,0,0,0,1,0,0.0,7,3,-1,medium,high,0.85,medium,2,,,,16,,witness_ordering,324919
C,C_00895_base,apple_pick,semantic_only,1,0,1,0,1,0,0.0,7,3,-1,medium,high,0.85,medium,2,,,,16,,witness_ordering,324919
C,C_00895_base,apple_pick,posthoc_single,0,0,0,0,1,0,0.05798736,7,3,-1,medium,high,0.85,medium,2,,,,16,,witness_ordering,324919
C,C_00895_base,apple_pick,soft_penalty_fc,1,0,1,0,1,0,0.05798736,7,3,-1,medium,high,0.85,medium,2,,,,16,,witness_ordering,324919
C,C_00896,apple_pick,topk_posthoc,0,0,0,0,1,0,0.0,7,3,-1,medium,high,0.85,medium,2,,,,16,,witness_ordering,324920
C,C_00896_base,apple_pick,geometric_fc,1,0,1,0,1,0,0.04989836,7,3,-1,medium,high,0.85,medium,2,,,,16,,witness_ordering,324920
C,C_00896_base,apple_pick,oracle_sfc,0,0,0,0,1,0,0.0,7,3,-1,medium,high,0.85,medium,2,,,,16,,witness_ordering,324920
C,C_00896_base,apple_pick,semantic_only,1,0,1,0,1,0,0.0,7,3,-1,medium,high,0.85,medium,2,,,,16,,witness_ordering,324920
C,C_00896_base,apple_pick,posthoc_single,0,0,0,0,1,0,0.04989836,7,3,-1,medium,high,0.85,medium,2,,,,16,,witness_ordering,324920
C,C_00896_base,apple_pick,soft_penalty_fc,1,0,1,0,1,0,0.04989836,7,3,-1,medium,high,0.85,medium,2,,,,16,,witness_ordering,324920
C,C_00897,apple_pick,topk_posthoc,0,0,0,0,1,0,0.0,7,3,-1,medium,high,0.85,medium,2,,,,16,,witness_ordering,324921
C,C_00897_base,apple_pick,geometric_fc,1,0,1,0,1,0,0.05890434,7,3,-1,medium,high,0.85,medium,2,,,,16,,witness_ordering,324921
C,C_00897_base,apple_pick,oracle_sfc,0,0,0,0,1,0,0.0,7,3,-1,medium,high,0.85,medium,2,,,,16,,witness_ordering,324921
C,C_00897_base,apple_pick,semantic_only,1,0,1,0,1,0,0.0,7,3,-1,medium,high,0.85,medium,2,,,,16,,witness_ordering,324921
C,C_00897_base,apple_pick,posthoc_single,0,0,0,0,1,0,0.05890434,7,3,-1,medium,high,0.85,medium,2,,,,16,,witness_ordering,324921
C,C_00897_base,apple_pick,soft_penalty_fc,1,0,1,0,1,0,0.05890434,7,3,-1,medium,high,0.85,medium,2,,,,16,,witness_ordering,324921
C,C_00898,apple_pick,topk_posthoc,0,0,0,0,1,0,0.0,7,3,-1,medium,high,0.85,medium,2,,,,16,,witness_ordering,324922
C,C_00898_base,apple_pick,geometric_fc,1,0,1,0,1,0,0.05538788,7,3,-1,medium,high,0.85,medium,2,,,,16,,witness_ordering,324922
C,C_00898_base,apple_pick,oracle_sfc,0,0,0,0,1,0,0.0,7,3,-1,medium,high,0.85,medium,2,,,,16,,witness_ordering,324922
C,C_00898_base,apple_pick,semantic_only,1,0,1,0,1,0,0.0,7,3,-1,medium,high,0.85,medium,2,,,,16,,witness_ordering,324922
C,C_00898_base,apple_pick,posthoc_single,0,0,0,0,1,0,0.05538788,7,3,-1,medium,high,0.85,medium,2,,,,16,,witness_ordering,324922
C,C_00898_base,apple_pick,soft_penalty_fc,1,0,1,0,1,0,0.05538788,7,3,-1,medium,high,0.85,medium,2,,,,16,,witness_ordering,324922
C,C_00899,apple_pick,topk_posthoc,0,0,0,0,1,0,0.0,7,3,-1,medium,high,0.85,medium,2,,,,16,,witness_ordering,324923
C,C_00899_base,apple_pick,geometric_fc,1,0,1,0,1,0,0.0568433,7,3,-1,medium,high,0.85,medium,2,,,,16,,witness_ordering,324923
C,C_00899_base,apple_pick,oracle_sfc,0,0,0,0,1,0,0.0,7,3,-1,medium,high,0.85,medium,2,,,,16,,witness_ordering,324923
C,C_00899_base,apple_pick,semantic_only,1,0,1,0,1,0,0.0,7,3,-1,medium,high,0.85,medium,2,,,,16,,witness_ordering,324923
C,C_00899_base,apple_pick,posthoc_single,0,0,0,0,1,0,0.0568433,7,3,-1,medium,high,0.85,medium,2,,,,16,,witness_ordering,324923
C,C_00899_base,apple_pick,soft_penalty_fc,1,0,1,0,1,0,0.0568433,7,3,-1,medium,high,0.85,medium,2,,,,16,,witness_ordering,324923
C,C_00900,apple_pick,topk_posthoc,0,0,0,0,1,0,0.0,7,3,-1,medium,high,0.85,medium,2,,,,16,,witness_ordering,324924
C,C_00900_base,apple_pick,geometric_fc,1,0,1,0,1,0,0.05665064,7,3,-1,medium,high,0.85,medium,2,,,,16,,witness_ordering,324924
C,C_00900_base,apple_pick,oracle_sfc,0,0,0,0,1,0,0.0,7,3,-1,medium,high,0.85,medium,2,,,,16,,witness_ordering,324924
C,C_00900_base,apple_pick,semantic_only,1,0,1,0,1,0,0.0,7,3,-1,medium,high,0.85,medium,2,,,,16,,witness_ordering,324924
C,C_00900_base,apple_pick,posthoc_single,0,0,0,0,1,0,0.05665064,7,3,-1,medium,high,0.85,medium,2,,,,16,,witness_ordering,324924
C,C_00900_base,apple_pick,soft_penalty_fc,1,0,1,0,1,0,0.05665064,7,3,-1,medium,high,0.85,medium,2,,,,16,,witness_ordering,324924
C,C_00901,scissors_pass,topk_posthoc,0,0,0,0,1,0,0.0,8,3,-1,medium,high,0.25,medium,2,,,,1,,witness_ordering,324925
C,C_00901_base,scissors_pass,geometric_fc,1,0,1,0,1,0,0.03142753,8,3,-1,medium,high,0.25,medium,2,,,,1,,witness_ordering,324925
C,C_00901_base,scissors_pass,oracle_sfc,0,0,0,0,1,0,0.0,8,3,-1,medium,high,0.25,medium,2,,,,1,,witness_ordering,324925
C,C_00901_base,scissors_pass,semantic_only,1,0,1,0,1,0,0.0,8,3,-1,medium,high,0.25,medium,2,,,,1,,witness_ordering,324925
C,C_00901_base,scissors_pass,posthoc_single,0,0,0,0,1,0,0.03142753,8,3,-1,medium,high,0.25,medium,2,,,,1,,witness_ordering,324925
C,C_00901_base,scissors_pass,soft_penalty_fc,1,0,1,0,1,0,0.03142753,8,3,-1,medium,high,0.25,medium,2,,,,1,,witness_ordering,324925
C,C_00902,scissors_pass,topk_posthoc,0,0,0,0,1,0,0.0,8,3,-1,medium,high,0.25,medium,2,,,,1,,witness_ordering,324926
C,C_00902_base,scissors_pass,geometric_fc,1,0,1,0,1,0,0.04323028,8,3,-1,medium,high,0.25,medium,2,,,,1,,witness_ordering,324926
C,C_00902_base,scissors_pass,oracle_sfc,0,0,0,0,1,0,0.0,8,3,-1,medium,high,0.25,medium,2,,,,1,,witness_ordering,324926
C,C_00902_base,scissors_pass,semantic_only,1,0,1,0,1,0,0.0,8,3,-1,medium,high,0.25,medium,2,,,,1,,witness_ordering,324926
C,C_00902_base,scissors_pass,posthoc_single,0,0,0,0,1,0,0.04323028,8,3,-1,medium,high,0.25,medium,2,,,,1,,witness_ordering,324926
C,C_00902_base,scissors_pass,soft_penalty_fc,1,0,1,0,1,0,0.04323028,8,3,-1,medium,high,0.25,medium,2,,,,1,,witness_ordering,324926
C,C_00903,scissors_pass,topk_posthoc,0,0,0,0,1,0,0.0,8,3,-1,medium,high,0.25,medium,2,,,,1,,witness_ordering,324927
C,C_00903_base,scissors_pass,geometric_fc,1,0,1,0,1,0,0.04586852,8,3,-1,medium,high,0.25,medium,2,,,,1,,witness_ordering,324927
C,C_00903_base,scissors_pass,oracle_sfc,0,0,0,0,1,0,0.0,8,3,-1,medium,high,0.25,medium,2,,,,1,,witness_ordering,324927
C,C_00903_base,scissors_pass,semantic_only,1,0,1,0,1,0,0.0,8,3,-1,medium,high,0.25,medium,2,,,,1,,witness_ordering,324927
C,C_00903_base,scissors_pass,posthoc_single,0,0,0,0,1,0,0.04586852,8,3,-1,medium,high,0.25,medium,2,,,,1,,witness_ordering,324927
C,C_00903_base,scissors_pass,soft_penalty_fc,1,0,1,0,1,0,0.04586852,8,3,-1,medium,high,0.25,medium,2,,,,1,,witness_ordering,324927
C,C_00904,scissors_pass,topk_posthoc,0,0,0,0,1,0,0.0,8,3,-1,medium,high,0.25,medium,2,,,,1,,witness_ordering,324928
C,C_00904_base,scissors_pass,geometric_fc,1,0,1,0,1,0,0.0456375,8,3,-1,medium,high,0.25,medium,2,,,,1,,witness_ordering,324928
C,C_00904_base,scissors_pass,oracle_sfc,0,0,0,0,1,0,0.0,8,3,-1,medium,high,0.25,medium,2,,,,1,,witness_ordering,324928
C,C_00904_base,scissors_pass,semantic_only,1,0,1,0,1,0,0.0,8,3,-1,medium,high,0.25,medium,2,,,,1,,witness_ordering,324928
C,C_00904_base,scissors_pass,posthoc_single,0,0,0,0,1,0,0.0456375,8,3,-1,medium,high,0.25,medium,2,,,,1,,witness_ordering,324928
C,C_00904_base,scissors_pass,soft_penalty_fc,1,0,1,0,1,0,0.0456375,8,3,-1,medium,high,0.25,medium,2,,,,1,,witness_ordering,324928
C,C_00905,scissors_pass,topk_posthoc,0,0,0,0,1,0,0.0,8,3,-1,medium,high,0.25,medium,2,,,,1,,witness_ordering,324929
C,C_00905_base,scissors_pass,geometric_fc,1,0,1,0,1,0,0.04644853,8,3,-1,medium,high,0.25,medium,2,,,,1,,witness_ordering,324929
C,C_00905_base,scissors_pass,oracle_sfc,0,0,0,0,1,0,0.0,8,3,-1,medium,high,0.25,medium,2,,,,1,,witness_ordering,324929
C,C_00905_base,scissors_pass,semantic_only,1,0,1,0,1,0,0.0,8,3,-1,medium,high,0.25,medium,2,,,,1,,witness_ordering,324929
C,C_00905_base,scissors_pass,posthoc_single,0,0,0,0,1,0,0.04644853,8,3,-1,medium,high,0.25,medium,2,,,,1,,witness_ordering,324929
C,C_00905_base,scissors_pass,soft_penalty_fc,1,0,1,0,1,0,0.04644853,8,3,-1,medium,high,0.25,medium,2,,,,1,,witness_ordering,324929
C,C_00906,scissors_pass,topk_posthoc,0,0,0,0,1,0,0.0,8,3,-1,medium,high,0.25,medium,2,,,,1,,witness_ordering,324930
C,C_00906_base,scissors_pass,geometric_fc,1,0,1,0,1,0,0.03695521,8,3,-1,medium,high,0.25,medium,2,,,,1,,witness_ordering,324930
C,C_00906_base,scissors_pass,oracle_sfc,0,0,0,0,1,0,0.0,8,3,-1,medium,high,0.25,medium,2,,,,1,,witness_ordering,324930
C,C_00906_base,scissors_pass,semantic_only,1,0,1,0,1,0,0.0,8,3,-1,medium,high,0.25,medium,2,,,,1,,witness_ordering,324930
C,C_00906_base,scissors_pass,posthoc_single,0,0,0,0,1,0,0.03695521,8,3,-1,medium,high,0.25,medium,2,,,,1,,witness_ordering,324930
C,C_00906_base,scissors_pass,soft_penalty_fc,1,0,1,0,1,0,0.03695521,8,3,-1,medium,high,0.25,medium,2,,,,1,,witness_ordering,324930
C,C_00907,scissors_pass,topk_posthoc,0,0,0,0,1,0,0.0,8,3,-1,medium,high,0.25,medium,2,,,,1,,witness_ordering,324931
C,C_00907_base,scissors_pass,geometric_fc,1,0,1,0,1,0,0.04534357,8,3,-1,medium,high,0.25,medium,2,,,,1,,witness_ordering,324931
C,C_00907_base,scissors_pass,oracle_sfc,0,0,0,0,1,0,0.0,8,3,-1,medium,high,0.25,medium,2,,,,1,,witness_ordering,324931
C,C_00907_base,scissors_pass,semantic_only,1,0,1,0,1,0,0.0,8,3,-1,medium,high,0.25,medium,2,,,,1,,witness_ordering,324931
C,C_00907_base,scissors_pass,posthoc_single,0,0,0,0,1,0,0.04534357,8,3,-1,medium,high,0.25,medium,2,,,,1,,witness_ordering,324931
C,C_00907_base,scissors_pass,soft_penalty_fc,1,0,1,0,1,0,0.04534357,8,3,-1,medium,high,0.25,medium,2,,,,1,,witness_ordering,324931
C,C_00908,scissors_pass,topk_posthoc,0,0,0,0,1,0,0.0,8,3,-1,medium,high,0.25,medium,2,,,,1,,witness_ordering,324932
C,C_00908_base,scissors_pass,geometric_fc,1,0,1,0,1,0,0.05121269,8,3,-1,medium,high,0.25,medium,2,,,,1,,witness_ordering,324932
C,C_00908_base,scissors_pass,oracle_sfc,0,0,0,0,1,0,0.0,8,3,-1,medium,high,0.25,medium,2,,,,1,,witness_ordering,324932
C,C_00908_base,scissors_pass,semantic_only,1,0,1,0,1,0,0.0,8,3,-1,medium,high,0.25,medium,2,,,,1,,witness_ordering,324932
C,C_00908_base,scissors_pass,posthoc_single,0,0,0,0,1,0,0.05121269,8,3,-1,medium,high,0.25,medium,2,,,,1,,witness_ordering,324932
C,C_00908_base,scissors_pass,soft_penalty_fc,1,0,1,0,1,0,0.05121269,8,3,-1,medium,high,0.25,medium,2,,,,1,,witness_ordering,324932
C,C_00909,scissors_pass,topk_posthoc,0,0,0,0,1,0,0.0,8,3,-1,medium,high,0.25,medium,2,,,,1,,witness_ordering,324933
C,C_00909_base,scissors_pass,geometric_fc,1,0,1,0,1,0,0.042128,8,3,-1,medium,high,0.25,medium,2,,,,1,,witness_ordering,324933
C,C_00909_base,scissors_pass,oracle_sfc,0,0,0,0,1,0,0.0,8,3,-1,medium,high,0.25,medium,2,,,,1,,witness_ordering,324933
C,C_00909_base,scissors_pass,semantic_only,1,0,1,0,1,0,0.0,8,3,-1,medium,high,0.25,medium,2,,,,1,,witness_ordering,324933
C,C_00909_base,scissors_pass,posthoc_single,0,0,0,0,1,0,0.042128,8,3,-1,medium,high,0.25,medium,2,,,,1,,witness_ordering,324933
C,C_00909_base,scissors_pass,soft_penalty_fc,1,0,1,0,1,0,0.042128,8,3,-1,medium,high,0.25,medium,2,,,,1,,witness_ordering,324933
C,C_00910,scissors_pass,topk_posthoc,0,0,0,0,1,0,0.0,8,3,-1,medium,high,0.25,medium,2,,,,1,,witness_ordering,324934
C,C_00910_base,scissors_pass,geometric_fc,1,0,1,0,1,0,0.03613138,8,3,-1,medium,high,0.25,medium,2,,,,1,,witness_ordering,324934
C,C_00910_base,scissors_pass,oracle_sfc,0,0,0,0,1,0,0.0,8,3,-1,medium,high,0.25,medium,2,,,,1,,witness_ordering,324934
C,C_00910_base,scissors_pass,semantic_only,1,0,1,0,1,0,0.0,8,3,-1,medium,high,0.25,medium,2,,,,1,,witness_ordering,324934
C,C_00910_base,scissors_pass,posthoc_single,0,0,0,0,1,0,0.03613138,8,3,-1,medium,high,0.25,medium,2,,,,1,,witness_ordering,324934
C,C_00910_base,scissors_pass,soft_penalty_fc,1,0,1,0,1,0,0.03613138,8,3,-1,medium,high,0.25,medium,2,,,,1,,witness_ordering,324934
C,C_00911,scissors_pass,topk_posthoc,0,0,0,0,1,0,0.0,8,3,-1,medium,high,0.25,medium,2,,,,1,,witness_ordering,324935
C,C_00911_base,scissors_pass,geometric_fc,1,0,1,0,1,0,0.04044276,8,3,-1,medium,high,0.25,medium,2,,,,1,,witness_ordering,324935
C,C_00911_base,scissors_pass,oracle_sfc,0,0,0,0,1,0,0.0,8,3,-1,medium,high,0.25,medium,2,,,,1,,witness_ordering,324935
C,C_00911_base,scissors_pass,semantic_only,1,0,1,0,1,0,0.0,8,3,-1,medium,high,0.25,medium,2,,,,1,,witness_ordering,324935
C,C_00911_base,scissors_pass,posthoc_single,0,0,0,0,1,0,0.04044276,8,3,-1,medium,high,0.25,medium,2,,,,1,,witness_ordering,324935
C,C_00911_base,scissors_pass,soft_penalty_fc,1,0,1,0,1,0,0.04044276,8,3,-1,medium,high,0.25,medium,2,,,,1,,witness_ordering,324935
C,C_00912,scissors_pass,topk_posthoc,0,0,0,0,1,0,0.0,8,3,-1,medium,high,0.25,medium,2,,,,1,,witness_ordering,324936
C,C_00912_base,scissors_pass,geometric_fc,1,0,1,0,1,0,0.04932186,8,3,-1,medium,high,0.25,medium,2,,,,1,,witness_ordering,324936
C,C_00912_base,scissors_pass,oracle_sfc,0,0,0,0,1,0,0.0,8,3,-1,medium,high,0.25,medium,2,,,,1,,witness_ordering,324936
C,C_00912_base,scissors_pass,semantic_only,1,0,1,0,1,0,0.0,8,3,-1,medium,high,0.25,medium,2,,,,1,,witness_ordering,324936
C,C_00912_base,scissors_pass,posthoc_single,0,0,0,0,1,0,0.04932186,8,3,-1,medium,high,0.25,medium,2,,,,1,,witness_ordering,324936
C,C_00912_base,scissors_pass,soft_penalty_fc,1,0,1,0,1,0,0.04932186,8,3,-1,medium,high,0.25,medium,2,,,,1,,witness_ordering,324936
C,C_00913,scissors_pass,topk_posthoc,0,0,0,0,1,0,0.0,8,3,-1,medium,high,0.25,medium,2,,,,2,,witness_ordering,324937
C,C_00914,scissors_pass,topk_posthoc,0,0,0,0,1,0,0.0,8,3,-1,medium,high,0.25,medium,2,,,,2,,witness_ordering,324938
C,C_00915,scissors_pass,topk_posthoc,1,1,0,0,1,1,0.00759803,8,3,-1,medium,high,0.25,medium,2,,,,2,,witness_ordering,324939
C,C_00916,scissors_pass,topk_posthoc,0,0,0,0,1,0,0.0,8,3,-1,medium,high,0.25,medium,2,,,,2,,witness_ordering,324940
C,C_00917,scissors_pass,topk_posthoc,0,0,0,0,1,0,0.0,8,3,-1,medium,high,0.25,medium,2,,,,2,,witness_ordering,324941
C,C_00918,scissors_pass,topk_posthoc,0,0,0,0,1,0,0.0,8,3,-1,medium,high,0.25,medium,2,,,,2,,witness_ordering,324942
C,C_00919,scissors_pass,topk_posthoc,0,0,0,0,1,0,0.0,8,3,-1,medium,high,0.25,medium,2,,,,2,,witness_ordering,324943
C,C_00920,scissors_pass,topk_posthoc,0,0,0,0,1,0,0.0,8,3,-1,medium,high,0.25,medium,2,,,,2,,witness_ordering,324944
C,C_00921,scissors_pass,topk_posthoc,0,0,0,0,1,0,0.0,8,3,-1,medium,high,0.25,medium,2,,,,2,,witness_ordering,324945
C,C_00922,scissors_pass,topk_posthoc,0,0,0,0,1,0,0.0,8,3,-1,medium,high,0.25,medium,2,,,,2,,witness_ordering,324946
C,C_00923,scissors_pass,topk_posthoc,0,0,0,0,1,0,0.0,8,3,-1,medium,high,0.25,medium,2,,,,2,,witness_ordering,324947
C,C_00924,scissors_pass,topk_posthoc,0,0,0,0,1,0,0.0,8,3,-1,medium,high,0.25,medium,2,,,,2,,witness_ordering,324948
C,C_00925,scissors_pass,topk_posthoc,0,0,0,0,1,0,0.0,8,3,-1,medium,high,0.25,medium,2,,,,4,,witness_ordering,324949
C,C_00926,scissors_pass,topk_posthoc,0,0,0,0,1,0,0.0,8,3,-1,medium,high,0.25,medium,2,,,,4,,witness_ordering,324950
C,C_00927,scissors_pass,topk_posthoc,0,0,0,0,1,0,0.0,8,3,-1,medium,high,0.25,medium,2,,,,4,,witness_ordering,324951
C,C_00928,scissors_pass,topk_posthoc,0,0,0,0,1,0,0.0,8,3,-1,medium,high,0.25,medium,2,,,,4,,witness_ordering,324952
C,C_00929,scissors_pass,topk_posthoc,0,0,0,0,1,0,0.0,8,3,-1,medium,high,0.25,medium,2,,,,4,,witness_ordering,324953
C,C_00930,scissors_pass,topk_posthoc,0,0,0,0,1,0,0.0,8,3,-1,medium,high,0.25,medium,2,,,,4,,witness_ordering,324954
C,C_00931,scissors_pass,topk_posthoc,0,0,0,0,1,0,0.0,8,3,-1,medium,high,0.25,medium,2,,,,4,,witness_ordering,324955
C,C_00932,scissors_pass,topk_posthoc,0,0,0,0,1,0,0.0,8,3,-1,medium,high,0.25,medium,2,,,,4,,witness_ordering,324956
C,C_00933,scissors_pass,topk_posthoc,0,0,0,0,1,0,0.0,8,3,-1,medium,high,0.25,medium,2,,,,4,,witness_ordering,324957
C,C_00934,scissors_pass,topk_posthoc,0,0,0,0,1,0,0.0,8,3,-1,medium,high,0.25,medium,2,,,,4,,witness_ordering,324958
C,C_00935,scissors_pass,topk_posthoc,0,0,0,0,1,0,0.0,8,3,-1,medium,high,0.25,medium,2,,,,4,,witness_ordering,324959
C,C_00936,scissors_pass,topk_posthoc,0,0,0,0,1,0,0.0,8,3,-1,medium,high,0.25,medium,2,,,,4,,witness_ordering,324960
C,C_00937,scissors_pass,topk_posthoc,0,0,0,0,1,0,0.0,8,3,-1,medium,high,0.25,medium,2,,,,8,,witness_ordering,324961
C,C_00938,scissors_pass,topk_posthoc,0,0,0,0,1,0,0.0,8,3,-1,medium,high,0.25,medium,2,,,,8,,witness_ordering,324962
C,C_00939,scissors_pass,topk_posthoc,0,0,0,0,1,0,0.0,8,3,-1,medium,high,0.25,medium,2,,,,8,,witness_ordering,324963
C,C_00940,scissors_pass,topk_posthoc,0,0,0,0,1,0,0.0,8,3,-1,medium,high,0.25,medium,2,,,,8,,witness_ordering,324964
C,C_00941,scissors_pass,topk_posthoc,0,0,0,0,1,0,0.0,8,3,-1,medium,high,0.25,medium,2,,,,8,,witness_ordering,324965
C,C_00942,scissors_pass,topk_posthoc,0,0,0,0,1,0,0.0,8,3,-1,medium,high,0.25,medium,2,,,,8,,witness_ordering,324966
C,C_00943,scissors_pass,topk_posthoc,0,0,0,0,1,0,0.0,8,3,-1,medium,high,0.25,medium,2,,,,8,,witness_ordering,324967
C,C_00944,scissors_pass,topk_posthoc,0,0,0,0,1,0,0.0,8,3,-1,medium,high,0.25,medium,2,,,,8,,witness_ordering,324968
C,C_00945,scissors_pass,topk_posthoc,0,0,0,0,1,0,0.0,8,3,-1,medium,high,0.25,medium,2,,,,8,,witness_ordering,324969
C,C_00946,scissors_pass,topk_posthoc,0,0,0,0,1,0,0.0,8,3,-1,medium,high,0.25,medium,2,,,,8,,witness_ordering,324970
C,C_00947,scissors_pass,topk_posthoc,0,0,0,0,1,0,0.0,8,3,-1,medium,high,0.25,medium,2,,,,8,,witness_ordering,324971
C,C_00948,scissors_pass,topk_posthoc,0,0,0,0,1,0,0.0,8,3,-1,medium,high,0.25,medium,2,,,,8,,witness_ordering,324972
C,C_00949,scissors_pass,topk_posthoc,0,0,0,0,1,0,0.0,8,3,-1,medium,high,0.25,medium,2,,,,16,,witness_ordering,324973
C,C_00949_base,scissors_pass,geometric_fc,1,0,1,0,1,0,0.04882612,8,3,-1,medium,high,0.25,medium,2,,,,16,,witness_ordering,324973
C,C_00949_base,scissors_pass,oracle_sfc,0,0,0,0,1,0,0.0,8,3,-1,medium,high,0.25,medium,2,,,,16,,witness_ordering,324973
C,C_00949_base,scissors_pass,semantic_only,1,0,1,0,1,0,0.0,8,3,-1,medium,high,0.25,medium,2,,,,16,,witness_ordering,324973
C,C_00949_base,scissors_pass,posthoc_single,0,0,0,0,1,0,0.04882612,8,3,-1,medium,high,0.25,medium,2,,,,16,,witness_ordering,324973
C,C_00949_base,scissors_pass,soft_penalty_fc,1,0,1,0,1,0,0.04882612,8,3,-1,medium,high,0.25,medium,2,,,,16,,witness_ordering,324973
C,C_00950,scissors_pass,topk_posthoc,0,0,0,0,1,0,0.0,8,3,-1,medium,high,0.25,medium,2,,,,16,,witness_ordering,324974
C,C_00950_base,scissors_pass,geometric_fc,1,0,1,0,1,0,0.04280535,8,3,-1,medium,high,0.25,medium,2,,,,16,,witness_ordering,324974
C,C_00950_base,scissors_pass,oracle_sfc,0,0,0,0,1,0,0.0,8,3,-1,medium,high,0.25,medium,2,,,,16,,witness_ordering,324974
C,C_00950_base,scissors_pass,semantic_only,1,0,1,0,1,0,0.0,8,3,-1,medium,high,0.25,medium,2,,,,16,,witness_ordering,324974
C,C_00950_base,scissors_pass,posthoc_single,0,0,0,0,1,0,0.04280535,8,3,-1,medium,high,0.25,medium,2,,,,16,,witness_ordering,324974
C,C_00950_base,scissors_pass,soft_penalty_fc,1,0,1,0,1,0,0.04280535,8,3,-1,medium,high,0.25,medium,2,,,,16,,witness_ordering,324974
C,C_00951,scissors_pass,topk_posthoc,0,0,0,0,1,0,0.0,8,3,-1,medium,high,0.25,medium,2,,,,16,,witness_ordering,324975
C,C_00951_base,scissors_pass,geometric_fc,1,0,1,0,1,0,0.04472195,8,3,-1,medium,high,0.25,medium,2,,,,16,,witness_ordering,324975
C,C_00951_base,scissors_pass,oracle_sfc,0,0,0,0,1,0,0.0,8,3,-1,medium,high,0.25,medium,2,,,,16,,witness_ordering,324975
C,C_00951_base,scissors_pass,semantic_only,1,0,1,0,1,0,0.0,8,3,-1,medium,high,0.25,medium,2,,,,16,,witness_ordering,324975
C,C_00951_base,scissors_pass,posthoc_single,0,0,0,0,1,0,0.04472195,8,3,-1,medium,high,0.25,medium,2,,,,16,,witness_ordering,324975
C,C_00951_base,scissors_pass,soft_penalty_fc,1,0,1,0,1,0,0.04472195,8,3,-1,medium,high,0.25,medium,2,,,,16,,witness_ordering,324975
C,C_00952,scissors_pass,topk_posthoc,0,0,0,0,1,0,0.0,8,3,-1,medium,high,0.25,medium,2,,,,16,,witness_ordering,324976
C,C_00952_base,scissors_pass,geometric_fc,1,0,1,0,1,0,0.04114041,8,3,-1,medium,high,0.25,medium,2,,,,16,,witness_ordering,324976
C,C_00952_base,scissors_pass,oracle_sfc,0,0,0,0,1,0,0.0,8,3,-1,medium,high,0.25,medium,2,,,,16,,witness_ordering,324976
C,C_00952_base,scissors_pass,semantic_only,1,0,1,0,1,0,0.0,8,3,-1,medium,high,0.25,medium,2,,,,16,,witness_ordering,324976
C,C_00952_base,scissors_pass,posthoc_single,0,0,0,0,1,0,0.04114041,8,3,-1,medium,high,0.25,medium,2,,,,16,,witness_ordering,324976
C,C_00952_base,scissors_pass,soft_penalty_fc,1,0,1,0,1,0,0.04114041,8,3,-1,medium,high,0.25,medium,2,,,,16,,witness_ordering,324976
C,C_00953,scissors_pass,topk_posthoc,0,0,0,0,1,0,0.0,8,3,-1,medium,high,0.25,medium,2,,,,16,,witness_ordering,324977
C,C_00953_base,scissors_pass,geometric_fc,1,0,1,0,1,0,0.04676492,8,3,-1,medium,high,0.25,medium,2,,,,16,,witness_ordering,324977
C,C_00953_base,scissors_pass,oracle_sfc,0,0,0,0,1,0,0.0,8,3,-1,medium,high,0.25,medium,2,,,,16,,witness_ordering,324977
C,C_00953_base,scissors_pass,semantic_only,1,0,1,0,1,0,0.0,8,3,-1,medium,high,0.25,medium,2,,,,16,,witness_ordering,324977
C,C_00953_base,scissors_pass,posthoc_single,0,0,0,0,1,0,0.04676492,8,3,-1,medium,high,0.25,medium,2,,,,16,,witness_ordering,324977
C,C_00953_base,scissors_pass,soft_penalty_fc,1,0,1,0,1,0,0.04676492,8,3,-1,medium,high,0.25,medium,2,,,,16,,witness_ordering,324977
C,C_00954,scissors_pass,topk_posthoc,0,0,0,0,1,0,0.0,8,3,-1,medium,high,0.25,medium,2,,,,16,,witness_ordering,324978
C,C_00954_base,scissors_pass,geometric_fc,1,0,1,0,1,0,0.04318962,8,3,-1,medium,high,0.25,medium,2,,,,16,,witness_ordering,324978
C,C_00954_base,scissors_pass,oracle_sfc,0,0,0,0,1,0,0.0,8,3,-1,medium,high,0.25,medium,2,,,,16,,witness_ordering,324978
C,C_00954_base,scissors_pass,semantic_only,1,0,1,0,1,0,0.0,8,3,-1,medium,high,0.25,medium,2,,,,16,,witness_ordering,324978
C,C_00954_base,scissors_pass,posthoc_single,0,0,0,0,1,0,0.04318962,8,3,-1,medium,high,0.25,medium,2,,,,16,,witness_ordering,324978
C,C_00954_base,scissors_pass,soft_penalty_fc,1,0,1,0,1,0,0.04318962,8,3,-1,medium,high,0.25,medium,2,,,,16,,witness_ordering,324978
C,C_00955,scissors_pass,topk_posthoc,0,0,0,0,1,0,0.0,8,3,-1,medium,high,0.25,medium,2,,,,16,,witness_ordering,324979
C,C_00955_base,scissors_pass,geometric_fc,1,0,1,0,1,0,0.04670612,8,3,-1,medium,high,0.25,medium,2,,,,16,,witness_ordering,324979
C,C_00955_base,scissors_pass,oracle_sfc,0,0,0,0,1,0,0.0,8,3,-1,medium,high,0.25,medium,2,,,,16,,witness_ordering,324979
C,C_00955_base,scissors_pass,semantic_only,1,0,1,0,1,0,0.0,8,3,-1,medium,high,0.25,medium,2,,,,16,,witness_ordering,324979
C,C_00955_base,scissors_pass,posthoc_single,0,0,0,0,1,0,0.04670612,8,3,-1,medium,high,0.25,medium,2,,,,16,,witness_ordering,324979
C,C_00955_base,scissors_pass,soft_penalty_fc,1,0,1,0,1,0,0.04670612,8,3,-1,medium,high,0.25,medium,2,,,,16,,witness_ordering,324979
C,C_00956,scissors_pass,topk_posthoc,0,0,0,0,1,0,0.0,8,3,-1,medium,high,0.25,medium,2,,,,16,,witness_ordering,324980
C,C_00956_base,scissors_pass,geometric_fc,1,0,1,0,1,0,0.04210755,8,3,-1,medium,high,0.25,medium,2,,,,16,,witness_ordering,324980
C,C_00956_base,scissors_pass,oracle_sfc,0,0,0,0,1,0,0.0,8,3,-1,medium,high,0.25,medium,2,,,,16,,witness_ordering,324980
C,C_00956_base,scissors_pass,semantic_only,1,0,1,0,1,0,0.0,8,3,-1,medium,high,0.25,medium,2,,,,16,,witness_ordering,324980
C,C_00956_base,scissors_pass,posthoc_single,0,0,0,0,1,0,0.04210755,8,3,-1,medium,high,0.25,medium,2,,,,16,,witness_ordering,324980
C,C_00956_base,scissors_pass,soft_penalty_fc,1,0,1,0,1,0,0.04210755,8,3,-1,medium,high,0.25,medium,2,,,,16,,witness_ordering,324980
C,C_00957,scissors_pass,topk_posthoc,0,0,0,0,1,0,0.0,8,3,-1,medium,high,0.25,medium,2,,,,16,,witness_ordering,324981
C,C_00957_base,scissors_pass,geometric_fc,1,0,1,0,1,0,0.04521324,8,3,-1,medium,high,0.25,medium,2,,,,16,,witness_ordering,324981
C,C_00957_base,scissors_pass,oracle_sfc,0,0,0,0,1,0,0.0,8,3,-1,medium,high,0.25,medium,2,,,,16,,witness_ordering,324981
C,C_00957_base,scissors_pass,semantic_only,1,0,1,0,1,0,0.0,8,3,-1,medium,high,0.25,medium,2,,,,16,,witness_ordering,324981
C,C_00957_base,scissors_pass,posthoc_single,0,0,0,0,1,0,0.04521324,8,3,-1,medium,high,0.25,medium,2,,,,16,,witness_ordering,324981
C,C_00957_base,scissors_pass,soft_penalty_fc,1,0,1,0,1,0,0.04521324,8,3,-1,medium,high,0.25,medium,2,,,,16,,witness_ordering,324981
C,C_00958,scissors_pass,topk_posthoc,0,0,0,0,1,0,0.0,8,3,-1,medium,high,0.25,medium,2,,,,16,,witness_ordering,324982
C,C_00958_base,scissors_pass,geometric_fc,1,0,1,0,1,0,0.04354945,8,3,-1,medium,high,0.25,medium,2,,,,16,,witness_ordering,324982
C,C_00958_base,scissors_pass,oracle_sfc,0,0,0,0,1,0,0.0,8,3,-1,medium,high,0.25,medium,2,,,,16,,witness_ordering,324982
C,C_00958_base,scissors_pass,semantic_only,1,0,1,0,1,0,0.0,8,3,-1,medium,high,0.25,medium,2,,,,16,,witness_ordering,324982
C,C_00958_base,scissors_pass,posthoc_single,0,0,0,0,1,0,0.04354945,8,3,-1,medium,high,0.25,medium,2,,,,16,,witness_ordering,324982
C,C_00958_base,scissors_pass,soft_penalty_fc,1,0,1,0,1,0,0.04354945,8,3,-1,medium,high,0.25,medium,2,,,,16,,witness_ordering,324982
C,C_00959,scissors_pass,topk_posthoc,0,0,0,0,1,0,0.0,8,3,-1,medium,high,0.25,medium,2,,,,16,,witness_ordering,324983
C,C_00959_base,scissors_pass,geometric_fc,1,0,1,0,1,0,0.04541732,8,3,-1,medium,high,0.25,medium,2,,,,16,,witness_ordering,324983
C,C_00959_base,scissors_pass,oracle_sfc,0,0,0,0,1,0,0.0,8,3,-1,medium,high,0.25,medium,2,,,,16,,witness_ordering,324983
C,C_00959_base,scissors_pass,semantic_only,1,0,1,0,1,0,0.0,8,3,-1,medium,high,0.25,medium,2,,,,16,,witness_ordering,324983
C,C_00959_base,scissors_pass,posthoc_single,0,0,0,0,1,0,0.04541732,8,3,-1,medium,high,0.25,medium,2,,,,16,,witness_ordering,324983
C,C_00959_base,scissors_pass,soft_penalty_fc,1,0,1,0,1,0,0.04541732,8,3,-1,medium,high,0.25,medium,2,,,,16,,witness_ordering,324983
C,C_00960,scissors_pass,topk_posthoc,0,0,0,0,1,0,0.0,8,3,-1,medium,high,0.25,medium,2,,,,16,,witness_ordering,324984
C,C_00960_base,scissors_pass,geometric_fc,1,0,1,0,1,0,0.0423281,8,3,-1,medium,high,0.25,medium,2,,,,16,,witness_ordering,324984
C,C_00960_base,scissors_pass,oracle_sfc,0,0,0,0,1,0,0.0,8,3,-1,medium,high,0.25,medium,2,,,,16,,witness_ordering,324984
C,C_00960_base,scissors_pass,semantic_only,1,0,1,0,1,0,0.0,8,3,-1,medium,high,0.25,medium,2,,,,16,,witness_ordering,324984
C,C_00960_base,scissors_pass,posthoc_single,0,0,0,0,1,0,0.0423281,8,3,-1,medium,high,0.25,medium,2,,,,16,,witness_ordering,324984
C,C_00960_base,scissors_pass,soft_penalty_fc,1,0,1,0,1,0,0.0423281,8,3,-1,medium,high,0.25,medium,2,,,,16,,witness_ordering,324984
C,C_00961,scissors_pass,topk_posthoc,0,0,0,0,1,0,0.0,8,3,-1,medium,high,0.55,medium,2,,,,1,,witness_ordering,324985
C,C_00961_base,scissors_pass,geometric_fc,1,0,1,0,1,0,0.04583843,8,3,-1,medium,high,0.55,medium,2,,,,1,,witness_ordering,324985
C,C_00961_base,scissors_pass,oracle_sfc,0,0,0,0,1,0,0.0,8,3,-1,medium,high,0.55,medium,2,,,,1,,witness_ordering,324985
C,C_00961_base,scissors_pass,semantic_only,1,0,1,0,1,0,0.0,8,3,-1,medium,high,0.55,medium,2,,,,1,,witness_ordering,324985
C,C_00961_base,scissors_pass,posthoc_single,0,0,0,0,1,0,0.04583843,8,3,-1,medium,high,0.55,medium,2,,,,1,,witness_ordering,324985
C,C_00961_base,scissors_pass,soft_penalty_fc,1,0,1,0,1,0,0.04583843,8,3,-1,medium,high,0.55,medium,2,,,,1,,witness_ordering,324985
C,C_00962,scissors_pass,topk_posthoc,0,0,0,0,1,0,0.0,8,3,-1,medium,high,0.55,medium,2,,,,1,,witness_ordering,324986
C,C_00962_base,scissors_pass,geometric_fc,1,0,1,0,1,0,0.04157824,8,3,-1,medium,high,0.55,medium,2,,,,1,,witness_ordering,324986
C,C_00962_base,scissors_pass,oracle_sfc,0,0,0,0,1,0,0.0,8,3,-1,medium,high,0.55,medium,2,,,,1,,witness_ordering,324986
C,C_00962_base,scissors_pass,semantic_only,1,0,1,0,1,0,0.0,8,3,-1,medium,high,0.55,medium,2,,,,1,,witness_ordering,324986
C,C_00962_base,scissors_pass,posthoc_single,0,0,0,0,1,0,0.04157824,8,3,-1,medium,high,0.55,medium,2,,,,1,,witness_ordering,324986
C,C_00962_base,scissors_pass,soft_penalty_fc,1,0,1,0,1,0,0.04157824,8,3,-1,medium,high,0.55,medium,2,,,,1,,witness_ordering,324986
C,C_00963,scissors_pass,topk_posthoc,0,0,0,0,1,0,0.0,8,3,-1,medium,high,0.55,medium,2,,,,1,,witness_ordering,324987
C,C_00963_base,scissors_pass,geometric_fc,1,0,1,0,1,0,0.04219122,8,3,-1,medium,high,0.55,medium,2,,,,1,,witness_ordering,324987
C,C_00963_base,scissors_pass,oracle_sfc,0,0,0,0,1,0,0.0,8,3,-1,medium,high,0.55,medium,2,,,,1,,witness_ordering,324987
C,C_00963_base,scissors_pass,semantic_only,1,0,1,0,1,0,0.0,8,3,-1,medium,high,0.55,medium,2,,,,1,,witness_ordering,324987
C,C_00963_base,scissors_pass,posthoc_single,0,0,0,0,1,0,0.04219122,8,3,-1,medium,high,0.55,medium,2,,,,1,,witness_ordering,324987
C,C_00963_base,scissors_pass,soft_penalty_fc,1,0,1,0,1,0,0.04219122,8,3,-1,medium,high,0.55,medium,2,,,,1,,witness_ordering,324987
C,C_00964,scissors_pass,topk_posthoc,0,0,0,0,1,0,0.0,8,3,-1,medium,high,0.55,medium,2,,,,1,,witness_ordering,324988
C,C_00964_base,scissors_pass,geometric_fc,1,0,1,0,1,0,0.0487631,8,3,-1,medium,high,0.55,medium,2,,,,1,,witness_ordering,324988
C,C_00964_base,scissors_pass,oracle_sfc,0,0,0,0,1,0,0.0,8,3,-1,medium,high,0.55,medium,2,,,,1,,witness_ordering,324988
C,C_00964_base,scissors_pass,semantic_only,1,0,1,0,1,0,0.0,8,3,-1,medium,high,0.55,medium,2,,,,1,,witness_ordering,324988
C,C_00964_base,scissors_pass,posthoc_single,0,0,0,0,1,0,0.0487631,8,3,-1,medium,high,0.55,medium,2,,,,1,,witness_ordering,324988
C,C_00964_base,scissors_pass,soft_penalty_fc,1,0,1,0,1,0,0.0487631,8,3,-1,medium,high,0.55,medium,2,,,,1,,witness_ordering,324988
C,C_00965,scissors_pass,topk_posthoc,0,0,0,0,1,0,0.0,8,3,-1,medium,high,0.55,medium,2,,,,1,,witness_ordering,324989
C,C_00965_base,scissors_pass,geometric_fc,1,0,1,0,1,0,0.03305,8,3,-1,medium,high,0.55,medium,2,,,,1,,witness_ordering,324989
C,C_00965_base,scissors_pass,oracle_sfc,0,0,0,0,1,0,0.0,8,3,-1,medium,high,0.55,medium,2,,,,1,,witness_ordering,324989
C,C_00965_base,scissors_pass,semantic_only,1,0,1,0,1,0,0.0,8,3,-1,medium,high,0.55,medium,2,,,,1,,witness_ordering,324989
C,C_00965_base,scissors_pass,posthoc_single,0,0,0,0,1,0,0.03305,8,3,-1,medium,high,0.55,medium,2,,,,1,,witness_ordering,324989
C,C_00965_base,scissors_pass,soft_penalty_fc,1,0,1,0,1,0,0.03305,8,3,-1,medium,high,0.55,medium,2,,,,1,,witness_ordering,324989
C,C_00966,scissors_pass,topk_posthoc,0,0,0,0,1,0,0.0,8,3,-1,medium,high,0.55,medium,2,,,,1,,witness_ordering,324990
C,C_00966_base,scissors_pass,geometric_fc,1,0,1,0,1,0,0.044261,8,3,-1,medium,high,0.55,medium,2,,,,1,,witness_ordering,324990
C,C_00966_base,scissors_pass,oracle_sfc,0,0,0,0,1,0,0.0,8,3,-1,medium,high,0.55,medium,2,,,,1,,witness_ordering,324990
C,C_00966_base,scissors_pass,semantic_only,1,0,1,0,1,0,0.0,8,3,-1,medium,high,0.55,medium,2,,,,1,,witness_ordering,324990
C,C_00966_base,scissors_pass,posthoc_single,0,0,0,0,1,0,0.044261,8,3,-1,medium,high,0.55,medium,2,,,,1,,witness_ordering,324990
C,C_00966_base,scissors_pass,soft_penalty_fc,1,0,1,0,1,0,0.044261,8,3,-1,medium,high,0.55,medium,2,,,,1,,witness_ordering,324990
C,C_00967,scissors_pass,topk_posthoc,0,0,0,0,1,0,0.0,8,3,-1,medium,high,0.55,medium,2,,,,1,,witness_ordering,324991
C,C_00967_base,scissors_pass,geometric_fc,1,0,1,0,1,0,0.04890665,8,3,-1,medium,high,0.55,medium,2,,,,1,,witness_ordering,324991
C,C_00967_base,scissors_pass,oracle_sfc,0,0,0,0,1,0,0.0,8,3,-1,medium,high,0.55,medium,2,,,,1,,witness_ordering,324991
C,C_00967_base,scissors_pass,semantic_only,1,0,1,0,1,0,0.0,8,3,-1,medium,high,0.55,medium,2,,,,1,,witness_ordering,324991
C,C_00967_base,scissors_pass,posthoc_single,0,0,0,0,1,0,0.04890665,8,3,-1,medium,high,0.55,medium,2,,,,1,,witness_ordering,324991
C,C_00967_base,scissors_pass,soft_penalty_fc,1,0,1,0,1,0,0.04890665,8,3,-1,medium,high,0.55,medium,2,,,,1,,witness_ordering,324991
C,C_00968,scissors_pass,topk_posthoc,0,0,0,0,1,0,0.0,8,3,-1,medium,high,0.55,medium,2,,,,1,,witness_ordering,324992
C,C_00968_base,scissors_pass,geometric_fc,1,0,1,0,1,0,0.04556855,8,3,-1,medium,high,0.55,medium,2,,,,1,,witness_ordering,324992
C,C_00968_base,scissors_pass,oracle_sfc,0,0,0,0,1,0,0.0,8,3,-1,medium,high,0.55,medium,2,,,,1,,witness_ordering,324992
C,C_00968_base,scissors_pass,semantic_only,1,0,1,0,1,0,0.0,8,3,-1,medium,high,0.55,medium,2,,,,1,,witness_ordering,324992
C,C_00968_base,scissors_pass,posthoc_single,0,0,0,0,1,0,0.04556855,8,3,-1,medium,high,0.55,medium,2,,,,1,,witness_ordering,324992
C,C_00968_base,scissors_pass,soft_penalty_fc,1,0,1,0,1,0,0.04556855,8,3,-1,medium,high,0.55,medium,2,,,,1,,witness_ordering,324992
C,C_00969,scissors_pass,topk_posthoc,0,0,0,0,1,0,0.0,8,3,-1,medium,high,0.55,medium,2,,,,1,,witness_ordering,324993
C,C_00969_base,scissors_pass,geometric_fc,1,0,1,0,1,0,0.03945133,8,3,-1,medium,high,0.55,medium,2,,,,1,,witness_ordering,324993
C,C_00969_base,scissors_pass,oracle_sfc,0,0,0,0,1,0,0.0,8,3,-1,medium,high,0.55,medium,2,,,,1,,witness_ordering,324993
C,C_00969_base,scissors_pass,semantic_only,1,0,1,0,1,0,0.0,8,3,-1,medium,high,0.55,medium,2,,,,1,,witness_ordering,324993
C,C_00969_base,scissors_pass,posthoc_single,0,0,0,0,1,0,0.03945133,8,3,-1,medium,high,0.55,medium,2,,,,1,,witness_ordering,324993
C,C_00969_base,scissors_pass,soft_penalty_fc,1,0,1,0,1,0,0.03945133,8,3,-1,medium,high,0.55,medium,2,,,,1,,witness_ordering,324993
C,C_00970,scissors_pass,topk_posthoc,0,0,0,0,1,0,0.0,8,3,-1,medium,high,0.55,medium,2,,,,1,,witness_ordering,324994
C,C_00970_base,scissors_pass,geometric_fc,1,0,1,0,1,0,0.04057954,8,3,-1,medium,high,0.55,medium,2,,,,1,,witness_ordering,324994
C,C_00970_base,scissors_pass,oracle_sfc,0,0,0,0,1,0,0.0,8,3,-1,medium,high,0.55,medium,2,,,,1,,witness_ordering,324994
C,C_00970_base,scissors_pass,semantic_only,1,0,1,0,1,0,0.0,8,3,-1,medium,high,0.55,medium,2,,,,1,,witness_ordering,324994
C,C_00970_base,scissors_pass,posthoc_single,0,0,0,0,1,0,0.04057954,8,3,-1,medium,high,0.55,medium,2,,,,1,,witness_ordering,324994
C,C_00970_base,scissors_pass,soft_penalty_fc,1,0,1,0,1,0,0.04057954,8,3,-1,medium,high,0.55,medium,2,,,,1,,witness_ordering,324994
C,C_00971,scissors_pass,topk_posthoc,0,0,0,0,1,0,0.0,8,3,-1,medium,high,0.55,medium,2,,,,1,,witness_ordering,324995
C,C_00971_base,scissors_pass,geometric_fc,1,0,1,0,1,0,0.04025816,8,3,-1,medium,high,0.55,medium,2,,,,1,,witness_ordering,324995
C,C_00971_base,scissors_pass,oracle_sfc,0,0,0,0,1,0,0.0,8,3,-1,medium,high,0.55,medium,2,,,,1,,witness_ordering,324995
C,C_00971_base,scissors_pass,semantic_only,1,0,1,0,1,0,0.0,8,3,-1,medium,high,0.55,medium,2,,,,1,,witness_ordering,324995
C,C_00971_base,scissors_pass,posthoc_single,0,0,0,0,1,0,0.04025816,8,3,-1,medium,high,0.55,medium,2,,,,1,,witness_ordering,324995
C,C_00971_base,scissors_pass,soft_penalty_fc,1,0,1,0,1,0,0.04025816,8,3,-1,medium,high,0.55,medium,2,,,,1,,witness_ordering,324995
C,C_00972,scissors_pass,topk_posthoc,0,0,0,0,1,0,0.0,8,3,-1,medium,high,0.55,medium,2,,,,1,,witness_ordering,324996
C,C_00972_base,scissors_pass,geometric_fc,1,0,1,0,1,0,0.04639335,8,3,-1,medium,high,0.55,medium,2,,,,1,,witness_ordering,324996
C,C_00972_base,scissors_pass,oracle_sfc,0,0,0,0,1,0,0.0,8,3,-1,medium,high,0.55,medium,2,,,,1,,witness_ordering,324996
C,C_00972_base,scissors_pass,semantic_only,1,0,1,0,1,0,0.0,8,3,-1,medium,high,0.55,medium,2,,,,1,,witness_ordering,324996
C,C_00972_base,scissors_pass,posthoc_single,0,0,0,0,1,0,0.04639335,8,3,-1,medium,high,0.55,medium,2,,,,1,,witness_ordering,324996
C,C_00972_base,scissors_pass,soft_penalty_fc,1,0,1,0,1,0,0.04639335,8,3,-1,medium,high,0.55,medium,2,,,,1,,witness_ordering,324996
C,C_00973,scissors_pass,topk_posthoc,0,0,0,0,1,0,0.0,8,3,-1,medium,high,0.55,medium,2,,,,2,,witness_ordering,324997
C,C_00974,scissors_pass,topk_posthoc,0,0,0,0,1,0,0.0,8,3,-1,medium,high,0.55,medium,2,,,,2,,witness_ordering,324998
C,C_00975,scissors_pass,topk_posthoc,0,0,0,0,1,0,0.0,8,3,-1,medium,high,0.55,medium,2,,,,2,,witness_ordering,324999
C,C_00976,scissors_pass,topk_posthoc,0,0,0,0,1,0,0.0,8,3,-1,medium,high,0.55,medium,2,,,,2,,witness_ordering,325000
C,C_00977,scissors_pass,topk_posthoc,0,0,0,0,1,0,0.0,8,3,-1,medium,high,0.55,medium,2,,,,2,,witness_ordering,325001
C,C_00978,scissors_pass,topk_posthoc,0,0,0,0,1,0,0.0,8,3,-1,medium,high,0.55,medium,2,,,,2,,witness_ordering,325002
C,C_00979,scissors_pass,topk_posthoc,0,0,0,0,1,0,0.0,8,3,-1,medium,high,0.55,medium,2,,,,2,,witness_ordering,325003
C,C_00980,scissors_pass,topk_posthoc,0,0,0,0,1,0,0.0,8,3,-1,medium,high,0.55,medium,2,,,,2,,witness_ordering,325004
C,C_00981,scissors_pass,topk_posthoc,0,0,0,0,1,0,0.0,8,3,-1,medium,high,0.55,medium,2,,,,2,,witness_ordering,325005
C,C_00982,scissors_pass,topk_posthoc,0,0,0,0,1,0,0.0,8,3,-1,medium,high,0.55,medium,2,,,,2,,witness_ordering,325006
C,C_00983,scissors_pass,topk_posthoc,0,0,0,0,1,0,0.0,8,3,-1,medium,high,0.55,medium,2,,,,2,,witness_ordering,325007
C,C_00984,scissors_pass,topk_posthoc,0,0,0,0,1,0,0.0,8,3,-1,medium,high,0.55,medium,2,,,,2,,witness_ordering,325008
C,C_00985,scissors_pass,topk_posthoc,0,0,0,0,1,0,0.0,8,3,-1,medium,high,0.55,medium,2,,,,4,,witness_ordering,325009
C,C_00986,scissors_pass,topk_posthoc,0,0,0,0,1,0,0.0,8,3,-1,medium,high,0.55,medium,2,,,,4,,witness_ordering,325010
C,C_00987,scissors_pass,topk_posthoc,0,0,0,0,1,0,0.0,8,3,-1,medium,high,0.55,medium,2,,,,4,,witness_ordering,325011
C,C_00988,scissors_pass,topk_posthoc,0,0,0,0,1,0,0.0,8,3,-1,medium,high,0.55,medium,2,,,,4,,witness_ordering,325012
C,C_00989,scissors_pass,topk_posthoc,0,0,0,0,1,0,0.0,8,3,-1,medium,high,0.55,medium,2,,,,4,,witness_ordering,325013
C,C_00990,scissors_pass,topk_posthoc,0,0,0,0,1,0,0.0,8,3,-1,medium,high,0.55,medium,2,,,,4,,witness_ordering,325014
C,C_00991,scissors_pass,topk_posthoc,0,0,0,0,1,0,0.0,8,3,-1,medium,high,0.55,medium,2,,,,4,,witness_ordering,325015
C,C_00992,scissors_pass,topk_posthoc,0,0,0,0,1,0,0.0,8,3,-1,medium,high,0.55,medium,2,,,,4,,witness_ordering,325016
C,C_00993,scissors_pass,topk_posthoc,0,0,0,0,1,0,0.0,8,3,-1,medium,high,0.55,medium,2,,,,4,,witness_ordering,325017
C,C_00994,scissors_pass,topk_posthoc,0,0,0,0,1,0,0.0,8,3,-1,medium,high,0.55,medium,2,,,,4,,witness_ordering,325018
C,C_00995,scissors_pass,topk_posthoc,0,0,0,0,1,0,0.0,8,3,-1,medium,high,0.55,medium,2,,,,4,,witness_ordering,325019
C,C_00996,scissors_pass,topk_posthoc,0,0,0,0,1,0,0.0,8,3,-1,medium,high,0.55,medium,2,,,,4,,witness_ordering,325020
C,C_00997,scissors_pass,topk_posthoc,0,0,0,0,1,0,0.0,8,3,-1,medium,high,0.55,medium,2,,,,8,,witness_ordering,325021
C,C_00998,scissors_pass,topk_posthoc,0,0,0,0,1,0,0.0,8,3,-1,medium,high,0.55,medium,2,,,,8,,witness_ordering,325022
C,C_00999,scissors_pass,topk_posthoc,0,0,0,0,1,0,0.0,8,3,-1,medium,high,0.55,medium,2,,,,8,,witness_ordering,325023
C,C_01000,scissors_pass,topk_posthoc,0,0,0,0,1,0,0.0,8,3,-1,medium,high,0.55,medium,2,,,,8,,witness_ordering,325024
C,C_01001,scissors_pass,topk_posthoc,0,0,0,0,1,0,0.0,8,3,-1,medium,high,0.55,medium,2,,,,8,,witness_ordering,325025
C,C_01002,scissors_pass,topk_posthoc,0,0,0,0,1,0,0.0,8,3,-1,medium,high,0.55,medium,2,,,,8,,witness_ordering,325026
C,C_01003,scissors_pass,topk_posthoc,0,0,0,0,1,0,0.0,8,3,-1,medium,high,0.55,medium,2,,,,8,,witness_ordering,325027
C,C_01004,scissors_pass,topk_posthoc,0,0,0,0,1,0,0.0,8,3,-1,medium,high,0.55,medium,2,,,,8,,witness_ordering,325028
C,C_01005,scissors_pass,topk_posthoc,0,0,0,0,1,0,0.0,8,3,-1,medium,high,0.55,medium,2,,,,8,,witness_ordering,325029
C,C_01006,scissors_pass,topk_posthoc,0,0,0,0,1,0,0.0,8,3,-1,medium,high,0.55,medium,2,,,,8,,witness_ordering,325030
C,C_01007,scissors_pass,topk_posthoc,0,0,0,0,1,0,0.0,8,3,-1,medium,high,0.55,medium,2,,,,8,,witness_ordering,325031
C,C_01008,scissors_pass,topk_posthoc,0,0,0,0,1,0,0.0,8,3,-1,medium,high,0.55,medium,2,,,,8,,witness_ordering,325032
C,C_01009,scissors_pass,topk_posthoc,0,0,0,0,1,0,0.0,8,3,-1,medium,high,0.55,medium,2,,,,16,,witness_ordering,325033
C,C_01009_base,scissors_pass,geometric_fc,1,0,1,0,1,0,0.0507471,8,3,-1,medium,high,0.55,medium,2,,,,16,,witness_ordering,325033
C,C_01009_base,scissors_pass,oracle_sfc,0,0,0,0,1,0,0.0,8,3,-1,medium,high,0.55,medium,2,,,,16,,witness_ordering,325033
C,C_01009_base,scissors_pass,semantic_only,1,0,1,0,1,0,0.0,8,3,-1,medium,high,0.55,medium,2,,,,16,,witness_ordering,325033
C,C_01009_base,scissors_pass,posthoc_single,0,0,0,0,1,0,0.0507471,8,3,-1,medium,high,0.55,medium,2,,,,16,,witness_ordering,325033
C,C_01009_base,scissors_pass,soft_penalty_fc,1,0,1,0,1,0,0.0507471,8,3,-1,medium,high,0.55,medium,2,,,,16,,witness_ordering,325033
C,C_01010,scissors_pass,topk_posthoc,0,0,0,0,1,0,0.0,8,3,-1,medium,high,0.55,medium,2,,,,16,,witness_ordering,325034
C,C_01010_base,scissors_pass,geometric_fc,1,0,1,0,1,0,0.04890241,8,3,-1,medium,high,0.55,medium,2,,,,16,,witness_ordering,325034
C,C_01010_base,scissors_pass,oracle_sfc,0,0,0,0,1,0,0.0,8,3,-1,medium,high,0.55,medium,2,,,,16,,witness_ordering,325034
C,C_01010_base,scissors_pass,semantic_only,1,0,1,0,1,0,0.0,8,3,-1,medium,high,0.55,medium,2,,,,16,,witness_ordering,325034
C,C_01010_base,scissors_pass,posthoc_single,0,0,0,0,1,0,0.04890241,8,3,-1,medium,high,0.55,medium,2,,,,16,,witness_ordering,325034
C,C_01010_base,scissors_pass,soft_penalty_fc,1,0,1,0,1,0,0.04890241,8,3,-1,medium,high,0.55,medium,2,,,,16,,witness_ordering,325034
C,C_01011,scissors_pass,topk_posthoc,0,0,0,0,1,0,0.0,8,3,-1,medium,high,0.55,medium,2,,,,16,,witness_ordering,325035
C,C_01011_base,scissors_pass,geometric_fc,1,0,1,0,1,0,0.04564203,8,3,-1,medium,high,0.55,medium,2,,,,16,,witness_ordering,325035
C,C_01011_base,scissors_pass,oracle_sfc,0,0,0,0,1,0,0.0,8,3,-1,medium,high,0.55,medium,2,,,,16,,witness_ordering,325035
C,C_01011_base,scissors_pass,semantic_only,1,0,1,0,1,0,0.0,8,3,-1,medium,high,0.55,medium,2,,,,16,,witness_ordering,325035
C,C_01011_base,scissors_pass,posthoc_single,0,0,0,0,1,0,0.04564203,8,3,-1,medium,high,0.55,medium,2,,,,16,,witness_ordering,325035
C,C_01011_base,scissors_pass,soft_penalty_fc,1,0,1,0,1,0,0.04564203,8,3,-1,medium,high,0.55,medium,2,,,,16,,witness_ordering,325035
C,C_01012,scissors_pass,topk_posthoc,0,0,0,0,1,0,0.0,8,3,-1,medium,high,0.55,medium,2,,,,16,,witness_ordering,325036
C,C_01012_base,scissors_pass,geometric_fc,1,0,1,0,1,0,0.04770072,8,3,-1,medium,high,0.55,medium,2,,,,16,,witness_ordering,325036
C,C_01012_base,scissors_pass,oracle_sfc,0,0,0,0,1,0,0.0,8,3,-1,medium,high,0.55,medium,2,,,,16,,witness_ordering,325036
C,C_01012_base,scissors_pass,semantic_only,1,0,1,0,1,0,0.0,8,3,-1,medium,high,0.55,medium,2,,,,16,,witness_ordering,325036
C,C_01012_base,scissors_pass,posthoc_single,0,0,0,0,1,0,0.04770072,8,3,-1,medium,high,0.55,medium,2,,,,16,,witness_ordering,325036
C,C_01012_base,scissors_pass,soft_penalty_fc,1,0,1,0,1,0,0.04770072,8,3,-1,medium,high,0.55,medium,2,,,,16,,witness_ordering,325036
C,C_01013,scissors_pass,topk_posthoc,0,0,0,0,1,0,0.0,8,3,-1,medium,high,0.55,medium,2,,,,16,,witness_ordering,325037
C,C_01013_base,scissors_pass,geometric_fc,1,0,1,0,1,0,0.04259956,8,3,-1,medium,high,0.55,medium,2,,,,16,,witness_ordering,325037
C,C_01013_base,scissors_pass,oracle_sfc,0,0,0,0,1,0,0.0,8,3,-1,medium,high,0.55,medium,2,,,,16,,witness_ordering,325037
C,C_01013_base,scissors_pass,semantic_only,1,0,1,0,1,0,0.0,8,3,-1,medium,high,0.55,medium,2,,,,16,,witness_ordering,325037
C,C_01013_base,scissors_pass,posthoc_single,0,0,0,0,1,0,0.04259956,8,3,-1,medium,high,0.55,medium,2,,,,16,,witness_ordering,325037
C,C_01013_base,scissors_pass,soft_penalty_fc,1,0,1,0,1,0,0.04259956,8,3,-1,medium,high,0.55,medium,2,,,,16,,witness_ordering,325037
C,C_01014,scissors_pass,topk_posthoc,0,0,0,0,1,0,0.0,8,3,-1,medium,high,0.55,medium,2,,,,16,,witness_ordering,325038
C,C_01014_base,scissors_pass,geometric_fc,1,0,1,0,1,0,0.04298181,8,3,-1,medium,high,0.55,medium,2,,,,16,,witness_ordering,325038
C,C_01014_base,scissors_pass,oracle_sfc,0,0,0,0,1,0,0.0,8,3,-1,medium,high,0.55,medium,2,,,,16,,witness_ordering,325038
C,C_01014_base,scissors_pass,semantic_only,1,0,1,0,1,0,0.0,8,3,-1,medium,high,0.55,medium,2,,,,16,,witness_ordering,325038
C,C_01014_base,scissors_pass,posthoc_single,0,0,0,0,1,0,0.04298181,8,3,-1,medium,high,0.55,medium,2,,,,16,,witness_ordering,325038
C,C_01014_base,scissors_pass,soft_penalty_fc,1,0,1,0,1,0,0.04298181,8,3,-1,medium,high,0.55,medium,2,,,,16,,witness_ordering,325038
C,C_01015,scissors_pass,topk_posthoc,0,0,0,0,1,0,0.0,8,3,-1,medium,high,0.55,medium,2,,,,16,,witness_ordering,325039
C,C_01015_base,scissors_pass,geometric_fc,1,0,1,0,1,0,0.03881482,8,3,-1,medium,high,0.55,medium,2,,,,16,,witness_ordering,325039
C,C_01015_base,scissors_pass,oracle_sfc,0,0,0,0,1,0,0.0,8,3,-1,medium,high,0.55,medium,2,,,,16,,witness_ordering,325039
C,C_01015_base,scissors_pass,semantic_only,1,0,1,0,1,0,0.0,8,3,-1,medium,high,0.55,medium,2,,,,16,,witness_ordering,325039
C,C_01015_base,scissors_pass,posthoc_single,0,0,0,0,1,0,0.03881482,8,3,-1,medium,high,0.55,medium,2,,,,16,,witness_ordering,325039
C,C_01015_base,scissors_pass,soft_penalty_fc,1,0,1,0,1,0,0.03881482,8,3,-1,medium,high,0.55,medium,2,,,,16,,witness_ordering,325039
C,C_01016,scissors_pass,topk_posthoc,0,0,0,0,1,0,0.0,8,3,-1,medium,high,0.55,medium,2,,,,16,,witness_ordering,325040
C,C_01016_base,scissors_pass,geometric_fc,1,0,1,0,1,0,0.04731606,8,3,-1,medium,high,0.55,medium,2,,,,16,,witness_ordering,325040
C,C_01016_base,scissors_pass,oracle_sfc,0,0,0,0,1,0,0.0,8,3,-1,medium,high,0.55,medium,2,,,,16,,witness_ordering,325040
C,C_01016_base,scissors_pass,semantic_only,1,0,1,0,1,0,0.0,8,3,-1,medium,high,0.55,medium,2,,,,16,,witness_ordering,325040
C,C_01016_base,scissors_pass,posthoc_single,0,0,0,0,1,0,0.04731606,8,3,-1,medium,high,0.55,medium,2,,,,16,,witness_ordering,325040
C,C_01016_base,scissors_pass,soft_penalty_fc,1,0,1,0,1,0,0.04731606,8,3,-1,medium,high,0.55,medium,2,,,,16,,witness_ordering,325040
C,C_01017,scissors_pass,topk_posthoc,0,0,0,0,1,0,0.0,8,3,-1,medium,high,0.55,medium,2,,,,16,,witness_ordering,325041
C,C_01017_base,scissors_pass,geometric_fc,1,0,1,0,1,0,0.0436613,8,3,-1,medium,high,0.55,medium,2,,,,16,,witness_ordering,325041
C,C_01017_base,scissors_pass,oracle_sfc,0,0,0,0,1,0,0.0,8,3,-1,medium,high,0.55,medium,2,,,,16,,witness_ordering,325041
C,C_01017_base,scissors_pass,semantic_only,1,0,1,0,1,0,0.0,8,3,-1,medium,high,0.55,medium,2,,,,16,,witness_ordering,325041
C,C_01017_base,scissors_pass,posthoc_single,0,0,0,0,1,0,0.0436613,8,3,-1,medium,high,0.55,medium,2,,,,16,,witness_ordering,325041
C,C_01017_base,scissors_pass,soft_penalty_fc,1,0,1,0,1,0,0.0436613,8,3,-1,medium,high,0.55,medium,2,,,,16,,witness_ordering,325041
C,C_01018,scissors_pass,topk_posthoc,0,0,0,0,1,0,0.0,8,3,-1,medium,high,0.55,medium,2,,,,16,,witness_ordering,325042
C,C_01018_base,scissors_pass,geometric_fc,1,0,1,0,1,0,0.04311898,8,3,-1,medium,high,0.55,medium,2,,,,16,,witness_ordering,325042
C,C_01018_base,scissors_pass,oracle_sfc,0,0,0,0,1,0,0.0,8,3,-1,medium,high,0.55,medium,2,,,,16,,witness_ordering,325042
C,C_01018_base,scissors_pass,semantic_only,1,0,1,0,1,0,0.0,8,3,-1,medium,high,0.55,medium,2,,,,16,,witness_ordering,325042
C,C_01018_base,scissors_pass,posthoc_single,0,0,0,0,1,0,0.04311898,8,3,-1,medium,high,0.55,medium,2,,,,16,,witness_ordering,325042
C,C_01018_base,scissors_pass,soft_penalty_fc,1,0,1,0,1,0,0.04311898,8,3,-1,medium,high,0.55,medium,2,,,,16,,witness_ordering,325042
C,C_01019,scissors_pass,topk_posthoc,0,0,0,0,1,0,0.0,8,3,-1,medium,high,0.55,medium,2,,,,16,,witness_ordering,325043
C,C_01019_base,scissors_pass,geometric_fc,1,0,1,0,1,0,0.04883617,8,3,-1,medium,high,0.55,medium,2,,,,16,,witness_ordering,325043
C,C_01019_base,scissors_pass,oracle_sfc,0,0,0,0,1,0,0.0,8,3,-1,medium,high,0.55,medium,2,,,,16,,witness_ordering,325043
C,C_01019_base,scissors_pass,semantic_only,1,0,1,0,1,0,0.0,8,3,-1,medium,high,0.55,medium,2,,,,16,,witness_ordering,325043
C,C_01019_base,scissors_pass,posthoc_single,0,0,0,0,1,0,0.04883617,8,3,-1,medium,high,0.55,medium,2,,,,16,,witness_ordering,325043
C,C_01019_base,scissors_pass,soft_penalty_fc,1,0,1,0,1,0,0.04883617,8,3,-1,medium,high,0.55,medium,2,,,,16,,witness_ordering,325043
C,C_01020,scissors_pass,topk_posthoc,0,0,0,0,1,0,0.0,8,3,-1,medium,high,0.55,medium,2,,,,16,,witness_ordering,325044
C,C_01020_base,scissors_pass,geometric_fc,1,0,1,0,1,0,0.04605621,8,3,-1,medium,high,0.55,medium,2,,,,16,,witness_ordering,325044
C,C_01020_base,scissors_pass,oracle_sfc,0,0,0,0,1,0,0.0,8,3,-1,medium,high,0.55,medium,2,,,,16,,witness_ordering,325044
C,C_01020_base,scissors_pass,semantic_only,1,0,1,0,1,0,0.0,8,3,-1,medium,high,0.55,medium,2,,,,16,,witness_ordering,325044
C,C_01020_base,scissors_pass,posthoc_single,0,0,0,0,1,0,0.04605621,8,3,-1,medium,high,0.55,medium,2,,,,16,,witness_ordering,325044
C,C_01020_base,scissors_pass,soft_penalty_fc,1,0,1,0,1,0,0.04605621,8,3,-1,medium,high,0.55,medium,2,,,,16,,witness_ordering,325044
C,C_01021,scissors_pass,topk_posthoc,0,0,0,0,1,0,0.0,8,3,-1,medium,high,0.85,medium,2,,,,1,,witness_ordering,325045
C,C_01021_base,scissors_pass,geometric_fc,1,0,1,0,1,0,0.04538116,8,3,-1,medium,high,0.85,medium,2,,,,1,,witness_ordering,325045
C,C_01021_base,scissors_pass,oracle_sfc,0,0,0,0,1,0,0.0,8,3,-1,medium,high,0.85,medium,2,,,,1,,witness_ordering,325045
C,C_01021_base,scissors_pass,semantic_only,1,0,1,0,1,0,0.0,8,3,-1,medium,high,0.85,medium,2,,,,1,,witness_ordering,325045
C,C_01021_base,scissors_pass,posthoc_single,0,0,0,0,1,0,0.04538116,8,3,-1,medium,high,0.85,medium,2,,,,1,,witness_ordering,325045
C,C_01021_base,scissors_pass,soft_penalty_fc,1,0,1,0,1,0,0.04538116,8,3,-1,medium,high,0.85,medium,2,,,,1,,witness_ordering,325045
C,C_01022,scissors_pass,topk_posthoc,0,0,0,0,1,0,0.0,8,3,-1,medium,high,0.85,medium,2,,,,1,,witness_ordering,325046
C,C_01022_base,scissors_pass,geometric_fc,1,0,1,0,1,0,0.0452858,8,3,-1,medium,high,0.85,medium,2,,,,1,,witness_ordering,325046
C,C_01022_base,scissors_pass,oracle_sfc,0,0,0,0,1,0,0.0,8,3,-1,medium,high,0.85,medium,2,,,,1,,witness_ordering,325046
C,C_01022_base,scissors_pass,semantic_only,1,0,1,0,1,0,0.0,8,3,-1,medium,high,0.85,medium,2,,,,1,,witness_ordering,325046
C,C_01022_base,scissors_pass,posthoc_single,0,0,0,0,1,0,0.0452858,8,3,-1,medium,high,0.85,medium,2,,,,1,,witness_ordering,325046
C,C_01022_base,scissors_pass,soft_penalty_fc,1,0,1,0,1,0,0.0452858,8,3,-1,medium,high,0.85,medium,2,,,,1,,witness_ordering,325046
C,C_01023,scissors_pass,topk_posthoc,0,0,0,0,1,0,0.0,8,3,-1,medium,high,0.85,medium,2,,,,1,,witness_ordering,325047
C,C_01023_base,scissors_pass,geometric_fc,1,0,1,0,1,0,0.04807173,8,3,-1,medium,high,0.85,medium,2,,,,1,,witness_ordering,325047
C,C_01023_base,scissors_pass,oracle_sfc,0,0,0,0,1,0,0.0,8,3,-1,medium,high,0.85,medium,2,,,,1,,witness_ordering,325047
C,C_01023_base,scissors_pass,semantic_only,1,0,1,0,1,0,0.0,8,3,-1,medium,high,0.85,medium,2,,,,1,,witness_ordering,325047
C,C_01023_base,scissors_pass,posthoc_single,0,0,0,0,1,0,0.04807173,8,3,-1,medium,high,0.85,medium,2,,,,1,,witness_ordering,325047
C,C_01023_base,scissors_pass,soft_penalty_fc,1,0,1,0,1,0,0.04807173,8,3,-1,medium,high,0.85,medium,2,,,,1,,witness_ordering,325047
C,C_01024,scissors_pass,topk_posthoc,0,0,0,0,1,0,0.0,8,3,-1,medium,high,0.85,medium,2,,,,1,,witness_ordering,325048
C,C_01024_base,scissors_pass,geometric_fc,1,0,1,0,1,0,0.04322446,8,3,-1,medium,high,0.85,medium,2,,,,1,,witness_ordering,325048
C,C_01024_base,scissors_pass,oracle_sfc,0,0,0,0,1,0,0.0,8,3,-1,medium,high,0.85,medium,2,,,,1,,witness_ordering,325048
C,C_01024_base,scissors_pass,semantic_only,1,0,1,0,1,0,0.0,8,3,-1,medium,high,0.85,medium,2,,,,1,,witness_ordering,325048
C,C_01024_base,scissors_pass,posthoc_single,0,0,0,0,1,0,0.04322446,8,3,-1,medium,high,0.85,medium,2,,,,1,,witness_ordering,325048
C,C_01024_base,scissors_pass,soft_penalty_fc,1,0,1,0,1,0,0.04322446,8,3,-1,medium,high,0.85,medium,2,,,,1,,witness_ordering,325048
C,C_01025,scissors_pass,topk_posthoc,0,0,0,0,1,0,0.0,8,3,-1,medium,high,0.85,medium,2,,,,1,,witness_ordering,325049
C,C_01025_base,scissors_pass,geometric_fc,1,0,1,0,1,0,0.04792824,8,3,-1,medium,high,0.85,medium,2,,,,1,,witness_ordering,325049
C,C_01025_base,scissors_pass,oracle_sfc,0,0,0,0,1,0,0.0,8,3,-1,medium,high,0.85,medium,2,,,,1,,witness_ordering,325049
C,C_01025_base,scissors_pass,semantic_only,1,0,1,0,1,0,0.0,8,3,-1,medium,high,0.85,medium,2,,,,1,,witness_ordering,325049
C,C_01025_base,scissors_pass,posthoc_single,0,0,0,0,1,0,0.04792824,8,3,-1,medium,high,0.85,medium,2,,,,1,,witness_ordering,325049
C,C_01025_base,scissors_pass,soft_penalty_fc,1,0,1,0,1,0,0.04792824,8,3,-1,medium,high,0.85,medium,2,,,,1,,witness_ordering,325049
C,C_01026,scissors_pass,topk_posthoc,0,0,0,0,1,0,0.0,8,3,-1,medium,high,0.85,medium,2,,,,1,,witness_ordering,325050
C,C_01026_base,scissors_pass,geometric_fc,1,0,1,0,1,0,0.04378484,8,3,-1,medium,high,0.85,medium,2,,,,1,,witness_ordering,325050
C,C_01026_base,scissors_pass,oracle_sfc,0,0,0,0,1,0,0.0,8,3,-1,medium,high,0.85,medium,2,,,,1,,witness_ordering,325050
C,C_01026_base,scissors_pass,semantic_only,1,0,1,0,1,0,0.0,8,3,-1,medium,high,0.85,medium,2,,,,1,,witness_ordering,325050
C,C_01026_base,scissors_pass,posthoc_single,0,0,0,0,1,0,0.04378484,8,3,-1,medium,high,0.85,medium,2,,,,1,,witness_ordering,325050
C,C_01026_base,scissors_pass,soft_penalty_fc,1,0,1,0,1,0,0.04378484,8,3,-1,medium,high,0.85,medium,2,,,,1,,witness_ordering,325050
C,C_01027,scissors_pass,topk_posthoc,0,0,0,0,1,0,0.0,8,3,-1,medium,high,0.85,medium,2,,,,1,,witness_ordering,325051
C,C_01027_base,scissors_pass,geometric_fc,1,0,1,0,1,0,0.04453541,8,3,-1,medium,high,0.85,medium,2,,,,1,,witness_ordering,325051
C,C_01027_base,scissors_pass,oracle_sfc,0,0,0,0,1,0,0.0,8,3,-1,medium,high,0.85,medium,2,,,,1,,witness_ordering,325051
C,C_01027_base,scissors_pass,semantic_only,1,0,1,0,1,0,0.0,8,3,-1,medium,high,0.85,medium,2,,,,1,,witness_ordering,325051
C,C_01027_base,scissors_pass,posthoc_single,0,0,0,0,1,0,0.04453541,8,3,-1,medium,high,0.85,medium,2,,,,1,,witness_ordering,325051
C,C_01027_base,scissors_pass,soft_penalty_fc,1,0,1,0,1,0,0.04453541,8,3,-1,medium,high,0.85,medium,2,,,,1,,witness_ordering,325051
C,C_01028,scissors_pass,topk_posthoc,0,0,0,0,1,0,0.0,8,3,-1,medium,high,0.85,medium,2,,,,1,,witness_ordering,325052
C,C_01028_base,scissors_pass,geometric_fc,1,0,1,0,1,0,0.04851424,8,3,-1,medium,high,0.85,medium,2,,,,1,,witness_ordering,325052
C,C_01028_base,scissors_pass,oracle_sfc,0,0,0,0,1,0,0.0,8,3,-1,medium,high,0.85,medium,2,,,,1,,witness_ordering,325052
C,C_01028_base,scissors_pass,semantic_only,1,0,1,0,1,0,0.0,8,3,-1,medium,high,0.85,medium,2,,,,1,,witness_ordering,325052
C,C_01028_base,scissors_pass,posthoc_single,0,0,0,0,1,0,0.04851424,8,3,-1,medium,high,0.85,medium,2,,,,1,,witness_ordering,325052
C,C_01028_base,scissors_pass,soft_penalty_fc,1,0,1,0,1,0,0.04851424,8,3,-1,medium,high,0.85,medium,2,,,,1,,witness_ordering,325052
C,C_01029,scissors_pass,topk_posthoc,0,0,0,0,1,0,0.0,8,3,-1,medium,high,0.85,medium,2,,,,1,,witness_ordering,325053
C,C_01029_base,scissors_pass,geometric_fc,1,0,1,0,1,0,0.03997945,8,3,-1,medium,high,0.85,medium,2,,,,1,,witness_ordering,325053
C,C_01029_base,scissors_pass,oracle_sfc,0,0,0,0,1,0,0.0,8,3,-1,medium,high,0.85,medium,2,,,,1,,witness_ordering,325053
C,C_01029_base,scissors_pass,semantic_only,1,0,1,0,1,0,0.0,8,3,-1,medium,high,0.85,medium,2,,,,1,,witness_ordering,325053
C,C_01029_base,scissors_pass,posthoc_single,0,0,0,0,1,0,0.03997945,8,3,-1,medium,high,0.85,medium,2,,,,1,,witness_ordering,325053
C,C_01029_base,scissors_pass,soft_penalty_fc,1,0,1,0,1,0,0.03997945,8,3,-1,medium,high,0.85,medium,2,,,,1,,witness_ordering,325053
C,C_01030,scissors_pass,topk_posthoc,0,0,0,0,1,0,0.0,8,3,-1,medium,high,0.85,medium,2,,,,1,,witness_ordering,325054
C,C_01030_base,scissors_pass,geometric_fc,1,0,1,0,1,0,0.04069477,8,3,-1,medium,high,0.85,medium,2,,,,1,,witness_ordering,325054
C,C_01030_base,scissors_pass,oracle_sfc,0,0,0,0,1,0,0.0,8,3,-1,medium,high,0.85,medium,2,,,,1,,witness_ordering,325054
C,C_01030_base,scissors_pass,semantic_only,1,0,1,0,1,0,0.0,8,3,-1,medium,high,0.85,medium,2,,,,1,,witness_ordering,325054
C,C_01030_base,scissors_pass,posthoc_single,0,0,0,0,1,0,0.04069477,8,3,-1,medium,high,0.85,medium,2,,,,1,,witness_ordering,325054
C,C_01030_base,scissors_pass,soft_penalty_fc,1,0,1,0,1,0,0.04069477,8,3,-1,medium,high,0.85,medium,2,,,,1,,witness_ordering,325054
C,C_01031,scissors_pass,topk_posthoc,0,0,0,0,1,0,0.0,8,3,-1,medium,high,0.85,medium,2,,,,1,,witness_ordering,325055
C,C_01031_base,scissors_pass,geometric_fc,1,0,1,0,1,0,0.04378134,8,3,-1,medium,high,0.85,medium,2,,,,1,,witness_ordering,325055
C,C_01031_base,scissors_pass,oracle_sfc,0,0,0,0,1,0,0.0,8,3,-1,medium,high,0.85,medium,2,,,,1,,witness_ordering,325055
C,C_01031_base,scissors_pass,semantic_only,1,0,1,0,1,0,0.0,8,3,-1,medium,high,0.85,medium,2,,,,1,,witness_ordering,325055
C,C_01031_base,scissors_pass,posthoc_single,0,0,0,0,1,0,0.04378134,8,3,-1,medium,high,0.85,medium,2,,,,1,,witness_ordering,325055
C,C_01031_base,scissors_pass,soft_penalty_fc,1,0,1,0,1,0,0.04378134,8,3,-1,medium,high,0.85,medium,2,,,,1,,witness_ordering,325055
C,C_01032,scissors_pass,topk_posthoc,0,0,0,0,1,0,0.0,8,3,-1,medium,high,0.85,medium,2,,,,1,,witness_ordering,325056
C,C_01032_base,scissors_pass,geometric_fc,1,0,1,0,1,0,0.04127788,8,3,-1,medium,high,0.85,medium,2,,,,1,,witness_ordering,325056
C,C_01032_base,scissors_pass,oracle_sfc,0,0,0,0,1,0,0.0,8,3,-1,medium,high,0.85,medium,2,,,,1,,witness_ordering,325056
C,C_01032_base,scissors_pass,semantic_only,1,0,1,0,1,0,0.0,8,3,-1,medium,high,0.85,medium,2,,,,1,,witness_ordering,325056
C,C_01032_base,scissors_pass,posthoc_single,0,0,0,0,1,0,0.04127788,8,3,-1,medium,high,0.85,medium,2,,,,1,,witness_ordering,325056
C,C_01032_base,scissors_pass,soft_penalty_fc,1,0,1,0,1,0,0.04127788,8,3,-1,medium,high,0.85,medium,2,,,,1,,witness_ordering,325056
C,C_01033,scissors_pass,topk_posthoc,0,0,0,0,1,0,0.0,8,3,-1,medium,high,0.85,medium,2,,,,2,,witness_ordering,325057
C,C_01034,scissors_pass,topk_posthoc,0,0,0,0,1,0,0.0,8,3,-1,medium,high,0.85,medium,2,,,,2,,witness_ordering,325058
C,C_01035,scissors_pass,topk_posthoc,0,0,0,0,1,0,0.0,8,3,-1,medium,high,0.85,medium,2,,,,2,,witness_ordering,325059
C,C_01036,scissors_pass,topk_posthoc,0,0,0,0,1,0,0.0,8,3,-1,medium,high,0.85,medium,2,,,,2,,witness_ordering,325060
C,C_01037,scissors_pass,topk_posthoc,0,0,0,0,1,0,0.0,8,3,-1,medium,high,0.85,medium,2,,,,2,,witness_ordering,325061
C,C_01038,scissors_pass,topk_posthoc,0,0,0,0,1,0,0.0,8,3,-1,medium,high,0.85,medium,2,,,,2,,witness_ordering,325062
C,C_01039,scissors_pass,topk_posthoc,0,0,0,0,1,0,0.0,8,3,-1,medium,high,0.85,medium,2,,,,2,,witness_ordering,325063
C,C_01040,scissors_pass,topk_posthoc,0,0,0,0,1,0,0.0,8,3,-1,medium,high,0.85,medium,2,,,,2,,witness_ordering,325064
C,C_01041,scissors_pass,topk_posthoc,0,0,0,0,1,0,0.0,8,3,-1,medium,high,0.85,medium,2,,,,2,,witness_ordering,325065
C,C_01042,scissors_pass,topk_posthoc,0,0,0,0,1,0,0.0,8,3,-1,medium,high,0.85,medium,2,,,,2,,witness_ordering,325066
C,C_01043,scissors_pass,topk_posthoc,0,0,0,0,1,0,0.0,8,3,-1,medium,high,0.85,medium,2,,,,2,,witness_ordering,325067
C,C_01044,scissors_pass,topk_posthoc,0,0,0,0,1,0,0.0,8,3,-1,medium,high,0.85,medium,2,,,,2,,witness_ordering,325068
C,C_01045,scissors_pass,topk_posthoc,0,0,0,0,1,0,0.0,8,3,-1,medium,high,0.85,medium,2,,,,4,,witness_ordering,325069
C,C_01046,scissors_pass,topk_posthoc,0,0,0,0,1,0,0.0,8,3,-1,medium,high,0.85,medium,2,,,,4,,witness_ordering,325070
C,C_01047,scissors_pass,topk_posthoc,0,0,0,0,1,0,0.0,8,3,-1,medium,high,0.85,medium,2,,,,4,,witness_ordering,325071
C,C_01048,scissors_pass,topk_posthoc,0,0,0,0,1,0,0.0,8,3,-1,medium,high,0.85,medium,2,,,,4,,witness_ordering,325072
C,C_01049,scissors_pass,topk_posthoc,0,0,0,0,1,0,0.0,8,3,-1,medium,high,0.85,medium,2,,,,4,,witness_ordering,325073
C,C_01050,scissors_pass,topk_posthoc,0,0,0,0,1,0,0.0,8,3,-1,medium,high,0.85,medium,2,,,,4,,witness_ordering,325074
C,C_01051,scissors_pass,topk_posthoc,0,0,0,0,1,0,0.0,8,3,-1,medium,high,0.85,medium,2,,,,4,,witness_ordering,325075
C,C_01052,scissors_pass,topk_posthoc,0,0,0,0,1,0,0.0,8,3,-1,medium,high,0.85,medium,2,,,,4,,witness_ordering,325076
C,C_01053,scissors_pass,topk_posthoc,0,0,0,0,1,0,0.0,8,3,-1,medium,high,0.85,medium,2,,,,4,,witness_ordering,325077
C,C_01054,scissors_pass,topk_posthoc,0,0,0,0,1,0,0.0,8,3,-1,medium,high,0.85,medium,2,,,,4,,witness_ordering,325078
C,C_01055,scissors_pass,topk_posthoc,0,0,0,0,1,0,0.0,8,3,-1,medium,high,0.85,medium,2,,,,4,,witness_ordering,325079
C,C_01056,scissors_pass,topk_posthoc,0,0,0,0,1,0,0.0,8,3,-1,medium,high,0.85,medium,2,,,,4,,witness_ordering,325080
C,C_01057,scissors_pass,topk_posthoc,0,0,0,0,1,0,0.0,8,3,-1,medium,high,0.85,medium,2,,,,8,,witness_ordering,325081
C,C_01058,scissors_pass,topk_posthoc,0,0,0,0,1,0,0.0,8,3,-1,medium,high,0.85,medium,2,,,,8,,witness_ordering,325082
C,C_01059,scissors_pass,topk_posthoc,0,0,0,0,1,0,0.0,8,3,-1,medium,high,0.85,medium,2,,,,8,,witness_ordering,325083
C,C_01060,scissors_pass,topk_posthoc,0,0,0,0,1,0,0.0,8,3,-1,medium,high,0.85,medium,2,,,,8,,witness_ordering,325084
C,C_01061,scissors_pass,topk_posthoc,0,0,0,0,1,0,0.0,8,3,-1,medium,high,0.85,medium,2,,,,8,,witness_ordering,325085
C,C_01062,scissors_pass,topk_posthoc,0,0,0,0,1,0,0.0,8,3,-1,medium,high,0.85,medium,2,,,,8,,witness_ordering,325086
C,C_01063,scissors_pass,topk_posthoc,0,0,0,0,1,0,0.0,8,3,-1,medium,high,0.85,medium,2,,,,8,,witness_ordering,325087
C,C_01064,scissors_pass,topk_posthoc,0,0,0,0,1,0,0.0,8,3,-1,medium,high,0.85,medium,2,,,,8,,witness_ordering,325088
C,C_01065,scissors_pass,topk_posthoc,0,0,0,0,1,0,0.0,8,3,-1,medium,high,0.85,medium,2,,,,8,,witness_ordering,325089
C,C_01066,scissors_pass,topk_posthoc,0,0,0,0,1,0,0.0,8,3,-1,medium,high,0.85,medium,2,,,,8,,witness_ordering,325090
C,C_01067,scissors_pass,topk_posthoc,0,0,0,0,1,0,0.0,8,3,-1,medium,high,0.85,medium,2,,,,8,,witness_ordering,325091
C,C_01068,scissors_pass,topk_posthoc,0,0,0,0,1,0,0.0,8,3,-1,medium,high,0.85,medium,2,,,,8,,witness_ordering,325092
C,C_01069,scissors_pass,topk_posthoc,0,0,0,0,1,0,0.0,8,3,-1,medium,high,0.85,medium,2,,,,16,,witness_ordering,325093
C,C_01069_base,scissors_pass,geometric_fc,1,0,1,0,1,0,0.04244494,8,3,-1,medium,high,0.85,medium,2,,,,16,,witness_ordering,325093
C,C_01069_base,scissors_pass,oracle_sfc,0,0,0,0,1,0,0.0,8,3,-1,medium,high,0.85,medium,2,,,,16,,witness_ordering,325093
C,C_01069_base,scissors_pass,semantic_only,1,0,1,0,1,0,0.0,8,3,-1,medium,high,0.85,medium,2,,,,16,,witness_ordering,325093
C,C_01069_base,scissors_pass,posthoc_single,0,0,0,0,1,0,0.04244494,8,3,-1,medium,high,0.85,medium,2,,,,16,,witness_ordering,325093
C,C_01069_base,scissors_pass,soft_penalty_fc,1,0,1,0,1,0,0.04244494,8,3,-1,medium,high,0.85,medium,2,,,,16,,witness_ordering,325093
C,C_01070,scissors_pass,topk_posthoc,0,0,0,0,1,0,0.0,8,3,-1,medium,high,0.85,medium,2,,,,16,,witness_ordering,325094
C,C_01070_base,scissors_pass,geometric_fc,1,0,1,0,1,0,0.0450724,8,3,-1,medium,high,0.85,medium,2,,,,16,,witness_ordering,325094
C,C_01070_base,scissors_pass,oracle_sfc,0,0,0,0,1,0,0.0,8,3,-1,medium,high,0.85,medium,2,,,,16,,witness_ordering,325094
C,C_01070_base,scissors_pass,semantic_only,1,0,1,0,1,0,0.0,8,3,-1,medium,high,0.85,medium,2,,,,16,,witness_ordering,325094
C,C_01070_base,scissors_pass,posthoc_single,0,0,0,0,1,0,0.0450724,8,3,-1,medium,high,0.85,medium,2,,,,16,,witness_ordering,325094
C,C_01070_base,scissors_pass,soft_penalty_fc,1,0,1,0,1,0,0.0450724,8,3,-1,medium,high,0.85,medium,2,,,,16,,witness_ordering,325094
C,C_01071,scissors_pass,topk_posthoc,0,0,0,0,1,0,0.0,8,3,-1,medium,high,0.85,medium,2,,,,16,,witness_ordering,325095
C,C_01071_base,scissors_pass,geometric_fc,1,0,1,0,1,0,0.04361627,8,3,-1,medium,high,0.85,medium,2,,,,16,,witness_ordering,325095
C,C_01071_base,scissors_pass,oracle_sfc,0,0,0,0,1,0,0.0,8,3,-1,medium,high,0.85,medium,2,,,,16,,witness_ordering,325095
C,C_01071_base,scissors_pass,semantic_only,1,0,1,0,1,0,0.0,8,3,-1,medium,high,0.85,medium,2,,,,16,,witness_ordering,325095
C,C_01071_base,scissors_pass,posthoc_single,0,0,0,0,1,0,0.04361627,8,3,-1,medium,high,0.85,medium,2,,,,16,,witness_ordering,325095
C,C_01071_base,scissors_pass,soft_penalty_fc,1,0,1,0,1,0,0.04361627,8,3,-1,medium,high,0.85,medium,2,,,,16,,witness_ordering,325095
C,C_01072,scissors_pass,topk_posthoc,0,0,0,0,1,0,0.0,8,3,-1,medium,high,0.85,medium,2,,,,16,,witness_ordering,325096
C,C_01072_base,scissors_pass,geometric_fc,1,0,1,0,1,0,0.04668579,8,3,-1,medium,high,0.85,medium,2,,,,16,,witness_ordering,325096
C,C_01072_base,scissors_pass,oracle_sfc,0,0,0,0,1,0,0.0,8,3,-1,medium,high,0.85,medium,2,,,,16,,witness_ordering,325096
C,C_01072_base,scissors_pass,semantic_only,1,0,1,0,1,0,0.0,8,3,-1,medium,high,0.85,medium,2,,,,16,,witness_ordering,325096
C,C_01072_base,scissors_pass,posthoc_single,0,0,0,0,1,0,0.04668579,8,3,-1,medium,high,0.85,medium,2,,,,16,,witness_ordering,325096
C,C_01072_base,scissors_pass,soft_penalty_fc,1,0,1,0,1,0,0.04668579,8,3,-1,medium,high,0.85,medium,2,,,,16,,witness_ordering,325096
C,C_01073,scissors_pass,topk_posthoc,0,0,0,0,1,0,0.0,8,3,-1,medium,high,0.85,medium,2,,,,16,,witness_ordering,325097
C,C_01073_base,scissors_pass,geometric_fc,1,0,1,0,1,0,0.0487534,8,3,-1,medium,high,0.85,medium,2,,,,16,,witness_ordering,325097
C,C_01073_base,scissors_pass,oracle_sfc,0,0,0,0,1,0,0.0,8,3,-1,medium,high,0.85,medium,2,,,,16,,witness_ordering,325097
C,C_01073_base,scissors_pass,semantic_only,1,0,1,0,1,0,0.0,8,3,-1,medium,high,0.85,medium,2,,,,16,,witness_ordering,325097
C,C_01073_base,scissors_pass,posthoc_single,0,0,0,0,1,0,0.0487534,8,3,-1,medium,high,0.85,medium,2,,,,16,,witness_ordering,325097
C,C_01073_base,scissors_pass,soft_penalty_fc,1,0,1,0,1,0,0.0487534,8,3,-1,medium,high,0.85,medium,2,,,,16,,witness_ordering,325097
C,C_01074,scissors_pass,topk_posthoc,0,0,0,0,1,0,0.0,8,3,-1,medium,high,0.85,medium,2,,,,16,,witness_ordering,325098
C,C_01074_base,scissors_pass,geometric_fc,1,0,1,0,1,0,0.04023927,8,3,-1,medium,high,0.85,medium,2,,,,16,,witness_ordering,325098
C,C_01074_base,scissors_pass,oracle_sfc,0,0,0,0,1,0,0.0,8,3,-1,medium,high,0.85,medium,2,,,,16,,witness_ordering,325098
C,C_01074_base,scissors_pass,semantic_only,1,0,1,0,1,0,0.0,8,3,-1,medium,high,0.85,medium,2,,,,16,,witness_ordering,325098
C,C_01074_base,scissors_pass,posthoc_single,0,0,0,0,1,0,0.04023927,8,3,-1,medium,high,0.85,medium,2,,,,16,,witness_ordering,325098
C,C_01074_base,scissors_pass,soft_penalty_fc,1,0,1,0,1,0,0.04023927,8,3,-1,medium,high,0.85,medium,2,,,,16,,witness_ordering,325098
C,C_01075,scissors_pass,topk_posthoc,0,0,0,0,1,0,0.0,8,3,-1,medium,high,0.85,medium,2,,,,16,,witness_ordering,325099
C,C_01075_base,scissors_pass,geometric_fc,1,0,1,0,1,0,0.04002329,8,3,-1,medium,high,0.85,medium,2,,,,16,,witness_ordering,325099
C,C_01075_base,scissors_pass,oracle_sfc,0,0,0,0,1,0,0.0,8,3,-1,medium,high,0.85,medium,2,,,,16,,witness_ordering,325099
C,C_01075_base,scissors_pass,semantic_only,1,0,1,0,1,0,0.0,8,3,-1,medium,high,0.85,medium,2,,,,16,,witness_ordering,325099
C,C_01075_base,scissors_pass,posthoc_single,0,0,0,0,1,0,0.04002329,8,3,-1,medium,high,0.85,medium,2,,,,16,,witness_ordering,325099
C,C_01075_base,scissors_pass,soft_penalty_fc,1,0,1,0,1,0,0.04002329,8,3,-1,medium,high,0.85,medium,2,,,,16,,witness_ordering,325099
C,C_01076,scissors_pass,topk_posthoc,0,0,0,0,1,0,0.0,8,3,-1,medium,high,0.85,medium,2,,,,16,,witness_ordering,325100
C,C_01076_base,scissors_pass,geometric_fc,1,0,1,0,1,0,0.04153884,8,3,-1,medium,high,0.85,medium,2,,,,16,,witness_ordering,325100
C,C_01076_base,scissors_pass,oracle_sfc,0,0,0,0,1,0,0.0,8,3,-1,medium,high,0.85,medium,2,,,,16,,witness_ordering,325100
C,C_01076_base,scissors_pass,semantic_only,1,0,1,0,1,0,0.0,8,3,-1,medium,high,0.85,medium,2,,,,16,,witness_ordering,325100
C,C_01076_base,scissors_pass,posthoc_single,0,0,0,0,1,0,0.04153884,8,3,-1,medium,high,0.85,medium,2,,,,16,,witness_ordering,325100
C,C_01076_base,scissors_pass,soft_penalty_fc,1,0,1,0,1,0,0.04153884,8,3,-1,medium,high,0.85,medium,2,,,,16,,witness_ordering,325100
C,C_01077,scissors_pass,topk_posthoc,0,0,0,0,1,0,0.0,8,3,-1,medium,high,0.85,medium,2,,,,16,,witness_ordering,325101
C,C_01077_base,scissors_pass,geometric_fc,1,0,1,0,1,0,0.03910154,8,3,-1,medium,high,0.85,medium,2,,,,16,,witness_ordering,325101
C,C_01077_base,scissors_pass,oracle_sfc,0,0,0,0,1,0,0.0,8,3,-1,medium,high,0.85,medium,2,,,,16,,witness_ordering,325101
C,C_01077_base,scissors_pass,semantic_only,1,0,1,0,1,0,0.0,8,3,-1,medium,high,0.85,medium,2,,,,16,,witness_ordering,325101
C,C_01077_base,scissors_pass,posthoc_single,0,0,0,0,1,0,0.03910154,8,3,-1,medium,high,0.85,medium,2,,,,16,,witness_ordering,325101
C,C_01077_base,scissors_pass,soft_penalty_fc,1,0,1,0,1,0,0.03910154,8,3,-1,medium,high,0.85,medium,2,,,,16,,witness_ordering,325101
C,C_01078,scissors_pass,topk_posthoc,0,0,0,0,1,0,0.0,8,3,-1,medium,high,0.85,medium,2,,,,16,,witness_ordering,325102
C,C_01078_base,scissors_pass,geometric_fc,1,0,1,0,1,0,0.04451128,8,3,-1,medium,high,0.85,medium,2,,,,16,,witness_ordering,325102
C,C_01078_base,scissors_pass,oracle_sfc,0,0,0,0,1,0,0.0,8,3,-1,medium,high,0.85,medium,2,,,,16,,witness_ordering,325102
C,C_01078_base,scissors_pass,semantic_only,1,0,1,0,1,0,0.0,8,3,-1,medium,high,0.85,medium,2,,,,16,,witness_ordering,325102
C,C_01078_base,scissors_pass,posthoc_single,0,0,0,0,1,0,0.04451128,8,3,-1,medium,high,0.85,medium,2,,,,16,,witness_ordering,325102
C,C_01078_base,scissors_pass,soft_penalty_fc,1,0,1,0,1,0,0.04451128,8,3,-1,medium,high,0.85,medium,2,,,,16,,witness_ordering,325102
C,C_01079,scissors_pass,topk_posthoc,0,0,0,0,1,0,0.0,8,3,-1,medium,high,0.85,medium,2,,,,16,,witness_ordering,325103
C,C_01079_base,scissors_pass,geometric_fc,1,0,1,0,1,0,0.04460261,8,3,-1,medium,high,0.85,medium,2,,,,16,,witness_ordering,325103
C,C_01079_base,scissors_pass,oracle_sfc,0,0,0,0,1,0,0.0,8,3,-1,medium,high,0.85,medium,2,,,,16,,witness_ordering,325103
C,C_01079_base,scissors_pass,semantic_only,1,0,1,0,1,0,0.0,8,3,-1,medium,high,0.85,medium,2,,,,16,,witness_ordering,325103
C,C_01079_base,scissors_pass,posthoc_single,0,0,0,0,1,0,0.04460261,8,3,-1,medium,high,0.85,medium,2,,,,16,,witness_ordering,325103
C,C_01079_base,scissors_pass,soft_penalty_fc,1,0,1,0,1,0,0.04460261,8,3,-1,medium,high,0.85,medium,2,,,,16,,witness_ordering,325103
C,C_01080,scissors_pass,topk_posthoc,0,0,0,0,1,0,0.0,8,3,-1,medium,high,0.85,medium,2,,,,16,,witness_ordering,325104
C,C_01080_base,scissors_pass,geometric_fc,1,0,1,0,1,0,0.04734249,8,3,-1,medium,high,0.85,medium,2,,,,16,,witness_ordering,325104
C,C_01080_base,scissors_pass,oracle_sfc,0,0,0,0,1,0,0.0,8,3,-1,medium,high,0.85,medium,2,,,,16,,witness_ordering,325104
C,C_01080_base,scissors_pass,semantic_only,1,0,1,0,1,0,0.0,8,3,-1,medium,high,0.85,medium,2,,,,16,,witness_ordering,325104
C,C_01080_base,scissors_pass,posthoc_single,0,0,0,0,1,0,0.04734249,8,3,-1,medium,high,0.85,medium,2,,,,16,,witness_ordering,325104
C,C_01080_base,scissors_pass,soft_penalty_fc,1,0,1,0,1,0,0.04734249,8,3,-1,medium,high,0.85,medium,2,,,,16,,witness_ordering,325104
C,C_01081,syringe_handoff,topk_posthoc,0,0,0,0,1,0,0.0,8,3,-1,medium,high,0.25,medium,2,,,,1,,witness_ordering,325105
C,C_01081_base,syringe_handoff,geometric_fc,1,0,1,0,1,0,0.05418499,8,3,-1,medium,high,0.25,medium,2,,,,1,,witness_ordering,325105
C,C_01081_base,syringe_handoff,oracle_sfc,0,0,0,0,1,0,0.0,8,3,-1,medium,high,0.25,medium,2,,,,1,,witness_ordering,325105
C,C_01081_base,syringe_handoff,semantic_only,1,0,1,0,1,0,0.0,8,3,-1,medium,high,0.25,medium,2,,,,1,,witness_ordering,325105
C,C_01081_base,syringe_handoff,posthoc_single,0,0,0,0,1,0,0.05418499,8,3,-1,medium,high,0.25,medium,2,,,,1,,witness_ordering,325105
C,C_01081_base,syringe_handoff,soft_penalty_fc,1,0,1,0,1,0,0.05418499,8,3,-1,medium,high,0.25,medium,2,,,,1,,witness_ordering,325105
C,C_01082,syringe_handoff,topk_posthoc,0,0,0,0,1,0,0.0,8,3,-1,medium,high,0.25,medium,2,,,,1,,witness_ordering,325106
C,C_01082_base,syringe_handoff,geometric_fc,1,0,1,0,1,0,0.05453999,8,3,-1,medium,high,0.25,medium,2,,,,1,,witness_ordering,325106
C,C_01082_base,syringe_handoff,oracle_sfc,0,0,0,0,1,0,0.0,8,3,-1,medium,high,0.25,medium,2,,,,1,,witness_ordering,325106
C,C_01082_base,syringe_handoff,semantic_only,1,0,1,0,1,0,0.0,8,3,-1,medium,high,0.25,medium,2,,,,1,,witness_ordering,325106
C,C_01082_base,syringe_handoff,posthoc_single,0,0,0,0,1,0,0.05453999,8,3,-1,medium,high,0.25,medium,2,,,,1,,witness_ordering,325106
C,C_01082_base,syringe_handoff,soft_penalty_fc,1,0,1,0,1,0,0.05453999,8,3,-1,medium,high,0.25,medium,2,,,,1,,witness_ordering,325106
C,C_01083,syringe_handoff,topk_posthoc,0,0,0,0,1,0,0.0,8,3,-1,medium,high,0.25,medium,2,,,,1,,witness_ordering,325107
C,C_01083_base,syringe_handoff,geometric_fc,1,0,1,0,1,0,0.05459713,8,3,-1,medium,high,0.25,medium,2,,,,1,,witness_ordering,325107
C,C_01083_base,syringe_handoff,oracle_sfc,0,0,0,0,1,0,0.0,8,3,-1,medium,high,0.25,medium,2,,,,1,,witness_ordering,325107
C,C_01083_base,syringe_handoff,semantic_only,1,0,1,0,1,0,0.0,8,3,-1,medium,high,0.25,medium,2,,,,1,,witness_ordering,325107
C,C_01083_base,syringe_handoff,posthoc_single,0,0,0,0,1,0,0.05459713,8,3,-1,medium,high,0.25,medium,2,,,,1,,witness_ordering,325107
C,C_01083_base,syringe_handoff,soft_penalty_fc,1,0,1,0,1,0,0.05459713,8,3,-1,medium,high,0.25,medium,2,,,,1,,witness_ordering,325107
C,C_01084,syringe_handoff,topk_posthoc,0,0,0,0,1,0,0.0,8,3,-1,medium,high,0.25,medium,2,,,,1,,witness_ordering,325108
C,C_01084_base,syringe_handoff,geometric_fc,1,0,1,0,1,0,0.0539012,8,3,-1,medium,high,0.25,medium,2,,,,1,,witness_ordering,325108
C,C_01084_base,syringe_handoff,oracle_sfc,0,0,0,0,1,0,0.0,8,3,-1,medium,high,0.25,medium,2,,,,1,,witness_ordering,325108
C,C_01084_base,syringe_handoff,semantic_only,1,0,1,0,1,0,0.0,8,3,-1,medium,high,0.25,medium,2,,,,1,,witness_ordering,325108
C,C_01084_base,syringe_handoff,posthoc_single,0,0,0,0,1,0,0.0539012,8,3,-1,medium,high,0.25,medium,2,,,,1,,witness_ordering,325108
C,C_01084_base,syringe_handoff,soft_penalty_fc,1,0,1,0,1,0,0.0539012,8,3,-1,medium,high,0.25,medium,2,,,,1,,witness_ordering,325108
C,C_01085,syringe_handoff,topk_posthoc,0,0,0,0,1,0,0.0,8,3,-1,medium,high,0.25,medium,2,,,,1,,witness_ordering,325109
C,C_01085_base,syringe_handoff,geometric_fc,1,0,1,0,1,0,0.05423804,8,3,-1,medium,high,0.25,medium,2,,,,1,,witness_ordering,325109
C,C_01085_base,syringe_handoff,oracle_sfc,0,0,0,0,1,0,0.0,8,3,-1,medium,high,0.25,medium,2,,,,1,,witness_ordering,325109
C,C_01085_base,syringe_handoff,semantic_only,1,0,1,0,1,0,0.0,8,3,-1,medium,high,0.25,medium,2,,,,1,,witness_ordering,325109
C,C_01085_base,syringe_handoff,posthoc_single,0,0,0,0,1,0,0.05423804,8,3,-1,medium,high,0.25,medium,2,,,,1,,witness_ordering,325109
C,C_01085_base,syringe_handoff,soft_penalty_fc,1,0,1,0,1,0,0.05423804,8,3,-1,medium,high,0.25,medium,2,,,,1,,witness_ordering,325109
C,C_01086,syringe_handoff,topk_posthoc,0,0,0,0,1,0,0.0,8,3,-1,medium,high,0.25,medium,2,,,,1,,witness_ordering,325110
C,C_01086_base,syringe_handoff,geometric_fc,1,0,1,0,1,0,0.05182796,8,3,-1,medium,high,0.25,medium,2,,,,1,,witness_ordering,325110
C,C_01086_base,syringe_handoff,oracle_sfc,0,0,0,0,1,0,0.0,8,3,-1,medium,high,0.25,medium,2,,,,1,,witness_ordering,325110
C,C_01086_base,syringe_handoff,semantic_only,1,0,1,0,1,0,0.0,8,3,-1,medium,high,0.25,medium,2,,,,1,,witness_ordering,325110
C,C_01086_base,syringe_handoff,posthoc_single,0,0,0,0,1,0,0.05182796,8,3,-1,medium,high,0.25,medium,2,,,,1,,witness_ordering,325110
C,C_01086_base,syringe_handoff,soft_penalty_fc,1,0,1,0,1,0,0.05182796,8,3,-1,medium,high,0.25,medium,2,,,,1,,witness_ordering,325110
C,C_01087,syringe_handoff,topk_posthoc,0,0,0,0,1,0,0.0,8,3,-1,medium,high,0.25,medium,2,,,,1,,witness_ordering,325111
C,C_01087_base,syringe_handoff,geometric_fc,1,0,1,0,1,0,0.05288825,8,3,-1,medium,high,0.25,medium,2,,,,1,,witness_ordering,325111
C,C_01087_base,syringe_handoff,oracle_sfc,0,0,0,0,1,0,0.0,8,3,-1,medium,high,0.25,medium,2,,,,1,,witness_ordering,325111
C,C_01087_base,syringe_handoff,semantic_only,1,0,1,0,1,0,0.0,8,3,-1,medium,high,0.25,medium,2,,,,1,,witness_ordering,325111
C,C_01087_base,syringe_handoff,posthoc_single,0,0,0,0,1,0,0.05288825,8,3,-1,medium,high,0.25,medium,2,,,,1,,witness_ordering,325111
C,C_01087_base,syringe_handoff,soft_penalty_fc,1,0,1,0,1,0,0.05288825,8,3,-1,medium,high,0.25,medium,2,,,,1,,witness_ordering,325111
C,C_01088,syringe_handoff,topk_posthoc,0,0,0,0,1,0,0.0,8,3,-1,medium,high,0.25,medium,2,,,,1,,witness_ordering,325112
C,C_01088_base,syringe_handoff,geometric_fc,1,0,1,0,1,0,0.05230425,8,3,-1,medium,high,0.25,medium,2,,,,1,,witness_ordering,325112
C,C_01088_base,syringe_handoff,oracle_sfc,0,0,0,0,1,0,0.0,8,3,-1,medium,high,0.25,medium,2,,,,1,,witness_ordering,325112
C,C_01088_base,syringe_handoff,semantic_only,1,0,1,0,1,0,0.0,8,3,-1,medium,high,0.25,medium,2,,,,1,,witness_ordering,325112
C,C_01088_base,syringe_handoff,posthoc_single,0,0,0,0,1,0,0.05230425,8,3,-1,medium,high,0.25,medium,2,,,,1,,witness_ordering,325112
C,C_01088_base,syringe_handoff,soft_penalty_fc,1,0,1,0,1,0,0.05230425,8,3,-1,medium,high,0.25,medium,2,,,,1,,witness_ordering,325112
C,C_01089,syringe_handoff,topk_posthoc,0,0,0,0,1,0,0.0,8,3,-1,medium,high,0.25,medium,2,,,,1,,witness_ordering,325113
C,C_01089_base,syringe_handoff,geometric_fc,1,0,1,0,1,0,0.05117805,8,3,-1,medium,high,0.25,medium,2,,,,1,,witness_ordering,325113
C,C_01089_base,syringe_handoff,oracle_sfc,0,0,0,0,1,0,0.0,8,3,-1,medium,high,0.25,medium,2,,,,1,,witness_ordering,325113
C,C_01089_base,syringe_handoff,semantic_only,1,0,1,0,1,0,0.0,8,3,-1,medium,high,0.25,medium,2,,,,1,,witness_ordering,325113
C,C_01089_base,syringe_handoff,posthoc_single,0,0,0,0,1,0,0.05117805,8,3,-1,medium,high,0.25,medium,2,,,,1,,witness_ordering,325113
C,C_01089_base,syringe_handoff,soft_penalty_fc,1,0,1,0,1,0,0.05117805,8,3,-1,medium,high,0.25,medium,2,,,,1,,witness_ordering,325113
C,C_01090,syringe_handoff,topk_posthoc,0,0,0,0,1,0,0.0,8,3,-1,medium,high,0.25,medium,2,,,,1,,witness_ordering,325114
C,C_01090_base,syringe_handoff,geometric_fc,1,0,1,0,1,0,0.05455437,8,3,-1,medium,high,0.25,medium,2,,,,1,,witness_ordering,325114
C,C_01090_base,syringe_handoff,oracle_sfc,0,0,0,0,1,0,0.0,8,3,-1,medium,high,0.25,medium,2,,,,1,,witness_ordering,325114
C,C_01090_base,syringe_handoff,semantic_only,1,0,1,0,1,0,0.0,8,3,-1,medium,high,0.25,medium,2,,,,1,,witness_ordering,325114
C,C_01090_base,syringe_handoff,posthoc_single,0,0,0,0,1,0,0.05455437,8,3,-1,medium,high,0.25,medium,2,,,,1,,witness_ordering,325114
C,C_01090_base,syringe_handoff,soft_penalty_fc,1,0,1,0,1,0,0.05455437,8,3,-1,medium,high,0.25,medium,2,,,,1,,witness_ordering,325114
C,C_01091,syringe_handoff,topk_posthoc,0,0,0,0,1,0,0.0,8,3,-1,medium,high,0.25,medium,2,,,,1,,witness_ordering,325115
C,C_01091_base,syringe_handoff,geometric_fc,1,0,1,0,1,0,0.05018848,8,3,-1,medium,high,0.25,medium,2,,,,1,,witness_ordering,325115
C,C_01091_base,syringe_handoff,oracle_sfc,0,0,0,0,1,0,0.0,8,3,-1,medium,high,0.25,medium,2,,,,1,,witness_ordering,325115
C,C_01091_base,syringe_handoff,semantic_only,1,0,1,0,1,0,0.0,8,3,-1,medium,high,0.25,medium,2,,,,1,,witness_ordering,325115
C,C_01091_base,syringe_handoff,posthoc_single,0,0,0,0,1,0,0.05018848,8,3,-1,medium,high,0.25,medium,2,,,,1,,witness_ordering,325115
C,C_01091_base,syringe_handoff,soft_penalty_fc,1,0,1,0,1,0,0.05018848,8,3,-1,medium,high,0.25,medium,2,,,,1,,witness_ordering,325115
C,C_01092,syringe_handoff,topk_posthoc,0,0,0,0,1,0,0.0,8,3,-1,medium,high,0.25,medium,2,,,,1,,witness_ordering,325116
C,C_01092_base,syringe_handoff,geometric_fc,1,0,1,0,1,0,0.0534382,8,3,-1,medium,high,0.25,medium,2,,,,1,,witness_ordering,325116
C,C_01092_base,syringe_handoff,oracle_sfc,0,0,0,0,1,0,0.0,8,3,-1,medium,high,0.25,medium,2,,,,1,,witness_ordering,325116
C,C_01092_base,syringe_handoff,semantic_only,1,0,1,0,1,0,0.0,8,3,-1,medium,high,0.25,medium,2,,,,1,,witness_ordering,325116
C,C_01092_base,syringe_handoff,posthoc_single,0,0,0,0,1,0,0.0534382,8,3,-1,medium,high,0.25,medium,2,,,,1,,witness_ordering,325116
C,C_01092_base,syringe_handoff,soft_penalty_fc,1,0,1,0,1,0,0.0534382,8,3,-1,medium,high,0.25,medium,2,,,,1,,witness_ordering,325116
C,C_01093,syringe_handoff,topk_posthoc,0,0,0,0,1,0,0.0,8,3,-1,medium,high,0.25,medium,2,,,,2,,witness_ordering,325117
C,C_01094,syringe_handoff,topk_posthoc,0,0,0,0,1,0,0.0,8,3,-1,medium,high,0.25,medium,2,,,,2,,witness_ordering,325118
C,C_01095,syringe_handoff,topk_posthoc,0,0,0,0,1,0,0.0,8,3,-1,medium,high,0.25,medium,2,,,,2,,witness_ordering,325119
C,C_01096,syringe_handoff,topk_posthoc,0,0,0,0,1,0,0.0,8,3,-1,medium,high,0.25,medium,2,,,,2,,witness_ordering,325120
C,C_01097,syringe_handoff,topk_posthoc,0,0,0,0,1,0,0.0,8,3,-1,medium,high,0.25,medium,2,,,,2,,witness_ordering,325121
C,C_01098,syringe_handoff,topk_posthoc,0,0,0,0,1,0,0.0,8,3,-1,medium,high,0.25,medium,2,,,,2,,witness_ordering,325122
C,C_01099,syringe_handoff,topk_posthoc,0,0,0,0,1,0,0.0,8,3,-1,medium,high,0.25,medium,2,,,,2,,witness_ordering,325123
C,C_01100,syringe_handoff,topk_posthoc,0,0,0,0,1,0,0.0,8,3,-1,medium,high,0.25,medium,2,,,,2,,witness_ordering,325124
C,C_01101,syringe_handoff,topk_posthoc,0,0,0,0,1,0,0.0,8,3,-1,medium,high,0.25,medium,2,,,,2,,witness_ordering,325125
C,C_01102,syringe_handoff,topk_posthoc,0,0,0,0,1,0,0.0,8,3,-1,medium,high,0.25,medium,2,,,,2,,witness_ordering,325126
C,C_01103,syringe_handoff,topk_posthoc,0,0,0,0,1,0,0.0,8,3,-1,medium,high,0.25,medium,2,,,,2,,witness_ordering,325127
C,C_01104,syringe_handoff,topk_posthoc,0,0,0,0,1,0,0.0,8,3,-1,medium,high,0.25,medium,2,,,,2,,witness_ordering,325128
C,C_01105,syringe_handoff,topk_posthoc,0,0,0,0,1,0,0.0,8,3,-1,medium,high,0.25,medium,2,,,,4,,witness_ordering,325129
C,C_01106,syringe_handoff,topk_posthoc,0,0,0,0,1,0,0.0,8,3,-1,medium,high,0.25,medium,2,,,,4,,witness_ordering,325130
C,C_01107,syringe_handoff,topk_posthoc,0,0,0,0,1,0,0.0,8,3,-1,medium,high,0.25,medium,2,,,,4,,witness_ordering,325131
C,C_01108,syringe_handoff,topk_posthoc,0,0,0,0,1,0,0.0,8,3,-1,medium,high,0.25,medium,2,,,,4,,witness_ordering,325132
C,C_01109,syringe_handoff,topk_posthoc,0,0,0,0,1,0,0.0,8,3,-1,medium,high,0.25,medium,2,,,,4,,witness_ordering,325133
C,C_01110,syringe_handoff,topk_posthoc,0,0,0,0,1,0,0.0,8,3,-1,medium,high,0.25,medium,2,,,,4,,witness_ordering,325134
C,C_01111,syringe_handoff,topk_posthoc,0,0,0,0,1,0,0.0,8,3,-1,medium,high,0.25,medium,2,,,,4,,witness_ordering,325135
C,C_01112,syringe_handoff,topk_posthoc,0,0,0,0,1,0,0.0,8,3,-1,medium,high,0.25,medium,2,,,,4,,witness_ordering,325136
C,C_01113,syringe_handoff,topk_posthoc,0,0,0,0,1,0,0.0,8,3,-1,medium,high,0.25,medium,2,,,,4,,witness_ordering,325137
C,C_01114,syringe_handoff,topk_posthoc,0,0,0,0,1,0,0.0,8,3,-1,medium,high,0.25,medium,2,,,,4,,witness_ordering,325138
C,C_01115,syringe_handoff,topk_posthoc,0,0,0,0,1,0,0.0,8,3,-1,medium,high,0.25,medium,2,,,,4,,witness_ordering,325139
C,C_01116,syringe_handoff,topk_posthoc,0,0,0,0,1,0,0.0,8,3,-1,medium,high,0.25,medium,2,,,,4,,witness_ordering,325140
C,C_01117,syringe_handoff,topk_posthoc,0,0,0,0,1,0,0.0,8,3,-1,medium,high,0.25,medium,2,,,,8,,witness_ordering,325141
C,C_01118,syringe_handoff,topk_posthoc,0,0,0,0,1,0,0.0,8,3,-1,medium,high,0.25,medium,2,,,,8,,witness_ordering,325142
C,C_01119,syringe_handoff,topk_posthoc,0,0,0,0,1,0,0.0,8,3,-1,medium,high,0.25,medium,2,,,,8,,witness_ordering,325143
C,C_01120,syringe_handoff,topk_posthoc,0,0,0,0,1,0,0.0,8,3,-1,medium,high,0.25,medium,2,,,,8,,witness_ordering,325144
C,C_01121,syringe_handoff,topk_posthoc,0,0,0,0,1,0,0.0,8,3,-1,medium,high,0.25,medium,2,,,,8,,witness_ordering,325145
C,C_01122,syringe_handoff,topk_posthoc,0,0,0,0,1,0,0.0,8,3,-1,medium,high,0.25,medium,2,,,,8,,witness_ordering,325146
C,C_01123,syringe_handoff,topk_posthoc,0,0,0,0,1,0,0.0,8,3,-1,medium,high,0.25,medium,2,,,,8,,witness_ordering,325147
C,C_01124,syringe_handoff,topk_posthoc,0,0,0,0,1,0,0.0,8,3,-1,medium,high,0.25,medium,2,,,,8,,witness_ordering,325148
C,C_01125,syringe_handoff,topk_posthoc,0,0,0,0,1,0,0.0,8,3,-1,medium,high,0.25,medium,2,,,,8,,witness_ordering,325149
C,C_01126,syringe_handoff,topk_posthoc,0,0,0,0,1,0,0.0,8,3,-1,medium,high,0.25,medium,2,,,,8,,witness_ordering,325150
C,C_01127,syringe_handoff,topk_posthoc,0,0,0,0,1,0,0.0,8,3,-1,medium,high,0.25,medium,2,,,,8,,witness_ordering,325151
C,C_01128,syringe_handoff,topk_posthoc,0,0,0,0,1,0,0.0,8,3,-1,medium,high,0.25,medium,2,,,,8,,witness_ordering,325152
C,C_01129,syringe_handoff,topk_posthoc,0,0,0,0,1,0,0.0,8,3,-1,medium,high,0.25,medium,2,,,,16,,witness_ordering,325153
C,C_01129_base,syringe_handoff,geometric_fc,1,0,1,0,1,0,0.05314789,8,3,-1,medium,high,0.25,medium,2,,,,16,,witness_ordering,325153
C,C_01129_base,syringe_handoff,oracle_sfc,0,0,0,0,1,0,0.0,8,3,-1,medium,high,0.25,medium,2,,,,16,,witness_ordering,325153
C,C_01129_base,syringe_handoff,semantic_only,1,0,1,0,1,0,0.0,8,3,-1,medium,high,0.25,medium,2,,,,16,,witness_ordering,325153
C,C_01129_base,syringe_handoff,posthoc_single,0,0,0,0,1,0,0.05314789,8,3,-1,medium,high,0.25,medium,2,,,,16,,witness_ordering,325153
C,C_01129_base,syringe_handoff,soft_penalty_fc,1,0,1,0,1,0,0.05314789,8,3,-1,medium,high,0.25,medium,2,,,,16,,witness_ordering,325153
C,C_01130,syringe_handoff,topk_posthoc,0,0,0,0,1,0,0.0,8,3,-1,medium,high,0.25,medium,2,,,,16,,witness_ordering,325154
C,C_01130_base,syringe_handoff,geometric_fc,1,0,1,0,1,0,0.05109001,8,3,-1,medium,high,0.25,medium,2,,,,16,,witness_ordering,325154
C,C_01130_base,syringe_handoff,oracle_sfc,0,0,0,0,1,0,0.0,8,3,-1,medium,high,0.25,medium,2,,,,16,,witness_ordering,325154
C,C_01130_base,syringe_handoff,semantic_only,1,0,1,0,1,0,0.0,8,3,-1,medium,high,0.25,medium,2,,,,16,,witness_ordering,325154
C,C_01130_base,syringe_handoff,posthoc_single,0,0,0,0,1,0,0.05109001,8,3,-1,medium,high,0.25,medium,2,,,,16,,witness_ordering,325154
C,C_01130_base,syringe_handoff,soft_penalty_fc,1,0,1,0,1,0,0.05109001,8,3,-1,medium,high,0.25,medium,2,,,,16,,witness_ordering,325154
C,C_01131,syringe_handoff,topk_posthoc,0,0,0,0,1,0,0.0,8,3,-1,medium,high,0.25,medium,2,,,,16,,witness_ordering,325155
C,C_01131_base,syringe_handoff,geometric_fc,1,0,1,0,1,0,0.05306859,8,3,-1,medium,high,0.25,medium,2,,,,16,,witness_ordering,325155
C,C_01131_base,syringe_handoff,oracle_sfc,0,0,0,0,1,0,0.0,8,3,-1,medium,high,0.25,medium,2,,,,16,,witness_ordering,325155
C,C_01131_base,syringe_handoff,semantic_only,1,0,1,0,1,0,0.0,8,3,-1,medium,high,0.25,medium,2,,,,16,,witness_ordering,325155
C,C_01131_base,syringe_handoff,posthoc_single,0,0,0,0,1,0,0.05306859,8,3,-1,medium,high,0.25,medium,2,,,,16,,witness_ordering,325155
C,C_01131_base,syringe_handoff,soft_penalty_fc,1,0,1,0,1,0,0.05306859,8,3,-1,medium,high,0.25,medium,2,,,,16,,witness_ordering,325155
C,C_01132,syringe_handoff,topk_posthoc,0,0,0,0,1,0,0.0,8,3,-1,medium,high,0.25,medium,2,,,,16,,witness_ordering,325156
C,C_01132_base,syringe_handoff,geometric_fc,1,0,1,0,1,0,0.05379294,8,3,-1,medium,high,0.25,medium,2,,,,16,,witness_ordering,325156
C,C_01132_base,syringe_handoff,oracle_sfc,0,0,0,0,1,0,0.0,8,3,-1,medium,high,0.25,medium,2,,,,16,,witness_ordering,325156
C,C_01132_base,syringe_handoff,semantic_only,1,0,1,0,1,0,0.0,8,3,-1,medium,high,0.25,medium,2,,,,16,,witness_ordering,325156
C,C_01132_base,syringe_handoff,posthoc_single,0,0,0,0,1,0,0.05379294,8,3,-1,medium,high,0.25,medium,2,,,,16,,witness_ordering,325156
C,C_01132_base,syringe_handoff,soft_penalty_fc,1,0,1,0,1,0,0.05379294,8,3,-1,medium,high,0.25,medium,2,,,,16,,witness_ordering,325156
C,C_01133,syringe_handoff,topk_posthoc,0,0,0,0,1,0,0.0,8,3,-1,medium,high,0.25,medium,2,,,,16,,witness_ordering,325157
C,C_01133_base,syringe_handoff,geometric_fc,1,0,1,0,1,0,0.05308299,8,3,-1,medium,high,0.25,medium,2,,,,16,,witness_ordering,325157
C,C_01133_base,syringe_handoff,oracle_sfc,0,0,0,0,1,0,0.0,8,3,-1,medium,high,0.25,medium,2,,,,16,,witness_ordering,325157
C,C_01133_base,syringe_handoff,semantic_only,1,0,1,0,1,0,0.0,8,3,-1,medium,high,0.25,medium,2,,,,16,,witness_ordering,325157
C,C_01133_base,syringe_handoff,posthoc_single,0,0,0,0,1,0,0.05308299,8,3,-1,medium,high,0.25,medium,2,,,,16,,witness_ordering,325157
C,C_01133_base,syringe_handoff,soft_penalty_fc,1,0,1,0,1,0,0.05308299,8,3,-1,medium,high,0.25,medium,2,,,,16,,witness_ordering,325157
C,C_01134,syringe_handoff,topk_posthoc,0,0,0,0,1,0,0.0,8,3,-1,medium,high,0.25,medium,2,,,,16,,witness_ordering,325158
C,C_01134_base,syringe_handoff,geometric_fc,1,0,1,0,1,0,0.05184321,8,3,-1,medium,high,0.25,medium,2,,,,16,,witness_ordering,325158
C,C_01134_base,syringe_handoff,oracle_sfc,0,0,0,0,1,0,0.0,8,3,-1,medium,high,0.25,medium,2,,,,16,,witness_ordering,325158
C,C_01134_base,syringe_handoff,semantic_only,1,0,1,0,1,0,0.0,8,3,-1,medium,high,0.25,medium,2,,,,16,,witness_ordering,325158
C,C_01134_base,syringe_handoff,posthoc_single,0,0,0,0,1,0,0.05184321,8,3,-1,medium,high,0.25,medium,2,,,,16,,witness_ordering,325158
C,C_01134_base,syringe_handoff,soft_penalty_fc,1,0,1,0,1,0,0.05184321,8,3,-1,medium,high,0.25,medium,2,,,,16,,witness_ordering,325158
C,C_01135,syringe_handoff,topk_posthoc,0,0,0,0,1,0,0.0,8,3,-1,medium,high,0.25,medium,2,,,,16,,witness_ordering,325159
C,C_01135_base,syringe_handoff,geometric_fc,1,0,1,0,1,0,0.05356699,8,3,-1,medium,high,0.25,medium,2,,,,16,,witness_ordering,325159
C,C_01135_base,syringe_handoff,oracle_sfc,0,0,0,0,1,0,0.0,8,3,-1,medium,high,0.25,medium,2,,,,16,,witness_ordering,325159
C,C_01135_base,syringe_handoff,semantic_only,1,0,1,0,1,0,0.0,8,3,-1,medium,high,0.25,medium,2,,,,16,,witness_ordering,325159
C,C_01135_base,syringe_handoff,posthoc_single,0,0,0,0,1,0,0.05356699,8,3,-1,medium,high,0.25,medium,2,,,,16,,witness_ordering,325159
C,C_01135_base,syringe_handoff,soft_penalty_fc,1,0,1,0,1,0,0.05356699,8,3,-1,medium,high,0.25,medium,2,,,,16,,witness_ordering,325159
C,C_01136,syringe_handoff,topk_posthoc,0,0,0,0,1,0,0.0,8,3,-1,medium,high,0.25,medium,2,,,,16,,witness_ordering,325160
C,C_01136_base,syringe_handoff,geometric_fc,1,0,1,0,1,0,0.05698658,8,3,-1,medium,high,0.25,medium,2,,,,16,,witness_ordering,325160
C,C_01136_base,syringe_handoff,oracle_sfc,0,0,0,0,1,0,0.0,8,3,-1,medium,high,0.25,medium,2,,,,16,,witness_ordering,325160
C,C_01136_base,syringe_handoff,semantic_only,1,0,1,0,1,0,0.0,8,3,-1,medium,high,0.25,medium,2,,,,16,,witness_ordering,325160
C,C_01136_base,syringe_handoff,posthoc_single,0,0,0,0,1,0,0.05698658,8,3,-1,medium,high,0.25,medium,2,,,,16,,witness_ordering,325160
C,C_01136_base,syringe_handoff,soft_penalty_fc,1,0,1,0,1,0,0.05698658,8,3,-1,medium,high,0.25,medium,2,,,,16,,witness_ordering,325160
C,C_01137,syringe_handoff,topk_posthoc,0,0,0,0,1,0,0.0,8,3,-1,medium,high,0.25,medium,2,,,,16,,witness_ordering,325161
C,C_01137_base,syringe_handoff,geometric_fc,1,0,1,0,1,0,0.05470162,8,3,-1,medium,high,0.25,medium,2,,,,16,,witness_ordering,325161
C,C_01137_base,syringe_handoff,oracle_sfc,0,0,0,0,1,0,0.0,8,3,-1,medium,high,0.25,medium,2,,,,16,,witness_ordering,325161
C,C_01137_base,syringe_handoff,semantic_only,1,0,1,0,1,0,0.0,8,3,-1,medium,high,0.25,medium,2,,,,16,,witness_ordering,325161
C,C_01137_base,syringe_handoff,posthoc_single,0,0,0,0,1,0,0.05470162,8,3,-1,medium,high,0.25,medium,2,,,,16,,witness_ordering,325161
C,C_01137_base,syringe_handoff,soft_penalty_fc,1,0,1,0,1,0,0.05470162,8,3,-1,medium,high,0.25,medium,2,,,,16,,witness_ordering,325161
C,C_01138,syringe_handoff,topk_posthoc,0,0,0,0,1,0,0.0,8,3,-1,medium,high,0.25,medium,2,,,,16,,witness_ordering,325162
C,C_01138_base,syringe_handoff,geometric_fc,1,0,1,0,1,0,0.055285,8,3,-1,medium,high,0.25,medium,2,,,,16,,witness_ordering,325162
C,C_01138_base,syringe_handoff,oracle_sfc,0,0,0,0,1,0,0.0,8,3,-1,medium,high,0.25,medium,2,,,,16,,witness_ordering,325162
C,C_01138_base,syringe_handoff,semantic_only,1,0,1,0,1,0,0.0,8,3,-1,medium,high,0.25,medium,2,,,,16,,witness_ordering,325162
C,C_01138_base,syringe_handoff,posthoc_single,0,0,0,0,1,0,0.055285,8,3,-1,medium,high,0.25,medium,2,,,,16,,witness_ordering,325162
C,C_01138_base,syringe_handoff,soft_penalty_fc,1,0,1,0,1,0,0.055285,8,3,-1,medium,high,0.25,medium,2,,,,16,,witness_ordering,325162
C,C_01139,syringe_handoff,topk_posthoc,0,0,0,0,1,0,0.0,8,3,-1,medium,high,0.25,medium,2,,,,16,,witness_ordering,325163
C,C_01139_base,syringe_handoff,geometric_fc,1,0,1,0,1,0,0.0544322,8,3,-1,medium,high,0.25,medium,2,,,,16,,witness_ordering,325163
C,C_01139_base,syringe_handoff,oracle_sfc,0,0,0,0,1,0,0.0,8,3,-1,medium,high,0.25,medium,2,,,,16,,witness_ordering,325163
C,C_01139_base,syringe_handoff,semantic_only,1,0,1,0,1,0,0.0,8,3,-1,medium,high,0.25,medium,2,,,,16,,witness_ordering,325163
C,C_01139_base,syringe_handoff,posthoc_single,0,0,0,0,1,0,0.0544322,8,3,-1,medium,high,0.25,medium,2,,,,16,,witness_ordering,325163
C,C_01139_base,syringe_handoff,soft_penalty_fc,1,0,1,0,1,0,0.0544322,8,3,-1,medium,high,0.25,medium,2,,,,16,,witness_ordering,325163
C,C_01140,syringe_handoff,topk_posthoc,0,0,0,0,1,0,0.0,8,3,-1,medium,high,0.25,medium,2,,,,16,,witness_ordering,325164
C,C_01140_base,syringe_handoff,geometric_fc,1,0,1,0,1,0,0.05254726,8,3,-1,medium,high,0.25,medium,2,,,,16,,witness_ordering,325164
C,C_01140_base,syringe_handoff,oracle_sfc,0,0,0,0,1,0,0.0,8,3,-1,medium,high,0.25,medium,2,,,,16,,witness_ordering,325164
C,C_01140_base,syringe_handoff,semantic_only,1,0,1,0,1,0,0.0,8,3,-1,medium,high,0.25,medium,2,,,,16,,witness_ordering,325164
C,C_01140_base,syringe_handoff,posthoc_single,0,0,0,0,1,0,0.05254726,8,3,-1,medium,high,0.25,medium,2,,,,16,,witness_ordering,325164
C,C_01140_base,syringe_handoff,soft_penalty_fc,1,0,1,0,1,0,0.05254726,8,3,-1,medium,high,0.25,medium,2,,,,16,,witness_ordering,325164
C,C_01141,syringe_handoff,topk_posthoc,0,0,0,0,1,0,0.0,8,3,-1,medium,high,0.55,medium,2,,,,1,,witness_ordering,325165
C,C_01141_base,syringe_handoff,geometric_fc,1,0,1,0,1,0,0.05977535,8,3,-1,medium,high,0.55,medium,2,,,,1,,witness_ordering,325165
C,C_01141_base,syringe_handoff,oracle_sfc,0,0,0,0,1,0,0.0,8,3,-1,medium,high,0.55,medium,2,,,,1,,witness_ordering,325165
C,C_01141_base,syringe_handoff,semantic_only,1,0,1,0,1,0,0.0,8,3,-1,medium,high,0.55,medium,2,,,,1,,witness_ordering,325165
C,C_01141_base,syringe_handoff,posthoc_single,0,0,0,0,1,0,0.05977535,8,3,-1,medium,high,0.55,medium,2,,,,1,,witness_ordering,325165
C,C_01141_base,syringe_handoff,soft_penalty_fc,1,0,1,0,1,0,0.05977535,8,3,-1,medium,high,0.55,medium,2,,,,1,,witness_ordering,325165
C,C_01142,syringe_handoff,topk_posthoc,0,0,0,0,1,0,0.0,8,3,-1,medium,high,0.55,medium,2,,,,1,,witness_ordering,325166
C,C_01142_base,syringe_handoff,geometric_fc,1,0,1,0,1,0,0.05498135,8,3,-1,medium,high,0.55,medium,2,,,,1,,witness_ordering,325166
C,C_01142_base,syringe_handoff,oracle_sfc,0,0,0,0,1,0,0.0,8,3,-1,medium,high,0.55,medium,2,,,,1,,witness_ordering,325166
C,C_01142_base,syringe_handoff,semantic_only,1,0,1,0,1,0,0.0,8,3,-1,medium,high,0.55,medium,2,,,,1,,witness_ordering,325166
C,C_01142_base,syringe_handoff,posthoc_single,0,0,0,0,1,0,0.05498135,8,3,-1,medium,high,0.55,medium,2,,,,1,,witness_ordering,325166
C,C_01142_base,syringe_handoff,soft_penalty_fc,1,0,1,0,1,0,0.05498135,8,3,-1,medium,high,0.55,medium,2,,,,1,,witness_ordering,325166
C,C_01143,syringe_handoff,topk_posthoc,0,0,0,0,1,0,0.0,8,3,-1,medium,high,0.55,medium,2,,,,1,,witness_ordering,325167
C,C_01143_base,syringe_handoff,geometric_fc,1,0,1,0,1,0,0.05352288,8,3,-1,medium,high,0.55,medium,2,,,,1,,witness_ordering,325167
C,C_01143_base,syringe_handoff,oracle_sfc,0,0,0,0,1,0,0.0,8,3,-1,medium,high,0.55,medium,2,,,,1,,witness_ordering,325167
C,C_01143_base,syringe_handoff,semantic_only,1,0,1,0,1,0,0.0,8,3,-1,medium,high,0.55,medium,2,,,,1,,witness_ordering,325167
C,C_01143_base,syringe_handoff,posthoc_single,0,0,0,0,1,0,0.05352288,8,3,-1,medium,high,0.55,medium,2,,,,1,,witness_ordering,325167
C,C_01143_base,syringe_handoff,soft_penalty_fc,1,0,1,0,1,0,0.05352288,8,3,-1,medium,high,0.55,medium,2,,,,1,,witness_ordering,325167
C,C_01144,syringe_handoff,topk_posthoc,0,0,0,0,1,0,0.0,8,3,-1,medium,high,0.55,medium,2,,,,1,,witness_ordering,325168
C,C_01144_base,syringe_handoff,geometric_fc,1,0,1,0,1,0,0.05392315,8,3,-1,medium,high,0.55,medium,2,,,,1,,witness_ordering,325168
C,C_01144_base,syringe_handoff,oracle_sfc,0,0,0,0,1,0,0.0,8,3,-1,medium,high,0.55,medium,2,,,,1,,witness_ordering,325168
C,C_01144_base,syringe_handoff,semantic_only,1,0,1,0,1,0,0.0,8,3,-1,medium,high,0.55,medium,2,,,,1,,witness_ordering,325168
C,C_01144_base,syringe_handoff,posthoc_single,0,0,0,0,1,0,0.05392315,8,3,-1,medium,high,0.55,medium,2,,,,1,,witness_ordering,325168
C,C_01144_base,syringe_handoff,soft_penalty_fc,1,0,1,0,1,0,0.05392315,8,3,-1,medium,high,0.55,medium,2,,,,1,,witness_ordering,325168
C,C_01145,syringe_handoff,topk_posthoc,0,0,0,0,1,0,0.0,8,3,-1,medium,high,0.55,medium,2,,,,1,,witness_ordering,325169
C,C_01145_base,syringe_handoff,geometric_fc,1,0,1,0,1,0,0.05584647,8,3,-1,medium,high,0.55,medium,2,,,,1,,witness_ordering,325169
C,C_01145_base,syringe_handoff,oracle_sfc,0,0,0,0,1,0,0.0,8,3,-1,medium,high,0.55,medium,2,,,,1,,witness_ordering,325169
C,C_01145_base,syringe_handoff,semantic_only,1,0,1,0,1,0,0.0,8,3,-1,medium,high,0.55,medium,2,,,,1,,witness_ordering,325169
C,C_01145_base,syringe_handoff,posthoc_single,0,0,0,0,1,0,0.05584647,8,3,-1,medium,high,0.55,medium,2,,,,1,,witness_ordering,325169
C,C_01145_base,syringe_handoff,soft_penalty_fc,1,0,1,0,1,0,0.05584647,8,3,-1,medium,high,0.55,medium,2,,,,1,,witness_ordering,325169
C,C_01146,syringe_handoff,topk_posthoc,0,0,0,0,1,0,0.0,8,3,-1,medium,high,0.55,medium,2,,,,1,,witness_ordering,325170
C,C_01146_base,syringe_handoff,geometric_fc,1,0,1,0,1,0,0.05550993,8,3,-1,medium,high,0.55,medium,2,,,,1,,witness_ordering,325170
C,C_01146_base,syringe_handoff,oracle_sfc,0,0,0,0,1,0,0.0,8,3,-1,medium,high,0.55,medium,2,,,,1,,witness_ordering,325170
C,C_01146_base,syringe_handoff,semantic_only,1,0,1,0,1,0,0.0,8,3,-1,medium,high,0.55,medium,2,,,,1,,witness_ordering,325170
C,C_01146_base,syringe_handoff,posthoc_single,0,0,0,0,1,0,0.05550993,8,3,-1,medium,high,0.55,medium,2,,,,1,,witness_ordering,325170
C,C_01146_base,syringe_handoff,soft_penalty_fc,1,0,1,0,1,0,0.05550993,8,3,-1,medium,high,0.55,medium,2,,,,1,,witness_ordering,325170
C,C_01147,syringe_handoff,topk_posthoc,0,0,0,0,1,0,0.0,8,3,-1,medium,high,0.55,medium,2,,,,1,,witness_ordering,325171
C,C_01147_base,syringe_handoff,geometric_fc,1,0,1,0,1,0,0.05379679,8,3,-1,medium,high,0.55,medium,2,,,,1,,witness_ordering,325171
C,C_01147_base,syringe_handoff,oracle_sfc,0,0,0,0,1,0,0.0,8,3,-1,medium,high,0.55,medium,2,,,,1,,witness_ordering,325171
C,C_01147_base,syringe_handoff,semantic_only,1,0,1,0,1,0,0.0,8,3,-1,medium,high,0.55,medium,2,,,,1,,witness_ordering,325171
C,C_01147_base,syringe_handoff,posthoc_single,0,0,0,0,1,0,0.05379679,8,3,-1,medium,high,0.55,medium,2,,,,1,,witness_ordering,325171
C,C_01147_base,syringe_handoff,soft_penalty_fc,1,0,1,0,1,0,0.05379679,8,3,-1,medium,high,0.55,medium,2,,,,1,,witness_ordering,325171
C,C_01148,syringe_handoff,topk_posthoc,0,0,0,0,1,0,0.0,8,3,-1,medium,high,0.55,medium,2,,,,1,,witness_ordering,325172
C,C_01148_base,syringe_handoff,geometric_fc,1,0,1,0,1,0,0.05496023,8,3,-1,medium,high,0.55,medium,2,,,,1,,witness_ordering,325172
C,C_01148_base,syringe_handoff,oracle_sfc,0,0,0,0,1,0,0.0,8,3,-1,medium,high,0.55,medium,2,,,,1,,witness_ordering,325172
C,C_01148_base,syringe_handoff,semantic_only,1,0,1,0,1,0,0.0,8,3,-1,medium,high,0.55,medium,2,,,,1,,witness_ordering,325172
C,C_01148_base,syringe_handoff,posthoc_single,0,0,0,0,1,0,0.05496023,8,3,-1,medium,high,0.55,medium,2,,,,1,,witness_ordering,325172
C,C_01148_base,syringe_handoff,soft_penalty_fc,1,0,1,0,1,0,0.05496023,8,3,-1,medium,high,0.55,medium,2,,,,1,,witness_ordering,325172
C,C_01149,syringe_handoff,topk_posthoc,0,0,0,0,1,0,0.0,8,3,-1,medium,high,0.55,medium,2,,,,1,,witness_ordering,325173
C,C_01149_base,syringe_handoff,geometric_fc,1,0,1,0,1,0,0.05357015,8,3,-1,medium,high,0.55,medium,2,,,,1,,witness_ordering,325173
C,C_01149_base,syringe_handoff,oracle_sfc,0,0,0,0,1,0,0.0,8,3,-1,medium,high,0.55,medium,2,,,,1,,witness_ordering,325173
C,C_01149_base,syringe_handoff,semantic_only,1,0,1,0,1,0,0.0,8,3,-1,medium,high,0.55,medium,2,,,,1,,witness_ordering,325173
C,C_01149_base,syringe_handoff,posthoc_single,0,0,0,0,1,0,0.05357015,8,3,-1,medium,high,0.55,medium,2,,,,1,,witness_ordering,325173
C,C_01149_base,syringe_handoff,soft_penalty_fc,1,0,1,0,1,0,0.05357015,8,3,-1,medium,high,0.55,medium,2,,,,1,,witness_ordering,325173
C,C_01150,syringe_handoff,topk_posthoc,0,0,0,0,1,0,0.0,8,3,-1,medium,high,0.55,medium,2,,,,1,,witness_ordering,325174
C,C_01150_base,syringe_handoff,geometric_fc,1,0,1,0,1,0,0.05278504,8,3,-1,medium,high,0.55,medium,2,,,,1,,witness_ordering,325174
C,C_01150_base,syringe_handoff,oracle_sfc,0,0,0,0,1,0,0.0,8,3,-1,medium,high,0.55,medium,2,,,,1,,witness_ordering,325174
C,C_01150_base,syringe_handoff,semantic_only,1,0,1,0,1,0,0.0,8,3,-1,medium,high,0.55,medium,2,,,,1,,witness_ordering,325174
C,C_01150_base,syringe_handoff,posthoc_single,0,0,0,0,1,0,0.05278504,8,3,-1,medium,high,0.55,medium,2,,,,1,,witness_ordering,325174
C,C_01150_base,syringe_handoff,soft_penalty_fc,1,0,1,0,1,0,0.05278504,8,3,-1,medium,high,0.55,medium,2,,,,1,,witness_ordering,325174
C,C_01151,syringe_handoff,topk_posthoc,0,0,0,0,1,0,0.0,8,3,-1,medium,high,0.55,medium,2,,,,1,,witness_ordering,325175
C,C_01151_base,syringe_handoff,geometric_fc,1,0,1,0,1,0,0.05046156,8,3,-1,medium,high,0.55,medium,2,,,,1,,witness_ordering,325175
C,C_01151_base,syringe_handoff,oracle_sfc,0,0,0,0,1,0,0.0,8,3,-1,medium,high,0.55,medium,2,,,,1,,witness_ordering,325175
C,C_01151_base,syringe_handoff,semantic_only,1,0,1,0,1,0,0.0,8,3,-1,medium,high,0.55,medium,2,,,,1,,witness_ordering,325175
C,C_01151_base,syringe_handoff,posthoc_single,0,0,0,0,1,0,0.05046156,8,3,-1,medium,high,0.55,medium,2,,,,1,,witness_ordering,325175
C,C_01151_base,syringe_handoff,soft_penalty_fc,1,0,1,0,1,0,0.05046156,8,3,-1,medium,high,0.55,medium,2,,,,1,,witness_ordering,325175
C,C_01152,syringe_handoff,topk_posthoc,0,0,0,0,1,0,0.0,8,3,-1,medium,high,0.55,medium,2,,,,1,,witness_ordering,325176
C,C_01152_base,syringe_handoff,geometric_fc,1,0,1,0,1,0,0.05618691,8,3,-1,medium,high,0.55,medium,2,,,,1,,witness_ordering,325176
C,C_01152_base,syringe_handoff,oracle_sfc,0,0,0,0,1,0,0.0,8,3,-1,medium,high,0.55,medium,2,,,,1,,witness_ordering,325176
C,C_01152_base,syringe_handoff,semantic_only,1,0,1,0,1,0,0.0,8,3,-1,medium,high,0.55,medium,2,,,,1,,witness_ordering,325176
C,C_01152_base,syringe_handoff,posthoc_single,0,0,0,0,1,0,0.05618691,8,3,-1,medium,high,0.55,medium,2,,,,1,,witness_ordering,325176
C,C_01152_base,syringe_handoff,soft_penalty_fc,1,0,1,0,1,0,0.05618691,8,3,-1,medium,high,0.55,medium,2,,,,1,,witness_ordering,325176
C,C_01153,syringe_handoff,topk_posthoc,0,0,0,0,1,0,0.0,8,3,-1,medium,high,0.55,medium,2,,,,2,,witness_ordering,325177
C,C_01154,syringe_handoff,topk_posthoc,0,0,0,0,1,0,0.0,8,3,-1,medium,high,0.55,medium,2,,,,2,,witness_ordering,325178
C,C_01155,syringe_handoff,topk_posthoc,0,0,0,0,1,0,0.0,8,3,-1,medium,high,0.55,medium,2,,,,2,,witness_ordering,325179
C,C_01156,syringe_handoff,topk_posthoc,0,0,0,0,1,0,0.0,8,3,-1,medium,high,0.55,medium,2,,,,2,,witness_ordering,325180
C,C_01157,syringe_handoff,topk_posthoc,0,0,0,0,1,0,0.0,8,3,-1,medium,high,0.55,medium,2,,,,2,,witness_ordering,325181
C,C_01158,syringe_handoff,topk_posthoc,0,0,0,0,1,0,0.0,8,3,-1,medium,high,0.55,medium,2,,,,2,,witness_ordering,325182
C,C_01159,syringe_handoff,topk_posthoc,0,0,0,0,1,0,0.0,8,3,-1,medium,high,0.55,medium,2,,,,2,,witness_ordering,325183
C,C_01160,syringe_handoff,topk_posthoc,0,0,0,0,1,0,0.0,8,3,-1,medium,high,0.55,medium,2,,,,2,,witness_ordering,325184
C,C_01161,syringe_handoff,topk_posthoc,0,0,0,0,1,0,0.0,8,3,-1,medium,high,0.55,medium,2,,,,2,,witness_ordering,325185
C,C_01162,syringe_handoff,topk_posthoc,0,0,0,0,1,0,0.0,8,3,-1,medium,high,0.55,medium,2,,,,2,,witness_ordering,325186
C,C_01163,syringe_handoff,topk_posthoc,0,0,0,0,1,0,0.0,8,3,-1,medium,high,0.55,medium,2,,,,2,,witness_ordering,325187
C,C_01164,syringe_handoff,topk_posthoc,0,0,0,0,1,0,0.0,8,3,-1,medium,high,0.55,medium,2,,,,2,,witness_ordering,325188
C,C_01165,syringe_handoff,topk_posthoc,0,0,0,0,1,0,0.0,8,3,-1,medium,high,0.55,medium,2,,,,4,,witness_ordering,325189
C,C_01166,syringe_handoff,topk_posthoc,0,0,0,0,1,0,0.0,8,3,-1,medium,high,0.55,medium,2,,,,4,,witness_ordering,325190
C,C_01167,syringe_handoff,topk_posthoc,0,0,0,0,1,0,0.0,8,3,-1,medium,high,0.55,medium,2,,,,4,,witness_ordering,325191
C,C_01168,syringe_handoff,topk_posthoc,0,0,0,0,1,0,0.0,8,3,-1,medium,high,0.55,medium,2,,,,4,,witness_ordering,325192
C,C_01169,syringe_handoff,topk_posthoc,0,0,0,0,1,0,0.0,8,3,-1,medium,high,0.55,medium,2,,,,4,,witness_ordering,325193
C,C_01170,syringe_handoff,topk_posthoc,0,0,0,0,1,0,0.0,8,3,-1,medium,high,0.55,medium,2,,,,4,,witness_ordering,325194
C,C_01171,syringe_handoff,topk_posthoc,0,0,0,0,1,0,0.0,8,3,-1,medium,high,0.55,medium,2,,,,4,,witness_ordering,325195
C,C_01172,syringe_handoff,topk_posthoc,0,0,0,0,1,0,0.0,8,3,-1,medium,high,0.55,medium,2,,,,4,,witness_ordering,325196
C,C_01173,syringe_handoff,topk_posthoc,0,0,0,0,1,0,0.0,8,3,-1,medium,high,0.55,medium,2,,,,4,,witness_ordering,325197
C,C_01174,syringe_handoff,topk_posthoc,0,0,0,0,1,0,0.0,8,3,-1,medium,high,0.55,medium,2,,,,4,,witness_ordering,325198
C,C_01175,syringe_handoff,topk_posthoc,0,0,0,0,1,0,0.0,8,3,-1,medium,high,0.55,medium,2,,,,4,,witness_ordering,325199
C,C_01176,syringe_handoff,topk_posthoc,0,0,0,0,1,0,0.0,8,3,-1,medium,high,0.55,medium,2,,,,4,,witness_ordering,325200
C,C_01177,syringe_handoff,topk_posthoc,0,0,0,0,1,0,0.0,8,3,-1,medium,high,0.55,medium,2,,,,8,,witness_ordering,325201
C,C_01178,syringe_handoff,topk_posthoc,0,0,0,0,1,0,0.0,8,3,-1,medium,high,0.55,medium,2,,,,8,,witness_ordering,325202
C,C_01179,syringe_handoff,topk_posthoc,0,0,0,0,1,0,0.0,8,3,-1,medium,high,0.55,medium,2,,,,8,,witness_ordering,325203
C,C_01180,syringe_handoff,topk_posthoc,0,0,0,0,1,0,0.0,8,3,-1,medium,high,0.55,medium,2,,,,8,,witness_ordering,325204
C,C_01181,syringe_handoff,topk_posthoc,0,0,0,0,1,0,0.0,8,3,-1,medium,high,0.55,medium,2,,,,8,,witness_ordering,325205
C,C_01182,syringe_handoff,topk_posthoc,0,0,0,0,1,0,0.0,8,3,-1,medium,high,0.55,medium,2,,,,8,,witness_ordering,325206
C,C_01183,syringe_handoff,topk_posthoc,0,0,0,0,1,0,0.0,8,3,-1,medium,high,0.55,medium,2,,,,8,,witness_ordering,325207
C,C_01184,syringe_handoff,topk_posthoc,0,0,0,0,1,0,0.0,8,3,-1,medium,high,0.55,medium,2,,,,8,,witness_ordering,325208
C,C_01185,syringe_handoff,topk_posthoc,0,0,0,0,1,0,0.0,8,3,-1,medium,high,0.55,medium,2,,,,8,,witness_ordering,325209
C,C_01186,syringe_handoff,topk_posthoc,0,0,0,0,1,0,0.0,8,3,-1,medium,high,0.55,medium,2,,,,8,,witness_ordering,325210
C,C_01187,syringe_handoff,topk_posthoc,0,0,0,0,1,0,0.0,8,3,-1,medium,high,0.55,medium,2,,,,8,,witness_ordering,325211
C,C_01188,syringe_handoff,topk_posthoc,0,0,0,0,1,0,0.0,8,3,-1,medium,high,0.55,medium,2,,,,8,,witness_ordering,325212
C,C_01189,syringe_handoff,topk_posthoc,0,0,0,0,1,0,0.0,8,3,-1,medium,high,0.55,medium,2,,,,16,,witness_ordering,325213
C,C_01189_base,syringe_handoff,geometric_fc,1,0,1,0,1,0,0.05495725,8,3,-1,medium,high,0.55,medium,2,,,,16,,witness_ordering,325213
C,C_01189_base,syringe_handoff,oracle_sfc,0,0,0,0,1,0,0.0,8,3,-1,medium,high,0.55,medium,2,,,,16,,witness_ordering,325213
C,C_01189_base,syringe_handoff,semantic_only,1,0,1,0,1,0,0.0,8,3,-1,medium,high,0.55,medium,2,,,,16,,witness_ordering,325213
C,C_01189_base,syringe_handoff,posthoc_single,0,0,0,0,1,0,0.05495725,8,3,-1,medium,high,0.55,medium,2,,,,16,,witness_ordering,325213
C,C_01189_base,syringe_handoff,soft_penalty_fc,1,0,1,0,1,0,0.05495725,8,3,-1,medium,high,0.55,medium,2,,,,16,,witness_ordering,325213
C,C_01190,syringe_handoff,topk_posthoc,0,0,0,0,1,0,0.0,8,3,-1,medium,high,0.55,medium,2,,,,16,,witness_ordering,325214
C,C_01190_base,syringe_handoff,geometric_fc,1,0,1,0,1,0,0.05474093,8,3,-1,medium,high,0.55,medium,2,,,,16,,witness_ordering,325214
C,C_01190_base,syringe_handoff,oracle_sfc,0,0,0,0,1,0,0.0,8,3,-1,medium,high,0.55,medium,2,,,,16,,witness_ordering,325214
C,C_01190_base,syringe_handoff,semantic_only,1,0,1,0,1,0,0.0,8,3,-1,medium,high,0.55,medium,2,,,,16,,witness_ordering,325214
C,C_01190_base,syringe_handoff,posthoc_single,0,0,0,0,1,0,0.05474093,8,3,-1,medium,high,0.55,medium,2,,,,16,,witness_ordering,325214
C,C_01190_base,syringe_handoff,soft_penalty_fc,1,0,1,0,1,0,0.05474093,8,3,-1,medium,high,0.55,medium,2,,,,16,,witness_ordering,325214
C,C_01191,syringe_handoff,topk_posthoc,0,0,0,0,1,0,0.0,8,3,-1,medium,high,0.55,medium,2,,,,16,,witness_ordering,325215
C,C_01191_base,syringe_handoff,geometric_fc,1,0,1,0,1,0,0.05551389,8,3,-1,medium,high,0.55,medium,2,,,,16,,witness_ordering,325215
C,C_01191_base,syringe_handoff,oracle_sfc,0,0,0,0,1,0,0.0,8,3,-1,medium,high,0.55,medium,2,,,,16,,witness_ordering,325215
C,C_01191_base,syringe_handoff,semantic_only,1,0,1,0,1,0,0.0,8,3,-1,medium,high,0.55,medium,2,,,,16,,witness_ordering,325215
C,C_01191_base,syringe_handoff,posthoc_single,0,0,0,0,1,0,0.05551389,8,3,-1,medium,high,0.55,medium,2,,,,16,,witness_ordering,325215
C,C_01191_base,syringe_handoff,soft_penalty_fc,1,0,1,0,1,0,0.05551389,8,3,-1,medium,high,0.55,medium,2,,,,16,,witness_ordering,325215
C,C_01192,syringe_handoff,topk_posthoc,0,0,0,0,1,0,0.0,8,3,-1,medium,high,0.55,medium,2,,,,16,,witness_ordering,325216
C,C_01192_base,syringe_handoff,geometric_fc,1,0,1,0,1,0,0.05638044,8,3,-1,medium,high,0.55,medium,2,,,,16,,witness_ordering,325216
C,C_01192_base,syringe_handoff,oracle_sfc,0,0,0,0,1,0,0.0,8,3,-1,medium,high,0.55,medium,2,,,,16,,witness_ordering,325216
C,C_01192_base,syringe_handoff,semantic_only,1,0,1,0,1,0,0.0,8,3,-1,medium,high,0.55,medium,2,,,,16,,witness_ordering,325216
C,C_01192_base,syringe_handoff,posthoc_single,0,0,0,0,1,0,0.05638044,8,3,-1,medium,high,0.55,medium,2,,,,16,,witness_ordering,325216
C,C_01192_base,syringe_handoff,soft_penalty_fc,1,0,1,0,1,0,0.05638044,8,3,-1,medium,high,0.55,medium,2,,,,16,,witness_ordering,325216
C,C_01193,syringe_handoff,topk_posthoc,0,0,0,0,1,0,0.0,8,3,-1,medium,high,0.55,medium,2,,,,16,,witness_ordering,325217
C,C_01193_base,syringe_handoff,geometric_fc,1,0,1,0,1,0,0.05427753,8,3,-1,medium,high,0.55,medium,2,,,,16,,witness_ordering,325217
C,C_01193_base,syringe_handoff,oracle_sfc,0,0,0,0,1,0,0.0,8,3,-1,medium,high,0.55,medium,2,,,,16,,witness_ordering,325217
C,C_01193_base,syringe_handoff,semantic_only,1,0,1,0,1,0,0.0,8,3,-1,medium,high,0.55,medium,2,,,,16,,witness_ordering,325217
C,C_01193_base,syringe_handoff,posthoc_single,0,0,0,0,1,0,0.05427753,8,3,-1,medium,high,0.55,medium,2,,,,16,,witness_ordering,325217
C,C_01193_base,syringe_handoff,soft_penalty_fc,1,0,1,0,1,0,0.05427753,8,3,-1,medium,high,0.55,medium,2,,,,16,,witness_ordering,325217
C,C_01194,syringe_handoff,topk_posthoc,0,0,0,0,1,0,0.0,8,3,-1,medium,high,0.55,medium,2,,,,16,,witness_ordering,325218
C,C_01194_base,syringe_handoff,geometric_fc,1,0,1,0,1,0,0.05463079,8,3,-1,medium,high,0.55,medium,2,,,,16,,witness_ordering,325218
C,C_01194_base,syringe_handoff,oracle_sfc,0,0,0,0,1,0,0.0,8,3,-1,medium,high,0.55,medium,2,,,,16,,witness_ordering,325218
C,C_01194_base,syringe_handoff,semantic_only,1,0,1,0,1,0,0.0,8,3,-1,medium,high,0.55,medium,2,,,,16,,witness_ordering,325218
C,C_01194_base,syringe_handoff,posthoc_single,0,0,0,0,1,0,0.05463079,8,3,-1,medium,high,0.55,medium,2,,,,16,,witness_ordering,325218
C,C_01194_base,syringe_handoff,soft_penalty_fc,1,0,1,0,1,0,0.05463079,8,3,-1,medium,high,0.55,medium,2,,,,16,,witness_ordering,325218
C,C_01195,syringe_handoff,topk_posthoc,0,0,0,0,1,0,0.0,8,3,-1,medium,high,0.55,medium,2,,,,16,,witness_ordering,325219
C,C_01195_base,syringe_handoff,geometric_fc,1,0,1,0,1,0,0.05821055,8,3,-1,medium,high,0.55,medium,2,,,,16,,witness_ordering,325219
C,C_01195_base,syringe_handoff,oracle_sfc,0,0,0,0,1,0,0.0,8,3,-1,medium,high,0.55,medium,2,,,,16,,witness_ordering,325219
C,C_01195_base,syringe_handoff,semantic_only,1,0,1,0,1,0,0.0,8,3,-1,medium,high,0.55,medium,2,,,,16,,witness_ordering,325219
C,C_01195_base,syringe_handoff,posthoc_single,0,0,0,0,1,0,0.05821055,8,3,-1,medium,high,0.55,medium,2,,,,16,,witness_ordering,325219
C,C_01195_base,syringe_handoff,soft_penalty_fc,1,0,1,0,1,0,0.05821055,8,3,-1,medium,high,0.55,medium,2,,,,16,,witness_ordering,325219
C,C_01196,syringe_handoff,topk_posthoc,0,0,0,0,1,0,0.0,8,3,-1,medium,high,0.55,medium,2,,,,16,,witness_ordering,325220
C,C_01196_base,syringe_handoff,geometric_fc,1,0,1,0,1,0,0.05631668,8,3,-1,medium,high,0.55,medium,2,,,,16,,witness_ordering,325220
C,C_01196_base,syringe_handoff,oracle_sfc,0,0,0,0,1,0,0.0,8,3,-1,medium,high,0.55,medium,2,,,,16,,witness_ordering,325220
C,C_01196_base,syringe_handoff,semantic_only,1,0,1,0,1,0,0.0,8,3,-1,medium,high,0.55,medium,2,,,,16,,witness_ordering,325220
C,C_01196_base,syringe_handoff,posthoc_single,0,0,0,0,1,0,0.05631668,8,3,-1,medium,high,0.55,medium,2,,,,16,,witness_ordering,325220
C,C_01196_base,syringe_handoff,soft_penalty_fc,1,0,1,0,1,0,0.05631668,8,3,-1,medium,high,0.55,medium,2,,,,16,,witness_ordering,325220
C,C_01197,syringe_handoff,topk_posthoc,0,0,0,0,1,0,0.0,8,3,-1,medium,high,0.55,medium,2,,,,16,,witness_ordering,325221
C,C_01197_base,syringe_handoff,geometric_fc,1,0,1,0,1,0,0.05485186,8,3,-1,medium,high,0.55,medium,2,,,,16,,witness_ordering,325221
C,C_01197_base,syringe_handoff,oracle_sfc,0,0,0,0,1,0,0.0,8,3,-1,medium,high,0.55,medium,2,,,,16,,witness_ordering,325221
C,C_01197_base,syringe_handoff,semantic_only,1,0,1,0,1,0,0.0,8,3,-1,medium,high,0.55,medium,2,,,,16,,witness_ordering,325221
C,C_01197_base,syringe_handoff,posthoc_single,0,0,0,0,1,0,0.05485186,8,3,-1,medium,high,0.55,medium,2,,,,16,,witness_ordering,325221
C,C_01197_base,syringe_handoff,soft_penalty_fc,1,0,1,0,1,0,0.05485186,8,3,-1,medium,high,0.55,medium,2,,,,16,,witness_ordering,325221
C,C_01198,syringe_handoff,topk_posthoc,0,0,0,0,1,0,0.0,8,3,-1,medium,high,0.55,medium,2,,,,16,,witness_ordering,325222
C,C_01198_base,syringe_handoff,geometric_fc,1,0,1,0,1,0,0.05061405,8,3,-1,medium,high,0.55,medium,2,,,,16,,witness_ordering,325222
C,C_01198_base,syringe_handoff,oracle_sfc,0,0,0,0,1,0,0.0,8,3,-1,medium,high,0.55,medium,2,,,,16,,witness_ordering,325222
C,C_01198_base,syringe_handoff,semantic_only,1,0,1,0,1,0,0.0,8,3,-1,medium,high,0.55,medium,2,,,,16,,witness_ordering,325222
C,C_01198_base,syringe_handoff,posthoc_single,0,0,0,0,1,0,0.05061405,8,3,-1,medium,high,0.55,medium,2,,,,16,,witness_ordering,325222
C,C_01198_base,syringe_handoff,soft_penalty_fc,1,0,1,0,1,0,0.05061405,8,3,-1,medium,high,0.55,medium,2,,,,16,,witness_ordering,325222
C,C_01199,syringe_handoff,topk_posthoc,0,0,0,0,1,0,0.0,8,3,-1,medium,high,0.55,medium,2,,,,16,,witness_ordering,325223
C,C_01199_base,syringe_handoff,geometric_fc,1,0,1,0,1,0,0.05364945,8,3,-1,medium,high,0.55,medium,2,,,,16,,witness_ordering,325223
C,C_01199_base,syringe_handoff,oracle_sfc,0,0,0,0,1,0,0.0,8,3,-1,medium,high,0.55,medium,2,,,,16,,witness_ordering,325223
C,C_01199_base,syringe_handoff,semantic_only,1,0,1,0,1,0,0.0,8,3,-1,medium,high,0.55,medium,2,,,,16,,witness_ordering,325223
C,C_01199_base,syringe_handoff,posthoc_single,0,0,0,0,1,0,0.05364945,8,3,-1,medium,high,0.55,medium,2,,,,16,,witness_ordering,325223
C,C_01199_base,syringe_handoff,soft_penalty_fc,1,0,1,0,1,0,0.05364945,8,3,-1,medium,high,0.55,medium,2,,,,16,,witness_ordering,325223
C,C_01200,syringe_handoff,topk_posthoc,0,0,0,0,1,0,0.0,8,3,-1,medium,high,0.55,medium,2,,,,16,,witness_ordering,325224
C,C_01200_base,syringe_handoff,geometric_fc,1,0,1,0,1,0,0.05736974,8,3,-1,medium,high,0.55,medium,2,,,,16,,witness_ordering,325224
C,C_01200_base,syringe_handoff,oracle_sfc,0,0,0,0,1,0,0.0,8,3,-1,medium,high,0.55,medium,2,,,,16,,witness_ordering,325224
C,C_01200_base,syringe_handoff,semantic_only,1,0,1,0,1,0,0.0,8,3,-1,medium,high,0.55,medium,2,,,,16,,witness_ordering,325224
C,C_01200_base,syringe_handoff,posthoc_single,0,0,0,0,1,0,0.05736974,8,3,-1,medium,high,0.55,medium,2,,,,16,,witness_ordering,325224
C,C_01200_base,syringe_handoff,soft_penalty_fc,1,0,1,0,1,0,0.05736974,8,3,-1,medium,high,0.55,medium,2,,,,16,,witness_ordering,325224
C,C_01201,syringe_handoff,topk_posthoc,0,0,0,0,1,0,0.0,8,3,-1,medium,high,0.85,medium,2,,,,1,,witness_ordering,325225
C,C_01201_base,syringe_handoff,geometric_fc,1,0,1,0,1,0,0.0559158,8,3,-1,medium,high,0.85,medium,2,,,,1,,witness_ordering,325225
C,C_01201_base,syringe_handoff,oracle_sfc,0,0,0,0,1,0,0.0,8,3,-1,medium,high,0.85,medium,2,,,,1,,witness_ordering,325225
C,C_01201_base,syringe_handoff,semantic_only,1,0,1,0,1,0,0.0,8,3,-1,medium,high,0.85,medium,2,,,,1,,witness_ordering,325225
C,C_01201_base,syringe_handoff,posthoc_single,0,0,0,0,1,0,0.0559158,8,3,-1,medium,high,0.85,medium,2,,,,1,,witness_ordering,325225
C,C_01201_base,syringe_handoff,soft_penalty_fc,1,0,1,0,1,0,0.0559158,8,3,-1,medium,high,0.85,medium,2,,,,1,,witness_ordering,325225
C,C_01202,syringe_handoff,topk_posthoc,0,0,0,0,1,0,0.0,8,3,-1,medium,high,0.85,medium,2,,,,1,,witness_ordering,325226
C,C_01202_base,syringe_handoff,geometric_fc,1,0,1,0,1,0,0.05430828,8,3,-1,medium,high,0.85,medium,2,,,,1,,witness_ordering,325226
C,C_01202_base,syringe_handoff,oracle_sfc,0,0,0,0,1,0,0.0,8,3,-1,medium,high,0.85,medium,2,,,,1,,witness_ordering,325226
C,C_01202_base,syringe_handoff,semantic_only,1,0,1,0,1,0,0.0,8,3,-1,medium,high,0.85,medium,2,,,,1,,witness_ordering,325226
C,C_01202_base,syringe_handoff,posthoc_single,0,0,0,0,1,0,0.05430828,8,3,-1,medium,high,0.85,medium,2,,,,1,,witness_ordering,325226
C,C_01202_base,syringe_handoff,soft_penalty_fc,1,0,1,0,1,0,0.05430828,8,3,-1,medium,high,0.85,medium,2,,,,1,,witness_ordering,325226
C,C_01203,syringe_handoff,topk_posthoc,0,0,0,0,1,0,0.0,8,3,-1,medium,high,0.85,medium,2,,,,1,,witness_ordering,325227
C,C_01203_base,syringe_handoff,geometric_fc,1,0,1,0,1,0,0.05698917,8,3,-1,medium,high,0.85,medium,2,,,,1,,witness_ordering,325227
C,C_01203_base,syringe_handoff,oracle_sfc,0,0,0,0,1,0,0.0,8,3,-1,medium,high,0.85,medium,2,,,,1,,witness_ordering,325227
C,C_01203_base,syringe_handoff,semantic_only,1,0,1,0,1,0,0.0,8,3,-1,medium,high,0.85,medium,2,,,,1,,witness_ordering,325227
C,C_01203_base,syringe_handoff,posthoc_single,0,0,0,0,1,0,0.05698917,8,3,-1,medium,high,0.85,medium,2,,,,1,,witness_ordering,325227
C,C_01203_base,syringe_handoff,soft_penalty_fc,1,0,1,0,1,0,0.05698917,8,3,-1,medium,high,0.85,medium,2,,,,1,,witness_ordering,325227
C,C_01204,syringe_handoff,topk_posthoc,0,0,0,0,1,0,0.0,8,3,-1,medium,high,0.85,medium,2,,,,1,,witness_ordering,325228
C,C_01204_base,syringe_handoff,geometric_fc,1,0,1,0,1,0,0.05242873,8,3,-1,medium,high,0.85,medium,2,,,,1,,witness_ordering,325228
C,C_01204_base,syringe_handoff,oracle_sfc,0,0,0,0,1,0,0.0,8,3,-1,medium,high,0.85,medium,2,,,,1,,witness_ordering,325228
C,C_01204_base,syringe_handoff,semantic_only,1,0,1,0,1,0,0.0,8,3,-1,medium,high,0.85,medium,2,,,,1,,witness_ordering,325228
C,C_01204_base,syringe_handoff,posthoc_single,0,0,0,0,1,0,0.05242873,8,3,-1,medium,high,0.85,medium,2,,,,1,,witness_ordering,325228
C,C_01204_base,syringe_handoff,soft_penalty_fc,1,0,1,0,1,0,0.05242873,8,3,-1,medium,high,0.85,medium,2,,,,1,,witness_ordering,325228
C,C_01205,syringe_handoff,topk_posthoc,0,0,0,0,1,0,0.0,8,3,-1,medium,high,0.85,medium,2,,,,1,,witness_ordering,325229
C,C_01205_base,syringe_handoff,geometric_fc,1,0,1,0,1,0,0.0528977,8,3,-1,medium,high,0.85,medium,2,,,,1,,witness_ordering,325229
C,C_01205_base,syringe_handoff,oracle_sfc,0,0,0,0,1,0,0.0,8,3,-1,medium,high,0.85,medium,2,,,,1,,witness_ordering,325229
C,C_01205_base,syringe_handoff,semantic_only,1,0,1,0,1,0,0.0,8,3,-1,medium,high,0.85,medium,2,,,,1,,witness_ordering,325229
C,C_01205_base,syringe_handoff,posthoc_single,0,0,0,0,1,0,0.0528977,8,3,-1,medium,high,0.85,medium,2,,,,1,,witness_ordering,325229
C,C_01205_base,syringe_handoff,soft_penalty_fc,1,0,1,0,1,0,0.0528977,8,3,-1,medium,high,0.85,medium,2,,,,1,,witness_ordering,325229
C,C_01206,syringe_handoff,topk_posthoc,0,0,0,0,1,0,0.0,8,3,-1,medium,high,0.85,medium,2,,,,1,,witness_ordering,325230
C,C_01206_base,syringe_handoff,geometric_fc,1,0,1,0,1,0,0.05309372,8,3,-1,medium,high,0.85,medium,2,,,,1,,witness_ordering,325230
C,C_01206_base,syringe_handoff,oracle_sfc,0,0,0,0,1,0,0.0,8,3,-1,medium,high,0.85,medium,2,,,,1,,witness_ordering,325230
C,C_01206_base,syringe_handoff,semantic_only,1,0,1,0,1,0,0.0,8,3,-1,medium,high,0.85,medium,2,,,,1,,witness_ordering,325230
C,C_01206_base,syringe_handoff,posthoc_single,0,0,0,0,1,0,0.05309372,8,3,-1,medium,high,0.85,medium,2,,,,1,,witness_ordering,325230
C,C_01206_base,syringe_handoff,soft_penalty_fc,1,0,1,0,1,0,0.05309372,8,3,-1,medium,high,0.85,medium,2,,,,1,,witness_ordering,325230
C,C_01207,syringe_handoff,topk_posthoc,0,0,0,0,1,0,0.0,8,3,-1,medium,high,0.85,medium,2,,,,1,,witness_ordering,325231
C,C_01207_base,syringe_handoff,geometric_fc,1,0,1,0,1,0,0.05731393,8,3,-1,medium,high,0.85,medium,2,,,,1,,witness_ordering,325231
C,C_01207_base,syringe_handoff,oracle_sfc,0,0,0,0,1,0,0.0,8,3,-1,medium,high,0.85,medium,2,,,,1,,witness_ordering,325231
C,C_01207_base,syringe_handoff,semantic_only,1,0,1,0,1,0,0.0,8,3,-1,medium,high,0.85,medium,2,,,,1,,witness_ordering,325231
C,C_01207_base,syringe_handoff,posthoc_single,0,0,0,0,1,0,0.05731393,8,3,-1,medium,high,0.85,medium,2,,,,1,,witness_ordering,325231
C,C_01207_base,syringe_handoff,soft_penalty_fc,1,0,1,0,1,0,0.05731393,8,3,-1,medium,high,0.85,medium,2,,,,1,,witness_ordering,325231
C,C_01208,syringe_handoff,topk_posthoc,0,0,0,0,1,0,0.0,8,3,-1,medium,high,0.85,medium,2,,,,1,,witness_ordering,325232
C,C_01208_base,syringe_handoff,geometric_fc,1,0,1,0,1,0,0.05551802,8,3,-1,medium,high,0.85,medium,2,,,,1,,witness_ordering,325232
C,C_01208_base,syringe_handoff,oracle_sfc,0,0,0,0,1,0,0.0,8,3,-1,medium,high,0.85,medium,2,,,,1,,witness_ordering,325232
C,C_01208_base,syringe_handoff,semantic_only,1,0,1,0,1,0,0.0,8,3,-1,medium,high,0.85,medium,2,,,,1,,witness_ordering,325232
C,C_01208_base,syringe_handoff,posthoc_single,0,0,0,0,1,0,0.05551802,8,3,-1,medium,high,0.85,medium,2,,,,1,,witness_ordering,325232
C,C_01208_base,syringe_handoff,soft_penalty_fc,1,0,1,0,1,0,0.05551802,8,3,-1,medium,high,0.85,medium,2,,,,1,,witness_ordering,325232
C,C_01209,syringe_handoff,topk_posthoc,0,0,0,0,1,0,0.0,8,3,-1,medium,high,0.85,medium,2,,,,1,,witness_ordering,325233
C,C_01209_base,syringe_handoff,geometric_fc,1,0,1,0,1,0,0.05076194,8,3,-1,medium,high,0.85,medium,2,,,,1,,witness_ordering,325233
C,C_01209_base,syringe_handoff,oracle_sfc,0,0,0,0,1,0,0.0,8,3,-1,medium,high,0.85,medium,2,,,,1,,witness_ordering,325233
C,C_01209_base,syringe_handoff,semantic_only,1,0,1,0,1,0,0.0,8,3,-1,medium,high,0.85,medium,2,,,,1,,witness_ordering,325233
C,C_01209_base,syringe_handoff,posthoc_single,0,0,0,0,1,0,0.05076194,8,3,-1,medium,high,0.85,medium,2,,,,1,,witness_ordering,325233
C,C_01209_base,syringe_handoff,soft_penalty_fc,1,0,1,0,1,0,0.05076194,8,3,-1,medium,high,0.85,medium,2,,,,1,,witness_ordering,325233
C,C_01210,syringe_handoff,topk_posthoc,0,0,0,0,1,0,0.0,8,3,-1,medium,high,0.85,medium,2,,,,1,,witness_ordering,325234
C,C_01210_base,syringe_handoff,geometric_fc,1,0,1,0,1,0,0.05548416,8,3,-1,medium,high,0.85,medium,2,,,,1,,witness_ordering,325234
C,C_01210_base,syringe_handoff,oracle_sfc,0,0,0,0,1,0,0.0,8,3,-1,medium,high,0.85,medium,2,,,,1,,witness_ordering,325234
C,C_01210_base,syringe_handoff,semantic_only,1,0,1,0,1,0,0.0,8,3,-1,medium,high,0.85,medium,2,,,,1,,witness_ordering,325234
C,C_01210_base,syringe_handoff,posthoc_single,0,0,0,0,1,0,0.05548416,8,3,-1,medium,high,0.85,medium,2,,,,1,,witness_ordering,325234
C,C_01210_base,syringe_handoff,soft_penalty_fc,1,0,1,0,1,0,0.05548416,8,3,-1,medium,high,0.85,medium,2,,,,1,,witness_ordering,325234
C,C_01211,syringe_handoff,topk_posthoc,0,0,0,0,1,0,0.0,8,3,-1,medium,high,0.85,medium,2,,,,1,,witness_ordering,325235
C,C_01211_base,syringe_handoff,geometric_fc,1,0,1,0,1,0,0.05360505,8,3,-1,medium,high,0.85,medium,2,,,,1,,witness_ordering,325235
C,C_01211_base,syringe_handoff,oracle_sfc,0,0,0,0,1,0,0.0,8,3,-1,medium,high,0.85,medium,2,,,,1,,witness_ordering,325235
C,C_01211_base,syringe_handoff,semantic_only,1,0,1,0,1,0,0.0,8,3,-1,medium,high,0.85,medium,2,,,,1,,witness_ordering,325235
C,C_01211_base,syringe_handoff,posthoc_single,0,0,0,0,1,0,0.05360505,8,3,-1,medium,high,0.85,medium,2,,,,1,,witness_ordering,325235
C,C_01211_base,syringe_handoff,soft_penalty_fc,1,0,1,0,1,0,0.05360505,8,3,-1,medium,high,0.85,medium,2,,,,1,,witness_ordering,325235
C,C_01212,syringe_handoff,topk_posthoc,0,0,0,0,1,0,0.0,8,3,-1,medium,high,0.85,medium,2,,,,1,,witness_ordering,325236
C,C_01212_base,syringe_handoff,geometric_fc,1,0,1,0,1,0,0.05518158,8,3,-1,medium,high,0.85,medium,2,,,,1,,witness_ordering,325236
C,C_01212_base,syringe_handoff,oracle_sfc,0,0,0,0,1,0,0.0,8,3,-1,medium,high,0.85,medium,2,,,,1,,witness_ordering,325236
C,C_01212_base,syringe_handoff,semantic_only,1,0,1,0,1,0,0.0,8,3,-1,medium,high,0.85,medium,2,,,,1,,witness_ordering,325236
C,C_01212_base,syringe_handoff,posthoc_single,0,0,0,0,1,0,0.05518158,8,3,-1,medium,high,0.85,medium,2,,,,1,,witness_ordering,325236
C,C_01212_base,syringe_handoff,soft_penalty_fc,1,0,1,0,1,0,0.05518158,8,3,-1,medium,high,0.85,medium,2,,,,1,,witness_ordering,325236
C,C_01213,syringe_handoff,topk_posthoc,0,0,0,0,1,0,0.0,8,3,-1,medium,high,0.85,medium,2,,,,2,,witness_ordering,325237
C,C_01214,syringe_handoff,topk_posthoc,0,0,0,0,1,0,0.0,8,3,-1,medium,high,0.85,medium,2,,,,2,,witness_ordering,325238
C,C_01215,syringe_handoff,topk_posthoc,0,0,0,0,1,0,0.0,8,3,-1,medium,high,0.85,medium,2,,,,2,,witness_ordering,325239
C,C_01216,syringe_handoff,topk_posthoc,0,0,0,0,1,0,0.0,8,3,-1,medium,high,0.85,medium,2,,,,2,,witness_ordering,325240
C,C_01217,syringe_handoff,topk_posthoc,0,0,0,0,1,0,0.0,8,3,-1,medium,high,0.85,medium,2,,,,2,,witness_ordering,325241
C,C_01218,syringe_handoff,topk_posthoc,0,0,0,0,1,0,0.0,8,3,-1,medium,high,0.85,medium,2,,,,2,,witness_ordering,325242
C,C_01219,syringe_handoff,topk_posthoc,0,0,0,0,1,0,0.0,8,3,-1,medium,high,0.85,medium,2,,,,2,,witness_ordering,325243
C,C_01220,syringe_handoff,topk_posthoc,0,0,0,0,1,0,0.0,8,3,-1,medium,high,0.85,medium,2,,,,2,,witness_ordering,325244
C,C_01221,syringe_handoff,topk_posthoc,0,0,0,0,1,0,0.0,8,3,-1,medium,high,0.85,medium,2,,,,2,,witness_ordering,325245
C,C_01222,syringe_handoff,topk_posthoc,0,0,0,0,1,0,0.0,8,3,-1,medium,high,0.85,medium,2,,,,2,,witness_ordering,325246
C,C_01223,syringe_handoff,topk_posthoc,0,0,0,0,1,0,0.0,8,3,-1,medium,high,0.85,medium,2,,,,2,,witness_ordering,325247
C,C_01224,syringe_handoff,topk_posthoc,0,0,0,0,1,0,0.0,8,3,-1,medium,high,0.85,medium,2,,,,2,,witness_ordering,325248
C,C_01225,syringe_handoff,topk_posthoc,0,0,0,0,1,0,0.0,8,3,-1,medium,high,0.85,medium,2,,,,4,,witness_ordering,325249
C,C_01226,syringe_handoff,topk_posthoc,0,0,0,0,1,0,0.0,8,3,-1,medium,high,0.85,medium,2,,,,4,,witness_ordering,325250
C,C_01227,syringe_handoff,topk_posthoc,0,0,0,0,1,0,0.0,8,3,-1,medium,high,0.85,medium,2,,,,4,,witness_ordering,325251
C,C_01228,syringe_handoff,topk_posthoc,0,0,0,0,1,0,0.0,8,3,-1,medium,high,0.85,medium,2,,,,4,,witness_ordering,325252
C,C_01229,syringe_handoff,topk_posthoc,0,0,0,0,1,0,0.0,8,3,-1,medium,high,0.85,medium,2,,,,4,,witness_ordering,325253
C,C_01230,syringe_handoff,topk_posthoc,0,0,0,0,1,0,0.0,8,3,-1,medium,high,0.85,medium,2,,,,4,,witness_ordering,325254
C,C_01231,syringe_handoff,topk_posthoc,0,0,0,0,1,0,0.0,8,3,-1,medium,high,0.85,medium,2,,,,4,,witness_ordering,325255
C,C_01232,syringe_handoff,topk_posthoc,0,0,0,0,1,0,0.0,8,3,-1,medium,high,0.85,medium,2,,,,4,,witness_ordering,325256
C,C_01233,syringe_handoff,topk_posthoc,0,0,0,0,1,0,0.0,8,3,-1,medium,high,0.85,medium,2,,,,4,,witness_ordering,325257
C,C_01234,syringe_handoff,topk_posthoc,0,0,0,0,1,0,0.0,8,3,-1,medium,high,0.85,medium,2,,,,4,,witness_ordering,325258
C,C_01235,syringe_handoff,topk_posthoc,0,0,0,0,1,0,0.0,8,3,-1,medium,high,0.85,medium,2,,,,4,,witness_ordering,325259
C,C_01236,syringe_handoff,topk_posthoc,0,0,0,0,1,0,0.0,8,3,-1,medium,high,0.85,medium,2,,,,4,,witness_ordering,325260
C,C_01237,syringe_handoff,topk_posthoc,0,0,0,0,1,0,0.0,8,3,-1,medium,high,0.85,medium,2,,,,8,,witness_ordering,325261
C,C_01238,syringe_handoff,topk_posthoc,0,0,0,0,1,0,0.0,8,3,-1,medium,high,0.85,medium,2,,,,8,,witness_ordering,325262
C,C_01239,syringe_handoff,topk_posthoc,0,0,0,0,1,0,0.0,8,3,-1,medium,high,0.85,medium,2,,,,8,,witness_ordering,325263
C,C_01240,syringe_handoff,topk_posthoc,0,0,0,0,1,0,0.0,8,3,-1,medium,high,0.85,medium,2,,,,8,,witness_ordering,325264
C,C_01241,syringe_handoff,topk_posthoc,0,0,0,0,1,0,0.0,8,3,-1,medium,high,0.85,medium,2,,,,8,,witness_ordering,325265
C,C_01242,syringe_handoff,topk_posthoc,0,0,0,0,1,0,0.0,8,3,-1,medium,high,0.85,medium,2,,,,8,,witness_ordering,325266
C,C_01243,syringe_handoff,topk_posthoc,0,0,0,0,1,0,0.0,8,3,-1,medium,high,0.85,medium,2,,,,8,,witness_ordering,325267
C,C_01244,syringe_handoff,topk_posthoc,0,0,0,0,1,0,0.0,8,3,-1,medium,high,0.85,medium,2,,,,8,,witness_ordering,325268
C,C_01245,syringe_handoff,topk_posthoc,0,0,0,0,1,0,0.0,8,3,-1,medium,high,0.85,medium,2,,,,8,,witness_ordering,325269
C,C_01246,syringe_handoff,topk_posthoc,0,0,0,0,1,0,0.0,8,3,-1,medium,high,0.85,medium,2,,,,8,,witness_ordering,325270
C,C_01247,syringe_handoff,topk_posthoc,0,0,0,0,1,0,0.0,8,3,-1,medium,high,0.85,medium,2,,,,8,,witness_ordering,325271
C,C_01248,syringe_handoff,topk_posthoc,0,0,0,0,1,0,0.0,8,3,-1,medium,high,0.85,medium,2,,,,8,,witness_ordering,325272
C,C_01249,syringe_handoff,topk_posthoc,0,0,0,0,1,0,0.0,8,3,-1,medium,high,0.85,medium,2,,,,16,,witness_ordering,325273
C,C_01249_base,syringe_handoff,geometric_fc,1,0,1,0,1,0,0.05422456,8,3,-1,medium,high,0.85,medium,2,,,,16,,witness_ordering,325273
C,C_01249_base,syringe_handoff,oracle_sfc,0,0,0,0,1,0,0.0,8,3,-1,medium,high,0.85,medium,2,,,,16,,witness_ordering,325273
C,C_01249_base,syringe_handoff,semantic_only,1,0,1,0,1,0,0.0,8,3,-1,medium,high,0.85,medium,2,,,,16,,witness_ordering,325273
C,C_01249_base,syringe_handoff,posthoc_single,0,0,0,0,1,0,0.05422456,8,3,-1,medium,high,0.85,medium,2,,,,16,,witness_ordering,325273
C,C_01249_base,syringe_handoff,soft_penalty_fc,1,0,1,0,1,0,0.05422456,8,3,-1,medium,high,0.85,medium,2,,,,16,,witness_ordering,325273
C,C_01250,syringe_handoff,topk_posthoc,0,0,0,0,1,0,0.0,8,3,-1,medium,high,0.85,medium,2,,,,16,,witness_ordering,325274
C,C_01250_base,syringe_handoff,geometric_fc,1,0,1,0,1,0,0.05233862,8,3,-1,medium,high,0.85,medium,2,,,,16,,witness_ordering,325274
C,C_01250_base,syringe_handoff,oracle_sfc,0,0,0,0,1,0,0.0,8,3,-1,medium,high,0.85,medium,2,,,,16,,witness_ordering,325274
C,C_01250_base,syringe_handoff,semantic_only,1,0,1,0,1,0,0.0,8,3,-1,medium,high,0.85,medium,2,,,,16,,witness_ordering,325274
C,C_01250_base,syringe_handoff,posthoc_single,0,0,0,0,1,0,0.05233862,8,3,-1,medium,high,0.85,medium,2,,,,16,,witness_ordering,325274
C,C_01250_base,syringe_handoff,soft_penalty_fc,1,0,1,0,1,0,0.05233862,8,3,-1,medium,high,0.85,medium,2,,,,16,,witness_ordering,325274
C,C_01251,syringe_handoff,topk_posthoc,0,0,0,0,1,0,0.0,8,3,-1,medium,high,0.85,medium,2,,,,16,,witness_ordering,325275
C,C_01251_base,syringe_handoff,geometric_fc,1,0,1,0,1,0,0.05777428,8,3,-1,medium,high,0.85,medium,2,,,,16,,witness_ordering,325275
C,C_01251_base,syringe_handoff,oracle_sfc,0,0,0,0,1,0,0.0,8,3,-1,medium,high,0.85,medium,2,,,,16,,witness_ordering,325275
C,C_01251_base,syringe_handoff,semantic_only,1,0,1,0,1,0,0.0,8,3,-1,medium,high,0.85,medium,2,,,,16,,witness_ordering,325275
C,C_01251_base,syringe_handoff,posthoc_single,0,0,0,0,1,0,0.05777428,8,3,-1,medium,high,0.85,medium,2,,,,16,,witness_ordering,325275
C,C_01251_base,syringe_handoff,soft_penalty_fc,1,0,1,0,1,0,0.05777428,8,3,-1,medium,high,0.85,medium,2,,,,16,,witness_ordering,325275
C,C_01252,syringe_handoff,topk_posthoc,0,0,0,0,1,0,0.0,8,3,-1,medium,high,0.85,medium,2,,,,16,,witness_ordering,325276
C,C_01252_base,syringe_handoff,geometric_fc,1,0,1,0,1,0,0.05587094,8,3,-1,medium,high,0.85,medium,2,,,,16,,witness_ordering,325276
C,C_01252_base,syringe_handoff,oracle_sfc,0,0,0,0,1,0,0.0,8,3,-1,medium,high,0.85,medium,2,,,,16,,witness_ordering,325276
C,C_01252_base,syringe_handoff,semantic_only,1,0,1,0,1,0,0.0,8,3,-1,medium,high,0.85,medium,2,,,,16,,witness_ordering,325276
C,C_01252_base,syringe_handoff,posthoc_single,0,0,0,0,1,0,0.05587094,8,3,-1,medium,high,0.85,medium,2,,,,16,,witness_ordering,325276
C,C_01252_base,syringe_handoff,soft_penalty_fc,1,0,1,0,1,0,0.05587094,8,3,-1,medium,high,0.85,medium,2,,,,16,,witness_ordering,325276
C,C_01253,syringe_handoff,topk_posthoc,0,0,0,0,1,0,0.0,8,3,-1,medium,high,0.85,medium,2,,,,16,,witness_ordering,325277
C,C_01253_base,syringe_handoff,geometric_fc,1,0,1,0,1,0,0.05804933,8,3,-1,medium,high,0.85,medium,2,,,,16,,witness_ordering,325277
C,C_01253_base,syringe_handoff,oracle_sfc,0,0,0,0,1,0,0.0,8,3,-1,medium,high,0.85,medium,2,,,,16,,witness_ordering,325277
C,C_01253_base,syringe_handoff,semantic_only,1,0,1,0,1,0,0.0,8,3,-1,medium,high,0.85,medium,2,,,,16,,witness_ordering,325277
C,C_01253_base,syringe_handoff,posthoc_single,0,0,0,0,1,0,0.05804933,8,3,-1,medium,high,0.85,medium,2,,,,16,,witness_ordering,325277
C,C_01253_base,syringe_handoff,soft_penalty_fc,1,0,1,0,1,0,0.05804933,8,3,-1,medium,high,0.85,medium,2,,,,16,,witness_ordering,325277
C,C_01254,syringe_handoff,topk_posthoc,0,0,0,0,1,0,0.0,8,3,-1,medium,high,0.85,medium,2,,,,16,,witness_ordering,325278
C,C_01254_base,syringe_handoff,geometric_fc,1,0,1,0,1,0,0.05083881,8,3,-1,medium,high,0.85,medium,2,,,,16,,witness_ordering,325278
C,C_01254_base,syringe_handoff,oracle_sfc,0,0,0,0,1,0,0.0,8,3,-1,medium,high,0.85,medium,2,,,,16,,witness_ordering,325278
C,C_01254_base,syringe_handoff,semantic_only,1,0,1,0,1,0,0.0,8,3,-1,medium,high,0.85,medium,2,,,,16,,witness_ordering,325278
C,C_01254_base,syringe_handoff,posthoc_single,0,0,0,0,1,0,0.05083881,8,3,-1,medium,high,0.85,medium,2,,,,16,,witness_ordering,325278
C,C_01254_base,syringe_handoff,soft_penalty_fc,1,0,1,0,1,0,0.05083881,8,3,-1,medium,high,0.85,medium,2,,,,16,,witness_ordering,325278
C,C_01255,syringe_handoff,topk_posthoc,0,0,0,0,1,0,0.0,8,3,-1,medium,high,0.85,medium,2,,,,16,,witness_ordering,325279
C,C_01255_base,syringe_handoff,geometric_fc,1,0,1,0,1,0,0.05352848,8,3,-1,medium,high,0.85,medium,2,,,,16,,witness_ordering,325279
C,C_01255_base,syringe_handoff,oracle_sfc,0,0,0,0,1,0,0.0,8,3,-1,medium,high,0.85,medium,2,,,,16,,witness_ordering,325279
C,C_01255_base,syringe_handoff,semantic_only,1,0,1,0,1,0,0.0,8,3,-1,medium,high,0.85,medium,2,,,,16,,witness_ordering,325279
C,C_01255_base,syringe_handoff,posthoc_single,0,0,0,0,1,0,0.05352848,8,3,-1,medium,high,0.85,medium,2,,,,16,,witness_ordering,325279
C,C_01255_base,syringe_handoff,soft_penalty_fc,1,0,1,0,1,0,0.05352848,8,3,-1,medium,high,0.85,medium,2,,,,16,,witness_ordering,325279
C,C_01256,syringe_handoff,topk_posthoc,0,0,0,0,1,0,0.0,8,3,-1,medium,high,0.85,medium,2,,,,16,,witness_ordering,325280
C,C_01256_base,syringe_handoff,geometric_fc,1,0,1,0,1,0,0.05603385,8,3,-1,medium,high,0.85,medium,2,,,,16,,witness_ordering,325280
C,C_01256_base,syringe_handoff,oracle_sfc,0,0,0,0,1,0,0.0,8,3,-1,medium,high,0.85,medium,2,,,,16,,witness_ordering,325280
C,C_01256_base,syringe_handoff,semantic_only,1,0,1,0,1,0,0.0,8,3,-1,medium,high,0.85,medium,2,,,,16,,witness_ordering,325280
C,C_01256_base,syringe_handoff,posthoc_single,0,0,0,0,1,0,0.05603385,8,3,-1,medium,high,0.85,medium,2,,,,16,,witness_ordering,325280
C,C_01256_base,syringe_handoff,soft_penalty_fc,1,0,1,0,1,0,0.05603385,8,3,-1,medium,high,0.85,medium,2,,,,16,,witness_ordering,325280
C,C_01257,syringe_handoff,topk_posthoc,0,0,0,0,1,0,0.0,8,3,-1,medium,high,0.85,medium,2,,,,16,,witness_ordering,325281
C,C_01257_base,syringe_handoff,geometric_fc,1,0,1,0,1,0,0.05703272,8,3,-1,medium,high,0.85,medium,2,,,,16,,witness_ordering,325281
C,C_01257_base,syringe_handoff,oracle_sfc,0,0,0,0,1,0,0.0,8,3,-1,medium,high,0.85,medium,2,,,,16,,witness_ordering,325281
C,C_01257_base,syringe_handoff,semantic_only,1,0,1,0,1,0,0.0,8,3,-1,medium,high,0.85,medium,2,,,,16,,witness_ordering,325281
C,C_01257_base,syringe_handoff,posthoc_single,0,0,0,0,1,0,0.05703272,8,3,-1,medium,high,0.85,medium,2,,,,16,,witness_ordering,325281
C,C_01257_base,syringe_handoff,soft_penalty_fc,1,0,1,0,1,0,0.05703272,8,3,-1,medium,high,0.85,medium,2,,,,16,,witness_ordering,325281
C,C_01258,syringe_handoff,topk_posthoc,0,0,0,0,1,0,0.0,8,3,-1,medium,high,0.85,medium,2,,,,16,,witness_ordering,325282
C,C_01258_base,syringe_handoff,geometric_fc,1,0,1,0,1,0,0.0557191,8,3,-1,medium,high,0.85,medium,2,,,,16,,witness_ordering,325282
C,C_01258_base,syringe_handoff,oracle_sfc,0,0,0,0,1,0,0.0,8,3,-1,medium,high,0.85,medium,2,,,,16,,witness_ordering,325282
C,C_01258_base,syringe_handoff,semantic_only,1,0,1,0,1,0,0.0,8,3,-1,medium,high,0.85,medium,2,,,,16,,witness_ordering,325282
C,C_01258_base,syringe_handoff,posthoc_single,0,0,0,0,1,0,0.0557191,8,3,-1,medium,high,0.85,medium,2,,,,16,,witness_ordering,325282
C,C_01258_base,syringe_handoff,soft_penalty_fc,1,0,1,0,1,0,0.0557191,8,3,-1,medium,high,0.85,medium,2,,,,16,,witness_ordering,325282
C,C_01259,syringe_handoff,topk_posthoc,0,0,0,0,1,0,0.0,8,3,-1,medium,high,0.85,medium,2,,,,16,,witness_ordering,325283
C,C_01259_base,syringe_handoff,geometric_fc,1,0,1,0,1,0,0.05326365,8,3,-1,medium,high,0.85,medium,2,,,,16,,witness_ordering,325283
C,C_01259_base,syringe_handoff,oracle_sfc,0,0,0,0,1,0,0.0,8,3,-1,medium,high,0.85,medium,2,,,,16,,witness_ordering,325283
C,C_01259_base,syringe_handoff,semantic_only,1,0,1,0,1,0,0.0,8,3,-1,medium,high,0.85,medium,2,,,,16,,witness_ordering,325283
C,C_01259_base,syringe_handoff,posthoc_single,0,0,0,0,1,0,0.05326365,8,3,-1,medium,high,0.85,medium,2,,,,16,,witness_ordering,325283
C,C_01259_base,syringe_handoff,soft_penalty_fc,1,0,1,0,1,0,0.05326365,8,3,-1,medium,high,0.85,medium,2,,,,16,,witness_ordering,325283
C,C_01260,syringe_handoff,topk_posthoc,0,0,0,0,1,0,0.0,8,3,-1,medium,high,0.85,medium,2,,,,16,,witness_ordering,325284
C,C_01260_base,syringe_handoff,geometric_fc,1,0,1,0,1,0,0.05534747,8,3,-1,medium,high,0.85,medium,2,,,,16,,witness_ordering,325284
C,C_01260_base,syringe_handoff,oracle_sfc,0,0,0,0,1,0,0.0,8,3,-1,medium,high,0.85,medium,2,,,,16,,witness_ordering,325284
C,C_01260_base,syringe_handoff,semantic_only,1,0,1,0,1,0,0.0,8,3,-1,medium,high,0.85,medium,2,,,,16,,witness_ordering,325284
C,C_01260_base,syringe_handoff,posthoc_single,0,0,0,0,1,0,0.05534747,8,3,-1,medium,high,0.85,medium,2,,,,16,,witness_ordering,325284
C,C_01260_base,syringe_handoff,soft_penalty_fc,1,0,1,0,1,0,0.05534747,8,3,-1,medium,high,0.85,medium,2,,,,16,,witness_ordering,325284
C,C_01261,pan_carry,topk_posthoc,0,0,0,0,1,0,0.0,11,4,-1,medium,high,0.25,medium,2,,,,1,,witness_ordering,325285
C,C_01261_base,pan_carry,geometric_fc,1,0,1,0,1,0,0.03705421,11,4,-1,medium,high,0.25,medium,2,,,,1,,witness_ordering,325285
C,C_01261_base,pan_carry,oracle_sfc,0,0,0,0,1,0,0.0,11,4,-1,medium,high,0.25,medium,2,,,,1,,witness_ordering,325285
C,C_01261_base,pan_carry,semantic_only,1,0,1,0,1,0,0.0,11,4,-1,medium,high,0.25,medium,2,,,,1,,witness_ordering,325285
C,C_01261_base,pan_carry,posthoc_single,0,0,0,0,1,0,0.03705421,11,4,-1,medium,high,0.25,medium,2,,,,1,,witness_ordering,325285
C,C_01261_base,pan_carry,soft_penalty_fc,1,0,1,0,1,0,0.03705421,11,4,-1,medium,high,0.25,medium,2,,,,1,,witness_ordering,325285
C,C_01262,pan_carry,topk_posthoc,0,0,0,0,1,0,0.0,11,4,-1,medium,high,0.25,medium,2,,,,1,,witness_ordering,325286
C,C_01262_base,pan_carry,geometric_fc,1,0,1,0,1,0,0.03809208,11,4,-1,medium,high,0.25,medium,2,,,,1,,witness_ordering,325286
C,C_01262_base,pan_carry,oracle_sfc,0,0,0,0,1,0,0.0,11,4,-1,medium,high,0.25,medium,2,,,,1,,witness_ordering,325286
C,C_01262_base,pan_carry,semantic_only,1,0,1,0,1,0,0.0,11,4,-1,medium,high,0.25,medium,2,,,,1,,witness_ordering,325286
C,C_01262_base,pan_carry,posthoc_single,0,0,0,0,1,0,0.03809208,11,4,-1,medium,high,0.25,medium,2,,,,1,,witness_ordering,325286
C,C_01262_base,pan_carry,soft_penalty_fc,1,0,1,0,1,0,0.03809208,11,4,-1,medium,high,0.25,medium,2,,,,1,,witness_ordering,325286
C,C_01263,pan_carry,topk_posthoc,0,0,0,1,1,1,0.0,11,4,-1,medium,high,0.25,medium,2,,,,1,,witness_ordering,325287
C,C_01263_base,pan_carry,geometric_fc,1,0,1,1,1,1,0.03555687,11,4,-1,medium,high,0.25,medium,2,,,,1,,witness_ordering,325287
C,C_01263_base,pan_carry,oracle_sfc,1,1,0,0,1,1,0.004359,11,4,-1,medium,high,0.25,medium,2,,,,1,,witness_ordering,325287
C,C_01263_base,pan_carry,semantic_only,1,1,0,0,1,1,0.0,11,4,-1,medium,high,0.25,medium,2,,,,1,,witness_ordering,325287
C,C_01263_base,pan_carry,posthoc_single,0,0,0,1,1,1,0.03555687,11,4,-1,medium,high,0.25,medium,2,,,,1,,witness_ordering,325287
C,C_01263_base,pan_carry,soft_penalty_fc,1,0,1,1,1,1,0.03555687,11,4,-1,medium,high,0.25,medium,2,,,,1,,witness_ordering,325287
C,C_01264,pan_carry,topk_posthoc,0,0,0,0,1,0,0.0,11,4,-1,medium,high,0.25,medium,2,,,,1,,witness_ordering,325288
C,C_01264_base,pan_carry,geometric_fc,1,0,1,0,1,0,0.03721661,11,4,-1,medium,high,0.25,medium,2,,,,1,,witness_ordering,325288
C,C_01264_base,pan_carry,oracle_sfc,0,0,0,0,1,0,0.0,11,4,-1,medium,high,0.25,medium,2,,,,1,,witness_ordering,325288
C,C_01264_base,pan_carry,semantic_only,1,0,1,0,1,0,0.0,11,4,-1,medium,high,0.25,medium,2,,,,1,,witness_ordering,325288
C,C_01264_base,pan_carry,posthoc_single,0,0,0,0,1,0,0.03721661,11,4,-1,medium,high,0.25,medium,2,,,,1,,witness_ordering,325288
C,C_01264_base,pan_carry,soft_penalty_fc,1,0,1,0,1,0,0.03721661,11,4,-1,medium,high,0.25,medium,2,,,,1,,witness_ordering,325288
C,C_01265,pan_carry,topk_posthoc,0,0,0,1,1,1,0.0,11,4,-1,medium,high,0.25,medium,2,,,,1,,witness_ordering,325289
C,C_01265_base,pan_carry,geometric_fc,1,0,1,1,1,1,0.03560424,11,4,-1,medium,high,0.25,medium,2,,,,1,,witness_ordering,325289
C,C_01265_base,pan_carry,oracle_sfc,1,1,0,0,1,1,0.02742746,11,4,-1,medium,high,0.25,medium,2,,,,1,,witness_ordering,325289
C,C_01265_base,pan_carry,semantic_only,1,1,0,0,1,1,0.0,11,4,-1,medium,high,0.25,medium,2,,,,1,,witness_ordering,325289
C,C_01265_base,pan_carry,posthoc_single,0,0,0,1,1,1,0.03560424,11,4,-1,medium,high,0.25,medium,2,,,,1,,witness_ordering,325289
C,C_01265_base,pan_carry,soft_penalty_fc,1,0,1,1,1,1,0.03560424,11,4,-1,medium,high,0.25,medium,2,,,,1,,witness_ordering,325289
C,C_01266,pan_carry,topk_posthoc,0,0,0,1,1,1,0.0,11,4,-1,medium,high,0.25,medium,2,,,,1,,witness_ordering,325290
C,C_01266_base,pan_carry,geometric_fc,1,0,1,1,1,1,0.03456604,11,4,-1,medium,high,0.25,medium,2,,,,1,,witness_ordering,325290
C,C_01266_base,pan_carry,oracle_sfc,1,1,0,0,1,1,0.01339355,11,4,-1,medium,high,0.25,medium,2,,,,1,,witness_ordering,325290
C,C_01266_base,pan_carry,semantic_only,1,1,0,0,1,1,0.0,11,4,-1,medium,high,0.25,medium,2,,,,1,,witness_ordering,325290
C,C_01266_base,pan_carry,posthoc_single,0,0,0,1,1,1,0.03456604,11,4,-1,medium,high,0.25,medium,2,,,,1,,witness_ordering,325290
C,C_01266_base,pan_carry,soft_penalty_fc,1,0,1,1,1,1,0.03456604,11,4,-1,medium,high,0.25,medium,2,,,,1,,witness_ordering,325290
C,C_01267,pan_carry,topk_posthoc,0,0,0,0,1,0,0.0,11,4,-1,medium,high,0.25,medium,2,,,,1,,witness_ordering,325291
C,C_01267_base,pan_carry,geometric_fc,1,0,1,0,1,0,0.03982468,11,4,-1,medium,high,0.25,medium,2,,,,1,,witness_ordering,325291
C,C_01267_base,pan_carry,oracle_sfc,0,0,0,0,1,0,0.0,11,4,-1,medium,high,0.25,medium,2,,,,1,,witness_ordering,325291
C,C_01267_base,pan_carry,semantic_only,1,0,1,0,1,0,0.0,11,4,-1,medium,high,0.25,medium,2,,,,1,,witness_ordering,325291
C,C_01267_base,pan_carry,posthoc_single,0,0,0,0,1,0,0.03982468,11,4,-1,medium,high,0.25,medium,2,,,,1,,witness_ordering,325291
C,C_01267_base,pan_carry,soft_penalty_fc,1,0,1,0,1,0,0.03982468,11,4,-1,medium,high,0.25,medium,2,,,,1,,witness_ordering,325291
C,C_01268,pan_carry,topk_posthoc,0,0,0,1,1,1,0.0,11,4,-1,medium,high,0.25,medium,2,,,,1,,witness_ordering,325292
C,C_01268_base,pan_carry,geometric_fc,1,0,1,1,1,1,0.03838412,11,4,-1,medium,high,0.25,medium,2,,,,1,,witness_ordering,325292
C,C_01268_base,pan_carry,oracle_sfc,1,1,0,0,1,1,0.00572266,11,4,-1,medium,high,0.25,medium,2,,,,1,,witness_ordering,325292
C,C_01268_base,pan_carry,semantic_only,1,1,0,0,1,1,0.0,11,4,-1,medium,high,0.25,medium,2,,,,1,,witness_ordering,325292
C,C_01268_base,pan_carry,posthoc_single,0,0,0,1,1,1,0.03838412,11,4,-1,medium,high,0.25,medium,2,,,,1,,witness_ordering,325292
C,C_01268_base,pan_carry,soft_penalty_fc,1,0,1,1,1,1,0.03838412,11,4,-1,medium,high,0.25,medium,2,,,,1,,witness_ordering,325292
C,C_01269,pan_carry,topk_posthoc,0,0,0,0,1,0,0.0,11,4,-1,medium,high,0.25,medium,2,,,,1,,witness_ordering,325293
C,C_01269_base,pan_carry,geometric_fc,1,0,1,0,1,0,0.03777047,11,4,-1,medium,high,0.25,medium,2,,,,1,,witness_ordering,325293
C,C_01269_base,pan_carry,oracle_sfc,0,0,0,0,1,0,0.0,11,4,-1,medium,high,0.25,medium,2,,,,1,,witness_ordering,325293
C,C_01269_base,pan_carry,semantic_only,1,0,1,0,1,0,0.0,11,4,-1,medium,high,0.25,medium,2,,,,1,,witness_ordering,325293
C,C_01269_base,pan_carry,posthoc_single,0,0,0,0,1,0,0.03777047,11,4,-1,medium,high,0.25,medium,2,,,,1,,witness_ordering,325293
C,C_01269_base,pan_carry,soft_penalty_fc,1,0,1,0,1,0,0.03777047,11,4,-1,medium,high,0.25,medium,2,,,,1,,witness_ordering,325293
C,C_01270,pan_carry,topk_posthoc,0,0,0,0,1,0,0.0,11,4,-1,medium,high,0.25,medium,2,,,,1,,witness_ordering,325294
C,C_01270_base,pan_carry,geometric_fc,1,0,1,0,1,0,0.03880996,11,4,-1,medium,high,0.25,medium,2,,,,1,,witness_ordering,325294
C,C_01270_base,pan_carry,oracle_sfc,0,0,0,0,1,0,0.0,11,4,-1,medium,high,0.25,medium,2,,,,1,,witness_ordering,325294
C,C_01270_base,pan_carry,semantic_only,1,0,1,0,1,0,0.0,11,4,-1,medium,high,0.25,medium,2,,,,1,,witness_ordering,325294
C,C_01270_base,pan_carry,posthoc_single,0,0,0,0,1,0,0.03880996,11,4,-1,medium,high,0.25,medium,2,,,,1,,witness_ordering,325294
C,C_01270_base,pan_carry,soft_penalty_fc,1,0,1,0,1,0,0.03880996,11,4,-1,medium,high,0.25,medium,2,,,,1,,witness_ordering,325294
C,C_01271,pan_carry,topk_posthoc,0,0,0,0,1,0,0.0,11,4,-1,medium,high,0.25,medium,2,,,,1,,witness_ordering,325295
C,C_01271_base,pan_carry,geometric_fc,1,0,1,0,1,0,0.03703187,11,4,-1,medium,high,0.25,medium,2,,,,1,,witness_ordering,325295
C,C_01271_base,pan_carry,oracle_sfc,0,0,0,0,1,0,0.0,11,4,-1,medium,high,0.25,medium,2,,,,1,,witness_ordering,325295
C,C_01271_base,pan_carry,semantic_only,1,0,1,0,1,0,0.0,11,4,-1,medium,high,0.25,medium,2,,,,1,,witness_ordering,325295
C,C_01271_base,pan_carry,posthoc_single,0,0,0,0,1,0,0.03703187,11,4,-1,medium,high,0.25,medium,2,,,,1,,witness_ordering,325295
C,C_01271_base,pan_carry,soft_penalty_fc,1,0,1,0,1,0,0.03703187,11,4,-1,medium,high,0.25,medium,2,,,,1,,witness_ordering,325295
C,C_01272,pan_carry,topk_posthoc,0,0,0,0,1,0,0.0,11,4,-1,medium,high,0.25,medium,2,,,,1,,witness_ordering,325296
C,C_01272_base,pan_carry,geometric_fc,1,0,1,0,1,0,0.03716122,11,4,-1,medium,high,0.25,medium,2,,,,1,,witness_ordering,325296
C,C_01272_base,pan_carry,oracle_sfc,0,0,0,0,1,0,0.0,11,4,-1,medium,high,0.25,medium,2,,,,1,,witness_ordering,325296
C,C_01272_base,pan_carry,semantic_only,1,0,1,0,1,0,0.0,11,4,-1,medium,high,0.25,medium,2,,,,1,,witness_ordering,325296
C,C_01272_base,pan_carry,posthoc_single,0,0,0,0,1,0,0.03716122,11,4,-1,medium,high,0.25,medium,2,,,,1,,witness_ordering,325296
C,C_01272_base,pan_carry,soft_penalty_fc,1,0,1,0,1,0,0.03716122,11,4,-1,medium,high,0.25,medium,2,,,,1,,witness_ordering,325296
C,C_01273,pan_carry,topk_posthoc,0,0,0,0,1,0,0.0,11,4,-1,medium,high,0.25,medium,2,,,,2,,witness_ordering,325297
C,C_01274,pan_carry,topk_posthoc,0,0,0,0,1,0,0.0,11,4,-1,medium,high,0.25,medium,2,,,,2,,witness_ordering,325298
C,C_01275,pan_carry,topk_posthoc,0,0,0,0,1,0,0.0,11,4,-1,medium,high,0.25,medium,2,,,,2,,witness_ordering,325299
C,C_01276,pan_carry,topk_posthoc,0,0,0,0,1,0,0.0,11,4,-1,medium,high,0.25,medium,2,,,,2,,witness_ordering,325300
C,C_01277,pan_carry,topk_posthoc,0,0,0,0,1,0,0.0,11,4,-1,medium,high,0.25,medium,2,,,,2,,witness_ordering,325301
C,C_01278,pan_carry,topk_posthoc,0,0,0,1,1,1,0.0,11,4,-1,medium,high,0.25,medium,2,,,,2,,witness_ordering,325302
C,C_01279,pan_carry,topk_posthoc,0,0,0,0,1,0,0.0,11,4,-1,medium,high,0.25,medium,2,,,,2,,witness_ordering,325303
C,C_01280,pan_carry,topk_posthoc,0,0,0,0,1,0,0.0,11,4,-1,medium,high,0.25,medium,2,,,,2,,witness_ordering,325304
C,C_01281,pan_carry,topk_posthoc,0,0,0,0,1,0,0.0,11,4,-1,medium,high,0.25,medium,2,,,,2,,witness_ordering,325305
C,C_01282,pan_carry,topk_posthoc,0,0,0,0,1,0,0.0,11,4,-1,medium,high,0.25,medium,2,,,,2,,witness_ordering,325306
C,C_01283,pan_carry,topk_posthoc,0,0,0,0,1,0,0.0,11,4,-1,medium,high,0.25,medium,2,,,,2,,witness_ordering,325307
C,C_01284,pan_carry,topk_posthoc,0,0,0,0,1,0,0.0,11,4,-1,medium,high,0.25,medium,2,,,,2,,witness_ordering,325308
C,C_01285,pan_carry,topk_posthoc,0,0,0,0,1,0,0.0,11,4,-1,medium,high,0.25,medium,2,,,,4,,witness_ordering,325309
C,C_01286,pan_carry,topk_posthoc,0,0,0,0,1,0,0.0,11,4,-1,medium,high,0.25,medium,2,,,,4,,witness_ordering,325310
C,C_01287,pan_carry,topk_posthoc,0,0,0,0,1,0,0.0,11,4,-1,medium,high,0.25,medium,2,,,,4,,witness_ordering,325311
C,C_01288,pan_carry,topk_posthoc,0,0,0,0,1,0,0.0,11,4,-1,medium,high,0.25,medium,2,,,,4,,witness_ordering,325312
C,C_01289,pan_carry,topk_posthoc,0,0,0,0,1,0,0.0,11,4,-1,medium,high,0.25,medium,2,,,,4,,witness_ordering,325313
C,C_01290,pan_carry,topk_posthoc,0,0,0,0,1,0,0.0,11,4,-1,medium,high,0.25,medium,2,,,,4,,witness_ordering,325314
C,C_01291,pan_carry,topk_posthoc,0,0,0,0,1,0,0.0,11,4,-1,medium,high,0.25,medium,2,,,,4,,witness_ordering,325315
C,C_01292,pan_carry,topk_posthoc,0,0,0,0,1,0,0.0,11,4,-1,medium,high,0.25,medium,2,,,,4,,witness_ordering,325316
C,C_01293,pan_carry,topk_posthoc,0,0,0,0,1,0,0.0,11,4,-1,medium,high,0.25,medium,2,,,,4,,witness_ordering,325317
C,C_01294,pan_carry,topk_posthoc,0,0,0,0,1,0,0.0,11,4,-1,medium,high,0.25,medium,2,,,,4,,witness_ordering,325318
C,C_01295,pan_carry,topk_posthoc,0,0,0,0,1,0,0.0,11,4,-1,medium,high,0.25,medium,2,,,,4,,witness_ordering,325319
C,C_01296,pan_carry,topk_posthoc,0,0,0,1,1,1,0.0,11,4,-1,medium,high,0.25,medium,2,,,,4,,witness_ordering,325320
C,C_01297,pan_carry,topk_posthoc,0,0,0,0,1,0,0.0,11,4,-1,medium,high,0.25,medium,2,,,,8,,witness_ordering,325321
C,C_01298,pan_carry,topk_posthoc,0,0,0,0,1,0,0.0,11,4,-1,medium,high,0.25,medium,2,,,,8,,witness_ordering,325322
C,C_01299,pan_carry,topk_posthoc,0,0,0,0,1,0,0.0,11,4,-1,medium,high,0.25,medium,2,,,,8,,witness_ordering,325323
C,C_01300,pan_carry,topk_posthoc,0,0,0,0,1,0,0.0,11,4,-1,medium,high,0.25,medium,2,,,,8,,witness_ordering,325324
C,C_01301,pan_carry,topk_posthoc,0,0,0,0,1,0,0.0,11,4,-1,medium,high,0.25,medium,2,,,,8,,witness_ordering,325325
C,C_01302,pan_carry,topk_posthoc,0,0,0,0,1,0,0.0,11,4,-1,medium,high,0.25,medium,2,,,,8,,witness_ordering,325326
C,C_01303,pan_carry,topk_posthoc,0,0,0,0,1,0,0.0,11,4,-1,medium,high,0.25,medium,2,,,,8,,witness_ordering,325327
C,C_01304,pan_carry,topk_posthoc,0,0,0,0,1,0,0.0,11,4,-1,medium,high,0.25,medium,2,,,,8,,witness_ordering,325328
C,C_01305,pan_carry,topk_posthoc,0,0,0,0,1,0,0.0,11,4,-1,medium,high,0.25,medium,2,,,,8,,witness_ordering,325329
C,C_01306,pan_carry,topk_posthoc,0,0,0,0,1,0,0.0,11,4,-1,medium,high,0.25,medium,2,,,,8,,witness_ordering,325330
C,C_01307,pan_carry,topk_posthoc,0,0,0,0,1,0,0.0,11,4,-1,medium,high,0.25,medium,2,,,,8,,witness_ordering,325331
C,C_01308,pan_carry,topk_posthoc,0,0,0,0,1,0,0.0,11,4,-1,medium,high,0.25,medium,2,,,,8,,witness_ordering,325332
C,C_01309,pan_carry,topk_posthoc,0,0,0,0,1,0,0.0,11,4,-1,medium,high,0.25,medium,2,,,,16,,witness_ordering,325333
C,C_01309_base,pan_carry,geometric_fc,1,0,1,0,1,0,0.036241,11,4,-1,medium,high,0.25,medium,2,,,,16,,witness_ordering,325333
C,C_01309_base,pan_carry,oracle_sfc,0,0,0,0,1,0,0.0,11,4,-1,medium,high,0.25,medium,2,,,,16,,witness_ordering,325333
C,C_01309_base,pan_carry,semantic_only,1,0,1,0,1,0,0.0,11,4,-1,medium,high,0.25,medium,2,,,,16,,witness_ordering,325333
C,C_01309_base,pan_carry,posthoc_single,0,0,0,0,1,0,0.036241,11,4,-1,medium,high,0.25,medium,2,,,,16,,witness_ordering,325333
C,C_01309_base,pan_carry,soft_penalty_fc,1,0,1,0,1,0,0.036241,11,4,-1,medium,high,0.25,medium,2,,,,16,,witness_ordering,325333
C,C_01310,pan_carry,topk_posthoc,0,0,0,0,1,0,0.0,11,4,-1,medium,high,0.25,medium,2,,,,16,,witness_ordering,325334
C,C_01310_base,pan_carry,geometric_fc,1,0,1,0,1,0,0.03823997,11,4,-1,medium,high,0.25,medium,2,,,,16,,witness_ordering,325334
C,C_01310_base,pan_carry,oracle_sfc,0,0,0,0,1,0,0.0,11,4,-1,medium,high,0.25,medium,2,,,,16,,witness_ordering,325334
C,C_01310_base,pan_carry,semantic_only,1,0,1,0,1,0,0.0,11,4,-1,medium,high,0.25,medium,2,,,,16,,witness_ordering,325334
C,C_01310_base,pan_carry,posthoc_single,0,0,0,0,1,0,0.03823997,11,4,-1,medium,high,0.25,medium,2,,,,16,,witness_ordering,325334
C,C_01310_base,pan_carry,soft_penalty_fc,1,0,1,0,1,0,0.03823997,11,4,-1,medium,high,0.25,medium,2,,,,16,,witness_ordering,325334
C,C_01311,pan_carry,topk_posthoc,0,0,0,0,1,0,0.0,11,4,-1,medium,high,0.25,medium,2,,,,16,,witness_ordering,325335
C,C_01311_base,pan_carry,geometric_fc,1,0,1,0,1,0,0.03748368,11,4,-1,medium,high,0.25,medium,2,,,,16,,witness_ordering,325335
C,C_01311_base,pan_carry,oracle_sfc,0,0,0,0,1,0,0.0,11,4,-1,medium,high,0.25,medium,2,,,,16,,witness_ordering,325335
C,C_01311_base,pan_carry,semantic_only,1,0,1,0,1,0,0.0,11,4,-1,medium,high,0.25,medium,2,,,,16,,witness_ordering,325335
C,C_01311_base,pan_carry,posthoc_single,0,0,0,0,1,0,0.03748368,11,4,-1,medium,high,0.25,medium,2,,,,16,,witness_ordering,325335
C,C_01311_base,pan_carry,soft_penalty_fc,1,0,1,0,1,0,0.03748368,11,4,-1,medium,high,0.25,medium,2,,,,16,,witness_ordering,325335
C,C_01312,pan_carry,topk_posthoc,0,0,0,0,1,0,0.0,11,4,-1,medium,high,0.25,medium,2,,,,16,,witness_ordering,325336
C,C_01312_base,pan_carry,geometric_fc,1,0,1,0,1,0,0.03947409,11,4,-1,medium,high,0.25,medium,2,,,,16,,witness_ordering,325336
C,C_01312_base,pan_carry,oracle_sfc,0,0,0,0,1,0,0.0,11,4,-1,medium,high,0.25,medium,2,,,,16,,witness_ordering,325336
C,C_01312_base,pan_carry,semantic_only,1,0,1,0,1,0,0.0,11,4,-1,medium,high,0.25,medium,2,,,,16,,witness_ordering,325336
C,C_01312_base,pan_carry,posthoc_single,0,0,0,0,1,0,0.03947409,11,4,-1,medium,high,0.25,medium,2,,,,16,,witness_ordering,325336
C,C_01312_base,pan_carry,soft_penalty_fc,1,0,1,0,1,0,0.03947409,11,4,-1,medium,high,0.25,medium,2,,,,16,,witness_ordering,325336
C,C_01313,pan_carry,topk_posthoc,0,0,0,0,1,0,0.0,11,4,-1,medium,high,0.25,medium,2,,,,16,,witness_ordering,325337
C,C_01313_base,pan_carry,geometric_fc,1,0,1,0,1,0,0.03714413,11,4,-1,medium,high,0.25,medium,2,,,,16,,witness_ordering,325337
C,C_01313_base,pan_carry,oracle_sfc,0,0,0,0,1,0,0.0,11,4,-1,medium,high,0.25,medium,2,,,,16,,witness_ordering,325337
C,C_01313_base,pan_carry,semantic_only,1,0,1,0,1,0,0.0,11,4,-1,medium,high,0.25,medium,2,,,,16,,witness_ordering,325337
C,C_01313_base,pan_carry,posthoc_single,0,0,0,0,1,0,0.03714413,11,4,-1,medium,high,0.25,medium,2,,,,16,,witness_ordering,325337
C,C_01313_base,pan_carry,soft_penalty_fc,1,0,1,0,1,0,0.03714413,11,4,-1,medium,high,0.25,medium,2,,,,16,,witness_ordering,325337
C,C_01314,pan_carry,topk_posthoc,0,0,0,0,1,0,0.0,11,4,-1,medium,high,0.25,medium,2,,,,16,,witness_ordering,325338
C,C_01314_base,pan_carry,geometric_fc,1,0,1,0,1,0,0.0382781,11,4,-1,medium,high,0.25,medium,2,,,,16,,witness_ordering,325338
C,C_01314_base,pan_carry,oracle_sfc,0,0,0,0,1,0,0.0,11,4,-1,medium,high,0.25,medium,2,,,,16,,witness_ordering,325338
C,C_01314_base,pan_carry,semantic_only,1,0,1,0,1,0,0.0,11,4,-1,medium,high,0.25,medium,2,,,,16,,witness_ordering,325338
C,C_01314_base,pan_carry,posthoc_single,0,0,0,0,1,0,0.0382781,11,4,-1,medium,high,0.25,medium,2,,,,16,,witness_ordering,325338
C,C_01314_base,pan_carry,soft_penalty_fc,1,0,1,0,1,0,0.0382781,11,4,-1,medium,high,0.25,medium,2,,,,16,,witness_ordering,325338
C,C_01315,pan_carry,topk_posthoc,0,0,0,0,1,0,0.0,11,4,-1,medium,high,0.25,medium,2,,,,16,,witness_ordering,325339
C,C_01315_base,pan_carry,geometric_fc,1,0,1,0,1,0,0.0360244,11,4,-1,medium,high,0.25,medium,2,,,,16,,witness_ordering,325339
C,C_01315_base,pan_carry,oracle_sfc,0,0,0,0,1,0,0.0,11,4,-1,medium,high,0.25,medium,2,,,,16,,witness_ordering,325339
C,C_01315_base,pan_carry,semantic_only,1,0,1,0,1,0,0.0,11,4,-1,medium,high,0.25,medium,2,,,,16,,witness_ordering,325339
C,C_01315_base,pan_carry,posthoc_single,0,0,0,0,1,0,0.0360244,11,4,-1,medium,high,0.25,medium,2,,,,16,,witness_ordering,325339
C,C_01315_base,pan_carry,soft_penalty_fc,1,0,1,0,1,0,0.0360244,11,4,-1,medium,high,0.25,medium,2,,,,16,,witness_ordering,325339
C,C_01316,pan_carry,topk_posthoc,0,0,0,0,1,0,0.0,11,4,-1,medium,high,0.25,medium,2,,,,16,,witness_ordering,325340
C,C_01316_base,pan_carry,geometric_fc,1,0,1,0,1,0,0.03678143,11,4,-1,medium,high,0.25,medium,2,,,,16,,witness_ordering,325340
C,C_01316_base,pan_carry,oracle_sfc,0,0,0,0,1,0,0.0,11,4,-1,medium,high,0.25,medium,2,,,,16,,witness_ordering,325340
C,C_01316_base,pan_carry,semantic_only,1,0,1,0,1,0,0.0,11,4,-1,medium,high,0.25,medium,2,,,,16,,witness_ordering,325340
C,C_01316_base,pan_carry,posthoc_single,0,0,0,0,1,0,0.03678143,11,4,-1,medium,high,0.25,medium,2,,,,16,,witness_ordering,325340
C,C_01316_base,pan_carry,soft_penalty_fc,1,0,1,0,1,0,0.03678143,11,4,-1,medium,high,0.25,medium,2,,,,16,,witness_ordering,325340
C,C_01317,pan_carry,topk_posthoc,0,0,0,0,1,0,0.0,11,4,-1,medium,high,0.25,medium,2,,,,16,,witness_ordering,325341
C,C_01317_base,pan_carry,geometric_fc,1,0,1,0,1,0,0.03578898,11,4,-1,medium,high,0.25,medium,2,,,,16,,witness_ordering,325341
C,C_01317_base,pan_carry,oracle_sfc,0,0,0,0,1,0,0.0,11,4,-1,medium,high,0.25,medium,2,,,,16,,witness_ordering,325341
C,C_01317_base,pan_carry,semantic_only,1,0,1,0,1,0,0.0,11,4,-1,medium,high,0.25,medium,2,,,,16,,witness_ordering,325341
C,C_01317_base,pan_carry,posthoc_single,0,0,0,0,1,0,0.03578898,11,4,-1,medium,high,0.25,medium,2,,,,16,,witness_ordering,325341
C,C_01317_base,pan_carry,soft_penalty_fc,1,0,1,0,1,0,0.03578898,11,4,-1,medium,high,0.25,medium,2,,,,16,,witness_ordering,325341
C,C_01318,pan_carry,topk_posthoc,0,0,0,0,1,0,0.0,11,4,-1,medium,high,0.25,medium,2,,,,16,,witness_ordering,325342
C,C_01318_base,pan_carry,geometric_fc,1,0,1,0,1,0,0.03737956,11,4,-1,medium,high,0.25,medium,2,,,,16,,witness_ordering,325342
C,C_01318_base,pan_carry,oracle_sfc,0,0,0,0,1,0,0.0,11,4,-1,medium,high,0.25,medium,2,,,,16,,witness_ordering,325342
C,C_01318_base,pan_carry,semantic_only,1,0,1,0,1,0,0.0,11,4,-1,medium,high,0.25,medium,2,,,,16,,witness_ordering,325342
C,C_01318_base,pan_carry,posthoc_single,0,0,0,0,1,0,0.03737956,11,4,-1,medium,high,0.25,medium,2,,,,16,,witness_ordering,325342
C,C_01318_base,pan_carry,soft_penalty_fc,1,0,1,0,1,0,0.03737956,11,4,-1,medium,high,0.25,medium,2,,,,16,,witness_ordering,325342
C,C_01319,pan_carry,topk_posthoc,0,0,0,0,1,0,0.0,11,4,-1,medium,high,0.25,medium,2,,,,16,,witness_ordering,325343
C,C_01319_base,pan_carry,geometric_fc,1,0,1,0,1,0,0.03886306,11,4,-1,medium,high,0.25,medium,2,,,,16,,witness_ordering,325343
C,C_01319_base,pan_carry,oracle_sfc,0,0,0,0,1,0,0.0,11,4,-1,medium,high,0.25,medium,2,,,,16,,witness_ordering,325343
C,C_01319_base,pan_carry,semantic_only,1,0,1,0,1,0,0.0,11,4,-1,medium,high,0.25,medium,2,,,,16,,witness_ordering,325343
C,C_01319_base,pan_carry,posthoc_single,0,0,0,0,1,0,0.03886306,11,4,-1,medium,high,0.25,medium,2,,,,16,,witness_ordering,325343
C,C_01319_base,pan_carry,soft_penalty_fc,1,0,1,0,1,0,0.03886306,11,4,-1,medium,high,0.25,medium,2,,,,16,,witness_ordering,325343
C,C_01320,pan_carry,topk_posthoc,0,0,0,0,1,0,0.0,11,4,-1,medium,high,0.25,medium,2,,,,16,,witness_ordering,325344
C,C_01320_base,pan_carry,geometric_fc,1,0,1,0,1,0,0.03917122,11,4,-1,medium,high,0.25,medium,2,,,,16,,witness_ordering,325344
C,C_01320_base,pan_carry,oracle_sfc,0,0,0,0,1,0,0.0,11,4,-1,medium,high,0.25,medium,2,,,,16,,witness_ordering,325344
C,C_01320_base,pan_carry,semantic_only,1,0,1,0,1,0,0.0,11,4,-1,medium,high,0.25,medium,2,,,,16,,witness_ordering,325344
C,C_01320_base,pan_carry,posthoc_single,0,0,0,0,1,0,0.03917122,11,4,-1,medium,high,0.25,medium,2,,,,16,,witness_ordering,325344
C,C_01320_base,pan_carry,soft_penalty_fc,1,0,1,0,1,0,0.03917122,11,4,-1,medium,high,0.25,medium,2,,,,16,,witness_ordering,325344
C,C_01321,pan_carry,topk_posthoc,0,0,0,0,1,0,0.0,11,4,-1,medium,high,0.55,medium,2,,,,1,,witness_ordering,325345
C,C_01321_base,pan_carry,geometric_fc,1,0,1,0,1,0,0.03517959,11,4,-1,medium,high,0.55,medium,2,,,,1,,witness_ordering,325345
C,C_01321_base,pan_carry,oracle_sfc,0,0,0,0,1,0,0.0,11,4,-1,medium,high,0.55,medium,2,,,,1,,witness_ordering,325345
C,C_01321_base,pan_carry,semantic_only,1,0,1,0,1,0,0.0,11,4,-1,medium,high,0.55,medium,2,,,,1,,witness_ordering,325345
C,C_01321_base,pan_carry,posthoc_single,0,0,0,0,1,0,0.03517959,11,4,-1,medium,high,0.55,medium,2,,,,1,,witness_ordering,325345
C,C_01321_base,pan_carry,soft_penalty_fc,1,0,1,0,1,0,0.03517959,11,4,-1,medium,high,0.55,medium,2,,,,1,,witness_ordering,325345
C,C_01322,pan_carry,topk_posthoc,0,0,0,0,1,0,0.0,11,4,-1,medium,high,0.55,medium,2,,,,1,,witness_ordering,325346
C,C_01322_base,pan_carry,geometric_fc,1,0,1,0,1,0,0.03603547,11,4,-1,medium,high,0.55,medium,2,,,,1,,witness_ordering,325346
C,C_01322_base,pan_carry,oracle_sfc,0,0,0,0,1,0,0.0,11,4,-1,medium,high,0.55,medium,2,,,,1,,witness_ordering,325346
C,C_01322_base,pan_carry,semantic_only,1,0,1,0,1,0,0.0,11,4,-1,medium,high,0.55,medium,2,,,,1,,witness_ordering,325346
C,C_01322_base,pan_carry,posthoc_single,0,0,0,0,1,0,0.03603547,11,4,-1,medium,high,0.55,medium,2,,,,1,,witness_ordering,325346
C,C_01322_base,pan_carry,soft_penalty_fc,1,0,1,0,1,0,0.03603547,11,4,-1,medium,high,0.55,medium,2,,,,1,,witness_ordering,325346
C,C_01323,pan_carry,topk_posthoc,0,0,0,1,1,1,0.0,11,4,-1,medium,high,0.55,medium,2,,,,1,,witness_ordering,325347
C,C_01323_base,pan_carry,geometric_fc,1,0,1,1,1,1,0.03674262,11,4,-1,medium,high,0.55,medium,2,,,,1,,witness_ordering,325347
C,C_01323_base,pan_carry,oracle_sfc,1,1,0,0,1,1,0.01706688,11,4,-1,medium,high,0.55,medium,2,,,,1,,witness_ordering,325347
C,C_01323_base,pan_carry,semantic_only,1,1,0,0,1,1,0.0,11,4,-1,medium,high,0.55,medium,2,,,,1,,witness_ordering,325347
C,C_01323_base,pan_carry,posthoc_single,0,0,0,1,1,1,0.03674262,11,4,-1,medium,high,0.55,medium,2,,,,1,,witness_ordering,325347
C,C_01323_base,pan_carry,soft_penalty_fc,1,0,1,1,1,1,0.03674262,11,4,-1,medium,high,0.55,medium,2,,,,1,,witness_ordering,325347
C,C_01324,pan_carry,topk_posthoc,0,0,0,0,1,0,0.0,11,4,-1,medium,high,0.55,medium,2,,,,1,,witness_ordering,325348
C,C_01324_base,pan_carry,geometric_fc,1,0,1,0,1,0,0.0371535,11,4,-1,medium,high,0.55,medium,2,,,,1,,witness_ordering,325348
C,C_01324_base,pan_carry,oracle_sfc,0,0,0,0,1,0,0.0,11,4,-1,medium,high,0.55,medium,2,,,,1,,witness_ordering,325348
C,C_01324_base,pan_carry,semantic_only,1,0,1,0,1,0,0.0,11,4,-1,medium,high,0.55,medium,2,,,,1,,witness_ordering,325348
C,C_01324_base,pan_carry,posthoc_single,0,0,0,0,1,0,0.0371535,11,4,-1,medium,high,0.55,medium,2,,,,1,,witness_ordering,325348
C,C_01324_base,pan_carry,soft_penalty_fc,1,0,1,0,1,0,0.0371535,11,4,-1,medium,high,0.55,medium,2,,,,1,,witness_ordering,325348
C,C_01325,pan_carry,topk_posthoc,0,0,0,0,1,0,0.0,11,4,-1,medium,high,0.55,medium,2,,,,1,,witness_ordering,325349
C,C_01325_base,pan_carry,geometric_fc,1,0,1,0,1,0,0.03630011,11,4,-1,medium,high,0.55,medium,2,,,,1,,witness_ordering,325349
C,C_01325_base,pan_carry,oracle_sfc,0,0,0,0,1,0,0.0,11,4,-1,medium,high,0.55,medium,2,,,,1,,witness_ordering,325349
C,C_01325_base,pan_carry,semantic_only,1,0,1,0,1,0,0.0,11,4,-1,medium,high,0.55,medium,2,,,,1,,witness_ordering,325349
C,C_01325_base,pan_carry,posthoc_single,0,0,0,0,1,0,0.03630011,11,4,-1,medium,high,0.55,medium,2,,,,1,,witness_ordering,325349
C,C_01325_base,pan_carry,soft_penalty_fc,1,0,1,0,1,0,0.03630011,11,4,-1,medium,high,0.55,medium,2,,,,1,,witness_ordering,325349
C,C_01326,pan_carry,topk_posthoc,0,0,0,0,1,0,0.0,11,4,-1,medium,high,0.55,medium,2,,,,1,,witness_ordering,325350
C,C_01326_base,pan_carry,geometric_fc,1,0,1,0,1,0,0.03999996,11,4,-1,medium,high,0.55,medium,2,,,,1,,witness_ordering,325350
C,C_01326_base,pan_carry,oracle_sfc,0,0,0,0,1,0,0.0,11,4,-1,medium,high,0.55,medium,2,,,,1,,witness_ordering,325350
C,C_01326_base,pan_carry,semantic_only,1,0,1,0,1,0,0.0,11,4,-1,medium,high,0.55,medium,2,,,,1,,witness_ordering,325350
C,C_01326_base,pan_carry,posthoc_single,0,0,0,0,1,0,0.03999996,11,4,-1,medium,high,0.55,medium,2,,,,1,,witness_ordering,325350
C,C_01326_base,pan_carry,soft_penalty_fc,1,0,1,0,1,0,0.03999996,11,4,-1,medium,high,0.55,medium,2,,,,1,,witness_ordering,325350
C,C_01327,pan_carry,topk_posthoc,0,0,0,0,1,0,0.0,11,4,-1,medium,high,0.55,medium,2,,,,1,,witness_ordering,325351
C,C_01327_base,pan_carry,geometric_fc,1,0,1,0,1,0,0.03779272,11,4,-1,medium,high,0.55,medium,2,,,,1,,witness_ordering,325351
C,C_01327_base,pan_carry,oracle_sfc,0,0,0,0,1,0,0.0,11,4,-1,medium,high,0.55,medium,2,,,,1,,witness_ordering,325351
C,C_01327_base,pan_carry,semantic_only,1,0,1,0,1,0,0.0,11,4,-1,medium,high,0.55,medium,2,,,,1,,witness_ordering,325351
C,C_01327_base,pan_carry,posthoc_single,0,0,0,0,1,0,0.03779272,11,4,-1,medium,high,0.55,medium,2,,,,1,,witness_ordering,325351
C,C_01327_base,pan_carry,soft_penalty_fc,1,0,1,0,1,0,0.03779272,11,4,-1,medium,high,0.55,medium,2,,,,1,,witness_ordering,325351
C,C_01328,pan_carry,topk_posthoc,0,0,0,0,1,0,0.0,11,4,-1,medium,high,0.55,medium,2,,,,1,,witness_ordering,325352
C,C_01328_base,pan_carry,geometric_fc,1,0,1,0,1,0,0.03514822,11,4,-1,medium,high,0.55,medium,2,,,,1,,witness_ordering,325352
C,C_01328_base,pan_carry,oracle_sfc,0,0,0,0,1,0,0.0,11,4,-1,medium,high,0.55,medium,2,,,,1,,witness_ordering,325352
C,C_01328_base,pan_carry,semantic_only,1,0,1,0,1,0,0.0,11,4,-1,medium,high,0.55,medium,2,,,,1,,witness_ordering,325352
C,C_01328_base,pan_carry,posthoc_single,0,0,0,0,1,0,0.03514822,11,4,-1,medium,high,0.55,medium,2,,,,1,,witness_ordering,325352
C,C_01328_base,pan_carry,soft_penalty_fc,1,0,1,0,1,0,0.03514822,11,4,-1,medium,high,0.55,medium,2,,,,1,,witness_ordering,325352
C,C_01329,pan_carry,topk_posthoc,0,0,0,0,1,0,0.0,11,4,-1,medium,high,0.55,medium,2,,,,1,,witness_ordering,325353
C,C_01329_base,pan_carry,geometric_fc,1,0,1,0,1,0,0.03818089,11,4,-1,medium,high,0.55,medium,2,,,,1,,witness_ordering,325353
C,C_01329_base,pan_carry,oracle_sfc,0,0,0,0,1,0,0.0,11,4,-1,medium,high,0.55,medium,2,,,,1,,witness_ordering,325353
C,C_01329_base,pan_carry,semantic_only,1,0,1,0,1,0,0.0,11,4,-1,medium,high,0.55,medium,2,,,,1,,witness_ordering,325353
C,C_01329_base,pan_carry,posthoc_single,0,0,0,0,1,0,0.03818089,11,4,-1,medium,high,0.55,medium,2,,,,1,,witness_ordering,325353
C,C_01329_base,pan_carry,soft_penalty_fc,1,0,1,0,1,0,0.03818089,11,4,-1,medium,high,0.55,medium,2,,,,1,,witness_ordering,325353
C,C_01330,pan_carry,topk_posthoc,0,0,0,1,1,1,0.0,11,4,-1,medium,high,0.55,medium,2,,,,1,,witness_ordering,325354
C,C_01330_base,pan_carry,geometric_fc,1,0,1,1,1,1,0.03765914,11,4,-1,medium,high,0.55,medium,2,,,,1,,witness_ordering,325354
C,C_01330_base,pan_carry,oracle_sfc,1,1,0,0,1,1,0.00582954,11,4,-1,medium,high,0.55,medium,2,,,,1,,witness_ordering,325354
C,C_01330_base,pan_carry,semantic_only,1,1,0,0,1,1,0.0,11,4,-1,medium,high,0.55,medium,2,,,,1,,witness_ordering,325354
C,C_01330_base,pan_carry,posthoc_single,0,0,0,1,1,1,0.03765914,11,4,-1,medium,high,0.55,medium,2,,,,1,,witness_ordering,325354
C,C_01330_base,pan_carry,soft_penalty_fc,1,0,1,1,1,1,0.03765914,11,4,-1,medium,high,0.55,medium,2,,,,1,,witness_ordering,325354
C,C_01331,pan_carry,topk_posthoc,0,0,0,0,1,0,0.0,11,4,-1,medium,high,0.55,medium,2,,,,1,,witness_ordering,325355
C,C_01331_base,pan_carry,geometric_fc,1,0,1,0,1,0,0.03866007,11,4,-1,medium,high,0.55,medium,2,,,,1,,witness_ordering,325355
C,C_01331_base,pan_carry,oracle_sfc,0,0,0,0,1,0,0.0,11,4,-1,medium,high,0.55,medium,2,,,,1,,witness_ordering,325355
C,C_01331_base,pan_carry,semantic_only,1,0,1,0,1,0,0.0,11,4,-1,medium,high,0.55,medium,2,,,,1,,witness_ordering,325355
C,C_01331_base,pan_carry,posthoc_single,0,0,0,0,1,0,0.03866007,11,4,-1,medium,high,0.55,medium,2,,,,1,,witness_ordering,325355
C,C_01331_base,pan_carry,soft_penalty_fc,1,0,1,0,1,0,0.03866007,11,4,-1,medium,high,0.55,medium,2,,,,1,,witness_ordering,325355
C,C_01332,pan_carry,topk_posthoc,0,0,0,0,1,0,0.0,11,4,-1,medium,high,0.55,medium,2,,,,1,,witness_ordering,325356
C,C_01332_base,pan_carry,geometric_fc,1,0,1,0,1,0,0.03729526,11,4,-1,medium,high,0.55,medium,2,,,,1,,witness_ordering,325356
C,C_01332_base,pan_carry,oracle_sfc,0,0,0,0,1,0,0.0,11,4,-1,medium,high,0.55,medium,2,,,,1,,witness_ordering,325356
C,C_01332_base,pan_carry,semantic_only,1,0,1,0,1,0,0.0,11,4,-1,medium,high,0.55,medium,2,,,,1,,witness_ordering,325356
C,C_01332_base,pan_carry,posthoc_single,0,0,0,0,1,0,0.03729526,11,4,-1,medium,high,0.55,medium,2,,,,1,,witness_ordering,325356
C,C_01332_base,pan_carry,soft_penalty_fc,1,0,1,0,1,0,0.03729526,11,4,-1,medium,high,0.55,medium,2,,,,1,,witness_ordering,325356
C,C_01333,pan_carry,topk_posthoc,0,0,0,0,1,0,0.0,11,4,-1,medium,high,0.55,medium,2,,,,2,,witness_ordering,325357
C,C_01334,pan_carry,topk_posthoc,0,0,0,0,1,0,0.0,11,4,-1,medium,high,0.55,medium,2,,,,2,,witness_ordering,325358
C,C_01335,pan_carry,topk_posthoc,0,0,0,0,1,0,0.0,11,4,-1,medium,high,0.55,medium,2,,,,2,,witness_ordering,325359
C,C_01336,pan_carry,topk_posthoc,1,1,0,0,1,1,0.01897571,11,4,-1,medium,high,0.55,medium,2,,,,2,,witness_ordering,325360
C,C_01337,pan_carry,topk_posthoc,0,0,0,0,1,0,0.0,11,4,-1,medium,high,0.55,medium,2,,,,2,,witness_ordering,325361
C,C_01338,pan_carry,topk_posthoc,0,0,0,0,1,0,0.0,11,4,-1,medium,high,0.55,medium,2,,,,2,,witness_ordering,325362
C,C_01339,pan_carry,topk_posthoc,0,0,0,0,1,0,0.0,11,4,-1,medium,high,0.55,medium,2,,,,2,,witness_ordering,325363
C,C_01340,pan_carry,topk_posthoc,0,0,0,0,1,0,0.0,11,4,-1,medium,high,0.55,medium,2,,,,2,,witness_ordering,325364
C,C_01341,pan_carry,topk_posthoc,0,0,0,0,1,0,0.0,11,4,-1,medium,high,0.55,medium,2,,,,2,,witness_ordering,325365
C,C_01342,pan_carry,topk_posthoc,0,0,0,0,1,0,0.0,11,4,-1,medium,high,0.55,medium,2,,,,2,,witness_ordering,325366
C,C_01343,pan_carry,topk_posthoc,0,0,0,0,1,0,0.0,11,4,-1,medium,high,0.55,medium,2,,,,2,,witness_ordering,325367
C,C_01344,pan_carry,topk_posthoc,0,0,0,0,1,0,0.0,11,4,-1,medium,high,0.55,medium,2,,,,2,,witness_ordering,325368
C,C_01345,pan_carry,topk_posthoc,0,0,0,0,1,0,0.0,11,4,-1,medium,high,0.55,medium,2,,,,4,,witness_ordering,325369
C,C_01346,pan_carry,topk_posthoc,1,1,0,0,1,1,0.00101052,11,4,-1,medium,high,0.55,medium,2,,,,4,,witness_ordering,325370
C,C_01347,pan_carry,topk_posthoc,0,0,0,0,1,0,0.0,11,4,-1,medium,high,0.55,medium,2,,,,4,,witness_ordering,325371
C,C_01348,pan_carry,topk_posthoc,0,0,0,0,1,0,0.0,11,4,-1,medium,high,0.55,medium,2,,,,4,,witness_ordering,325372
C,C_01349,pan_carry,topk_posthoc,0,0,0,0,1,0,0.0,11,4,-1,medium,high,0.55,medium,2,,,,4,,witness_ordering,325373
C,C_01350,pan_carry,topk_posthoc,0,0,0,0,1,0,0.0,11,4,-1,medium,high,0.55,medium,2,,,,4,,witness_ordering,325374
C,C_01351,pan_carry,topk_posthoc,0,0,0,0,1,0,0.0,11,4,-1,medium,high,0.55,medium,2,,,,4,,witness_ordering,325375
C,C_01352,pan_carry,topk_posthoc,0,0,0,0,1,0,0.0,11,4,-1,medium,high,0.55,medium,2,,,,4,,witness_ordering,325376
C,C_01353,pan_carry,topk_posthoc,0,0,0,0,1,0,0.0,11,4,-1,medium,high,0.55,medium,2,,,,4,,witness_ordering,325377
C,C_01354,pan_carry,topk_posthoc,0,0,0,0,1,0,0.0,11,4,-1,medium,high,0.55,medium,2,,,,4,,witness_ordering,325378
C,C_01355,pan_carry,topk_posthoc,0,0,0,0,1,0,0.0,11,4,-1,medium,high,0.55,medium,2,,,,4,,witness_ordering,325379
C,C_01356,pan_carry,topk_posthoc,1,1,0,0,1,1,0.01584485,11,4,-1,medium,high,0.55,medium,2,,,,4,,witness_ordering,325380
C,C_01357,pan_carry,topk_posthoc,0,0,0,0,1,0,0.0,11,4,-1,medium,high,0.55,medium,2,,,,8,,witness_ordering,325381
C,C_01358,pan_carry,topk_posthoc,0,0,0,0,1,0,0.0,11,4,-1,medium,high,0.55,medium,2,,,,8,,witness_ordering,325382
C,C_01359,pan_carry,topk_posthoc,0,0,0,0,1,0,0.0,11,4,-1,medium,high,0.55,medium,2,,,,8,,witness_ordering,325383
C,C_01360,pan_carry,topk_posthoc,0,0,0,0,1,0,0.0,11,4,-1,medium,high,0.55,medium,2,,,,8,,witness_ordering,325384
C,C_01361,pan_carry,topk_posthoc,0,0,0,0,1,0,0.0,11,4,-1,medium,high,0.55,medium,2,,,,8,,witness_ordering,325385
C,C_01362,pan_carry,topk_posthoc,0,0,0,0,1,0,0.0,11,4,-1,medium,high,0.55,medium,2,,,,8,,witness_ordering,325386
C,C_01363,pan_carry,topk_posthoc,0,0,0,0,1,0,0.0,11,4,-1,medium,high,0.55,medium,2,,,,8,,witness_ordering,325387
C,C_01364,pan_carry,topk_posthoc,0,0,0,0,1,0,0.0,11,4,-1,medium,high,0.55,medium,2,,,,8,,witness_ordering,325388
C,C_01365,pan_carry,topk_posthoc,0,0,0,0,1,0,0.0,11,4,-1,medium,high,0.55,medium,2,,,,8,,witness_ordering,325389
C,C_01366,pan_carry,topk_posthoc,0,0,0,0,1,0,0.0,11,4,-1,medium,high,0.55,medium,2,,,,8,,witness_ordering,325390
C,C_01367,pan_carry,topk_posthoc,0,0,0,0,1,0,0.0,11,4,-1,medium,high,0.55,medium,2,,,,8,,witness_ordering,325391
C,C_01368,pan_carry,topk_posthoc,0,0,0,0,1,0,0.0,11,4,-1,medium,high,0.55,medium,2,,,,8,,witness_ordering,325392
C,C_01369,pan_carry,topk_posthoc,0,0,0,0,1,0,0.0,11,4,-1,medium,high,0.55,medium,2,,,,16,,witness_ordering,325393
C,C_01369_base,pan_carry,geometric_fc,1,0,1,0,1,0,0.03737633,11,4,-1,medium,high,0.55,medium,2,,,,16,,witness_ordering,325393
C,C_01369_base,pan_carry,oracle_sfc,0,0,0,0,1,0,0.0,11,4,-1,medium,high,0.55,medium,2,,,,16,,witness_ordering,325393
C,C_01369_base,pan_carry,semantic_only,1,0,1,0,1,0,0.0,11,4,-1,medium,high,0.55,medium,2,,,,16,,witness_ordering,325393
C,C_01369_base,pan_carry,posthoc_single,0,0,0,0,1,0,0.03737633,11,4,-1,medium,high,0.55,medium,2,,,,16,,witness_ordering,325393
C,C_01369_base,pan_carry,soft_penalty_fc,1,0,1,0,1,0,0.03737633,11,4,-1,medium,high,0.55,medium,2,,,,16,,witness_ordering,325393
C,C_01370,pan_carry,topk_posthoc,0,0,0,0,1,0,0.0,11,4,-1,medium,high,0.55,medium,2,,,,16,,witness_ordering,325394
C,C_01370_base,pan_carry,geometric_fc,1,0,1,0,1,0,0.04084892,11,4,-1,medium,high,0.55,medium,2,,,,16,,witness_ordering,325394
C,C_01370_base,pan_carry,oracle_sfc,0,0,0,0,1,0,0.0,11,4,-1,medium,high,0.55,medium,2,,,,16,,witness_ordering,325394
C,C_01370_base,pan_carry,semantic_only,1,0,1,0,1,0,0.0,11,4,-1,medium,high,0.55,medium,2,,,,16,,witness_ordering,325394
C,C_01370_base,pan_carry,posthoc_single,0,0,0,0,1,0,0.04084892,11,4,-1,medium,high,0.55,medium,2,,,,16,,witness_ordering,325394
C,C_01370_base,pan_carry,soft_penalty_fc,1,0,1,0,1,0,0.04084892,11,4,-1,medium,high,0.55,medium,2,,,,16,,witness_ordering,325394
C,C_01371,pan_carry,topk_posthoc,0,0,0,0,1,0,0.0,11,4,-1,medium,high,0.55,medium,2,,,,16,,witness_ordering,325395
C,C_01371_base,pan_carry,geometric_fc,1,0,1,0,1,0,0.03770831,11,4,-1,medium,high,0.55,medium,2,,,,16,,witness_ordering,325395
C,C_01371_base,pan_carry,oracle_sfc,0,0,0,0,1,0,0.0,11,4,-1,medium,high,0.55,medium,2,,,,16,,witness_ordering,325395
C,C_01371_base,pan_carry,semantic_only,1,0,1,0,1,0,0.0,11,4,-1,medium,high,0.55,medium,2,,,,16,,witness_ordering,325395
C,C_01371_base,pan_carry,posthoc_single,0,0,0,0,1,0,0.03770831,11,4,-1,medium,high,0.55,medium,2,,,,16,,witness_ordering,325395
C,C_01371_base,pan_carry,soft_penalty_fc,1,0,1,0,1,0,0.03770831,11,4,-1,medium,high,0.55,medium,2,,,,16,,witness_ordering,325395
C,C_01372,pan_carry,topk_posthoc,0,0,0,0,1,0,0.0,11,4,-1,medium,high,0.55,medium,2,,,,16,,witness_ordering,325396
C,C_01372_base,pan_carry,geometric_fc,1,0,1,0,1,0,0.03612751,11,4,-1,medium,high,0.55,medium,2,,,,16,,witness_ordering,325396
C,C_01372_base,pan_carry,oracle_sfc,0,0,0,0,1,0,0.0,11,4,-1,medium,high,0.55,medium,2,,,,16,,witness_ordering,325396
C,C_01372_base,pan_carry,semantic_only,1,0,1,0,1,0,0.0,11,4,-1,medium,high,0.55,medium,2,,,,16,,witness_ordering,325396
C,C_01372_base,pan_carry,posthoc_single,0,0,0,0,1,0,0.03612751,11,4,-1,medium,high,0.55,medium,2,,,,16,,witness_ordering,325396
C,C_01372_base,pan_carry,soft_penalty_fc,1,0,1,0,1,0,0.03612751,11,4,-1,medium,high,0.55,medium,2,,,,16,,witness_ordering,325396
C,C_01373,pan_carry,topk_posthoc,0,0,0,0,1,0,0.0,11,4,-1,medium,high,0.55,medium,2,,,,16,,witness_ordering,325397
C,C_01373_base,pan_carry,geometric_fc,1,0,1,0,1,0,0.0366607,11,4,-1,medium,high,0.55,medium,2,,,,16,,witness_ordering,325397
C,C_01373_base,pan_carry,oracle_sfc,0,0,0,0,1,0,0.0,11,4,-1,medium,high,0.55,medium,2,,,,16,,witness_ordering,325397
C,C_01373_base,pan_carry,semantic_only,1,0,1,0,1,0,0.0,11,4,-1,medium,high,0.55,medium,2,,,,16,,witness_ordering,325397
C,C_01373_base,pan_carry,posthoc_single,0,0,0,0,1,0,0.0366607,11,4,-1,medium,high,0.55,medium,2,,,,16,,witness_ordering,325397
C,C_01373_base,pan_carry,soft_penalty_fc,1,0,1,0,1,0,0.0366607,11,4,-1,medium,high,0.55,medium,2,,,,16,,witness_ordering,325397
C,C_01374,pan_carry,topk_posthoc,0,0,0,0,1,0,0.0,11,4,-1,medium,high,0.55,medium,2,,,,16,,witness_ordering,325398
C,C_01374_base,pan_carry,geometric_fc,1,0,1,0,1,0,0.03679006,11,4,-1,medium,high,0.55,medium,2,,,,16,,witness_ordering,325398
C,C_01374_base,pan_carry,oracle_sfc,0,0,0,0,1,0,0.0,11,4,-1,medium,high,0.55,medium,2,,,,16,,witness_ordering,325398
C,C_01374_base,pan_carry,semantic_only,1,0,1,0,1,0,0.0,11,4,-1,medium,high,0.55,medium,2,,,,16,,witness_ordering,325398
C,C_01374_base,pan_carry,posthoc_single,0,0,0,0,1,0,0.03679006,11,4,-1,medium,high,0.55,medium,2,,,,16,,witness_ordering,325398
C,C_01374_base,pan_carry,soft_penalty_fc,1,0,1,0,1,0,0.03679006,11,4,-1,medium,high,0.55,medium,2,,,,16,,witness_ordering,325398
C,C_01375,pan_carry,topk_posthoc,0,0,0,0,1,0,0.0,11,4,-1,medium,high,0.55,medium,2,,,,16,,witness_ordering,325399
C,C_01375_base,pan_carry,geometric_fc,1,0,1,0,1,0,0.03793602,11,4,-1,medium,high,0.55,medium,2,,,,16,,witness_ordering,325399
C,C_01375_base,pan_carry,oracle_sfc,0,0,0,0,1,0,0.0,11,4,-1,medium,high,0.55,medium,2,,,,16,,witness_ordering,325399
C,C_01375_base,pan_carry,semantic_only,1,0,1,0,1,0,0.0,11,4,-1,medium,high,0.55,medium,2,,,,16,,witness_ordering,325399
C,C_01375_base,pan_carry,posthoc_single,0,0,0,0,1,0,0.03793602,11,4,-1,medium,high,0.55,medium,2,,,,16,,witness_ordering,325399
C,C_01375_base,pan_carry,soft_penalty_fc,1,0,1,0,1,0,0.03793602,11,4,-1,medium,high,0.55,medium,2,,,,16,,witness_ordering,325399
C,C_01376,pan_carry,topk_posthoc,0,0,0,0,1,0,0.0,11,4,-1,medium,high,0.55,medium,2,,,,16,,witness_ordering,325400
C,C_01376_base,pan_carry,geometric_fc,1,0,1,0,1,0,0.03709528,11,4,-1,medium,high,0.55,medium,2,,,,16,,witness_ordering,325400
C,C_01376_base,pan_carry,oracle_sfc,0,0,0,0,1,0,0.0,11,4,-1,medium,high,0.55,medium,2,,,,16,,witness_ordering,325400
C,C_01376_base,pan_carry,semantic_only,1,0,1,0,1,0,0.0,11,4,-1,medium,high,0.55,medium,2,,,,16,,witness_ordering,325400
C,C_01376_base,pan_carry,posthoc_single,0,0,0,0,1,0,0.03709528,11,4,-1,medium,high,0.55,medium,2,,,,16,,witness_ordering,325400
C,C_01376_base,pan_carry,soft_penalty_fc,1,0,1,0,1,0,0.03709528,11,4,-1,medium,high,0.55,medium,2,,,,16,,witness_ordering,325400
C,C_01377,pan_carry,topk_posthoc,0,0,0,0,1,0,0.0,11,4,-1,medium,high,0.55,medium,2,,,,16,,witness_ordering,325401
C,C_01377_base,pan_carry,geometric_fc,1,0,1,0,1,0,0.03807161,11,4,-1,medium,high,0.55,medium,2,,,,16,,witness_ordering,325401
C,C_01377_base,pan_carry,oracle_sfc,0,0,0,0,1,0,0.0,11,4,-1,medium,high,0.55,medium,2,,,,16,,witness_ordering,325401
C,C_01377_base,pan_carry,semantic_only,1,0,1,0,1,0,0.0,11,4,-1,medium,high,0.55,medium,2,,,,16,,witness_ordering,325401
C,C_01377_base,pan_carry,posthoc_single,0,0,0,0,1,0,0.03807161,11,4,-1,medium,high,0.55,medium,2,,,,16,,witness_ordering,325401
C,C_01377_base,pan_carry,soft_penalty_fc,1,0,1,0,1,0,0.03807161,11,4,-1,medium,high,0.55,medium,2,,,,16,,witness_ordering,325401
C,C_01378,pan_carry,topk_posthoc,0,0,0,0,1,0,0.0,11,4,-1,medium,high,0.55,medium,2,,,,16,,witness_ordering,325402
C,C_01378_base,pan_carry,geometric_fc,1,0,1,0,1,0,0.03467068,11,4,-1,medium,high,0.55,medium,2,,,,16,,witness_ordering,325402
C,C_01378_base,pan_carry,oracle_sfc,0,0,0,0,1,0,0.0,11,4,-1,medium,high,0.55,medium,2,,,,16,,witness_ordering,325402
C,C_01378_base,pan_carry,semantic_only,1,0,1,0,1,0,0.0,11,4,-1,medium,high,0.55,medium,2,,,,16,,witness_ordering,325402
C,C_01378_base,pan_carry,posthoc_single,0,0,0,0,1,0,0.03467068,11,4,-1,medium,high,0.55,medium,2,,,,16,,witness_ordering,325402
C,C_01378_base,pan_carry,soft_penalty_fc,1,0,1,0,1,0,0.03467068,11,4,-1,medium,high,0.55,medium,2,,,,16,,witness_ordering,325402
C,C_01379,pan_carry,topk_posthoc,0,0,0,0,1,0,0.0,11,4,-1,medium,high,0.55,medium,2,,,,16,,witness_ordering,325403
C,C_01379_base,pan_carry,geometric_fc,1,0,1,0,1,0,0.03722712,11,4,-1,medium,high,0.55,medium,2,,,,16,,witness_ordering,325403
C,C_01379_base,pan_carry,oracle_sfc,0,0,0,0,1,0,0.0,11,4,-1,medium,high,0.55,medium,2,,,,16,,witness_ordering,325403
C,C_01379_base,pan_carry,semantic_only,1,0,1,0,1,0,0.0,11,4,-1,medium,high,0.55,medium,2,,,,16,,witness_ordering,325403
C,C_01379_base,pan_carry,posthoc_single,0,0,0,0,1,0,0.03722712,11,4,-1,medium,high,0.55,medium,2,,,,16,,witness_ordering,325403
C,C_01379_base,pan_carry,soft_penalty_fc,1,0,1,0,1,0,0.03722712,11,4,-1,medium,high,0.55,medium,2,,,,16,,witness_ordering,325403
C,C_01380,pan_carry,topk_posthoc,0,0,0,0,1,0,0.0,11,4,-1,medium,high,0.55,medium,2,,,,16,,witness_ordering,325404
C,C_01380_base,pan_carry,geometric_fc,1,0,1,0,1,0,0.03822344,11,4,-1,medium,high,0.55,medium,2,,,,16,,witness_ordering,325404
C,C_01380_base,pan_carry,oracle_sfc,0,0,0,0,1,0,0.0,11,4,-1,medium,high,0.55,medium,2,,,,16,,witness_ordering,325404
C,C_01380_base,pan_carry,semantic_only,1,0,1,0,1,0,0.0,11,4,-1,medium,high,0.55,medium,2,,,,16,,witness_ordering,325404
C,C_01380_base,pan_carry,posthoc_single,0,0,0,0,1,0,0.03822344,11,4,-1,medium,high,0.55,medium,2,,,,16,,witness_ordering,325404
C,C_01380_base,pan_carry,soft_penalty_fc,1,0,1,0,1,0,0.03822344,11,4,-1,medium,high,0.55,medium,2,,,,16,,witness_ordering,325404
C,C_01381,pan_carry,topk_posthoc,0,0,0,0,1,0,0.0,11,4,-1,medium,high,0.85,medium,2,,,,1,,witness_ordering,325405
C,C_01381_base,pan_carry,geometric_fc,1,0,1,0,1,0,0.04044249,11,4,-1,medium,high,0.85,medium,2,,,,1,,witness_ordering,325405
C,C_01381_base,pan_carry,oracle_sfc,0,0,0,0,1,0,0.0,11,4,-1,medium,high,0.85,medium,2,,,,1,,witness_ordering,325405
C,C_01381_base,pan_carry,semantic_only,1,0,1,0,1,0,0.0,11,4,-1,medium,high,0.85,medium,2,,,,1,,witness_ordering,325405
C,C_01381_base,pan_carry,posthoc_single,0,0,0,0,1,0,0.04044249,11,4,-1,medium,high,0.85,medium,2,,,,1,,witness_ordering,325405
C,C_01381_base,pan_carry,soft_penalty_fc,1,0,1,0,1,0,0.04044249,11,4,-1,medium,high,0.85,medium,2,,,,1,,witness_ordering,325405
C,C_01382,pan_carry,topk_posthoc,0,0,0,0,1,0,0.0,11,4,-1,medium,high,0.85,medium,2,,,,1,,witness_ordering,325406
C,C_01382_base,pan_carry,geometric_fc,1,0,1,0,1,0,0.03821758,11,4,-1,medium,high,0.85,medium,2,,,,1,,witness_ordering,325406
C,C_01382_base,pan_carry,oracle_sfc,0,0,0,0,1,0,0.0,11,4,-1,medium,high,0.85,medium,2,,,,1,,witness_ordering,325406
C,C_01382_base,pan_carry,semantic_only,1,0,1,0,1,0,0.0,11,4,-1,medium,high,0.85,medium,2,,,,1,,witness_ordering,325406
C,C_01382_base,pan_carry,posthoc_single,0,0,0,0,1,0,0.03821758,11,4,-1,medium,high,0.85,medium,2,,,,1,,witness_ordering,325406
C,C_01382_base,pan_carry,soft_penalty_fc,1,0,1,0,1,0,0.03821758,11,4,-1,medium,high,0.85,medium,2,,,,1,,witness_ordering,325406
C,C_01383,pan_carry,topk_posthoc,0,0,0,0,1,0,0.0,11,4,-1,medium,high,0.85,medium,2,,,,1,,witness_ordering,325407
C,C_01383_base,pan_carry,geometric_fc,1,0,1,0,1,0,0.03947166,11,4,-1,medium,high,0.85,medium,2,,,,1,,witness_ordering,325407
C,C_01383_base,pan_carry,oracle_sfc,0,0,0,0,1,0,0.0,11,4,-1,medium,high,0.85,medium,2,,,,1,,witness_ordering,325407
C,C_01383_base,pan_carry,semantic_only,1,0,1,0,1,0,0.0,11,4,-1,medium,high,0.85,medium,2,,,,1,,witness_ordering,325407
C,C_01383_base,pan_carry,posthoc_single,0,0,0,0,1,0,0.03947166,11,4,-1,medium,high,0.85,medium,2,,,,1,,witness_ordering,325407
C,C_01383_base,pan_carry,soft_penalty_fc,1,0,1,0,1,0,0.03947166,11,4,-1,medium,high,0.85,medium,2,,,,1,,witness_ordering,325407
C,C_01384,pan_carry,topk_posthoc,0,0,0,0,1,0,0.0,11,4,-1,medium,high,0.85,medium,2,,,,1,,witness_ordering,325408
C,C_01384_base,pan_carry,geometric_fc,1,0,1,0,1,0,0.03764159,11,4,-1,medium,high,0.85,medium,2,,,,1,,witness_ordering,325408
C,C_01384_base,pan_carry,oracle_sfc,0,0,0,0,1,0,0.0,11,4,-1,medium,high,0.85,medium,2,,,,1,,witness_ordering,325408
C,C_01384_base,pan_carry,semantic_only,1,0,1,0,1,0,0.0,11,4,-1,medium,high,0.85,medium,2,,,,1,,witness_ordering,325408
C,C_01384_base,pan_carry,posthoc_single,0,0,0,0,1,0,0.03764159,11,4,-1,medium,high,0.85,medium,2,,,,1,,witness_ordering,325408
C,C_01384_base,pan_carry,soft_penalty_fc,1,0,1,0,1,0,0.03764159,11,4,-1,medium,high,0.85,medium,2,,,,1,,witness_ordering,325408
C,C_01385,pan_carry,topk_posthoc,0,0,0,0,1,0,0.0,11,4,-1,medium,high,0.85,medium,2,,,,1,,witness_ordering,325409
C,C_01385_base,pan_carry,geometric_fc,1,0,1,0,1,0,0.04070051,11,4,-1,medium,high,0.85,medium,2,,,,1,,witness_ordering,325409
C,C_01385_base,pan_carry,oracle_sfc,0,0,0,0,1,0,0.0,11,4,-1,medium,high,0.85,medium,2,,,,1,,witness_ordering,325409
C,C_01385_base,pan_carry,semantic_only,1,0,1,0,1,0,0.0,11,4,-1,medium,high,0.85,medium,2,,,,1,,witness_ordering,325409
C,C_01385_base,pan_carry,posthoc_single,0,0,0,0,1,0,0.04070051,11,4,-1,medium,high,0.85,medium,2,,,,1,,witness_ordering,325409
C,C_01385_base,pan_carry,soft_penalty_fc,1,0,1,0,1,0,0.04070051,11,4,-1,medium,high,0.85,medium,2,,,,1,,witness_ordering,325409
C,C_01386,pan_carry,topk_posthoc,0,0,0,0,1,0,0.0,11,4,-1,medium,high,0.85,medium,2,,,,1,,witness_ordering,325410
C,C_01386_base,pan_carry,geometric_fc,1,0,1,0,1,0,0.03671973,11,4,-1,medium,high,0.85,medium,2,,,,1,,witness_ordering,325410
C,C_01386_base,pan_carry,oracle_sfc,0,0,0,0,1,0,0.0,11,4,-1,medium,high,0.85,medium,2,,,,1,,witness_ordering,325410
C,C_01386_base,pan_carry,semantic_only,1,0,1,0,1,0,0.0,11,4,-1,medium,high,0.85,medium,2,,,,1,,witness_ordering,325410
C,C_01386_base,pan_carry,posthoc_single,0,0,0,0,1,0,0.03671973,11,4,-1,medium,high,0.85,medium,2,,,,1,,witness_ordering,325410
C,C_01386_base,pan_carry,soft_penalty_fc,1,0,1,0,1,0,0.03671973,11,4,-1,medium,high,0.85,medium,2,,,,1,,witness_ordering,325410
C,C_01387,pan_carry,topk_posthoc,0,0,0,0,1,0,0.0,11,4,-1,medium,high,0.85,medium,2,,,,1,,witness_ordering,325411
C,C_01387_base,pan_carry,geometric_fc,1,0,1,0,1,0,0.03803671,11,4,-1,medium,high,0.85,medium,2,,,,1,,witness_ordering,325411
C,C_01387_base,pan_carry,oracle_sfc,0,0,0,0,1,0,0.0,11,4,-1,medium,high,0.85,medium,2,,,,1,,witness_ordering,325411
C,C_01387_base,pan_carry,semantic_only,1,0,1,0,1,0,0.0,11,4,-1,medium,high,0.85,medium,2,,,,1,,witness_ordering,325411
C,C_01387_base,pan_carry,posthoc_single,0,0,0,0,1,0,0.03803671,11,4,-1,medium,high,0.85,medium,2,,,,1,,witness_ordering,325411
C,C_01387_base,pan_carry,soft_penalty_fc,1,0,1,0,1,0,0.03803671,11,4,-1,medium,high,0.85,medium,2,,,,1,,witness_ordering,325411
C,C_01388,pan_carry,topk_posthoc,0,0,0,0,1,0,0.0,11,4,-1,medium,high,0.85,medium,2,,,,1,,witness_ordering,325412
C,C_01388_base,pan_carry,geometric_fc,1,0,1,0,1,0,0.03744254,11,4,-1,medium,high,0.85,medium,2,,,,1,,witness_ordering,325412
C,C_01388_base,pan_carry,oracle_sfc,0,0,0,0,1,0,0.0,11,4,-1,medium,high,0.85,medium,2,,,,1,,witness_ordering,325412
C,C_01388_base,pan_carry,semantic_only,1,0,1,0,1,0,0.0,11,4,-1,medium,high,0.85,medium,2,,,,1,,witness_ordering,325412
C,C_01388_base,pan_carry,posthoc_single,0,0,0,0,1,0,0.03744254,11,4,-1,medium,high,0.85,medium,2,,,,1,,witness_ordering,325412
C,C_01388_base,pan_carry,soft_penalty_fc,1,0,1,0,1,0,0.03744254,11,4,-1,medium,high,0.85,medium,2,,,,1,,witness_ordering,325412
C,C_01389,pan_carry,topk_posthoc,0,0,0,0,1,0,0.0,11,4,-1,medium,high,0.85,medium,2,,,,1,,witness_ordering,325413
C,C_01389_base,pan_carry,geometric_fc,1,0,1,0,1,0,0.0350774,11,4,-1,medium,high,0.85,medium,2,,,,1,,witness_ordering,325413
C,C_01389_base,pan_carry,oracle_sfc,0,0,0,0,1,0,0.0,11,4,-1,medium,high,0.85,medium,2,,,,1,,witness_ordering,325413
C,C_01389_base,pan_carry,semantic_only,1,0,1,0,1,0,0.0,11,4,-1,medium,high,0.85,medium,2,,,,1,,witness_ordering,325413
C,C_01389_base,pan_carry,posthoc_single,0,0,0,0,1,0,0.0350774,11,4,-1,medium,high,0.85,medium,2,,,,1,,witness_ordering,325413
C,C_01389_base,pan_carry,soft_penalty_fc,1,0,1,0,1,0,0.0350774,11,4,-1,medium,high,0.85,medium,2,,,,1,,witness_ordering,325413
C,C_01390,pan_carry,topk_posthoc,0,0,0,0,1,0,0.0,11,4,-1,medium,high,0.85,medium,2,,,,1,,witness_ordering,325414
C,C_01390_base,pan_carry,geometric_fc,1,0,1,0,1,0,0.0379301,11,4,-1,medium,high,0.85,medium,2,,,,1,,witness_ordering,325414
C,C_01390_base,pan_carry,oracle_sfc,0,0,0,0,1,0,0.0,11,4,-1,medium,high,0.85,medium,2,,,,1,,witness_ordering,325414
C,C_01390_base,pan_carry,semantic_only,1,0,1,0,1,0,0.0,11,4,-1,medium,high,0.85,medium,2,,,,1,,witness_ordering,325414
C,C_01390_base,pan_carry,posthoc_single,0,0,0,0,1,0,0.0379301,11,4,-1,medium,high,0.85,medium,2,,,,1,,witness_ordering,325414
C,C_01390_base,pan_carry,soft_penalty_fc,1,0,1,0,1,0,0.0379301,11,4,-1,medium,high,0.85,medium,2,,,,1,,witness_ordering,325414
C,C_01391,pan_carry,topk_posthoc,0,0,0,0,1,0,0.0,11,4,-1,medium,high,0.85,medium,2,,,,1,,witness_ordering,325415
C,C_01391_base,pan_carry,geometric_fc,1,0,1,0,1,0,0.0412837,11,4,-1,medium,high,0.85,medium,2,,,,1,,witness_ordering,325415
C,C_01391_base,pan_carry,oracle_sfc,0,0,0,0,1,0,0.0,11,4,-1,medium,high,0.85,medium,2,,,,1,,witness_ordering,325415
C,C_01391_base,pan_carry,semantic_only,1,0,1,0,1,0,0.0,11,4,-1,medium,high,0.85,medium,2,,,,1,,witness_ordering,325415
C,C_01391_base,pan_carry,posthoc_single,0,0,0,0,1,0,0.0412837,11,4,-1,medium,high,0.85,medium,2,,,,1,,witness_ordering,325415
C,C_01391_base,pan_carry,soft_penalty_fc,1,0,1,0,1,0,0.0412837,11,4,-1,medium,high,0.85,medium,2,,,,1,,witness_ordering,325415
C,C_01392,pan_carry,topk_posthoc,0,0,0,0,1,0,0.0,11,4,-1,medium,high,0.85,medium,2,,,,1,,witness_ordering,325416
C,C_01392_base,pan_carry,geometric_fc,1,0,1,0,1,0,0.03667146,11,4,-1,medium,high,0.85,medium,2,,,,1,,witness_ordering,325416
C,C_01392_base,pan_carry,oracle_sfc,0,0,0,0,1,0,0.0,11,4,-1,medium,high,0.85,medium,2,,,,1,,witness_ordering,325416
C,C_01392_base,pan_carry,semantic_only,1,0,1,0,1,0,0.0,11,4,-1,medium,high,0.85,medium,2,,,,1,,witness_ordering,325416
C,C_01392_base,pan_carry,posthoc_single,0,0,0,0,1,0,0.03667146,11,4,-1,medium,high,0.85,medium,2,,,,1,,witness_ordering,325416
C,C_01392_base,pan_carry,soft_penalty_fc,1,0,1,0,1,0,0.03667146,11,4,-1,medium,high,0.85,medium,2,,,,1,,witness_ordering,325416
C,C_01393,pan_carry,topk_posthoc,0,0,0,0,1,0,0.0,11,4,-1,medium,high,0.85,medium,2,,,,2,,witness_ordering,325417
C,C_01394,pan_carry,topk_posthoc,0,0,0,0,1,0,0.0,11,4,-1,medium,high,0.85,medium,2,,,,2,,witness_ordering,325418
C,C_01395,pan_carry,topk_posthoc,0,0,0,0,1,0,0.0,11,4,-1,medium,high,0.85,medium,2,,,,2,,witness_ordering,325419
C,C_01396,pan_carry,topk_posthoc,0,0,0,0,1,0,0.0,11,4,-1,medium,high,0.85,medium,2,,,,2,,witness_ordering,325420
C,C_01397,pan_carry,topk_posthoc,0,0,0,0,1,0,0.0,11,4,-1,medium,high,0.85,medium,2,,,,2,,witness_ordering,325421
C,C_01398,pan_carry,topk_posthoc,0,0,0,0,1,0,0.0,11,4,-1,medium,high,0.85,medium,2,,,,2,,witness_ordering,325422
C,C_01399,pan_carry,topk_posthoc,0,0,0,0,1,0,0.0,11,4,-1,medium,high,0.85,medium,2,,,,2,,witness_ordering,325423
C,C_01400,pan_carry,topk_posthoc,0,0,0,0,1,0,0.0,11,4,-1,medium,high,0.85,medium,2,,,,2,,witness_ordering,325424
C,C_01401,pan_carry,topk_posthoc,0,0,0,0,1,0,0.0,11,4,-1,medium,high,0.85,medium,2,,,,2,,witness_ordering,325425
C,C_01402,pan_carry,topk_posthoc,0,0,0,0,1,0,0.0,11,4,-1,medium,high,0.85,medium,2,,,,2,,witness_ordering,325426
C,C_01403,pan_carry,topk_posthoc,0,0,0,0,1,0,0.0,11,4,-1,medium,high,0.85,medium,2,,,,2,,witness_ordering,325427
C,C_01404,pan_carry,topk_posthoc,0,0,0,0,1,0,0.0,11,4,-1,medium,high,0.85,medium,2,,,,2,,witness_ordering,325428
C,C_01405,pan_carry,topk_posthoc,0,0,0,0,1,0,0.0,11,4,-1,medium,high,0.85,medium,2,,,,4,,witness_ordering,325429
C,C_01406,pan_carry,topk_posthoc,0,0,0,1,1,1,0.0,11,4,-1,medium,high,0.85,medium,2,,,,4,,witness_ordering,325430
C,C_01407,pan_carry,topk_posthoc,0,0,0,0,1,0,0.0,11,4,-1,medium,high,0.85,medium,2,,,,4,,witness_ordering,325431
C,C_01408,pan_carry,topk_posthoc,0,0,0,0,1,0,0.0,11,4,-1,medium,high,0.85,medium,2,,,,4,,witness_ordering,325432
C,C_01409,pan_carry,topk_posthoc,0,0,0,0,1,0,0.0,11,4,-1,medium,high,0.85,medium,2,,,,4,,witness_ordering,325433
C,C_01410,pan_carry,topk_posthoc,0,0,0,0,1,0,0.0,11,4,-1,medium,high,0.85,medium,2,,,,4,,witness_ordering,325434
C,C_01411,pan_carry,topk_posthoc,0,0,0,0,1,0,0.0,11,4,-1,medium,high,0.85,medium,2,,,,4,,witness_ordering,325435
C,C_01412,pan_carry,topk_posthoc,0,0,0,0,1,0,0.0,11,4,-1,medium,high,0.85,medium,2,,,,4,,witness_ordering,325436
C,C_01413,pan_carry,topk_posthoc,0,0,0,0,1,0,0.0,11,4,-1,medium,high,0.85,medium,2,,,,4,,witness_ordering,325437
C,C_01414,pan_carry,topk_posthoc,0,0,0,0,1,0,0.0,11,4,-1,medium,high,0.85,medium,2,,,,4,,witness_ordering,325438
C,C_01415,pan_carry,topk_posthoc,0,0,0,0,1,0,0.0,11,4,-1,medium,high,0.85,medium,2,,,,4,,witness_ordering,325439
C,C_01416,pan_carry,topk_posthoc,0,0,0,1,1,1,0.0,11,4,-1,medium,high,0.85,medium,2,,,,4,,witness_ordering,325440
C,C_01417,pan_carry,topk_posthoc,0,0,0,0,1,0,0.0,11,4,-1,medium,high,0.85,medium,2,,,,8,,witness_ordering,325441
C,C_01418,pan_carry,topk_posthoc,0,0,0,0,1,0,0.0,11,4,-1,medium,high,0.85,medium,2,,,,8,,witness_ordering,325442
C,C_01419,pan_carry,topk_posthoc,0,0,0,0,1,0,0.0,11,4,-1,medium,high,0.85,medium,2,,,,8,,witness_ordering,325443
C,C_01420,pan_carry,topk_posthoc,0,0,0,0,1,0,0.0,11,4,-1,medium,high,0.85,medium,2,,,,8,,witness_ordering,325444
C,C_01421,pan_carry,topk_posthoc,0,0,0,0,1,0,0.0,11,4,-1,medium,high,0.85,medium,2,,,,8,,witness_ordering,325445
C,C_01422,pan_carry,topk_posthoc,0,0,0,0,1,0,0.0,11,4,-1,medium,high,0.85,medium,2,,,,8,,witness_ordering,325446
C,C_01423,pan_carry,topk_posthoc,0,0,0,0,1,0,0.0,11,4,-1,medium,high,0.85,medium,2,,,,8,,witness_ordering,325447
C,C_01424,pan_carry,topk_posthoc,0,0,0,0,1,0,0.0,11,4,-1,medium,high,0.85,medium,2,,,,8,,witness_ordering,325448
C,C_01425,pan_carry,topk_posthoc,0,0,0,0,1,0,0.0,11,4,-1,medium,high,0.85,medium,2,,,,8,,witness_ordering,325449
C,C_01426,pan_carry,topk_posthoc,0,0,0,0,1,0,0.0,11,4,-1,medium,high,0.85,medium,2,,,,8,,witness_ordering,325450
C,C_01427,pan_carry,topk_posthoc,0,0,0,0,1,0,0.0,11,4,-1,medium,high,0.85,medium,2,,,,8,,witness_ordering,325451
C,C_01428,pan_carry,topk_posthoc,0,0,0,0,1,0,0.0,11,4,-1,medium,high,0.85,medium,2,,,,8,,witness_ordering,325452
C,C_01429,pan_carry,topk_posthoc,0,0,0,0,1,0,0.0,11,4,-1,medium,high,0.85,medium,2,,,,16,,witness_ordering,325453
C,C_01429_base,pan_carry,geometric_fc,1,0,1,0,1,0,0.03676599,11,4,-1,medium,high,0.85,medium,2,,,,16,,witness_ordering,325453
C,C_01429_base,pan_carry,oracle_sfc,0,0,0,0,1,0,0.0,11,4,-1,medium,high,0.85,medium,2,,,,16,,witness_ordering,325453
C,C_01429_base,pan_carry,semantic_only,1,0,1,0,1,0,0.0,11,4,-1,medium,high,0.85,medium,2,,,,16,,witness_ordering,325453
C,C_01429_base,pan_carry,posthoc_single,0,0,0,0,1,0,0.03676599,11,4,-1,medium,high,0.85,medium,2,,,,16,,witness_ordering,325453
C,C_01429_base,pan_carry,soft_penalty_fc,1,0,1,0,1,0,0.03676599,11,4,-1,medium,high,0.85,medium,2,,,,16,,witness_ordering,325453
C,C_01430,pan_carry,topk_posthoc,0,0,0,0,1,0,0.0,11,4,-1,medium,high,0.85,medium,2,,,,16,,witness_ordering,325454
C,C_01430_base,pan_carry,geometric_fc,1,0,1,0,1,0,0.03729834,11,4,-1,medium,high,0.85,medium,2,,,,16,,witness_ordering,325454
C,C_01430_base,pan_carry,oracle_sfc,0,0,0,0,1,0,0.0,11,4,-1,medium,high,0.85,medium,2,,,,16,,witness_ordering,325454
C,C_01430_base,pan_carry,semantic_only,1,0,1,0,1,0,0.0,11,4,-1,medium,high,0.85,medium,2,,,,16,,witness_ordering,325454
C,C_01430_base,pan_carry,posthoc_single,0,0,0,0,1,0,0.03729834,11,4,-1,medium,high,0.85,medium,2,,,,16,,witness_ordering,325454
C,C_01430_base,pan_carry,soft_penalty_fc,1,0,1,0,1,0,0.03729834,11,4,-1,medium,high,0.85,medium,2,,,,16,,witness_ordering,325454
C,C_01431,pan_carry,topk_posthoc,0,0,0,0,1,0,0.0,11,4,-1,medium,high,0.85,medium,2,,,,16,,witness_ordering,325455
C,C_01431_base,pan_carry,geometric_fc,1,0,1,0,1,0,0.03757899,11,4,-1,medium,high,0.85,medium,2,,,,16,,witness_ordering,325455
C,C_01431_base,pan_carry,oracle_sfc,0,0,0,0,1,0,0.0,11,4,-1,medium,high,0.85,medium,2,,,,16,,witness_ordering,325455
C,C_01431_base,pan_carry,semantic_only,1,0,1,0,1,0,0.0,11,4,-1,medium,high,0.85,medium,2,,,,16,,witness_ordering,325455
C,C_01431_base,pan_carry,posthoc_single,0,0,0,0,1,0,0.03757899,11,4,-1,medium,high,0.85,medium,2,,,,16,,witness_ordering,325455
C,C_01431_base,pan_carry,soft_penalty_fc,1,0,1,0,1,0,0.03757899,11,4,-1,medium,high,0.85,medium,2,,,,16,,witness_ordering,325455
C,C_01432,pan_carry,topk_posthoc,0,0,0,0,1,0,0.0,11,4,-1,medium,high,0.85,medium,2,,,,16,,witness_ordering,325456
C,C_01432_base,pan_carry,geometric_fc,1,0,1,0,1,0,0.0365058,11,4,-1,medium,high,0.85,medium,2,,,,16,,witness_ordering,325456
C,C_01432_base,pan_carry,oracle_sfc,0,0,0,0,1,0,0.0,11,4,-1,medium,high,0.85,medium,2,,,,16,,witness_ordering,325456
C,C_01432_base,pan_carry,semantic_only,1,0,1,0,1,0,0.0,11,4,-1,medium,high,0.85,medium,2,,,,16,,witness_ordering,325456
C,C_01432_base,pan_carry,posthoc_single,0,0,0,0,1,0,0.0365058,11,4,-1,medium,high,0.85,medium,2,,,,16,,witness_ordering,325456
C,C_01432_base,pan_carry,soft_penalty_fc,1,0,1,0,1,0,0.0365058,11,4,-1,medium,high,0.85,medium,2,,,,16,,witness_ordering,325456
C,C_01433,pan_carry,topk_posthoc,0,0,0,0,1,0,0.0,11,4,-1,medium,high,0.85,medium,2,,,,16,,witness_ordering,325457
C,C_01433_base,pan_carry,geometric_fc,1,0,1,0,1,0,0.03774427,11,4,-1,medium,high,0.85,medium,2,,,,16,,witness_ordering,325457
C,C_01433_base,pan_carry,oracle_sfc,0,0,0,0,1,0,0.0,11,4,-1,medium,high,0.85,medium,2,,,,16,,witness_ordering,325457
C,C_01433_base,pan_carry,semantic_only,1,0,1,0,1,0,0.0,11,4,-1,medium,high,0.85,medium,2,,,,16,,witness_ordering,325457
C,C_01433_base,pan_carry,posthoc_single,0,0,0,0,1,0,0.03774427,11,4,-1,medium,high,0.85,medium,2,,,,16,,witness_ordering,325457
C,C_01433_base,pan_carry,soft_penalty_fc,1,0,1,0,1,0,0.03774427,11,4,-1,medium,high,0.85,medium,2,,,,16,,witness_ordering,325457
C,C_01434,pan_carry,topk_posthoc,0,0,0,0,1,0,0.0,11,4,-1,medium,high,0.85,medium,2,,,,16,,witness_ordering,325458
C,C_01434_base,pan_carry,geometric_fc,1,0,1,0,1,0,0.03717729,11,4,-1,medium,high,0.85,medium,2,,,,16,,witness_ordering,325458
C,C_01434_base,pan_carry,oracle_sfc,0,0,0,0,1,0,0.0,11,4,-1,medium,high,0.85,medium,2,,,,16,,witness_ordering,325458
C,C_01434_base,pan_carry,semantic_only,1,0,1,0,1,0,0.0,11,4,-1,medium,high,0.85,medium,2,,,,16,,witness_ordering,325458
C,C_01434_base,pan_carry,posthoc_single,0,0,0,0,1,0,0.03717729,11,4,-1,medium,high,0.85,medium,2,,,,16,,witness_ordering,325458
C,C_01434_base,pan_carry,soft_penalty_fc,1,0,1,0,1,0,0.03717729,11,4,-1,medium,high,0.85,medium,2,,,,16,,witness_ordering,325458
C,C_01435,pan_carry,topk_posthoc,0,0,0,0,1,0,0.0,11,4,-1,medium,high,0.85,medium,2,,,,16,,witness_ordering,325459
C,C_01435_base,pan_carry,geometric_fc,1,0,1,0,1,0,0.03856088,11,4,-1,medium,high,0.85,medium,2,,,,16,,witness_ordering,325459
C,C_01435_base,pan_carry,oracle_sfc,0,0,0,0,1,0,0.0,11,4,-1,medium,high,0.85,medium,2,,,,16,,witness_ordering,325459
C,C_01435_base,pan_carry,semantic_only,1,0,1,0,1,0,0.0,11,4,-1,medium,high,0.85,medium,2,,,,16,,witness_ordering,325459
C,C_01435_base,pan_carry,posthoc_single,0,0,0,0,1,0,0.03856088,11,4,-1,medium,high,0.85,medium,2,,,,16,,witness_ordering,325459
C,C_01435_base,pan_carry,soft_penalty_fc,1,0,1,0,1,0,0.03856088,11,4,-1,medium,high,0.85,medium,2,,,,16,,witness_ordering,325459
C,C_01436,pan_carry,topk_posthoc,0,0,0,0,1,0,0.0,11,4,-1,medium,high,0.85,medium,2,,,,16,,witness_ordering,325460
C,C_01436_base,pan_carry,geometric_fc,1,0,1,0,1,0,0.03774323,11,4,-1,medium,high,0.85,medium,2,,,,16,,witness_ordering,325460
C,C_01436_base,pan_carry,oracle_sfc,0,0,0,0,1,0,0.0,11,4,-1,medium,high,0.85,medium,2,,,,16,,witness_ordering,325460
C,C_01436_base,pan_carry,semantic_only,1,0,1,0,1,0,0.0,11,4,-1,medium,high,0.85,medium,2,,,,16,,witness_ordering,325460
C,C_01436_base,pan_carry,posthoc_single,0,0,0,0,1,0,0.03774323,11,4,-1,medium,high,0.85,medium,2,,,,16,,witness_ordering,325460
C,C_01436_base,pan_carry,soft_penalty_fc,1,0,1,0,1,0,0.03774323,11,4,-1,medium,high,0.85,medium,2,,,,16,,witness_ordering,325460
C,C_01437,pan_carry,topk_posthoc,0,0,0,0,1,0,0.0,11,4,-1,medium,high,0.85,medium,2,,,,16,,witness_ordering,325461
C,C_01437_base,pan_carry,geometric_fc,1,0,1,0,1,0,0.03806325,11,4,-1,medium,high,0.85,medium,2,,,,16,,witness_ordering,325461
C,C_01437_base,pan_carry,oracle_sfc,0,0,0,0,1,0,0.0,11,4,-1,medium,high,0.85,medium,2,,,,16,,witness_ordering,325461
C,C_01437_base,pan_carry,semantic_only,1,0,1,0,1,0,0.0,11,4,-1,medium,high,0.85,medium,2,,,,16,,witness_ordering,325461
C,C_01437_base,pan_carry,posthoc_single,0,0,0,0,1,0,0.03806325,11,4,-1,medium,high,0.85,medium,2,,,,16,,witness_ordering,325461
C,C_01437_base,pan_carry,soft_penalty_fc,1,0,1,0,1,0,0.03806325,11,4,-1,medium,high,0.85,medium,2,,,,16,,witness_ordering,325461
C,C_01438,pan_carry,topk_posthoc,0,0,0,0,1,0,0.0,11,4,-1,medium,high,0.85,medium,2,,,,16,,witness_ordering,325462
C,C_01438_base,pan_carry,geometric_fc,1,0,1,0,1,0,0.03903204,11,4,-1,medium,high,0.85,medium,2,,,,16,,witness_ordering,325462
C,C_01438_base,pan_carry,oracle_sfc,0,0,0,0,1,0,0.0,11,4,-1,medium,high,0.85,medium,2,,,,16,,witness_ordering,325462
C,C_01438_base,pan_carry,semantic_only,1,0,1,0,1,0,0.0,11,4,-1,medium,high,0.85,medium,2,,,,16,,witness_ordering,325462
C,C_01438_base,pan_carry,posthoc_single,0,0,0,0,1,0,0.03903204,11,4,-1,medium,high,0.85,medium,2,,,,16,,witness_ordering,325462
C,C_01438_base,pan_carry,soft_penalty_fc,1,0,1,0,1,0,0.03903204,11,4,-1,medium,high,0.85,medium,2,,,,16,,witness_ordering,325462
C,C_01439,pan_carry,topk_posthoc,0,0,0,0,1,0,0.0,11,4,-1,medium,high,0.85,medium,2,,,,16,,witness_ordering,325463
C,C_01439_base,pan_carry,geometric_fc,1,0,1,0,1,0,0.03697878,11,4,-1,medium,high,0.85,medium,2,,,,16,,witness_ordering,325463
C,C_01439_base,pan_carry,oracle_sfc,0,0,0,0,1,0,0.0,11,4,-1,medium,high,0.85,medium,2,,,,16,,witness_ordering,325463
C,C_01439_base,pan_carry,semantic_only,1,0,1,0,1,0,0.0,11,4,-1,medium,high,0.85,medium,2,,,,16,,witness_ordering,325463
C,C_01439_base,pan_carry,posthoc_single,0,0,0,0,1,0,0.03697878,11,4,-1,medium,high,0.85,medium,2,,,,16,,witness_ordering,325463
C,C_01439_base,pan_carry,soft_penalty_fc,1,0,1,0,1,0,0.03697878,11,4,-1,medium,high,0.85,medium,2,,,,16,,witness_ordering,325463
C,C_01440,pan_carry,topk_posthoc,0,0,0,0,1,0,0.0,11,4,-1,medium,high,0.85,medium,2,,,,16,,witness_ordering,325464
C,C_01440_base,pan_carry,geometric_fc,1,0,1,0,1,0,0.03494017,11,4,-1,medium,high,0.85,medium,2,,,,16,,witness_ordering,325464
C,C_01440_base,pan_carry,oracle_sfc,0,0,0,0,1,0,0.0,11,4,-1,medium,high,0.85,medium,2,,,,16,,witness_ordering,325464
C,C_01440_base,pan_carry,semantic_only,1,0,1,0,1,0,0.0,11,4,-1,medium,high,0.85,medium,2,,,,16,,witness_ordering,325464
C,C_01440_base,pan_carry,posthoc_single,0,0,0,0,1,0,0.03494017,11,4,-1,medium,high,0.85,medium,2,,,,16,,witness_ordering,325464
C,C_01440_base,pan_carry,soft_penalty_fc,1,0,1,0,1,0,0.03494017,11,4,-1,medium,high,0.85,medium,2,,,,16,,witness_ordering,325464
