scenario,trial_id,num_contacts,num_allowed_contacts,geometric_fc,semantic_force_closure,semantic_only_accepts,posthoc_best_geometric_accepts,geometric_quality,sfc_quality,geometric_roles,sfc_roles,geometric_optimism_gap,semantic_optimism_gap,posthoc_miss,monotonicity_violation
knife_pass,0,12,6,1,0,1,0,0.03797166,0.0,handle|handle|blade|handle|blade|edge|edge|pommel|pommel|blade|handle|blade,,1,1,0,0
knife_pass,1,12,6,1,0,1,0,0.03949073,0.0,handle|blade|blade|blade|handle|pommel|pommel|blade|edge|handle|handle|edge,,1,1,0,0
knife_pass,2,12,6,1,0,1,0,0.03777634,0.0,handle|pommel|pommel|blade|edge|blade|handle|blade|handle|blade|handle|edge,,1,1,0,0
knife_pass,3,12,6,1,0,1,0,0.03367801,0.0,pommel|handle|handle|handle|blade|pommel|blade|edge|edge|blade|blade|handle,,1,1,0,0
knife_pass,4,12,6,1,0,1,0,0.03688243,0.0,blade|pommel|handle|handle|blade|blade|handle|edge|blade|handle|edge|pommel,,1,1,0,0
knife_pass,5,12,6,1,0,1,0,0.03490898,0.0,blade|blade|handle|edge|edge|blade|handle|blade|handle|handle|pommel|pommel,,1,1,0,0
knife_pass,6,12,6,1,0,1,0,0.03528665,0.0,blade|blade|blade|handle|handle|edge|blade|pommel|handle|handle|edge|pommel,,1,1,0,0
knife_pass,7,12,6,1,0,1,0,0.03763296,0.0,blade|blade|pommel|handle|handle|blade|edge|pommel|handle|edge|handle|blade,,1,1,0,0
knife_pass,8,12,6,1,0,1,0,0.03581414,0.0,handle|blade|edge|handle|handle|blade|blade|handle|pommel|blade|pommel|edge,,1,1,0,0
knife_pass,9,12,6,1,0,1,0,0.03924894,0.0,blade|edge|blade|blade|edge|handle|pommel|blade|handle|pommel|handle|handle,,1,1,0,0
knife_pass,10,12,6,1,0,1,0,0.03914514,0.0,edge|blade|edge|handle|blade|handle|handle|blade|handle|pommel|blade|pommel,,1,1,0,0
knife_pass,11,12,6,1,0,1,0,0.04104713,0.0,pommel|handle|blade|blade|edge|pommel|handle|edge|handle|blade|blade|handle,,1,1,0,0
knife_pass,12,12,6,1,0,1,0,0.03496427,0.0,blade|edge|blade|blade|handle|edge|handle|handle|pommel|blade|handle|pommel,,1,1,0,0
knife_pass,13,12,6,1,0,1,0,0.03960651,0.0,blade|handle|blade|edge|edge|blade|pommel|handle|handle|handle|pommel|blade,,1,1,0,0
knife_pass,14,12,6,1,0,1,0,0.03773714,0.0,handle|pommel|handle|blade|edge|pommel|edge|handle|blade|blade|blade|handle,,1,1,0,0
knife_pass,15,12,6,1,0,1,0,0.03821627,0.0,handle|handle|handle|edge|edge|blade|blade|handle|pommel|blade|pommel|blade,,1,1,0,0
knife_pass,16,12,6,1,0,1,0,0.03871416,0.0,handle|pommel|handle|pommel|blade|blade|blade|handle|handle|edge|edge|blade,,1,1,0,0
knife_pass,17,12,6,1,0,1,0,0.03659464,0.0,handle|edge|blade|pommel|pommel|handle|blade|handle|edge|blade|blade|handle,,1,1,0,0
knife_pass,18,12,6,1,0,1,0,0.03876527,0.0,handle|pommel|edge|blade|handle|blade|edge|handle|blade|pommel|blade|handle,,1,1,0,0
knife_pass,19,12,6,1,0,1,0,0.03910378,0.0,blade|blade|edge|handle|handle|handle|edge|blade|blade|pommel|handle|pommel,,1,1,0,0
knife_pass,20,12,6,1,0,1,0,0.03918926,0.0,pommel|blade|handle|handle|edge|handle|handle|edge|pommel|blade|blade|blade,,1,1,0,0
knife_pass,21,12,6,1,0,1,0,0.03863197,0.0,blade|handle|edge|pommel|blade|pommel|handle|edge|handle|blade|blade|handle,,1,1,0,0
knife_pass,22,12,6,1,0,1,0,0.0369129,0.0,edge|handle|pommel|handle|blade|handle|pommel|blade|blade|edge|blade|handle,,1,1,0,0
knife_pass,23,12,6,1,0,1,0,0.04091713,0.0,handle|handle|pommel|edge|blade|blade|handle|handle|blade|blade|edge|pommel,,1,1,0,0
knife_pass,24,12,6,1,0,1,0,0.03973429,0.0,blade|blade|pommel|edge|blade|blade|handle|pommel|handle|edge|handle|handle,,1,1,0,0
knife_pass,25,12,6,1,0,1,0,0.03806773,0.0,blade|edge|handle|edge|blade|blade|handle|blade|pommel|handle|handle|pommel,,1,1,0,0
knife_pass,26,12,6,1,0,1,0,0.03747109,0.0,pommel|edge|handle|blade|pommel|blade|blade|handle|handle|blade|handle|edge,,1,1,0,0
knife_pass,27,12,6,1,0,1,0,0.03710186,0.0,handle|blade|blade|pommel|blade|handle|handle|handle|pommel|blade|edge|edge,,1,1,0,0
knife_pass,28,12,6,1,0,1,0,0.037749,0.0,handle|edge|edge|blade|pommel|blade|pommel|blade|blade|handle|handle|handle,,1,1,0,0
knife_pass,29,12,6,1,0,1,0,0.03958588,0.0,pommel|blade|edge|blade|blade|handle|handle|pommel|handle|edge|blade|handle,,1,1,0,0
knife_pass,30,12,6,1,0,1,0,0.04007395,0.0,pommel|handle|edge|blade|handle|edge|blade|handle|blade|pommel|blade|handle,,1,1,0,0
knife_pass,31,12,6,1,0,1,0,0.03820919,0.0,pommel|handle|blade|pommel|edge|edge|handle|handle|blade|blade|blade|handle,,1,1,0,0
knife_pass,32,12,6,1,0,1,0,0.0392794,0.0,pommel|blade|pommel|blade|edge|handle|edge|handle|handle|blade|blade|handle,,1,1,0,0
knife_pass,33,12,6,1,0,1,0,0.03624905,0.0,handle|handle|pommel|blade|blade|edge|blade|blade|edge|handle|handle|pommel,,1,1,0,0
knife_pass,34,12,6,1,0,1,0,0.03829394,0.0,handle|pommel|handle|handle|edge|handle|blade|blade|blade|edge|pommel|blade,,1,1,0,0
knife_pass,35,12,6,1,0,1,0,0.04027545,0.0,handle|pommel|blade|edge|edge|blade|blade|pommel|handle|handle|blade|handle,,1,1,0,0
knife_pass,36,12,6,1,0,1,0,0.03998835,0.0,edge|handle|pommel|blade|edge|handle|handle|pommel|handle|blade|blade|blade,,1,1,0,0
knife_pass,37,12,6,1,0,1,0,0.04002495,0.0,pommel|blade|edge|edge|handle|blade|pommel|handle|handle|blade|blade|handle,,1,1,0,0
knife_pass,38,12,6,1,0,1,0,0.03673614,0.0,handle|blade|pommel|edge|blade|pommel|blade|edge|handle|handle|blade|handle,,1,1,0,0
knife_pass,39,12,6,1,0,1,0,0.03779992,0.0,handle|blade|blade|pommel|handle|pommel|edge|handle|edge|handle|blade|blade,,1,1,0,0
knife_pass,40,12,6,1,0,1,0,0.04074541,0.0,edge|handle|handle|pommel|handle|blade|blade|blade|handle|pommel|blade|edge,,1,1,0,0
knife_pass,41,12,6,1,0,1,0,0.04033248,0.0,handle|pommel|blade|edge|edge|blade|blade|blade|handle|handle|pommel|handle,,1,1,0,0
knife_pass,42,12,6,1,0,1,0,0.04070733,0.0,handle|pommel|edge|handle|edge|blade|pommel|blade|handle|handle|blade|blade,,1,1,0,0
knife_pass,43,12,6,1,0,1,0,0.04095638,0.0,pommel|blade|blade|handle|blade|handle|edge|handle|handle|blade|pommel|edge,,1,1,0,0
knife_pass,44,12,6,1,0,1,0,0.03766173,0.0,handle|blade|pommel|edge|handle|pommel|handle|blade|edge|handle|blade|blade,,1,1,0,0
knife_pass,45,12,6,1,0,1,0,0.03716894,0.0,blade|handle|pommel|blade|edge|edge|blade|handle|pommel|handle|handle|blade,,1,1,0,0
knife_pass,46,12,6,1,0,1,0,0.03819848,0.0,edge|pommel|handle|handle|blade|pommel|handle|blade|blade|blade|edge|handle,,1,1,0,0
knife_pass,47,12,6,1,0,1,0,0.03722972,0.0,blade|handle|pommel|handle|blade|blade|blade|pommel|handle|handle|edge|edge,,1,1,0,0
knife_pass,48,12,6,1,0,1,0,0.04101642,0.0,blade|edge|pommel|edge|blade|pommel|blade|handle|handle|blade|handle|handle,,1,1,0,0
knife_pass,49,12,6,1,0,1,0,0.03914459,0.0,pommel|blade|blade|pommel|handle|handle|edge|blade|edge|blade|handle|handle,,1,1,0,0
knife_pass,50,12,6,1,0,1,0,0.03661713,0.0,handle|blade|blade|pommel|blade|handle|edge|edge|pommel|handle|blade|handle,,1,1,0,0
knife_pass,51,12,6,1,0,1,0,0.0411792,0.0,blade|handle|blade|blade|pommel|pommel|edge|handle|handle|blade|edge|handle,,1,1,0,0
knife_pass,52,12,6,1,0,1,0,0.03927103,0.0,handle|handle|blade|blade|edge|handle|blade|pommel|pommel|blade|edge|handle,,1,1,0,0
knife_pass,53,12,6,1,0,1,0,0.03659574,0.0,edge|blade|blade|blade|handle|pommel|pommel|blade|handle|edge|handle|handle,,1,1,0,0
knife_pass,54,12,6,1,0,1,0,0.0387686,0.0,blade|blade|edge|blade|handle|pommel|edge|handle|pommel|handle|handle|blade,,1,1,0,0
knife_pass,55,12,6,1,0,1,0,0.03928496,0.0,blade|blade|edge|blade|handle|pommel|pommel|handle|handle|handle|edge|blade,,1,1,0,0
knife_pass,56,12,6,1,0,1,0,0.03919519,0.0,blade|edge|handle|pommel|handle|pommel|handle|handle|blade|blade|blade|edge,,1,1,0,0
knife_pass,57,12,6,1,0,1,0,0.0361411,0.0,edge|handle|blade|pommel|blade|edge|handle|handle|pommel|blade|blade|handle,,1,1,0,0
knife_pass,58,12,6,1,0,1,0,0.03764077,0.0,edge|handle|handle|pommel|handle|pommel|edge|blade|handle|blade|blade|blade,,1,1,0,0
knife_pass,59,12,6,1,0,1,0,0.03773145,0.0,pommel|blade|handle|blade|handle|pommel|blade|handle|blade|handle|edge|edge,,1,1,0,0
knife_pass,60,12,6,1,0,1,0,0.04026548,0.0,blade|edge|pommel|handle|pommel|edge|handle|handle|blade|blade|blade|handle,,1,1,0,0
knife_pass,61,12,6,1,0,1,0,0.03703883,0.0,pommel|handle|handle|blade|blade|blade|pommel|edge|edge|handle|handle|blade,,1,1,0,0
knife_pass,62,12,6,1,0,1,0,0.0366678,0.0,edge|pommel|blade|handle|handle|handle|blade|blade|handle|edge|blade|pommel,,1,1,0,0
knife_pass,63,12,6,1,0,1,0,0.03887626,0.0,blade|handle|edge|blade|blade|blade|handle|edge|handle|handle|pommel|pommel,,1,1,0,0
knife_pass,64,12,6,1,0,1,0,0.0412791,0.0,handle|blade|handle|blade|edge|handle|pommel|blade|blade|edge|pommel|handle,,1,1,0,0
knife_pass,65,12,6,1,0,1,0,0.03720511,0.0,blade|handle|pommel|edge|blade|handle|handle|handle|pommel|edge|blade|blade,,1,1,0,0
knife_pass,66,12,6,1,0,1,0,0.0360684,0.0,edge|blade|pommel|handle|handle|handle|handle|blade|edge|blade|pommel|blade,,1,1,0,0
knife_pass,67,12,6,1,0,1,0,0.03625314,0.0,blade|edge|edge|blade|pommel|blade|blade|pommel|handle|handle|handle|handle,,1,1,0,0
knife_pass,68,12,6,1,0,1,0,0.03835748,0.0,handle|blade|edge|edge|blade|handle|pommel|pommel|handle|handle|blade|blade,,1,1,0,0
knife_pass,69,12,6,1,0,1,0,0.03729231,0.0,blade|handle|edge|handle|blade|handle|edge|handle|blade|pommel|pommel|blade,,1,1,0,0
knife_pass,70,12,6,1,0,1,0,0.03642452,0.0,blade|blade|pommel|edge|handle|blade|edge|handle|handle|handle|blade|pommel,,1,1,0,0
knife_pass,71,12,6,1,0,1,0,0.0386121,0.0,blade|blade|handle|pommel|handle|edge|handle|blade|edge|pommel|handle|blade,,1,1,0,0
knife_pass,72,12,6,1,0,1,0,0.03745126,0.0,blade|blade|pommel|edge|edge|blade|pommel|handle|handle|handle|blade|handle,,1,1,0,0
knife_pass,73,12,6,1,0,1,0,0.04021581,0.0,pommel|edge|blade|blade|blade|handle|handle|pommel|edge|handle|handle|blade,,1,1,0,0
knife_pass,74,12,6,1,0,1,0,0.03888616,0.0,pommel|handle|handle|pommel|edge|blade|handle|blade|handle|edge|blade|blade,,1,1,0,0
knife_pass,75,12,6,1,0,1,0,0.03937565,0.0,pommel|blade|blade|blade|edge|pommel|handle|handle|blade|handle|edge|handle,,1,1,0,0
knife_pass,76,12,6,1,0,1,0,0.03655782,0.0,edge|handle|handle|edge|blade|pommel|blade|handle|handle|blade|blade|pommel,,1,1,0,0
knife_pass,77,12,6,1,0,1,0,0.04046415,0.0,pommel|pommel|handle|edge|blade|handle|blade|handle|edge|blade|handle|blade,,1,1,0,0
knife_pass,78,12,6,1,0,1,0,0.03844427,0.0,blade|handle|blade|blade|pommel|handle|handle|pommel|edge|blade|edge|handle,,1,1,0,0
knife_pass,79,12,6,1,0,1,0,0.03754295,0.0,handle|blade|edge|handle|pommel|blade|handle|edge|pommel|blade|handle|blade,,1,1,0,0
knife_pass,80,12,6,1,0,1,0,0.0365898,0.0,edge|blade|edge|handle|handle|blade|blade|handle|handle|blade|pommel|pommel,,1,1,0,0
knife_pass,81,12,6,1,0,1,0,0.03954472,0.0,pommel|pommel|blade|handle|edge|edge|blade|blade|blade|handle|handle|handle,,1,1,0,0
knife_pass,82,12,6,1,0,1,0,0.03881968,0.0,handle|blade|handle|blade|blade|pommel|pommel|edge|handle|edge|handle|blade,,1,1,0,0
knife_pass,83,12,6,1,0,1,0,0.03795005,0.0,pommel|handle|blade|blade|edge|handle|pommel|handle|handle|blade|blade|edge,,1,1,0,0
knife_pass,84,12,6,1,0,1,0,0.03945383,0.0,edge|blade|blade|edge|blade|pommel|pommel|handle|blade|handle|handle|handle,,1,1,0,0
knife_pass,85,12,6,1,0,1,0,0.03626614,0.0,blade|handle|pommel|edge|edge|blade|blade|handle|pommel|handle|handle|blade,,1,1,0,0
knife_pass,86,12,6,1,0,1,0,0.03398714,0.0,edge|handle|pommel|pommel|blade|blade|edge|blade|blade|handle|handle|handle,,1,1,0,0
knife_pass,87,12,6,1,0,1,0,0.03833198,0.0,pommel|edge|blade|blade|blade|blade|edge|handle|pommel|handle|handle|handle,,1,1,0,0
knife_pass,88,12,6,1,0,1,0,0.039037,0.0,handle|blade|pommel|edge|handle|edge|handle|blade|pommel|handle|blade|blade,,1,1,0,0
knife_pass,89,12,6,1,0,1,0,0.03916817,0.0,handle|handle|blade|edge|handle|blade|edge|pommel|pommel|handle|blade|blade,,1,1,0,0
knife_pass,90,12,6,1,0,1,0,0.04034446,0.0,pommel|blade|pommel|handle|blade|blade|handle|blade|handle|edge|handle|edge,,1,1,0,0
knife_pass,91,12,6,1,0,1,0,0.03794184,0.0,blade|handle|blade|blade|edge|edge|pommel|handle|handle|blade|handle|pommel,,1,1,0,0
knife_pass,92,12,6,1,0,1,0,0.03606491,0.0,edge|blade|blade|blade|edge|handle|handle|blade|pommel|handle|handle|pommel,,1,1,0,0
knife_pass,93,12,6,1,0,1,0,0.03998538,0.0,blade|pommel|edge|handle|handle|blade|handle|pommel|blade|handle|edge|blade,,1,1,0,0
knife_pass,94,12,6,1,0,1,0,0.03762297,0.0,handle|pommel|blade|edge|pommel|handle|handle|handle|blade|edge|blade|blade,,1,1,0,0
knife_pass,95,12,6,1,0,1,0,0.03857128,0.0,pommel|edge|edge|blade|blade|blade|handle|handle|pommel|handle|handle|blade,,1,1,0,0
knife_pass,96,12,6,1,0,1,0,0.03819541,0.0,pommel|handle|pommel|handle|edge|blade|edge|handle|blade|handle|blade|blade,,1,1,0,0
knife_pass,97,12,6,1,0,1,0,0.03626802,0.0,blade|handle|blade|handle|edge|blade|edge|handle|blade|handle|pommel|pommel,,1,1,0,0
knife_pass,98,12,6,1,0,1,0,0.03740878,0.0,blade|handle|blade|handle|handle|pommel|blade|edge|blade|pommel|edge|handle,,1,1,0,0
knife_pass,99,12,6,1,0,1,0,0.03771725,0.0,blade|edge|handle|handle|blade|blade|pommel|blade|edge|handle|pommel|handle,,1,1,0,0
knife_pass,100,12,6,1,0,1,0,0.03958418,0.0,blade|pommel|handle|edge|handle|handle|handle|blade|pommel|blade|blade|edge,,1,1,0,0
knife_pass,101,12,6,1,0,1,0,0.03743545,0.0,handle|blade|pommel|handle|pommel|handle|blade|edge|blade|blade|edge|handle,,1,1,0,0
knife_pass,102,12,6,1,0,1,0,0.03962671,0.0,pommel|handle|edge|handle|blade|edge|handle|blade|blade|handle|blade|pommel,,1,1,0,0
knife_pass,103,12,6,1,0,1,0,0.03704371,0.0,blade|pommel|handle|blade|handle|blade|blade|handle|handle|edge|edge|pommel,,1,1,0,0
knife_pass,104,12,6,1,0,1,0,0.03995193,0.0,pommel|blade|blade|handle|edge|handle|handle|handle|pommel|blade|blade|edge,,1,1,0,0
knife_pass,105,12,6,1,0,1,0,0.04051065,0.0,blade|edge|handle|pommel|blade|handle|blade|edge|handle|blade|pommel|handle,,1,1,0,0
knife_pass,106,12,6,1,0,1,0,0.03980152,0.0,handle|edge|edge|blade|handle|pommel|handle|handle|blade|pommel|blade|blade,,1,1,0,0
knife_pass,107,12,6,1,0,1,0,0.03808783,0.0,handle|pommel|pommel|blade|blade|handle|handle|handle|blade|edge|blade|edge,,1,1,0,0
knife_pass,108,12,6,1,0,1,0,0.04121319,0.0,handle|handle|blade|edge|blade|handle|edge|blade|blade|pommel|handle|pommel,,1,1,0,0
knife_pass,109,12,6,1,0,1,0,0.03796463,0.0,blade|handle|handle|handle|pommel|edge|blade|blade|blade|edge|handle|pommel,,1,1,0,0
knife_pass,110,12,6,1,0,1,0,0.0369826,0.0,pommel|handle|handle|handle|blade|edge|blade|blade|blade|edge|handle|pommel,,1,1,0,0
knife_pass,111,12,6,1,0,1,0,0.03701202,0.0,edge|handle|blade|pommel|blade|handle|handle|edge|blade|pommel|blade|handle,,1,1,0,0
knife_pass,112,12,6,1,0,1,0,0.04012313,0.0,pommel|handle|pommel|blade|handle|edge|blade|blade|edge|handle|handle|blade,,1,1,0,0
knife_pass,113,12,6,1,0,1,0,0.0386118,0.0,pommel|handle|blade|handle|blade|pommel|edge|blade|edge|handle|handle|blade,,1,1,0,0
knife_pass,114,12,6,1,0,1,0,0.03792737,0.0,pommel|pommel|handle|edge|edge|blade|blade|handle|blade|blade|handle|handle,,1,1,0,0
knife_pass,115,12,6,1,0,1,0,0.04000366,0.0,blade|pommel|pommel|handle|blade|handle|blade|blade|edge|edge|handle|handle,,1,1,0,0
knife_pass,116,12,6,1,0,1,0,0.04017449,0.0,blade|blade|handle|pommel|edge|handle|handle|blade|edge|pommel|handle|blade,,1,1,0,0
knife_pass,117,12,6,1,0,1,0,0.03665416,0.0,handle|handle|pommel|blade|blade|handle|edge|blade|pommel|handle|edge|blade,,1,1,0,0
knife_pass,118,12,6,1,0,1,0,0.03943964,0.0,handle|blade|edge|blade|blade|blade|handle|pommel|handle|edge|pommel|handle,,1,1,0,0
knife_pass,119,12,6,1,0,1,0,0.03891293,0.0,handle|handle|handle|edge|blade|pommel|blade|blade|pommel|blade|edge|handle,,1,1,0,0
mug_serve,0,12,8,1,1,1,0,0.0369977,0.04418278,base|body|handle|body|rim|interior|rim|rim|body|handle|base|handle,base|body|handle|body|body|handle|base|handle,0,0,1,0
mug_serve,1,12,8,1,1,1,0,0.03609724,0.04792243,base|interior|rim|body|handle|base|handle|body|rim|handle|rim|body,base|body|handle|base|handle|body|handle|body,0,0,1,0
mug_serve,2,12,8,1,1,1,0,0.03635358,0.04423566,interior|base|body|handle|rim|handle|rim|rim|base|body|body|handle,base|body|handle|handle|base|body|body|handle,0,0,1,0
mug_serve,3,12,8,1,1,1,0,0.04090055,0.04242148,base|interior|base|handle|handle|body|body|rim|handle|rim|rim|body,base|base|handle|handle|body|body|handle|body,0,0,1,0
mug_serve,4,12,8,1,1,1,0,0.03686242,0.04816767,body|body|base|rim|rim|body|handle|interior|handle|handle|base|rim,body|body|base|body|handle|handle|handle|base,0,0,1,0
mug_serve,5,12,8,1,1,1,0,0.03635636,0.04505768,handle|base|rim|base|body|body|body|handle|rim|rim|interior|handle,handle|base|base|body|body|body|handle|handle,0,0,1,0
mug_serve,6,12,8,1,1,1,0,0.03594718,0.04958588,body|base|interior|base|handle|rim|rim|rim|body|handle|body|handle,body|base|base|handle|body|handle|body|handle,0,0,1,0
mug_serve,7,12,8,1,1,1,0,0.03910077,0.04091081,base|body|rim|rim|interior|body|base|body|handle|handle|rim|handle,base|body|body|base|body|handle|handle|handle,0,0,1,0
mug_serve,8,12,8,1,1,1,0,0.03732465,0.04536104,interior|body|handle|rim|base|body|body|handle|handle|base|rim|rim,body|handle|base|body|body|handle|handle|base,0,0,1,0
mug_serve,9,12,8,1,1,1,0,0.03702566,0.04985462,rim|interior|handle|rim|body|base|handle|body|base|rim|body|handle,handle|body|base|handle|body|base|body|handle,0,0,1,0
mug_serve,10,12,8,1,1,1,0,0.03584822,0.04799181,rim|base|handle|body|body|rim|handle|rim|base|handle|body|interior,base|handle|body|body|handle|base|handle|body,0,0,1,0
mug_serve,11,12,8,1,1,1,0,0.03641087,0.05199347,rim|handle|rim|body|base|body|handle|interior|handle|body|rim|base,handle|body|base|body|handle|handle|body|base,0,0,1,0
mug_serve,12,12,8,1,1,1,0,0.03621657,0.05114354,base|handle|body|handle|rim|interior|rim|body|handle|base|rim|body,base|handle|body|handle|body|handle|base|body,0,0,1,0
mug_serve,13,12,8,1,1,1,0,0.03705919,0.04842161,rim|handle|interior|base|handle|body|body|body|handle|rim|base|rim,handle|base|handle|body|body|body|handle|base,0,0,1,0
mug_serve,14,12,8,1,1,1,0,0.0397833,0.04270572,handle|handle|rim|body|handle|body|rim|rim|body|base|base|interior,handle|handle|body|handle|body|body|base|base,0,0,1,0
mug_serve,15,12,8,1,1,1,0,0.03738312,0.0408293,handle|rim|base|handle|handle|body|body|base|body|interior|rim|rim,handle|base|handle|handle|body|body|base|body,0,0,1,0
mug_serve,16,12,8,1,1,1,0,0.03845201,0.0427966,base|rim|base|rim|handle|rim|body|interior|body|handle|handle|body,base|base|handle|body|body|handle|handle|body,0,0,1,0
mug_serve,17,12,8,1,1,1,0,0.03538011,0.0547787,base|interior|rim|rim|handle|body|handle|rim|handle|base|body|body,base|handle|body|handle|handle|base|body|body,0,0,1,0
mug_serve,18,12,8,1,1,1,0,0.0383284,0.04432777,body|handle|base|rim|handle|body|interior|body|rim|base|rim|handle,body|handle|base|handle|body|body|base|handle,0,0,1,0
mug_serve,19,12,8,1,1,1,0,0.03982197,0.0380131,body|handle|interior|body|body|base|rim|handle|handle|rim|base|rim,body|handle|body|body|base|handle|handle|base,0,0,1,0
mug_serve,20,12,8,1,1,1,0,0.03718442,0.04878172,rim|body|body|body|handle|rim|rim|handle|base|interior|handle|base,body|body|body|handle|handle|base|handle|base,0,0,1,0
mug_serve,21,12,8,1,1,1,0,0.03576898,0.05066375,interior|rim|base|body|body|handle|rim|handle|rim|body|base|handle,base|body|body|handle|handle|body|base|handle,0,0,1,0
mug_serve,22,12,8,1,1,1,0,0.03838999,0.04515991,rim|handle|body|base|interior|body|rim|handle|rim|handle|base|body,handle|body|base|body|handle|handle|base|body,0,0,1,0
mug_serve,23,12,8,1,1,1,0,0.03558788,0.0510451,interior|body|handle|body|body|handle|base|handle|rim|base|rim|rim,body|handle|body|body|handle|base|handle|base,0,0,1,0
mug_serve,24,12,8,1,1,1,0,0.03526117,0.05661145,rim|interior|body|base|handle|body|base|rim|handle|handle|body|rim,body|base|handle|body|base|handle|handle|body,0,0,1,0
mug_serve,25,12,8,1,1,1,0,0.03542383,0.05509026,rim|handle|body|rim|body|base|interior|base|handle|handle|body|rim,handle|body|body|base|base|handle|handle|body,0,0,1,0
mug_serve,26,12,8,1,1,1,0,0.03854519,0.04762707,body|rim|rim|body|base|base|interior|handle|rim|handle|body|handle,body|body|base|base|handle|handle|body|handle,0,0,1,0
mug_serve,27,12,8,1,1,1,0,0.03815272,0.04494174,rim|rim|handle|body|interior|body|body|base|base|handle|rim|handle,handle|body|body|body|base|base|handle|handle,0,0,1,0
mug_serve,28,12,8,1,1,1,0,0.03916514,0.0388316,body|handle|body|base|rim|rim|base|handle|interior|handle|rim|body,body|handle|body|base|base|handle|handle|body,0,0,1,0
mug_serve,29,12,8,1,1,1,0,0.03839274,0.04490209,body|handle|body|rim|base|rim|body|handle|base|rim|interior|handle,body|handle|body|base|body|handle|base|handle,0,0,1,0
mug_serve,30,12,8,1,1,1,0,0.04071091,0.03781407,rim|handle|rim|handle|body|base|rim|interior|handle|base|body|body,handle|handle|body|base|handle|base|body|body,0,0,1,0
mug_serve,31,12,8,1,1,1,0,0.03360216,0.05696917,rim|handle|interior|base|body|handle|rim|base|body|rim|body|handle,handle|base|body|handle|base|body|body|handle,0,0,1,0
mug_serve,32,12,8,1,1,1,0,0.03507472,0.05212198,handle|rim|body|body|interior|body|base|handle|base|rim|handle|rim,handle|body|body|body|base|handle|base|handle,0,0,1,0
mug_serve,33,12,8,1,1,1,0,0.03844433,0.04666835,rim|handle|base|base|handle|body|rim|body|body|handle|rim|interior,handle|base|base|handle|body|body|body|handle,0,0,1,0
mug_serve,34,12,8,1,1,1,0,0.03814847,0.04538693,body|interior|base|handle|rim|body|body|rim|handle|rim|base|handle,body|base|handle|body|body|handle|base|handle,0,0,1,0
mug_serve,35,12,8,1,1,1,0,0.03909393,0.04377557,rim|handle|rim|base|body|base|body|interior|handle|handle|body|rim,handle|base|body|base|body|handle|handle|body,0,0,1,0
mug_serve,36,12,8,1,1,1,0,0.04033812,0.0422499,body|base|rim|interior|handle|base|body|rim|body|handle|handle|rim,body|base|handle|base|body|body|handle|handle,0,0,1,0
mug_serve,37,12,8,1,1,1,0,0.03776702,0.0433284,handle|handle|body|interior|base|rim|body|rim|rim|base|body|handle,handle|handle|body|base|body|base|body|handle,0,0,1,0
mug_serve,38,12,8,1,1,1,0,0.03414283,0.05616884,rim|handle|body|handle|interior|rim|base|body|rim|base|handle|body,handle|body|handle|base|body|base|handle|body,0,0,1,0
mug_serve,39,12,8,1,1,1,0,0.03647204,0.04834587,base|body|handle|rim|rim|handle|body|handle|body|rim|interior|base,base|body|handle|handle|body|handle|body|base,0,0,1,0
mug_serve,40,12,8,1,1,1,0,0.03728674,0.0504108,handle|body|rim|handle|rim|base|base|interior|rim|handle|body|body,handle|body|handle|base|base|handle|body|body,0,0,1,0
mug_serve,41,12,8,1,1,1,0,0.03431557,0.05350145,base|rim|handle|base|interior|rim|body|body|body|handle|handle|rim,base|handle|base|body|body|body|handle|handle,0,0,1,0
mug_serve,42,12,8,1,1,1,0,0.03555281,0.04880688,body|rim|body|base|interior|rim|handle|base|body|handle|handle|rim,body|body|base|handle|base|body|handle|handle,0,0,1,0
mug_serve,43,12,8,1,1,1,0,0.03541424,0.05186861,rim|handle|interior|handle|rim|base|body|base|body|rim|body|handle,handle|handle|base|body|base|body|body|handle,0,0,1,0
mug_serve,44,12,8,1,1,1,0,0.03344761,0.05501378,handle|interior|rim|base|body|handle|handle|rim|base|rim|body|body,handle|base|body|handle|handle|base|body|body,0,0,1,0
mug_serve,45,12,8,1,1,1,0,0.03359773,0.05438516,rim|handle|base|handle|interior|body|handle|base|body|rim|rim|body,handle|base|handle|body|handle|base|body|body,0,0,1,0
mug_serve,46,12,8,1,1,1,0,0.03467431,0.05604237,handle|interior|rim|handle|rim|body|body|base|handle|rim|base|body,handle|handle|body|body|base|handle|base|body,0,0,1,0
mug_serve,47,12,8,1,1,1,0,0.03573836,0.05407914,handle|rim|interior|base|rim|rim|body|handle|base|handle|body|body,handle|base|body|handle|base|handle|body|body,0,0,1,0
mug_serve,48,12,8,1,1,1,0,0.037847,0.0447771,rim|base|rim|interior|handle|rim|handle|body|handle|body|body|base,base|handle|handle|body|handle|body|body|base,0,0,1,0
mug_serve,49,12,8,1,1,1,0,0.03615563,0.05210253,rim|handle|base|body|handle|rim|handle|body|interior|body|rim|base,handle|base|body|handle|handle|body|body|base,0,0,1,0
mug_serve,50,12,8,1,1,1,0,0.03866214,0.04051986,handle|base|base|rim|interior|handle|handle|body|body|rim|rim|body,handle|base|base|handle|handle|body|body|body,0,0,1,0
mug_serve,51,12,8,1,1,1,0,0.03708558,0.04628857,handle|rim|rim|body|body|rim|handle|body|interior|base|handle|base,handle|body|body|handle|body|base|handle|base,0,0,1,0
mug_serve,52,12,8,1,1,1,0,0.03358038,0.05683569,interior|base|body|rim|body|handle|handle|base|handle|rim|body|rim,base|body|body|handle|handle|base|handle|body,0,0,1,0
mug_serve,53,12,8,1,1,1,0,0.03591838,0.05158941,handle|handle|rim|body|base|handle|body|interior|body|rim|rim|base,handle|handle|body|base|handle|body|body|base,0,0,1,0
mug_serve,54,12,8,1,1,1,0,0.03611343,0.05307007,body|rim|rim|body|handle|handle|base|rim|handle|base|interior|body,body|body|handle|handle|base|handle|base|body,0,0,1,0
mug_serve,55,12,8,1,1,1,0,0.03657821,0.04657421,body|handle|body|rim|handle|handle|body|base|rim|rim|base|interior,body|handle|body|handle|handle|body|base|base,0,0,1,0
mug_serve,56,12,8,1,1,1,0,0.03898276,0.0411154,body|rim|handle|body|handle|rim|base|rim|base|handle|interior|body,body|handle|body|handle|base|base|handle|body,0,0,1,0
mug_serve,57,12,8,1,1,1,0,0.03778684,0.04540008,base|handle|rim|base|body|handle|interior|rim|body|handle|rim|body,base|handle|base|body|handle|body|handle|body,0,0,1,0
mug_serve,58,12,8,1,1,1,0,0.03943203,0.0443068,handle|rim|rim|base|body|handle|base|body|rim|handle|body|interior,handle|base|body|handle|base|body|handle|body,0,0,1,0
mug_serve,59,12,8,1,1,1,0,0.03811586,0.03731615,body|handle|base|rim|rim|body|interior|rim|handle|handle|body|base,body|handle|base|body|handle|handle|body|base,0,0,1,0
mug_serve,60,12,8,1,1,1,0,0.03631956,0.05284052,handle|base|base|rim|rim|interior|handle|body|body|handle|body|rim,handle|base|base|handle|body|body|handle|body,0,0,1,0
mug_serve,61,12,8,1,1,1,0,0.03553138,0.05259981,rim|base|body|handle|handle|base|handle|interior|body|body|rim|rim,base|body|handle|handle|base|handle|body|body,0,0,1,0
mug_serve,62,12,8,1,1,1,0,0.03441679,0.05370596,handle|base|base|rim|handle|rim|handle|body|interior|body|body|rim,handle|base|base|handle|handle|body|body|body,0,0,1,0
mug_serve,63,12,8,1,1,1,0,0.03693518,0.04920179,body|handle|body|interior|handle|base|rim|rim|body|handle|base|rim,body|handle|body|handle|base|body|handle|base,0,0,1,0
mug_serve,64,12,8,1,1,1,0,0.03821607,0.04053817,handle|body|rim|handle|base|body|body|rim|base|interior|handle|rim,handle|body|handle|base|body|body|base|handle,0,0,1,0
mug_serve,65,12,8,1,1,1,0,0.03912534,0.0442328,interior|body|handle|rim|body|base|handle|rim|base|handle|rim|body,body|handle|body|base|handle|base|handle|body,0,0,1,0
mug_serve,66,12,8,1,1,1,0,0.0351048,0.05247855,handle|handle|base|rim|handle|rim|interior|body|body|body|rim|base,handle|handle|base|handle|body|body|body|base,0,0,1,0
mug_serve,67,12,8,1,1,1,0,0.03491447,0.05470247,handle|body|body|handle|body|rim|base|rim|handle|base|rim|interior,handle|body|body|handle|body|base|handle|base,0,0,1,0
mug_serve,68,12,8,1,1,1,0,0.03559165,0.05263713,rim|body|base|body|body|rim|rim|handle|handle|base|handle|interior,body|base|body|body|handle|handle|base|handle,0,0,1,0
mug_serve,69,12,8,1,1,1,0,0.0357177,0.04797056,body|handle|handle|rim|rim|interior|base|body|handle|base|rim|body,body|handle|handle|base|body|handle|base|body,0,0,1,0
mug_serve,70,12,8,1,1,1,0,0.03605016,0.05291765,body|body|rim|rim|handle|handle|base|handle|base|rim|body|interior,body|body|handle|handle|base|handle|base|body,0,0,1,0
mug_serve,71,12,8,1,1,1,0,0.03666921,0.04846019,handle|base|body|handle|rim|body|handle|base|rim|body|interior|rim,handle|base|body|handle|body|handle|base|body,0,0,1,0
mug_serve,72,12,8,1,1,1,0,0.03599403,0.05253394,rim|base|handle|interior|handle|rim|body|base|rim|body|body|handle,base|handle|handle|body|base|body|body|handle,0,0,1,0
mug_serve,73,12,8,1,1,1,0,0.0380092,0.04439802,base|body|body|handle|handle|base|body|rim|handle|rim|rim|interior,base|body|body|handle|handle|base|body|handle,0,0,1,0
mug_serve,74,12,8,1,1,1,0,0.03833357,0.04486566,body|base|body|handle|rim|rim|handle|interior|rim|handle|body|base,body|base|body|handle|handle|handle|body|base,0,0,1,0
mug_serve,75,12,8,1,1,1,0,0.03608543,0.05108354,body|interior|body|rim|handle|rim|handle|base|body|rim|handle|base,body|body|handle|handle|base|body|handle|base,0,0,1,0
mug_serve,76,12,8,1,1,1,0,0.03762429,0.03291245,handle|rim|rim|body|rim|base|interior|handle|base|body|handle|body,handle|body|base|handle|base|body|handle|body,0,0,1,0
mug_serve,77,12,8,1,1,1,0,0.03525067,0.0532235,body|handle|base|rim|base|rim|interior|handle|body|rim|body|handle,body|handle|base|base|handle|body|body|handle,0,0,1,0
mug_serve,78,12,8,1,1,1,0,0.03876401,0.03846981,rim|rim|interior|rim|base|handle|base|body|body|handle|handle|body,base|handle|base|body|body|handle|handle|body,0,0,1,0
mug_serve,79,12,8,1,1,1,0,0.03951461,0.04201425,handle|rim|body|body|base|base|handle|interior|body|handle|rim|rim,handle|body|body|base|base|handle|body|handle,0,0,1,0
mug_serve,80,12,8,1,1,1,0,0.03435202,0.0556473,interior|handle|handle|rim|rim|base|body|handle|body|base|body|rim,handle|handle|base|body|handle|body|base|body,0,0,1,0
mug_serve,81,12,8,1,1,1,0,0.03684867,0.04814295,interior|rim|body|handle|handle|body|rim|base|base|body|rim|handle,body|handle|handle|body|base|base|body|handle,0,0,1,0
mug_serve,82,12,8,1,1,1,0,0.03867311,0.04553182,handle|body|rim|handle|base|rim|base|body|interior|body|handle|rim,handle|body|handle|base|base|body|body|handle,0,0,1,0
mug_serve,83,12,8,1,1,1,0,0.03703002,0.04720859,handle|body|interior|base|body|base|rim|rim|body|rim|handle|handle,handle|body|base|body|base|body|handle|handle,0,0,1,0
mug_serve,84,12,8,1,1,1,0,0.0381381,0.0459208,body|base|handle|body|base|rim|rim|handle|handle|interior|rim|body,body|base|handle|body|base|handle|handle|body,0,0,1,0
mug_serve,85,12,8,1,1,1,0,0.03655741,0.04665524,handle|interior|handle|base|base|rim|handle|body|body|rim|body|rim,handle|handle|base|base|handle|body|body|body,0,0,1,0
mug_serve,86,12,8,1,1,1,0,0.03733681,0.04641201,body|handle|body|base|handle|body|rim|interior|rim|handle|rim|base,body|handle|body|base|handle|body|handle|base,0,0,1,0
mug_serve,87,12,8,1,1,1,0,0.03517383,0.04994113,rim|body|body|base|handle|base|rim|body|rim|interior|handle|handle,body|body|base|handle|base|body|handle|handle,0,0,1,0
mug_serve,88,12,8,1,1,1,0,0.03199304,0.06048169,handle|body|rim|base|rim|rim|body|base|interior|body|handle|handle,handle|body|base|body|base|body|handle|handle,0,0,1,0
mug_serve,89,12,8,1,1,1,0,0.03553571,0.05069521,rim|handle|interior|base|handle|base|body|body|body|rim|handle|rim,handle|base|handle|base|body|body|body|handle,0,0,1,0
mug_serve,90,12,8,1,1,1,0,0.03767987,0.04820769,body|base|body|rim|interior|base|rim|body|rim|handle|handle|handle,body|base|body|base|body|handle|handle|handle,0,0,1,0
mug_serve,91,12,8,1,1,1,0,0.03791249,0.04568457,handle|base|handle|base|body|rim|handle|body|rim|interior|rim|body,handle|base|handle|base|body|handle|body|body,0,0,1,0
mug_serve,92,12,8,1,1,1,0,0.03514623,0.05222415,body|handle|rim|interior|handle|handle|rim|base|rim|body|body|base,body|handle|handle|handle|base|body|body|base,0,0,1,0
mug_serve,93,12,8,1,1,1,0,0.03624182,0.05116261,handle|rim|base|interior|handle|handle|body|base|body|rim|body|rim,handle|base|handle|handle|body|base|body|body,0,0,1,0
mug_serve,94,12,8,1,1,1,0,0.03585449,0.05126526,rim|base|handle|handle|rim|body|handle|rim|interior|body|base|body,base|handle|handle|body|handle|body|base|body,0,0,1,0
mug_serve,95,12,8,1,1,1,0,0.03610816,0.05092085,handle|base|base|interior|body|rim|body|handle|body|rim|rim|handle,handle|base|base|body|body|handle|body|handle,0,0,1,0
mug_serve,96,12,8,1,1,1,0,0.03585895,0.05142325,handle|rim|body|body|interior|base|rim|handle|rim|body|handle|base,handle|body|body|base|handle|body|handle|base,0,0,1,0
mug_serve,97,12,8,1,1,1,0,0.03739187,0.04628573,body|base|rim|handle|body|body|base|handle|rim|interior|rim|handle,body|base|handle|body|body|base|handle|handle,0,0,1,0
mug_serve,98,12,8,1,1,1,0,0.03334973,0.05587767,handle|body|rim|base|interior|rim|rim|body|body|handle|base|handle,handle|body|base|body|body|handle|base|handle,0,0,1,0
mug_serve,99,12,8,1,1,1,0,0.03840674,0.04397875,base|handle|rim|rim|handle|base|body|interior|rim|body|handle|body,base|handle|handle|base|body|body|handle|body,0,0,1,0
mug_serve,100,12,8,1,1,1,0,0.03570175,0.05018766,base|body|rim|handle|interior|body|rim|base|body|handle|handle|rim,base|body|handle|body|base|body|handle|handle,0,0,1,0
mug_serve,101,12,8,1,1,1,0,0.03829007,0.04543044,rim|interior|handle|base|handle|rim|handle|base|body|body|body|rim,handle|base|handle|handle|base|body|body|body,0,0,1,0
mug_serve,102,12,8,1,1,1,0,0.03719147,0.04008329,rim|base|rim|handle|body|rim|body|handle|handle|body|base|interior,base|handle|body|body|handle|handle|body|base,0,0,1,0
mug_serve,103,12,8,1,1,1,0,0.03770132,0.04883803,base|interior|base|body|rim|rim|rim|handle|body|handle|body|handle,base|base|body|handle|body|handle|body|handle,0,0,1,0
mug_serve,104,12,8,1,1,1,0,0.03649129,0.0538059,base|body|rim|rim|handle|handle|body|rim|base|interior|body|handle,base|body|handle|handle|body|base|body|handle,0,0,1,0
mug_serve,105,12,8,1,1,1,0,0.03540456,0.05421893,body|base|body|rim|handle|base|body|interior|rim|rim|handle|handle,body|base|body|handle|base|body|handle|handle,0,0,1,0
mug_serve,106,12,8,1,1,1,0,0.03889358,0.04252489,body|handle|base|handle|body|rim|rim|rim|body|handle|interior|base,body|handle|base|handle|body|body|handle|base,0,0,1,0
mug_serve,107,12,8,1,1,1,0,0.0377502,0.0444613,body|handle|handle|rim|body|base|rim|handle|interior|body|rim|base,body|handle|handle|body|base|handle|body|base,0,0,1,0
mug_serve,108,12,8,1,1,1,0,0.03863805,0.03774264,handle|interior|body|rim|handle|base|base|rim|handle|body|body|rim,handle|body|handle|base|base|handle|body|body,0,0,1,0
mug_serve,109,12,8,1,1,1,0,0.03615463,0.05044359,body|base|body|interior|handle|base|rim|handle|body|handle|rim|rim,body|base|body|handle|base|handle|body|handle,0,0,1,0
mug_serve,110,12,8,1,1,1,0,0.03738784,0.04720086,rim|rim|rim|handle|interior|base|handle|body|base|handle|body|body,handle|base|handle|body|base|handle|body|body,0,0,1,0
mug_serve,111,12,8,1,1,1,0,0.03581955,0.05237887,rim|body|interior|handle|rim|rim|base|body|handle|base|handle|body,body|handle|base|body|handle|base|handle|body,0,0,1,0
mug_serve,112,12,8,1,1,1,0,0.03581615,0.05135826,rim|rim|handle|body|body|base|body|handle|rim|interior|handle|base,handle|body|body|base|body|handle|handle|base,0,0,1,0
mug_serve,113,12,8,1,1,1,0,0.03747188,0.04831071,rim|handle|body|base|rim|handle|handle|interior|body|rim|base|body,handle|body|base|handle|handle|body|base|body,0,0,1,0
mug_serve,114,12,8,1,1,1,0,0.03542484,0.05065227,rim|handle|handle|interior|base|rim|handle|body|body|rim|body|base,handle|handle|base|handle|body|body|body|base,0,0,1,0
mug_serve,115,12,8,1,1,1,0,0.03924163,0.04682814,handle|interior|body|base|rim|base|body|body|rim|rim|handle|handle,handle|body|base|base|body|body|handle|handle,0,0,1,0
mug_serve,116,12,8,1,1,1,0,0.03686188,0.04822965,rim|base|rim|body|interior|body|handle|base|handle|handle|body|rim,base|body|body|handle|base|handle|handle|body,0,0,1,0
mug_serve,117,12,8,1,1,1,0,0.03888269,0.04659911,handle|handle|rim|rim|body|base|interior|body|body|handle|base|rim,handle|handle|body|base|body|body|handle|base,0,0,1,0
mug_serve,118,12,8,1,1,1,0,0.03409271,0.05619932,handle|rim|body|base|body|base|body|rim|handle|rim|handle|interior,handle|body|base|body|base|body|handle|handle,0,0,1,0
mug_serve,119,12,8,1,1,1,0,0.03990179,0.04051255,rim|handle|rim|base|rim|body|interior|body|body|handle|handle|base,handle|base|body|body|body|handle|handle|base,0,0,1,0
phone_pick,0,11,6,1,1,1,0,0.03616368,0.06096235,back_edge|left_edge|back_edge|screen|right_edge|left_edge|right_edge|screen|screen|camera|screen,back_edge|left_edge|back_edge|right_edge|left_edge|right_edge,0,0,1,0
phone_pick,1,11,6,1,1,1,0,0.03648356,0.06298546,screen|back_edge|right_edge|left_edge|right_edge|back_edge|camera|screen|screen|screen|left_edge,back_edge|right_edge|left_edge|right_edge|back_edge|left_edge,0,0,1,0
phone_pick,2,11,6,1,1,1,0,0.03705751,0.06091633,right_edge|left_edge|screen|back_edge|screen|screen|camera|left_edge|back_edge|right_edge|screen,right_edge|left_edge|back_edge|left_edge|back_edge|right_edge,0,0,1,0
phone_pick,3,11,6,1,1,1,0,0.03768107,0.05905142,right_edge|screen|screen|screen|left_edge|right_edge|back_edge|back_edge|screen|camera|left_edge,right_edge|left_edge|right_edge|back_edge|back_edge|left_edge,0,0,1,0
phone_pick,4,11,6,1,1,1,0,0.03961668,0.05296027,back_edge|right_edge|left_edge|right_edge|screen|back_edge|screen|left_edge|screen|screen|camera,back_edge|right_edge|left_edge|right_edge|back_edge|left_edge,0,0,1,0
phone_pick,5,11,6,1,1,1,0,0.03602016,0.06427746,back_edge|screen|left_edge|left_edge|back_edge|camera|screen|right_edge|screen|screen|right_edge,back_edge|left_edge|left_edge|back_edge|right_edge|right_edge,0,0,1,0
phone_pick,6,11,6,1,1,1,0,0.03801252,0.05627901,screen|right_edge|left_edge|camera|left_edge|screen|screen|back_edge|back_edge|screen|right_edge,right_edge|left_edge|left_edge|back_edge|back_edge|right_edge,0,0,1,0
phone_pick,7,11,6,1,1,1,0,0.03679921,0.05602623,right_edge|back_edge|screen|left_edge|camera|screen|right_edge|back_edge|screen|left_edge|screen,right_edge|back_edge|left_edge|right_edge|back_edge|left_edge,0,0,1,0
phone_pick,8,11,6,1,1,1,0,0.03754317,0.06005007,left_edge|screen|left_edge|screen|screen|right_edge|camera|back_edge|screen|back_edge|right_edge,left_edge|left_edge|right_edge|back_edge|back_edge|right_edge,0,0,1,0
phone_pick,9,11,6,1,1,1,0,0.03805265,0.0557736,right_edge|left_edge|screen|left_edge|screen|camera|back_edge|screen|back_edge|screen|right_edge,right_edge|left_edge|left_edge|back_edge|back_edge|right_edge,0,0,1,0
phone_pick,10,11,6,1,1,1,0,0.03969767,0.04730401,camera|screen|right_edge|left_edge|back_edge|right_edge|screen|back_edge|left_edge|screen|screen,right_edge|left_edge|back_edge|right_edge|back_edge|left_edge,0,0,1,0
phone_pick,11,11,6,1,1,1,0,0.03973273,0.04113203,left_edge|screen|camera|left_edge|screen|screen|back_edge|screen|back_edge|right_edge|right_edge,left_edge|left_edge|back_edge|back_edge|right_edge|right_edge,0,0,1,0
phone_pick,12,11,6,1,1,1,0,0.03819025,0.05217144,left_edge|right_edge|back_edge|screen|screen|right_edge|camera|screen|back_edge|left_edge|screen,left_edge|right_edge|back_edge|right_edge|back_edge|left_edge,0,0,1,0
phone_pick,13,11,6,1,1,1,0,0.03807374,0.06042952,camera|screen|left_edge|back_edge|screen|screen|right_edge|screen|right_edge|left_edge|back_edge,left_edge|back_edge|right_edge|right_edge|left_edge|back_edge,0,0,1,0
phone_pick,14,11,6,1,1,1,0,0.0362989,0.06534979,camera|left_edge|left_edge|screen|back_edge|back_edge|screen|screen|right_edge|right_edge|screen,left_edge|left_edge|back_edge|back_edge|right_edge|right_edge,0,0,1,0
phone_pick,15,11,6,1,1,1,0,0.03775706,0.05921339,screen|screen|right_edge|right_edge|screen|screen|left_edge|camera|back_edge|left_edge|back_edge,right_edge|right_edge|left_edge|back_edge|left_edge|back_edge,0,0,1,0
phone_pick,16,11,6,1,1,1,0,0.03598067,0.06303037,screen|back_edge|left_edge|right_edge|left_edge|screen|screen|camera|back_edge|screen|right_edge,back_edge|left_edge|right_edge|left_edge|back_edge|right_edge,0,0,1,0
phone_pick,17,11,6,1,1,1,0,0.03543398,0.06477931,left_edge|right_edge|camera|screen|back_edge|screen|right_edge|back_edge|left_edge|screen|screen,left_edge|right_edge|back_edge|right_edge|back_edge|left_edge,0,0,1,0
phone_pick,18,11,6,1,1,1,0,0.03745532,0.04985793,right_edge|back_edge|back_edge|right_edge|left_edge|screen|left_edge|camera|screen|screen|screen,right_edge|back_edge|back_edge|right_edge|left_edge|left_edge,0,0,1,0
phone_pick,19,11,6,1,1,1,0,0.03904527,0.05674096,screen|left_edge|right_edge|screen|left_edge|screen|back_edge|screen|right_edge|back_edge|camera,left_edge|right_edge|left_edge|back_edge|right_edge|back_edge,0,0,1,0
phone_pick,20,11,6,1,1,1,0,0.03828107,0.04852454,right_edge|screen|screen|left_edge|left_edge|back_edge|camera|screen|right_edge|back_edge|screen,right_edge|left_edge|left_edge|back_edge|right_edge|back_edge,0,0,1,0
phone_pick,21,11,6,1,1,1,0,0.03873185,0.05132407,right_edge|screen|left_edge|screen|left_edge|camera|screen|back_edge|back_edge|right_edge|screen,right_edge|left_edge|left_edge|back_edge|back_edge|right_edge,0,0,1,0
phone_pick,22,11,6,1,1,1,0,0.0406215,0.03394349,back_edge|screen|left_edge|screen|right_edge|right_edge|left_edge|camera|screen|back_edge|screen,back_edge|left_edge|right_edge|right_edge|left_edge|back_edge,0,0,1,0
phone_pick,23,11,6,1,1,1,0,0.037039,0.05831656,screen|screen|screen|right_edge|back_edge|screen|back_edge|left_edge|right_edge|camera|left_edge,right_edge|back_edge|back_edge|left_edge|right_edge|left_edge,0,0,1,0
phone_pick,24,11,6,1,1,1,0,0.03861165,0.05787159,back_edge|screen|right_edge|screen|left_edge|screen|left_edge|screen|right_edge|camera|back_edge,back_edge|right_edge|left_edge|left_edge|right_edge|back_edge,0,0,1,0
phone_pick,25,11,6,1,1,1,0,0.03683512,0.05950793,back_edge|left_edge|screen|screen|back_edge|camera|screen|screen|right_edge|left_edge|right_edge,back_edge|left_edge|back_edge|right_edge|left_edge|right_edge,0,0,1,0
phone_pick,26,11,6,1,1,1,0,0.03758949,0.05440652,left_edge|screen|screen|back_edge|camera|back_edge|screen|right_edge|left_edge|right_edge|screen,left_edge|back_edge|back_edge|right_edge|left_edge|right_edge,0,0,1,0
phone_pick,27,11,6,1,1,1,0,0.03677022,0.05044647,screen|screen|camera|screen|back_edge|left_edge|right_edge|back_edge|right_edge|left_edge|screen,back_edge|left_edge|right_edge|back_edge|right_edge|left_edge,0,0,1,0
phone_pick,28,11,6,1,1,1,0,0.0346739,0.06235018,left_edge|back_edge|screen|right_edge|screen|back_edge|screen|screen|right_edge|camera|left_edge,left_edge|back_edge|right_edge|back_edge|right_edge|left_edge,0,0,1,0
phone_pick,29,11,6,1,1,1,0,0.04010662,0.04554411,back_edge|left_edge|right_edge|screen|screen|camera|screen|screen|right_edge|back_edge|left_edge,back_edge|left_edge|right_edge|right_edge|back_edge|left_edge,0,0,1,0
phone_pick,30,11,6,1,1,1,0,0.03968489,0.0340672,back_edge|right_edge|camera|screen|back_edge|left_edge|screen|screen|right_edge|screen|left_edge,back_edge|right_edge|back_edge|left_edge|right_edge|left_edge,0,0,1,0
phone_pick,31,11,6,1,1,1,0,0.03704764,0.0642092,right_edge|screen|screen|screen|left_edge|camera|screen|back_edge|back_edge|right_edge|left_edge,right_edge|left_edge|back_edge|back_edge|right_edge|left_edge,0,0,1,0
phone_pick,32,11,6,1,1,1,0,0.03532126,0.0673431,left_edge|screen|screen|left_edge|screen|right_edge|back_edge|screen|camera|right_edge|back_edge,left_edge|left_edge|right_edge|back_edge|right_edge|back_edge,0,0,1,0
phone_pick,33,11,6,1,1,1,0,0.0357354,0.05655904,right_edge|camera|screen|back_edge|left_edge|screen|back_edge|screen|right_edge|left_edge|screen,right_edge|back_edge|left_edge|back_edge|right_edge|left_edge,0,0,1,0
phone_pick,34,11,6,1,1,1,0,0.03895738,0.0497307,back_edge|screen|screen|screen|back_edge|right_edge|right_edge|camera|left_edge|screen|left_edge,back_edge|back_edge|right_edge|right_edge|left_edge|left_edge,0,0,1,0
phone_pick,35,11,6,1,1,1,0,0.03606021,0.04865998,left_edge|screen|screen|back_edge|screen|screen|right_edge|back_edge|left_edge|camera|right_edge,left_edge|back_edge|right_edge|back_edge|left_edge|right_edge,0,0,1,0
phone_pick,36,11,6,1,1,1,0,0.03903087,0.05925157,right_edge|back_edge|back_edge|right_edge|camera|left_edge|left_edge|screen|screen|screen|screen,right_edge|back_edge|back_edge|right_edge|left_edge|left_edge,0,0,1,0
phone_pick,37,11,6,1,1,1,0,0.03745568,0.0594738,back_edge|screen|right_edge|left_edge|camera|back_edge|screen|right_edge|screen|screen|left_edge,back_edge|right_edge|left_edge|back_edge|right_edge|left_edge,0,0,1,0
phone_pick,38,11,6,1,1,1,0,0.03853574,0.04704184,right_edge|screen|back_edge|screen|camera|left_edge|right_edge|screen|screen|left_edge|back_edge,right_edge|back_edge|left_edge|right_edge|left_edge|back_edge,0,0,1,0
phone_pick,39,11,6,1,1,1,0,0.03792022,0.05468695,back_edge|screen|left_edge|right_edge|screen|camera|screen|left_edge|right_edge|screen|back_edge,back_edge|left_edge|right_edge|left_edge|right_edge|back_edge,0,0,1,0
phone_pick,40,11,6,1,1,1,0,0.03611236,0.06065422,screen|screen|screen|right_edge|screen|left_edge|left_edge|back_edge|camera|right_edge|back_edge,right_edge|left_edge|left_edge|back_edge|right_edge|back_edge,0,0,1,0
phone_pick,41,11,6,1,1,1,0,0.03889011,0.05549413,screen|screen|left_edge|right_edge|left_edge|camera|back_edge|back_edge|screen|right_edge|screen,left_edge|right_edge|left_edge|back_edge|back_edge|right_edge,0,0,1,0
phone_pick,42,11,6,1,1,1,0,0.03874322,0.05214064,back_edge|screen|screen|screen|screen|back_edge|left_edge|camera|right_edge|right_edge|left_edge,back_edge|back_edge|left_edge|right_edge|right_edge|left_edge,0,0,1,0
phone_pick,43,11,6,1,1,1,0,0.03611347,0.05951025,screen|camera|screen|left_edge|back_edge|screen|left_edge|right_edge|back_edge|right_edge|screen,left_edge|back_edge|left_edge|right_edge|back_edge|right_edge,0,0,1,0
phone_pick,44,11,6,1,1,1,0,0.03712601,0.05514869,screen|screen|screen|left_edge|screen|left_edge|camera|right_edge|right_edge|back_edge|back_edge,left_edge|left_edge|right_edge|right_edge|back_edge|back_edge,0,0,1,0
phone_pick,45,11,6,1,1,1,0,0.0394178,0.05785975,screen|back_edge|right_edge|left_edge|right_edge|screen|camera|screen|screen|left_edge|back_edge,back_edge|right_edge|left_edge|right_edge|left_edge|back_edge,0,0,1,0
phone_pick,46,11,6,1,1,1,0,0.03713695,0.05712786,camera|left_edge|screen|screen|screen|left_edge|screen|right_edge|back_edge|back_edge|right_edge,left_edge|left_edge|right_edge|back_edge|back_edge|right_edge,0,0,1,0
phone_pick,47,11,6,1,1,1,0,0.03642785,0.06329321,screen|right_edge|back_edge|back_edge|left_edge|screen|right_edge|left_edge|screen|camera|screen,right_edge|back_edge|back_edge|left_edge|right_edge|left_edge,0,0,1,0
phone_pick,48,11,6,1,1,1,0,0.03854834,0.05826137,right_edge|screen|screen|left_edge|screen|left_edge|camera|back_edge|back_edge|screen|right_edge,right_edge|left_edge|left_edge|back_edge|back_edge|right_edge,0,0,1,0
phone_pick,49,11,6,1,1,1,0,0.03752048,0.05944664,screen|right_edge|screen|screen|right_edge|left_edge|back_edge|screen|back_edge|camera|left_edge,right_edge|right_edge|left_edge|back_edge|back_edge|left_edge,0,0,1,0
phone_pick,50,11,6,1,1,1,0,0.03845301,0.05829298,right_edge|screen|screen|left_edge|back_edge|screen|back_edge|right_edge|camera|left_edge|screen,right_edge|left_edge|back_edge|back_edge|right_edge|left_edge,0,0,1,0
phone_pick,51,11,6,1,1,1,0,0.03762795,0.05608352,screen|screen|screen|back_edge|back_edge|right_edge|left_edge|camera|right_edge|left_edge|screen,back_edge|back_edge|right_edge|left_edge|right_edge|left_edge,0,0,1,0
phone_pick,52,11,6,1,1,1,0,0.03895338,0.04985242,screen|right_edge|right_edge|back_edge|screen|left_edge|screen|camera|left_edge|screen|back_edge,right_edge|right_edge|back_edge|left_edge|left_edge|back_edge,0,0,1,0
phone_pick,53,11,6,1,1,1,0,0.03888319,0.05231754,right_edge|screen|left_edge|left_edge|right_edge|camera|screen|screen|screen|back_edge|back_edge,right_edge|left_edge|left_edge|right_edge|back_edge|back_edge,0,0,1,0
phone_pick,54,11,6,1,1,1,0,0.03692721,0.05700484,right_edge|back_edge|left_edge|screen|camera|screen|right_edge|back_edge|screen|left_edge|screen,right_edge|back_edge|left_edge|right_edge|back_edge|left_edge,0,0,1,0
phone_pick,55,11,6,1,1,1,0,0.03631426,0.06422006,screen|right_edge|screen|screen|left_edge|camera|back_edge|right_edge|left_edge|back_edge|screen,right_edge|left_edge|back_edge|right_edge|left_edge|back_edge,0,0,1,0
phone_pick,56,11,6,1,1,1,0,0.03823737,0.05148541,right_edge|left_edge|back_edge|screen|screen|screen|camera|back_edge|right_edge|screen|left_edge,right_edge|left_edge|back_edge|back_edge|right_edge|left_edge,0,0,1,0
phone_pick,57,11,6,1,1,1,0,0.03739128,0.05413825,screen|right_edge|screen|camera|left_edge|screen|left_edge|screen|back_edge|back_edge|right_edge,right_edge|left_edge|left_edge|back_edge|back_edge|right_edge,0,0,1,0
phone_pick,58,11,6,1,1,1,0,0.03758487,0.05374504,back_edge|right_edge|right_edge|camera|screen|screen|left_edge|back_edge|left_edge|screen|screen,back_edge|right_edge|right_edge|left_edge|back_edge|left_edge,0,0,1,0
phone_pick,59,11,6,1,1,1,0,0.03957483,0.05318441,screen|right_edge|screen|left_edge|screen|back_edge|right_edge|back_edge|screen|camera|left_edge,right_edge|left_edge|back_edge|right_edge|back_edge|left_edge,0,0,1,0
phone_pick,60,11,6,1,1,1,0,0.03628102,0.05787,left_edge|back_edge|right_edge|screen|camera|screen|back_edge|screen|left_edge|right_edge|screen,left_edge|back_edge|right_edge|back_edge|left_edge|right_edge,0,0,1,0
phone_pick,61,11,6,1,1,1,0,0.03574219,0.06400564,screen|screen|left_edge|left_edge|right_edge|screen|camera|back_edge|back_edge|right_edge|screen,left_edge|left_edge|right_edge|back_edge|back_edge|right_edge,0,0,1,0
phone_pick,62,11,6,1,1,1,0,0.03987082,0.05538808,right_edge|screen|left_edge|right_edge|screen|back_edge|screen|camera|screen|left_edge|back_edge,right_edge|left_edge|right_edge|back_edge|left_edge|back_edge,0,0,1,0
phone_pick,63,11,6,1,1,1,0,0.03722784,0.06016796,right_edge|screen|back_edge|left_edge|screen|back_edge|camera|right_edge|screen|screen|left_edge,right_edge|back_edge|left_edge|back_edge|right_edge|left_edge,0,0,1,0
phone_pick,64,11,6,1,1,1,0,0.0362404,0.06266406,camera|screen|right_edge|screen|right_edge|screen|screen|left_edge|left_edge|back_edge|back_edge,right_edge|right_edge|left_edge|left_edge|back_edge|back_edge,0,0,1,0
phone_pick,65,11,6,1,1,1,0,0.03668912,0.0578863,right_edge|screen|left_edge|screen|back_edge|screen|left_edge|back_edge|camera|screen|right_edge,right_edge|left_edge|back_edge|left_edge|back_edge|right_edge,0,0,1,0
phone_pick,66,11,6,1,1,1,0,0.03604366,0.05877498,right_edge|screen|screen|back_edge|screen|back_edge|right_edge|screen|camera|left_edge|left_edge,right_edge|back_edge|back_edge|right_edge|left_edge|left_edge,0,0,1,0
phone_pick,67,11,6,1,1,1,0,0.03772492,0.05741964,back_edge|screen|screen|left_edge|right_edge|camera|right_edge|left_edge|screen|screen|back_edge,back_edge|left_edge|right_edge|right_edge|left_edge|back_edge,0,0,1,0
phone_pick,68,11,6,1,1,1,0,0.03937641,0.05228542,camera|right_edge|back_edge|right_edge|left_edge|left_edge|back_edge|screen|screen|screen|screen,right_edge|back_edge|right_edge|left_edge|left_edge|back_edge,0,0,1,0
phone_pick,69,11,6,1,1,1,0,0.03929915,0.04312294,screen|back_edge|left_edge|right_edge|screen|screen|screen|back_edge|left_edge|camera|right_edge,back_edge|left_edge|right_edge|back_edge|left_edge|right_edge,0,0,1,0
phone_pick,70,11,6,1,1,1,0,0.03594458,0.06069662,screen|left_edge|screen|left_edge|back_edge|screen|right_edge|right_edge|screen|camera|back_edge,left_edge|left_edge|back_edge|right_edge|right_edge|back_edge,0,0,1,0
phone_pick,71,11,6,1,1,1,0,0.03783877,0.05221243,right_edge|camera|right_edge|screen|back_edge|back_edge|screen|screen|left_edge|left_edge|screen,right_edge|right_edge|back_edge|back_edge|left_edge|left_edge,0,0,1,0
phone_pick,72,11,6,1,1,1,0,0.03826296,0.05543721,back_edge|camera|back_edge|screen|right_edge|screen|left_edge|screen|left_edge|screen|right_edge,back_edge|back_edge|right_edge|left_edge|left_edge|right_edge,0,0,1,0
phone_pick,73,11,6,1,1,1,0,0.03669033,0.05264094,left_edge|screen|left_edge|right_edge|screen|screen|back_edge|screen|camera|right_edge|back_edge,left_edge|left_edge|right_edge|back_edge|right_edge|back_edge,0,0,1,0
phone_pick,74,11,6,1,1,1,0,0.03763861,0.04693795,left_edge|screen|screen|right_edge|screen|back_edge|left_edge|back_edge|screen|right_edge|camera,left_edge|right_edge|back_edge|left_edge|back_edge|right_edge,0,0,1,0
phone_pick,75,11,6,1,1,1,0,0.04055033,0.04456083,left_edge|left_edge|camera|screen|screen|back_edge|screen|right_edge|screen|back_edge|right_edge,left_edge|left_edge|back_edge|right_edge|back_edge|right_edge,0,0,1,0
phone_pick,76,11,6,1,1,1,0,0.03842115,0.05254351,back_edge|screen|camera|right_edge|left_edge|screen|right_edge|back_edge|left_edge|screen|screen,back_edge|right_edge|left_edge|right_edge|back_edge|left_edge,0,0,1,0
phone_pick,77,11,6,1,1,1,0,0.03938311,0.05405812,screen|right_edge|back_edge|screen|camera|left_edge|screen|left_edge|back_edge|screen|right_edge,right_edge|back_edge|left_edge|left_edge|back_edge|right_edge,0,0,1,0
phone_pick,78,11,6,1,1,1,0,0.03542314,0.05493625,left_edge|right_edge|back_edge|camera|screen|screen|back_edge|right_edge|screen|screen|left_edge,left_edge|right_edge|back_edge|back_edge|right_edge|left_edge,0,0,1,0
phone_pick,79,11,6,1,1,1,0,0.03553101,0.06026711,screen|camera|back_edge|screen|screen|left_edge|right_edge|back_edge|right_edge|left_edge|screen,back_edge|left_edge|right_edge|back_edge|right_edge|left_edge,0,0,1,0
phone_pick,80,11,6,1,1,1,0,0.03831156,0.05106989,left_edge|screen|right_edge|camera|screen|back_edge|back_edge|right_edge|screen|left_edge|screen,left_edge|right_edge|back_edge|back_edge|right_edge|left_edge,0,0,1,0
phone_pick,81,11,6,1,1,1,0,0.03805731,0.049944,right_edge|screen|screen|left_edge|left_edge|screen|screen|back_edge|back_edge|right_edge|camera,right_edge|left_edge|left_edge|back_edge|back_edge|right_edge,0,0,1,0
phone_pick,82,11,6,1,1,1,0,0.03884226,0.05843694,left_edge|back_edge|screen|screen|back_edge|right_edge|left_edge|right_edge|screen|screen|camera,left_edge|back_edge|back_edge|right_edge|left_edge|right_edge,0,0,1,0
phone_pick,83,11,6,1,1,1,0,0.03731521,0.05655292,screen|back_edge|screen|screen|camera|right_edge|back_edge|left_edge|right_edge|left_edge|screen,back_edge|right_edge|back_edge|left_edge|right_edge|left_edge,0,0,1,0
phone_pick,84,11,6,1,1,1,0,0.03733956,0.05358176,screen|back_edge|right_edge|screen|right_edge|camera|left_edge|screen|left_edge|back_edge|screen,back_edge|right_edge|right_edge|left_edge|left_edge|back_edge,0,0,1,0
phone_pick,85,11,6,1,1,1,0,0.03886522,0.05237008,right_edge|screen|screen|camera|back_edge|left_edge|back_edge|screen|screen|right_edge|left_edge,right_edge|back_edge|left_edge|back_edge|right_edge|left_edge,0,0,1,0
phone_pick,86,11,6,1,1,1,0,0.03804434,0.06024195,screen|left_edge|screen|right_edge|left_edge|back_edge|right_edge|screen|camera|back_edge|screen,left_edge|right_edge|left_edge|back_edge|right_edge|back_edge,0,0,1,0
phone_pick,87,11,6,1,1,1,0,0.03869331,0.0548181,screen|screen|right_edge|camera|left_edge|screen|back_edge|screen|right_edge|back_edge|left_edge,right_edge|left_edge|back_edge|right_edge|back_edge|left_edge,0,0,1,0
phone_pick,88,11,6,1,1,1,0,0.03619421,0.06180032,right_edge|screen|screen|screen|back_edge|camera|back_edge|right_edge|left_edge|screen|left_edge,right_edge|back_edge|back_edge|right_edge|left_edge|left_edge,0,0,1,0
phone_pick,89,11,6,1,1,1,0,0.0379045,0.0561941,right_edge|camera|screen|screen|left_edge|right_edge|screen|back_edge|back_edge|screen|left_edge,right_edge|left_edge|right_edge|back_edge|back_edge|left_edge,0,0,1,0
phone_pick,90,11,6,1,1,1,0,0.03429482,0.06027513,back_edge|screen|camera|right_edge|screen|left_edge|screen|right_edge|screen|back_edge|left_edge,back_edge|right_edge|left_edge|right_edge|back_edge|left_edge,0,0,1,0
phone_pick,91,11,6,1,1,1,0,0.03621338,0.06000066,left_edge|right_edge|screen|left_edge|screen|camera|screen|screen|back_edge|right_edge|back_edge,left_edge|right_edge|left_edge|back_edge|right_edge|back_edge,0,0,1,0
phone_pick,92,11,6,1,1,1,0,0.03438982,0.06887781,right_edge|screen|right_edge|screen|camera|screen|back_edge|screen|back_edge|left_edge|left_edge,right_edge|right_edge|back_edge|back_edge|left_edge|left_edge,0,0,1,0
phone_pick,93,11,6,1,1,1,0,0.03792661,0.05231235,screen|camera|back_edge|screen|back_edge|left_edge|screen|right_edge|right_edge|screen|left_edge,back_edge|back_edge|left_edge|right_edge|right_edge|left_edge,0,0,1,0
phone_pick,94,11,6,1,1,1,0,0.03680392,0.05881453,screen|left_edge|right_edge|camera|screen|right_edge|screen|screen|left_edge|back_edge|back_edge,left_edge|right_edge|right_edge|left_edge|back_edge|back_edge,0,0,1,0
phone_pick,95,11,6,1,1,1,0,0.03824083,0.05884764,screen|screen|left_edge|camera|right_edge|screen|back_edge|right_edge|screen|back_edge|left_edge,left_edge|right_edge|back_edge|right_edge|back_edge|left_edge,0,0,1,0
phone_pick,96,11,6,1,1,1,0,0.03778684,0.05911161,left_edge|screen|right_edge|screen|screen|back_edge|screen|left_edge|back_edge|camera|right_edge,left_edge|right_edge|back_edge|left_edge|back_edge|right_edge,0,0,1,0
phone_pick,97,11,6,1,1,1,0,0.03871697,0.05407023,left_edge|screen|right_edge|camera|back_edge|screen|screen|left_edge|right_edge|back_edge|screen,left_edge|right_edge|back_edge|left_edge|right_edge|back_edge,0,0,1,0
phone_pick,98,11,6,1,1,1,0,0.03737441,0.05752602,right_edge|left_edge|back_edge|screen|screen|screen|right_edge|camera|back_edge|left_edge|screen,right_edge|left_edge|back_edge|right_edge|back_edge|left_edge,0,0,1,0
phone_pick,99,11,6,1,1,1,0,0.03447185,0.06775167,left_edge|screen|right_edge|back_edge|screen|screen|left_edge|right_edge|camera|back_edge|screen,left_edge|right_edge|back_edge|left_edge|right_edge|back_edge,0,0,1,0
phone_pick,100,11,6,1,1,1,0,0.03576927,0.06155397,back_edge|screen|screen|right_edge|left_edge|back_edge|camera|screen|left_edge|right_edge|screen,back_edge|right_edge|left_edge|back_edge|left_edge|right_edge,0,0,1,0
phone_pick,101,11,6,1,1,1,0,0.03782572,0.04927973,right_edge|screen|screen|screen|back_edge|camera|screen|right_edge|left_edge|back_edge|left_edge,right_edge|back_edge|right_edge|left_edge|back_edge|left_edge,0,0,1,0
phone_pick,102,11,6,1,1,1,0,0.0364322,0.06118665,back_edge|screen|back_edge|right_edge|left_edge|screen|screen|camera|left_edge|right_edge|screen,back_edge|back_edge|right_edge|left_edge|left_edge|right_edge,0,0,1,0
phone_pick,103,11,6,1,1,1,0,0.03923559,0.05360534,left_edge|back_edge|screen|back_edge|left_edge|camera|screen|screen|screen|right_edge|right_edge,left_edge|back_edge|back_edge|left_edge|right_edge|right_edge,0,0,1,0
phone_pick,104,11,6,1,1,1,0,0.03913784,0.05269896,back_edge|left_edge|back_edge|camera|screen|left_edge|screen|screen|right_edge|screen|right_edge,back_edge|left_edge|back_edge|left_edge|right_edge|right_edge,0,0,1,0
phone_pick,105,11,6,1,1,1,0,0.0392913,0.04585564,left_edge|screen|right_edge|back_edge|left_edge|right_edge|camera|screen|back_edge|screen|screen,left_edge|right_edge|back_edge|left_edge|right_edge|back_edge,0,0,1,0
phone_pick,106,11,6,1,1,1,0,0.03704963,0.05637842,screen|camera|back_edge|right_edge|screen|left_edge|left_edge|right_edge|back_edge|screen|screen,back_edge|right_edge|left_edge|left_edge|right_edge|back_edge,0,0,1,0
phone_pick,107,11,6,1,1,1,0,0.03442467,0.06699238,back_edge|back_edge|screen|screen|screen|left_edge|left_edge|right_edge|screen|right_edge|camera,back_edge|back_edge|left_edge|left_edge|right_edge|right_edge,0,0,1,0
phone_pick,108,11,6,1,1,1,0,0.03535953,0.06455549,back_edge|screen|screen|left_edge|right_edge|right_edge|left_edge|camera|screen|screen|back_edge,back_edge|left_edge|right_edge|right_edge|left_edge|back_edge,0,0,1,0
phone_pick,109,11,6,1,1,1,0,0.03959529,0.05312443,left_edge|screen|back_edge|camera|right_edge|right_edge|screen|screen|left_edge|screen|back_edge,left_edge|back_edge|right_edge|right_edge|left_edge|back_edge,0,0,1,0
phone_pick,110,11,6,1,1,1,0,0.03697057,0.06143311,right_edge|left_edge|back_edge|camera|left_edge|screen|right_edge|screen|screen|screen|back_edge,right_edge|left_edge|back_edge|left_edge|right_edge|back_edge,0,0,1,0
phone_pick,111,11,6,1,1,1,0,0.03584071,0.06215389,screen|back_edge|screen|screen|right_edge|left_edge|camera|right_edge|screen|back_edge|left_edge,back_edge|right_edge|left_edge|right_edge|back_edge|left_edge,0,0,1,0
phone_pick,112,11,6,1,1,1,0,0.03726408,0.05871498,screen|left_edge|left_edge|right_edge|camera|right_edge|screen|back_edge|screen|back_edge|screen,left_edge|left_edge|right_edge|right_edge|back_edge|back_edge,0,0,1,0
phone_pick,113,11,6,1,1,1,0,0.03531593,0.06423273,screen|left_edge|right_edge|back_edge|camera|screen|screen|right_edge|left_edge|screen|back_edge,left_edge|right_edge|back_edge|right_edge|left_edge|back_edge,0,0,1,0
phone_pick,114,11,6,1,1,1,0,0.03892459,0.04742546,screen|back_edge|screen|camera|left_edge|right_edge|back_edge|right_edge|left_edge|screen|screen,back_edge|left_edge|right_edge|back_edge|right_edge|left_edge,0,0,1,0
phone_pick,115,11,6,1,1,1,0,0.03842692,0.04275418,camera|right_edge|screen|right_edge|left_edge|back_edge|left_edge|screen|screen|back_edge|screen,right_edge|right_edge|left_edge|back_edge|left_edge|back_edge,0,0,1,0
phone_pick,116,11,6,1,1,1,0,0.03790651,0.0615415,right_edge|back_edge|screen|right_edge|screen|screen|screen|left_edge|left_edge|back_edge|camera,right_edge|back_edge|right_edge|left_edge|left_edge|back_edge,0,0,1,0
phone_pick,117,11,6,1,1,1,0,0.03290807,0.06816174,right_edge|back_edge|camera|screen|left_edge|left_edge|screen|right_edge|screen|back_edge|screen,right_edge|back_edge|left_edge|left_edge|right_edge|back_edge,0,0,1,0
phone_pick,118,11,6,1,1,1,0,0.03680365,0.06128248,screen|back_edge|right_edge|screen|back_edge|left_edge|left_edge|screen|camera|right_edge|screen,back_edge|right_edge|back_edge|left_edge|left_edge|right_edge,0,0,1,0
phone_pick,119,11,6,1,1,1,0,0.03752409,0.06076184,camera|screen|right_edge|right_edge|screen|back_edge|left_edge|left_edge|screen|back_edge|screen,right_edge|right_edge|back_edge|left_edge|left_edge|back_edge,0,0,1,0
spray_bottle_use,0,12,7,1,1,1,0,0.03878062,0.02572551,body|trigger|neck|trigger|body|nozzle|body|body|body|neck|nozzle|nozzle,body|neck|body|body|body|body|neck,0,0,1,0
spray_bottle_use,1,12,7,1,1,1,0,0.03785753,0.03426142,body|body|neck|trigger|nozzle|nozzle|nozzle|trigger|body|neck|body|body,body|body|neck|body|neck|body|body,0,0,1,0
spray_bottle_use,2,12,7,1,1,1,0,0.03616895,0.0135431,body|nozzle|body|trigger|nozzle|body|trigger|nozzle|body|body|neck|neck,body|body|body|body|body|neck|neck,0,0,1,0
spray_bottle_use,3,12,7,1,1,1,0,0.03527171,0.01269068,body|trigger|neck|body|body|nozzle|nozzle|nozzle|body|body|trigger|neck,body|neck|body|body|body|body|neck,0,0,1,0
spray_bottle_use,4,12,7,1,1,1,0,0.03427485,0.04359086,body|trigger|neck|nozzle|body|body|body|neck|nozzle|trigger|nozzle|body,body|neck|body|body|body|neck|body,0,0,1,0
spray_bottle_use,5,12,7,1,1,1,0,0.03096608,0.03049753,body|neck|body|nozzle|neck|body|trigger|body|nozzle|trigger|nozzle|body,body|neck|body|neck|body|body|body,0,0,1,0
spray_bottle_use,6,12,7,1,1,1,0,0.03589422,0.03614684,nozzle|body|body|neck|body|nozzle|neck|nozzle|body|trigger|body|trigger,body|body|neck|body|neck|body|body,0,0,1,0
spray_bottle_use,7,12,7,1,1,1,0,0.03405927,0.02149087,trigger|trigger|body|nozzle|body|body|body|body|neck|neck|nozzle|nozzle,body|body|body|body|body|neck|neck,0,0,1,0
spray_bottle_use,8,12,7,1,1,1,0,0.03245437,0.04571275,body|neck|nozzle|nozzle|body|neck|body|trigger|body|nozzle|trigger|body,body|neck|body|neck|body|body|body,0,0,1,0
spray_bottle_use,9,12,7,1,1,1,0,0.02920013,0.0462136,trigger|nozzle|neck|body|neck|nozzle|body|nozzle|body|body|trigger|body,neck|body|neck|body|body|body|body,0,0,1,0
spray_bottle_use,10,12,7,1,1,1,0,0.03640847,0.04443228,nozzle|trigger|nozzle|neck|body|body|neck|body|body|trigger|body|nozzle,neck|body|body|neck|body|body|body,0,0,1,0
spray_bottle_use,11,12,7,1,1,1,0,0.03301367,0.02957959,nozzle|neck|body|nozzle|body|body|trigger|body|body|neck|trigger|nozzle,neck|body|body|body|body|body|neck,0,0,1,0
spray_bottle_use,12,12,7,1,1,1,0,0.03552385,0.03121449,neck|body|body|nozzle|trigger|nozzle|body|trigger|body|neck|nozzle|body,neck|body|body|body|body|neck|body,0,0,1,0
spray_bottle_use,13,12,7,1,1,1,0,0.03011066,0.04629042,trigger|nozzle|body|body|body|neck|trigger|body|body|nozzle|nozzle|neck,body|body|body|neck|body|body|neck,0,0,1,0
spray_bottle_use,14,12,7,1,1,1,0,0.03803876,0.03071834,nozzle|neck|nozzle|body|body|trigger|body|body|trigger|neck|body|nozzle,neck|body|body|body|body|neck|body,0,0,1,0
spray_bottle_use,15,12,7,1,1,1,0,0.03290269,0.01491007,body|body|nozzle|nozzle|body|body|nozzle|trigger|body|trigger|neck|neck,body|body|body|body|body|neck|neck,0,0,1,0
spray_bottle_use,16,12,7,1,1,1,0,0.03562156,0.037499,trigger|nozzle|body|body|body|neck|neck|body|nozzle|body|trigger|nozzle,body|body|body|neck|neck|body|body,0,0,1,0
spray_bottle_use,17,12,7,1,1,1,0,0.03800689,0.0243178,body|trigger|nozzle|body|trigger|body|body|neck|nozzle|neck|body|nozzle,body|body|body|body|neck|neck|body,0,0,1,0
spray_bottle_use,18,12,7,1,1,1,0,0.03909802,0.0239653,neck|nozzle|neck|body|nozzle|body|body|body|trigger|body|trigger|nozzle,neck|neck|body|body|body|body|body,0,0,1,0
spray_bottle_use,19,12,7,1,1,1,0,0.03509332,0.01740478,body|body|nozzle|neck|nozzle|body|body|trigger|trigger|nozzle|neck|body,body|body|neck|body|body|neck|body,0,0,1,0
spray_bottle_use,20,12,7,1,1,1,0,0.0317336,0.04756056,trigger|nozzle|nozzle|trigger|body|body|body|body|body|neck|nozzle|neck,body|body|body|body|body|neck|neck,0,0,1,0
spray_bottle_use,21,12,7,1,1,1,0,0.0375497,0.03637932,trigger|body|body|body|trigger|body|neck|nozzle|nozzle|body|neck|nozzle,body|body|body|body|neck|body|neck,0,0,1,0
spray_bottle_use,22,12,7,1,1,1,0,0.03951349,0.04310158,body|body|body|nozzle|body|trigger|nozzle|trigger|body|neck|nozzle|neck,body|body|body|body|body|neck|neck,0,0,1,0
spray_bottle_use,23,12,7,1,1,1,0,0.03496651,0.02771295,nozzle|neck|trigger|trigger|body|body|neck|body|body|nozzle|body|nozzle,neck|body|body|neck|body|body|body,0,0,1,0
spray_bottle_use,24,12,7,1,1,1,0,0.03189665,0.03454439,body|nozzle|nozzle|trigger|neck|body|body|nozzle|trigger|body|body|neck,body|neck|body|body|body|body|neck,0,0,1,0
spray_bottle_use,25,12,7,1,1,1,0,0.03599874,0.02084738,trigger|body|nozzle|body|neck|body|body|nozzle|nozzle|neck|body|trigger,body|body|neck|body|body|neck|body,0,0,1,0
spray_bottle_use,26,12,7,1,1,1,0,0.03349806,0.04293381,neck|nozzle|trigger|body|body|body|body|neck|nozzle|trigger|body|nozzle,neck|body|body|body|body|neck|body,0,0,1,0
spray_bottle_use,27,12,7,1,1,1,0,0.03284651,0.02250126,nozzle|neck|body|trigger|body|nozzle|trigger|neck|body|body|nozzle|body,neck|body|body|neck|body|body|body,0,0,1,0
spray_bottle_use,28,12,7,1,1,1,0,0.03198485,0.03316886,nozzle|body|neck|neck|body|nozzle|trigger|body|body|body|trigger|nozzle,body|neck|neck|body|body|body|body,0,0,1,0
spray_bottle_use,29,12,7,1,1,1,0,0.03037924,0.05313056,body|body|body|body|body|trigger|trigger|nozzle|nozzle|neck|nozzle|neck,body|body|body|body|body|neck|neck,0,0,1,0
spray_bottle_use,30,12,7,1,1,1,0,0.03494477,0.04296659,trigger|nozzle|neck|nozzle|body|body|body|body|nozzle|body|trigger|neck,neck|body|body|body|body|body|neck,0,0,1,0
spray_bottle_use,31,12,7,1,1,1,0,0.03396186,0.04153053,trigger|body|trigger|body|body|nozzle|nozzle|body|nozzle|body|neck|neck,body|body|body|body|body|neck|neck,0,0,1,0
spray_bottle_use,32,12,7,1,1,1,0,0.03631881,0.02043994,trigger|body|trigger|body|nozzle|body|nozzle|neck|body|body|neck|nozzle,body|body|body|neck|body|body|neck,0,0,1,0
spray_bottle_use,33,12,7,1,1,1,0,0.03402049,0.04481069,nozzle|trigger|body|trigger|body|nozzle|body|neck|neck|body|nozzle|body,body|body|body|neck|neck|body|body,0,0,1,0
spray_bottle_use,34,12,7,1,1,1,0,0.03208478,0.03187153,trigger|trigger|nozzle|neck|neck|nozzle|body|nozzle|body|body|body|body,neck|neck|body|body|body|body|body,0,0,1,0
spray_bottle_use,35,12,7,1,1,1,0,0.03545727,0.02393806,nozzle|trigger|nozzle|body|neck|body|neck|nozzle|body|trigger|body|body,body|neck|body|neck|body|body|body,0,0,1,0
spray_bottle_use,36,12,7,1,1,1,0,0.03186466,0.03016976,body|nozzle|body|nozzle|body|trigger|body|body|trigger|nozzle|neck|neck,body|body|body|body|body|neck|neck,0,0,1,0
spray_bottle_use,37,12,7,1,1,1,0,0.03046242,0.0403336,body|body|neck|body|nozzle|nozzle|nozzle|neck|body|trigger|trigger|body,body|body|neck|body|neck|body|body,0,0,1,0
spray_bottle_use,38,12,7,1,1,1,0,0.03198431,0.03450807,nozzle|neck|body|trigger|neck|nozzle|nozzle|body|body|trigger|body|body,neck|body|neck|body|body|body|body,0,0,1,0
spray_bottle_use,39,12,7,1,1,1,0,0.03675153,0.02689204,trigger|trigger|body|nozzle|body|nozzle|neck|body|neck|body|nozzle|body,body|body|neck|body|neck|body|body,0,0,1,0
spray_bottle_use,40,12,7,1,1,1,0,0.03374134,0.04267191,nozzle|body|body|body|trigger|body|neck|neck|trigger|body|nozzle|nozzle,body|body|body|body|neck|neck|body,0,0,1,0
spray_bottle_use,41,12,7,1,1,1,0,0.03475464,0.04247132,body|body|nozzle|body|nozzle|trigger|body|neck|neck|trigger|body|nozzle,body|body|body|body|neck|neck|body,0,0,1,0
spray_bottle_use,42,12,7,1,1,1,0,0.03462747,0.04376867,body|body|body|nozzle|body|nozzle|body|trigger|neck|neck|trigger|nozzle,body|body|body|body|body|neck|neck,0,0,1,0
spray_bottle_use,43,12,7,1,1,1,0,0.03325045,0.05207323,body|nozzle|body|body|trigger|nozzle|trigger|body|body|neck|nozzle|neck,body|body|body|body|body|neck|neck,0,0,1,0
spray_bottle_use,44,12,7,1,1,1,0,0.03547134,0.03850302,neck|body|nozzle|body|trigger|nozzle|body|nozzle|body|body|neck|trigger,neck|body|body|body|body|body|neck,0,0,1,0
spray_bottle_use,45,12,7,1,1,1,0,0.03843852,0.03770846,neck|trigger|body|body|nozzle|neck|trigger|body|nozzle|body|body|nozzle,neck|body|body|neck|body|body|body,0,0,1,0
spray_bottle_use,46,12,7,1,1,1,0,0.03138878,0.04500457,body|nozzle|trigger|neck|body|body|trigger|nozzle|body|nozzle|body|neck,body|neck|body|body|body|body|neck,0,0,1,0
spray_bottle_use,47,12,7,1,1,1,0,0.03197287,0.0340777,trigger|nozzle|body|trigger|body|neck|nozzle|nozzle|body|neck|body|body,body|body|neck|body|neck|body|body,0,0,1,0
spray_bottle_use,48,12,7,1,1,1,0,0.0353368,0.030658,trigger|body|nozzle|body|body|body|nozzle|nozzle|trigger|body|neck|neck,body|body|body|body|body|neck|neck,0,0,1,0
spray_bottle_use,49,12,7,1,1,1,0,0.03496842,0.02916542,body|body|nozzle|body|nozzle|body|body|trigger|neck|neck|nozzle|trigger,body|body|body|body|body|neck|neck,0,0,1,0
spray_bottle_use,50,12,7,1,1,1,0,0.03342299,0.04716955,neck|body|nozzle|trigger|body|neck|body|trigger|body|nozzle|nozzle|body,neck|body|body|neck|body|body|body,0,0,1,0
spray_bottle_use,51,12,7,1,1,1,0,0.03504997,0.04049533,trigger|body|nozzle|body|nozzle|body|neck|nozzle|neck|trigger|body|body,body|body|body|neck|neck|body|body,0,0,1,0
spray_bottle_use,52,12,7,1,1,1,0,0.03380117,0.04081581,body|nozzle|neck|neck|body|nozzle|body|nozzle|body|trigger|body|trigger,body|neck|neck|body|body|body|body,0,0,1,0
spray_bottle_use,53,12,7,1,1,1,0,0.03267507,0.04667407,nozzle|trigger|nozzle|body|body|neck|nozzle|body|body|body|neck|trigger,body|body|neck|body|body|body|neck,0,0,1,0
spray_bottle_use,54,12,7,1,1,1,0,0.03281341,0.05573209,neck|body|body|trigger|trigger|neck|nozzle|nozzle|nozzle|body|body|body,neck|body|body|neck|body|body|body,0,0,1,0
spray_bottle_use,55,12,7,1,1,1,0,0.03552455,0.02323057,nozzle|trigger|trigger|neck|nozzle|body|body|body|body|body|neck|nozzle,neck|body|body|body|body|body|neck,0,0,1,0
spray_bottle_use,56,12,7,1,1,1,0,0.03576757,0.01887748,body|nozzle|body|nozzle|body|trigger|neck|body|nozzle|neck|trigger|body,body|body|body|neck|body|neck|body,0,0,1,0
spray_bottle_use,57,12,7,1,1,1,0,0.03237602,0.02983735,nozzle|neck|nozzle|neck|body|trigger|body|nozzle|body|body|trigger|body,neck|neck|body|body|body|body|body,0,0,1,0
spray_bottle_use,58,12,7,1,1,1,0,0.03485882,0.03930325,neck|body|body|nozzle|trigger|neck|body|body|nozzle|nozzle|trigger|body,neck|body|body|neck|body|body|body,0,0,1,0
spray_bottle_use,59,12,7,1,1,1,0,0.03325276,0.03169861,body|neck|body|neck|body|body|nozzle|trigger|body|nozzle|nozzle|trigger,body|neck|body|neck|body|body|body,0,0,1,0
spray_bottle_use,60,12,7,1,1,1,0,0.03438817,0.03248715,body|nozzle|body|neck|body|trigger|nozzle|body|neck|body|nozzle|trigger,body|body|neck|body|body|neck|body,0,0,1,0
spray_bottle_use,61,12,7,1,1,1,0,0.02891977,0.04906395,neck|nozzle|body|body|body|body|trigger|neck|body|nozzle|nozzle|trigger,neck|body|body|body|body|neck|body,0,0,1,0
spray_bottle_use,62,12,7,1,1,1,0,0.03758238,0.0323184,neck|nozzle|body|body|trigger|nozzle|body|body|body|neck|nozzle|trigger,neck|body|body|body|body|body|neck,0,0,1,0
spray_bottle_use,63,12,7,1,1,1,0,0.03026274,0.02093953,neck|body|body|nozzle|body|nozzle|trigger|body|trigger|nozzle|neck|body,neck|body|body|body|body|neck|body,0,0,1,0
spray_bottle_use,64,12,7,1,1,1,0,0.03751238,0.03929627,body|body|body|neck|body|trigger|neck|nozzle|nozzle|trigger|body|nozzle,body|body|body|neck|body|neck|body,0,0,1,0
spray_bottle_use,65,12,7,1,1,1,0,0.0324358,0.03233976,nozzle|body|neck|neck|trigger|nozzle|body|body|body|nozzle|trigger|body,body|neck|neck|body|body|body|body,0,0,1,0
spray_bottle_use,66,12,7,1,1,1,0,0.03512281,0.03726867,nozzle|nozzle|neck|body|body|body|neck|trigger|trigger|body|body|nozzle,neck|body|body|body|neck|body|body,0,0,1,0
spray_bottle_use,67,12,7,1,1,1,0,0.03904435,0.03979504,nozzle|body|neck|nozzle|trigger|trigger|body|body|neck|nozzle|body|body,body|neck|body|body|neck|body|body,0,0,1,0
spray_bottle_use,68,12,7,1,1,1,0,0.03738667,0.00662244,body|neck|nozzle|body|body|trigger|body|body|nozzle|neck|nozzle|trigger,body|neck|body|body|body|body|neck,0,0,1,0
spray_bottle_use,69,12,7,1,1,1,0,0.03676583,0.00995176,trigger|nozzle|body|body|body|neck|nozzle|trigger|nozzle|neck|body|body,body|body|body|neck|neck|body|body,0,0,1,0
spray_bottle_use,70,12,7,1,1,1,0,0.03483883,0.00421789,body|body|body|nozzle|trigger|body|body|neck|neck|nozzle|trigger|nozzle,body|body|body|body|body|neck|neck,0,0,1,0
spray_bottle_use,71,12,7,1,1,1,0,0.03521669,0.03727582,body|nozzle|nozzle|body|trigger|body|nozzle|neck|body|trigger|body|neck,body|body|body|neck|body|body|neck,0,0,1,0
spray_bottle_use,72,12,7,1,1,1,0,0.03785855,0.00503821,neck|body|body|trigger|nozzle|nozzle|body|nozzle|trigger|body|body|neck,neck|body|body|body|body|body|neck,0,0,1,0
spray_bottle_use,73,12,7,1,1,1,0,0.04029667,0.02019801,body|trigger|neck|body|body|nozzle|body|nozzle|neck|trigger|nozzle|body,body|neck|body|body|body|neck|body,0,0,1,0
spray_bottle_use,74,12,7,1,1,1,0,0.03531564,0.02697673,body|body|nozzle|body|body|trigger|nozzle|nozzle|neck|trigger|neck|body,body|body|body|body|neck|neck|body,0,0,1,0
spray_bottle_use,75,12,7,1,1,1,0,0.03841546,0.04298696,body|nozzle|nozzle|neck|nozzle|trigger|body|body|body|body|neck|trigger,body|neck|body|body|body|body|neck,0,0,1,0
spray_bottle_use,76,12,7,1,1,1,0,0.02943607,0.03953508,nozzle|trigger|body|body|neck|nozzle|body|neck|nozzle|trigger|body|body,body|body|neck|body|neck|body|body,0,0,1,0
spray_bottle_use,77,12,7,1,1,1,0,0.02842904,0.04143498,body|neck|body|nozzle|body|neck|nozzle|trigger|body|trigger|nozzle|body,body|neck|body|body|neck|body|body,0,0,1,0
spray_bottle_use,78,12,7,1,1,1,0,0.03056028,0.04325364,body|neck|nozzle|neck|nozzle|nozzle|body|body|body|body|trigger|trigger,body|neck|neck|body|body|body|body,0,0,1,0
spray_bottle_use,79,12,7,1,1,1,0,0.03676546,0.04570987,trigger|neck|nozzle|body|trigger|body|neck|nozzle|body|body|body|nozzle,neck|body|body|neck|body|body|body,0,0,1,0
spray_bottle_use,80,12,7,1,1,1,0,0.0357803,0.02109154,neck|nozzle|trigger|nozzle|body|body|nozzle|neck|body|body|trigger|body,neck|body|body|neck|body|body|body,0,0,1,0
spray_bottle_use,81,12,7,1,1,1,0,0.03226754,0.04316567,neck|nozzle|body|neck|body|nozzle|trigger|body|trigger|nozzle|body|body,neck|body|neck|body|body|body|body,0,0,1,0
spray_bottle_use,82,12,7,1,1,1,0,0.03754829,0.02622969,body|trigger|neck|body|nozzle|body|nozzle|nozzle|body|body|neck|trigger,body|neck|body|body|body|body|neck,0,0,1,0
spray_bottle_use,83,12,7,1,1,1,0,0.03296889,0.04646328,body|trigger|neck|trigger|nozzle|body|neck|body|nozzle|body|nozzle|body,body|neck|body|neck|body|body|body,0,0,1,0
spray_bottle_use,84,12,7,1,1,1,0,0.03512374,0.02424172,trigger|nozzle|body|body|neck|nozzle|body|neck|body|nozzle|trigger|body,body|body|neck|body|neck|body|body,0,0,1,0
spray_bottle_use,85,12,7,1,1,1,0,0.03400059,0.02152251,body|neck|trigger|body|nozzle|nozzle|body|nozzle|trigger|body|body|neck,body|neck|body|body|body|body|neck,0,0,1,0
spray_bottle_use,86,12,7,1,1,1,0,0.03945134,0.03407755,trigger|body|body|nozzle|body|nozzle|body|nozzle|body|trigger|neck|neck,body|body|body|body|body|neck|neck,0,0,1,0
spray_bottle_use,87,12,7,1,1,1,0,0.03366,0.02748513,trigger|trigger|body|nozzle|nozzle|neck|body|body|neck|body|body|nozzle,body|neck|body|body|neck|body|body,0,0,1,0
spray_bottle_use,88,12,7,1,1,1,0,0.0335675,0.02136075,body|nozzle|body|trigger|body|body|neck|neck|trigger|nozzle|nozzle|body,body|body|body|body|neck|neck|body,0,0,1,0
spray_bottle_use,89,12,7,1,1,1,0,0.03590669,0.02871989,neck|trigger|body|body|neck|nozzle|nozzle|nozzle|body|trigger|body|body,neck|body|body|neck|body|body|body,0,0,1,0
spray_bottle_use,90,12,7,1,1,1,0,0.03152937,0.05643047,body|body|nozzle|neck|trigger|body|nozzle|nozzle|body|neck|body|trigger,body|body|neck|body|body|neck|body,0,0,1,0
spray_bottle_use,91,12,7,1,1,1,0,0.03403517,0.03660327,body|trigger|neck|body|nozzle|trigger|neck|body|body|nozzle|body|nozzle,body|neck|body|neck|body|body|body,0,0,1,0
spray_bottle_use,92,12,7,1,1,1,0,0.03566118,0.03238255,body|body|neck|nozzle|neck|body|nozzle|trigger|trigger|body|nozzle|body,body|body|neck|neck|body|body|body,0,0,1,0
spray_bottle_use,93,12,7,1,1,1,0,0.03678967,0.01878954,body|body|trigger|body|neck|body|nozzle|body|nozzle|neck|trigger|nozzle,body|body|body|neck|body|body|neck,0,0,1,0
spray_bottle_use,94,12,7,1,1,1,0,0.03857203,0.03808707,trigger|nozzle|neck|nozzle|body|nozzle|body|body|neck|body|body|trigger,neck|body|body|body|neck|body|body,0,0,1,0
spray_bottle_use,95,12,7,1,1,1,0,0.03626932,0.03539461,nozzle|body|nozzle|trigger|body|body|nozzle|body|neck|body|trigger|neck,body|body|body|body|neck|body|neck,0,0,1,0
spray_bottle_use,96,12,7,1,1,1,0,0.03625112,0.02556998,trigger|body|body|nozzle|neck|nozzle|neck|trigger|body|body|nozzle|body,body|body|neck|neck|body|body|body,0,0,1,0
spray_bottle_use,97,12,7,1,1,1,0,0.03465162,0.03125827,nozzle|neck|nozzle|body|trigger|nozzle|body|body|trigger|body|body|neck,neck|body|body|body|body|body|neck,0,0,1,0
spray_bottle_use,98,12,7,1,1,1,0,0.0351431,0.04384822,nozzle|body|nozzle|neck|neck|body|body|trigger|body|body|trigger|nozzle,body|neck|neck|body|body|body|body,0,0,1,0
spray_bottle_use,99,12,7,1,1,1,0,0.03450694,0.0221782,neck|nozzle|trigger|body|nozzle|body|body|nozzle|trigger|body|neck|body,neck|body|body|body|body|neck|body,0,0,1,0
spray_bottle_use,100,12,7,1,1,1,0,0.03306593,0.03364778,body|trigger|body|nozzle|neck|trigger|nozzle|body|neck|nozzle|body|body,body|body|neck|body|neck|body|body,0,0,1,0
spray_bottle_use,101,12,7,1,1,1,0,0.03095236,0.03216806,body|nozzle|nozzle|neck|nozzle|trigger|body|body|trigger|neck|body|body,body|neck|body|body|neck|body|body,0,0,1,0
spray_bottle_use,102,12,7,1,1,1,0,0.03568318,0.01025763,nozzle|nozzle|nozzle|neck|body|body|body|trigger|body|neck|trigger|body,neck|body|body|body|body|neck|body,0,0,1,0
spray_bottle_use,103,12,7,1,1,1,0,0.03454728,0.01234027,neck|neck|trigger|body|nozzle|body|body|nozzle|nozzle|trigger|body|body,neck|neck|body|body|body|body|body,0,0,1,0
spray_bottle_use,104,12,7,1,1,1,0,0.03594298,0.03362044,body|body|neck|nozzle|body|neck|body|nozzle|trigger|body|trigger|nozzle,body|body|neck|body|neck|body|body,0,0,1,0
spray_bottle_use,105,12,7,1,1,1,0,0.03251845,0.02254171,body|trigger|neck|body|nozzle|trigger|nozzle|body|body|neck|body|nozzle,body|neck|body|body|body|neck|body,0,0,1,0
spray_bottle_use,106,12,7,1,1,1,0,0.03308079,0.04883227,body|body|body|neck|trigger|nozzle|nozzle|neck|body|body|trigger|nozzle,body|body|body|neck|neck|body|body,0,0,1,0
spray_bottle_use,107,12,7,1,1,1,0,0.03478529,0.04411136,nozzle|body|nozzle|trigger|body|neck|neck|nozzle|trigger|body|body|body,body|body|neck|neck|body|body|body,0,0,1,0
spray_bottle_use,108,12,7,1,1,1,0,0.03212574,0.0260314,body|body|body|nozzle|trigger|nozzle|body|trigger|neck|body|nozzle|neck,body|body|body|body|neck|body|neck,0,0,1,0
spray_bottle_use,109,12,7,1,1,1,0,0.03229048,0.04563228,trigger|trigger|nozzle|body|body|neck|neck|body|nozzle|body|body|nozzle,body|body|neck|neck|body|body|body,0,0,1,0
spray_bottle_use,110,12,7,1,1,1,0,0.03238614,0.04377612,body|neck|body|body|nozzle|nozzle|body|trigger|neck|trigger|body|nozzle,body|neck|body|body|body|neck|body,0,0,1,0
spray_bottle_use,111,12,7,1,1,1,0,0.03018667,0.04285952,nozzle|trigger|body|body|nozzle|body|neck|nozzle|body|trigger|neck|body,body|body|body|neck|body|neck|body,0,0,1,0
spray_bottle_use,112,12,7,1,1,1,0,0.03810128,0.00377165,neck|nozzle|body|nozzle|body|neck|body|trigger|body|nozzle|trigger|body,neck|body|body|neck|body|body|body,0,0,1,0
spray_bottle_use,113,12,7,1,1,1,0,0.03328423,0.03681299,neck|body|body|neck|body|trigger|body|nozzle|trigger|nozzle|nozzle|body,neck|body|body|neck|body|body|body,0,0,1,0
spray_bottle_use,114,12,7,1,1,1,0,0.03469004,0.03355766,neck|body|body|neck|nozzle|body|body|nozzle|trigger|nozzle|body|trigger,neck|body|body|neck|body|body|body,0,0,1,0
spray_bottle_use,115,12,7,1,1,1,0,0.03994454,0.00260239,body|nozzle|nozzle|trigger|body|body|body|nozzle|neck|trigger|neck|body,body|body|body|body|neck|neck|body,0,0,1,0
spray_bottle_use,116,12,7,1,1,1,0,0.03694196,0.04886634,body|body|neck|trigger|body|nozzle|nozzle|body|body|neck|trigger|nozzle,body|body|neck|body|body|body|neck,0,0,1,0
spray_bottle_use,117,12,7,1,1,1,0,0.03281616,0.04765608,nozzle|body|neck|nozzle|trigger|neck|nozzle|body|trigger|body|body|body,body|neck|neck|body|body|body|body,0,0,1,0
spray_bottle_use,118,12,7,1,1,1,0,0.03344983,0.04425038,nozzle|nozzle|trigger|nozzle|neck|body|neck|body|trigger|body|body|body,neck|body|neck|body|body|body|body,0,0,1,0
spray_bottle_use,119,12,7,1,1,1,0,0.03764563,0.04104716,body|body|nozzle|trigger|body|body|body|trigger|nozzle|neck|nozzle|neck,body|body|body|body|body|neck|neck,0,0,1,0
apple_pick,0,10,6,1,1,1,0,0.04548946,0.03461106,body|stem|equator|body|stem|body|body|bruise|equator|stem,body|equator|body|body|body|equator,0,0,1,0
apple_pick,1,10,6,1,1,1,0,0.04431416,0.02787776,stem|equator|equator|stem|body|stem|bruise|body|body|body,equator|equator|body|body|body|body,0,0,1,0
apple_pick,2,10,6,1,1,1,0,0.04325595,0.02495319,stem|body|equator|body|bruise|stem|body|body|stem|equator,body|equator|body|body|body|equator,0,0,1,0
apple_pick,3,10,6,1,1,1,0,0.04455069,0.04409789,body|body|stem|body|equator|stem|equator|bruise|stem|body,body|body|body|equator|equator|body,0,0,1,0
apple_pick,4,10,6,1,1,1,0,0.04275925,0.03685488,stem|equator|equator|body|stem|bruise|body|body|body|stem,equator|equator|body|body|body|body,0,0,1,0
apple_pick,5,10,6,1,1,1,0,0.04730893,0.02893146,body|body|body|stem|bruise|equator|body|stem|equator|stem,body|body|body|equator|body|equator,0,0,1,0
apple_pick,6,10,6,1,1,1,0,0.0484193,0.02020121,equator|stem|stem|body|equator|stem|bruise|body|body|body,equator|body|equator|body|body|body,0,0,1,0
apple_pick,7,10,6,1,1,1,0,0.03770675,0.04008256,equator|bruise|stem|body|equator|body|body|body|stem|stem,equator|body|equator|body|body|body,0,0,1,0
apple_pick,8,10,6,1,1,1,0,0.04778254,0.02939079,body|equator|equator|stem|body|body|body|stem|bruise|stem,body|equator|equator|body|body|body,0,0,1,0
apple_pick,9,10,6,1,1,1,0,0.0430408,0.03812866,equator|body|stem|body|body|stem|bruise|equator|stem|body,equator|body|body|body|equator|body,0,0,1,0
apple_pick,10,10,6,1,1,1,0,0.04700586,0.03691039,stem|stem|stem|body|equator|body|body|bruise|body|equator,body|equator|body|body|body|equator,0,0,1,0
apple_pick,11,10,6,1,1,1,0,0.04259895,0.0504573,stem|body|equator|body|stem|stem|equator|body|body|bruise,body|equator|body|equator|body|body,0,0,1,0
apple_pick,12,10,6,1,0,1,0,0.03668706,0.0,stem|stem|body|body|equator|stem|bruise|body|equator|body,,1,1,0,0
apple_pick,13,10,6,1,1,1,0,0.04777142,0.01073189,stem|body|stem|bruise|body|body|equator|stem|body|equator,body|body|body|equator|body|equator,0,0,1,0
apple_pick,14,10,6,1,1,1,0,0.04064449,0.04483943,body|bruise|body|body|body|stem|stem|equator|stem|equator,body|body|body|body|equator|equator,0,0,1,0
apple_pick,15,10,6,1,1,1,0,0.03974438,0.04075337,body|bruise|body|stem|equator|equator|body|body|stem|stem,body|body|equator|equator|body|body,0,0,1,0
apple_pick,16,10,6,1,1,1,0,0.04097827,0.03940053,bruise|stem|body|stem|body|equator|body|stem|body|equator,body|body|equator|body|body|equator,0,0,1,0
apple_pick,17,10,6,1,1,1,0,0.03993073,0.06211008,bruise|equator|body|body|body|stem|stem|stem|body|equator,equator|body|body|body|body|equator,0,0,1,0
apple_pick,18,10,6,1,1,1,0,0.04483963,0.00343698,bruise|stem|equator|equator|stem|body|body|stem|body|body,equator|equator|body|body|body|body,0,0,1,0
apple_pick,19,10,6,1,1,1,0,0.04636001,0.01513353,body|equator|stem|stem|body|equator|stem|body|bruise|body,body|equator|body|equator|body|body,0,0,1,0
apple_pick,20,10,6,1,1,1,0,0.04672543,0.02366373,equator|equator|bruise|stem|body|body|stem|body|stem|body,equator|equator|body|body|body|body,0,0,1,0
apple_pick,21,10,6,1,1,1,0,0.0434071,0.02255968,stem|equator|body|bruise|body|body|equator|body|stem|stem,equator|body|body|body|equator|body,0,0,1,0
apple_pick,22,10,6,1,1,1,0,0.04028199,0.04892028,body|body|body|body|equator|stem|bruise|stem|stem|equator,body|body|body|body|equator|equator,0,0,1,0
apple_pick,23,10,6,1,1,1,0,0.04225737,0.02810119,stem|bruise|equator|stem|body|body|body|equator|stem|body,equator|body|body|body|equator|body,0,0,1,0
apple_pick,24,10,6,1,1,1,0,0.04189108,0.05300231,stem|body|body|body|stem|equator|equator|body|stem|bruise,body|body|body|equator|equator|body,0,0,1,0
apple_pick,25,10,6,1,1,1,0,0.04062553,0.05559894,stem|stem|stem|body|body|body|bruise|equator|body|equator,body|body|body|equator|body|equator,0,0,1,0
apple_pick,26,10,6,1,1,1,0,0.03658677,0.05603211,bruise|equator|stem|stem|body|body|body|stem|equator|body,equator|body|body|body|equator|body,0,0,1,0
apple_pick,27,10,6,1,1,1,0,0.03753111,0.0292005,stem|body|stem|equator|body|bruise|stem|body|equator|body,body|equator|body|body|equator|body,0,0,1,0
apple_pick,28,10,6,1,1,1,0,0.04455399,0.0307152,body|stem|body|equator|body|body|stem|equator|stem|bruise,body|body|equator|body|body|equator,0,0,1,0
apple_pick,29,10,6,1,1,1,0,0.03312131,0.01731633,stem|equator|body|bruise|body|equator|body|body|stem|stem,equator|body|body|equator|body|body,0,0,1,0
apple_pick,30,10,6,1,1,1,0,0.04407115,0.02229644,equator|stem|body|body|bruise|stem|stem|equator|body|body,equator|body|body|equator|body|body,0,0,1,0
apple_pick,31,10,6,1,1,1,0,0.04062478,0.03562753,equator|body|stem|stem|body|bruise|body|equator|body|stem,equator|body|body|body|equator|body,0,0,1,0
apple_pick,32,10,6,1,0,1,0,0.03559417,0.0,body|body|equator|equator|body|body|stem|bruise|stem|stem,,1,1,0,0
apple_pick,33,10,6,1,1,1,0,0.04287954,0.04368343,bruise|stem|equator|equator|body|stem|stem|body|body|body,equator|equator|body|body|body|body,0,0,1,0
apple_pick,34,10,6,1,1,1,0,0.0456655,0.02533645,equator|body|stem|bruise|stem|body|body|equator|stem|body,equator|body|body|body|equator|body,0,0,1,0
apple_pick,35,10,6,1,1,1,0,0.04034305,0.02070422,stem|body|body|stem|equator|equator|stem|body|body|bruise,body|body|equator|equator|body|body,0,0,1,0
apple_pick,36,10,6,1,1,1,0,0.04548424,0.05441951,equator|body|body|stem|body|stem|equator|stem|body|bruise,equator|body|body|body|equator|body,0,0,1,0
apple_pick,37,10,6,1,1,1,0,0.0369765,0.00779984,body|stem|body|stem|body|bruise|stem|equator|body|equator,body|body|body|equator|body|equator,0,0,1,0
apple_pick,38,10,6,1,1,1,0,0.0473301,0.02095778,body|body|equator|stem|stem|body|stem|body|bruise|equator,body|body|equator|body|body|equator,0,0,1,0
apple_pick,39,10,6,1,1,1,0,0.03717105,0.01319922,body|stem|stem|body|body|equator|stem|equator|body|bruise,body|body|body|equator|equator|body,0,0,1,0
apple_pick,40,10,6,1,0,1,0,0.03023095,0.0,stem|equator|stem|bruise|body|body|equator|stem|body|body,,1,1,0,0
apple_pick,41,10,6,1,1,1,0,0.04362328,0.00061287,equator|stem|equator|bruise|body|body|stem|body|stem|body,equator|equator|body|body|body|body,0,0,1,0
apple_pick,42,10,6,1,1,1,0,0.04249369,0.05157868,body|equator|bruise|equator|stem|stem|body|body|body|stem,body|equator|equator|body|body|body,0,0,1,0
apple_pick,43,10,6,1,1,1,0,0.03929954,0.03573332,stem|stem|bruise|body|equator|equator|stem|body|body|body,body|equator|equator|body|body|body,0,0,1,0
apple_pick,44,10,6,1,1,1,0,0.04856747,0.03549976,body|stem|body|equator|body|stem|bruise|equator|stem|body,body|body|equator|body|equator|body,0,0,1,0
apple_pick,45,10,6,1,1,1,0,0.04764774,0.0222146,stem|stem|stem|equator|body|equator|body|body|bruise|body,equator|body|equator|body|body|body,0,0,1,0
apple_pick,46,10,6,1,1,1,0,0.04159056,0.03773268,stem|stem|body|bruise|body|body|stem|equator|equator|body,body|body|body|equator|equator|body,0,0,1,0
apple_pick,47,10,6,1,1,1,0,0.04442184,0.024165,body|equator|body|stem|stem|body|equator|bruise|stem|body,body|equator|body|body|equator|body,0,0,1,0
apple_pick,48,10,6,1,1,1,0,0.04110776,0.06796638,stem|body|stem|bruise|body|stem|equator|body|equator|body,body|body|equator|body|equator|body,0,0,1,0
apple_pick,49,10,6,1,1,1,0,0.04549888,0.04774849,bruise|equator|stem|body|body|stem|stem|equator|body|body,equator|body|body|equator|body|body,0,0,1,0
apple_pick,50,10,6,1,1,1,0,0.04519191,0.04735667,body|stem|body|equator|equator|body|stem|body|stem|bruise,body|body|equator|equator|body|body,0,0,1,0
apple_pick,51,10,6,1,1,1,0,0.04843613,0.02285459,equator|body|body|body|body|stem|stem|stem|bruise|equator,equator|body|body|body|body|equator,0,0,1,0
apple_pick,52,10,6,1,1,1,0,0.04761751,0.02545733,stem|bruise|body|equator|stem|body|stem|equator|body|body,body|equator|body|equator|body|body,0,0,1,0
apple_pick,53,10,6,1,1,1,0,0.04044456,0.06733889,body|body|bruise|body|equator|stem|equator|stem|body|stem,body|body|body|equator|equator|body,0,0,1,0
apple_pick,54,10,6,1,1,1,0,0.0462184,0.01094632,body|equator|bruise|equator|body|stem|stem|stem|body|body,body|equator|equator|body|body|body,0,0,1,0
apple_pick,55,10,6,1,1,1,0,0.04473452,0.01829402,bruise|body|stem|body|body|stem|equator|stem|equator|body,body|body|body|equator|equator|body,0,0,1,0
apple_pick,56,10,6,1,1,1,0,0.03904514,0.0453213,stem|body|stem|body|equator|equator|stem|body|bruise|body,body|body|equator|equator|body|body,0,0,1,0
apple_pick,57,10,6,1,0,1,0,0.04473744,0.0,stem|body|stem|body|body|equator|body|stem|bruise|equator,,1,1,0,0
apple_pick,58,10,6,1,1,1,0,0.04505836,0.00289208,body|bruise|stem|stem|stem|equator|equator|body|body|body,body|equator|equator|body|body|body,0,0,1,0
apple_pick,59,10,6,1,1,1,0,0.04073111,0.05811201,equator|body|stem|body|stem|stem|equator|bruise|body|body,equator|body|body|equator|body|body,0,0,1,0
apple_pick,60,10,6,1,1,1,0,0.0467251,0.01650624,equator|body|body|stem|body|equator|stem|stem|body|bruise,equator|body|body|body|equator|body,0,0,1,0
apple_pick,61,10,6,1,1,1,0,0.04391135,0.05004901,body|stem|equator|body|body|body|stem|equator|bruise|stem,body|equator|body|body|body|equator,0,0,1,0
apple_pick,62,10,6,1,1,1,0,0.04292535,0.02569381,body|body|stem|bruise|equator|equator|stem|stem|body|body,body|body|equator|equator|body|body,0,0,1,0
apple_pick,63,10,6,1,1,1,0,0.04705913,0.03484234,stem|body|bruise|body|equator|stem|body|stem|equator|body,body|body|equator|body|equator|body,0,0,1,0
apple_pick,64,10,6,1,1,1,0,0.04513838,0.03975095,stem|body|equator|body|stem|body|body|bruise|equator|stem,body|equator|body|body|body|equator,0,0,1,0
apple_pick,65,10,6,1,1,1,0,0.04489357,0.04029533,stem|body|stem|body|stem|equator|equator|bruise|body|body,body|body|equator|equator|body|body,0,0,1,0
apple_pick,66,10,6,1,1,1,0,0.04435541,0.05277937,stem|body|body|bruise|equator|stem|stem|equator|body|body,body|body|equator|equator|body|body,0,0,1,0
apple_pick,67,10,6,1,1,1,0,0.04235028,0.02042687,bruise|body|body|stem|equator|body|stem|equator|stem|body,body|body|equator|body|equator|body,0,0,1,0
apple_pick,68,10,6,1,1,1,0,0.04238097,0.05581249,stem|equator|body|stem|equator|body|bruise|body|body|stem,equator|body|equator|body|body|body,0,0,1,0
apple_pick,69,10,6,1,1,1,0,0.04469302,0.04170731,body|body|bruise|equator|body|equator|stem|stem|body|stem,body|body|equator|body|equator|body,0,0,1,0
apple_pick,70,10,6,1,1,1,0,0.04793778,0.02066575,equator|stem|body|stem|stem|body|bruise|body|body|equator,equator|body|body|body|body|equator,0,0,1,0
apple_pick,71,10,6,1,1,1,0,0.04705203,0.02472064,body|body|stem|body|bruise|stem|equator|stem|body|equator,body|body|body|equator|body|equator,0,0,1,0
apple_pick,72,10,6,1,1,1,0,0.04105563,0.0579374,stem|equator|equator|body|body|body|bruise|stem|stem|body,equator|equator|body|body|body|body,0,0,1,0
apple_pick,73,10,6,1,1,1,0,0.04642566,0.04882893,stem|equator|stem|body|body|body|bruise|body|equator|stem,equator|body|body|body|body|equator,0,0,1,0
apple_pick,74,10,6,1,1,1,0,0.04530377,0.0363646,equator|stem|equator|body|stem|stem|bruise|body|body|body,equator|equator|body|body|body|body,0,0,1,0
apple_pick,75,10,6,1,1,1,0,0.04541831,0.04560599,stem|body|bruise|stem|equator|stem|body|body|equator|body,body|equator|body|body|equator|body,0,0,1,0
apple_pick,76,10,6,1,1,1,0,0.04845075,0.02066527,bruise|body|body|stem|stem|equator|equator|stem|body|body,body|body|equator|equator|body|body,0,0,1,0
apple_pick,77,10,6,1,1,1,0,0.04669963,0.00481688,stem|bruise|body|stem|body|body|stem|equator|body|equator,body|body|body|equator|body|equator,0,0,1,0
apple_pick,78,10,6,1,0,1,0,0.03947161,0.0,stem|stem|equator|bruise|stem|body|body|body|equator|body,,1,1,0,0
apple_pick,79,10,6,1,1,1,0,0.04412679,0.00717409,equator|stem|body|equator|stem|body|stem|bruise|body|body,equator|body|equator|body|body|body,0,0,1,0
apple_pick,80,10,6,1,1,1,0,0.0456766,0.04526334,body|body|body|stem|bruise|body|stem|stem|equator|equator,body|body|body|body|equator|equator,0,0,1,0
apple_pick,81,10,6,1,1,1,0,0.04407974,0.05440188,equator|stem|stem|bruise|body|equator|body|body|stem|body,equator|body|equator|body|body|body,0,0,1,0
apple_pick,82,10,6,1,1,1,0,0.04616395,0.03980746,stem|body|equator|body|stem|equator|body|stem|bruise|body,body|equator|body|equator|body|body,0,0,1,0
apple_pick,83,10,6,1,0,1,0,0.03966295,0.0,stem|stem|stem|body|bruise|body|body|body|equator|equator,,1,1,0,0
apple_pick,84,10,6,1,0,1,0,0.03831687,0.0,stem|body|body|stem|equator|body|equator|body|stem|bruise,,1,1,0,0
apple_pick,85,10,6,1,1,1,0,0.04660084,0.01983656,body|bruise|body|body|equator|stem|stem|equator|body|stem,body|body|body|equator|equator|body,0,0,1,0
apple_pick,86,10,6,1,1,1,0,0.04269271,0.01084489,stem|stem|stem|equator|body|body|body|equator|bruise|body,equator|body|body|body|equator|body,0,0,1,0
apple_pick,87,10,6,1,1,1,0,0.04452035,0.03097517,body|equator|body|body|stem|equator|stem|bruise|body|stem,body|equator|body|body|equator|body,0,0,1,0
apple_pick,88,10,6,1,1,1,0,0.04601149,0.0056525,body|stem|equator|stem|stem|body|equator|body|body|bruise,body|equator|body|equator|body|body,0,0,1,0
apple_pick,89,10,6,1,1,1,0,0.04505978,0.0121848,stem|equator|bruise|body|body|stem|body|equator|stem|body,equator|body|body|body|equator|body,0,0,1,0
apple_pick,90,10,6,1,1,1,0,0.04221424,0.03555312,stem|stem|body|equator|equator|stem|bruise|body|body|body,body|equator|equator|body|body|body,0,0,1,0
apple_pick,91,10,6,1,1,1,0,0.04868454,0.02756595,equator|body|bruise|stem|body|equator|stem|body|stem|body,equator|body|body|equator|body|body,0,0,1,0
apple_pick,92,10,6,1,1,1,0,0.04398751,0.04299524,stem|bruise|body|body|equator|stem|body|stem|equator|body,body|body|equator|body|equator|body,0,0,1,0
apple_pick,93,10,6,1,1,1,0,0.04491139,0.03520239,bruise|body|body|stem|stem|equator|body|stem|body|equator,body|body|equator|body|body|equator,0,0,1,0
apple_pick,94,10,6,1,1,1,0,0.04211004,0.04351808,equator|body|body|body|equator|stem|stem|bruise|stem|body,equator|body|body|body|equator|body,0,0,1,0
apple_pick,95,10,6,1,1,1,0,0.03984653,0.03700932,body|equator|stem|stem|stem|body|body|bruise|body|equator,body|equator|body|body|body|equator,0,0,1,0
apple_pick,96,10,6,1,0,1,0,0.03720777,0.0,bruise|body|stem|body|equator|equator|stem|body|body|stem,,1,1,0,0
apple_pick,97,10,6,1,1,1,0,0.04168908,0.02021675,body|body|equator|stem|body|equator|stem|stem|body|bruise,body|body|equator|body|equator|body,0,0,1,0
apple_pick,98,10,6,1,0,1,0,0.03970842,0.0,stem|equator|body|equator|stem|body|body|body|bruise|stem,,1,1,0,0
apple_pick,99,10,6,1,1,1,0,0.04355788,0.05220452,body|body|equator|stem|equator|bruise|body|stem|body|stem,body|body|equator|equator|body|body,0,0,1,0
apple_pick,100,10,6,1,1,1,0,0.0428129,0.0382314,stem|stem|body|body|stem|equator|body|bruise|equator|body,body|body|equator|body|equator|body,0,0,1,0
apple_pick,101,10,6,1,1,1,0,0.04230121,0.02852002,body|equator|bruise|body|body|stem|stem|stem|equator|body,body|equator|body|body|equator|body,0,0,1,0
apple_pick,102,10,6,1,1,1,0,0.04288913,0.04616016,body|body|stem|equator|stem|equator|body|stem|body|bruise,body|body|equator|equator|body|body,0,0,1,0
apple_pick,103,10,6,1,1,1,0,0.04348232,0.04480108,stem|body|stem|body|equator|equator|body|stem|bruise|body,body|body|equator|equator|body|body,0,0,1,0
apple_pick,104,10,6,1,0,1,0,0.041882,0.0,equator|bruise|body|stem|body|equator|stem|body|stem|body,,1,1,0,0
apple_pick,105,10,6,1,1,1,0,0.04116668,0.0346939,body|body|body|stem|bruise|body|equator|equator|stem|stem,body|body|body|body|equator|equator,0,0,1,0
apple_pick,106,10,6,1,0,1,0,0.03577102,0.0,body|body|equator|body|body|stem|stem|equator|stem|bruise,,1,1,0,0
apple_pick,107,10,6,1,1,1,0,0.0403529,0.04102065,stem|stem|body|body|bruise|body|body|stem|equator|equator,body|body|body|body|equator|equator,0,0,1,0
apple_pick,108,10,6,1,1,1,0,0.04082269,0.02761564,body|body|body|bruise|stem|stem|body|equator|stem|equator,body|body|body|body|equator|equator,0,0,1,0
apple_pick,109,10,6,1,1,1,0,0.04530334,0.04099454,bruise|body|body|equator|stem|body|equator|stem|body|stem,body|body|equator|body|equator|body,0,0,1,0
apple_pick,110,10,6,1,1,1,0,0.04227718,0.04087305,stem|body|stem|body|stem|body|body|equator|bruise|equator,body|body|body|body|equator|equator,0,0,1,0
apple_pick,111,10,6,1,1,1,0,0.0392621,0.05123563,stem|stem|body|body|body|equator|body|bruise|stem|equator,body|body|body|equator|body|equator,0,0,1,0
apple_pick,112,10,6,1,1,1,0,0.04520321,0.01263058,equator|stem|equator|body|body|stem|stem|body|bruise|body,equator|equator|body|body|body|body,0,0,1,0
apple_pick,113,10,6,1,0,1,0,0.03622411,0.0,stem|bruise|body|equator|body|stem|body|equator|body|stem,,1,1,0,0
apple_pick,114,10,6,1,1,1,0,0.04466385,0.03832693,equator|body|equator|body|body|stem|stem|bruise|stem|body,equator|body|equator|body|body|body,0,0,1,0
apple_pick,115,10,6,1,1,1,0,0.04046153,0.05289355,body|body|equator|stem|stem|stem|bruise|body|body|equator,body|body|equator|body|body|equator,0,0,1,0
apple_pick,116,10,6,1,1,1,0,0.0453802,0.05018044,stem|equator|body|equator|stem|stem|body|bruise|body|body,equator|body|equator|body|body|body,0,0,1,0
apple_pick,117,10,6,1,1,1,0,0.04779011,0.03619108,stem|body|body|stem|equator|body|equator|stem|bruise|body,body|body|equator|body|equator|body,0,0,1,0
apple_pick,118,10,6,1,0,1,0,0.04282438,0.0,stem|body|body|stem|equator|body|stem|bruise|body|equator,,1,1,0,0
apple_pick,119,10,6,1,1,1,0,0.04400033,0.0225131,stem|equator|body|stem|body|equator|bruise|stem|body|body,equator|body|body|equator|body|body,0,0,1,0
scissors_pass,0,10,5,1,0,1,0,0.03871162,0.0,handle_loop|handle_loop|handle_loop|blade|blade|handle_loop|pivot|tip|blade|blade,,1,1,0,0
scissors_pass,1,10,5,1,0,1,0,0.0490618,0.0,blade|handle_loop|pivot|handle_loop|blade|handle_loop|blade|handle_loop|blade|tip,,1,1,0,0
scissors_pass,2,10,5,1,0,1,0,0.04288557,0.0,blade|handle_loop|tip|handle_loop|blade|blade|handle_loop|blade|handle_loop|pivot,,1,1,0,0
scissors_pass,3,10,5,1,0,1,0,0.04366512,0.0,handle_loop|blade|blade|blade|tip|blade|handle_loop|handle_loop|handle_loop|pivot,,1,1,0,0
scissors_pass,4,10,5,1,0,1,0,0.04493785,0.0,blade|handle_loop|handle_loop|blade|handle_loop|handle_loop|tip|pivot|blade|blade,,1,1,0,0
scissors_pass,5,10,5,1,0,1,0,0.04311514,0.0,handle_loop|blade|handle_loop|pivot|blade|tip|blade|handle_loop|handle_loop|blade,,1,1,0,0
scissors_pass,6,10,5,1,0,1,0,0.0443794,0.0,blade|handle_loop|blade|blade|handle_loop|blade|tip|handle_loop|handle_loop|pivot,,1,1,0,0
scissors_pass,7,10,5,1,0,1,0,0.03789964,0.0,pivot|tip|blade|handle_loop|blade|blade|handle_loop|handle_loop|blade|handle_loop,,1,1,0,0
scissors_pass,8,10,5,1,0,1,0,0.0459094,0.0,blade|handle_loop|handle_loop|handle_loop|handle_loop|blade|tip|blade|blade|pivot,,1,1,0,0
scissors_pass,9,10,5,1,0,1,0,0.04622511,0.0,handle_loop|pivot|blade|blade|handle_loop|handle_loop|blade|blade|handle_loop|tip,,1,1,0,0
scissors_pass,10,10,5,1,0,1,0,0.04053126,0.0,handle_loop|handle_loop|blade|tip|handle_loop|pivot|blade|handle_loop|blade|blade,,1,1,0,0
scissors_pass,11,10,5,1,0,1,0,0.04704418,0.0,pivot|blade|tip|handle_loop|handle_loop|handle_loop|blade|blade|blade|handle_loop,,1,1,0,0
scissors_pass,12,10,5,1,0,1,0,0.04779799,0.0,blade|blade|pivot|handle_loop|handle_loop|handle_loop|handle_loop|blade|blade|tip,,1,1,0,0
scissors_pass,13,10,5,1,0,1,0,0.03871292,0.0,handle_loop|blade|tip|handle_loop|blade|blade|blade|pivot|handle_loop|handle_loop,,1,1,0,0
scissors_pass,14,10,5,1,0,1,0,0.04357886,0.0,handle_loop|handle_loop|blade|blade|handle_loop|blade|tip|pivot|blade|handle_loop,,1,1,0,0
scissors_pass,15,10,5,1,0,1,0,0.04205444,0.0,blade|handle_loop|blade|blade|blade|tip|handle_loop|handle_loop|pivot|handle_loop,,1,1,0,0
scissors_pass,16,10,5,1,0,1,0,0.03858297,0.0,pivot|blade|blade|handle_loop|handle_loop|handle_loop|blade|handle_loop|blade|tip,,1,1,0,0
scissors_pass,17,10,5,1,0,1,0,0.04864512,0.0,blade|tip|handle_loop|handle_loop|pivot|handle_loop|blade|handle_loop|blade|blade,,1,1,0,0
scissors_pass,18,10,5,1,0,1,0,0.045051,0.0,pivot|handle_loop|blade|tip|handle_loop|blade|handle_loop|blade|blade|handle_loop,,1,1,0,0
scissors_pass,19,10,5,1,0,1,0,0.03997947,0.0,blade|handle_loop|tip|handle_loop|pivot|blade|handle_loop|blade|blade|handle_loop,,1,1,0,0
scissors_pass,20,10,5,1,0,1,0,0.04583296,0.0,blade|handle_loop|handle_loop|blade|blade|handle_loop|blade|handle_loop|pivot|tip,,1,1,0,0
scissors_pass,21,10,5,1,0,1,0,0.03707333,0.0,blade|tip|pivot|handle_loop|handle_loop|handle_loop|blade|handle_loop|blade|blade,,1,1,0,0
scissors_pass,22,10,5,1,0,1,0,0.04074903,0.0,handle_loop|handle_loop|pivot|blade|blade|handle_loop|handle_loop|blade|blade|tip,,1,1,0,0
scissors_pass,23,10,5,1,0,1,0,0.04690038,0.0,handle_loop|blade|handle_loop|pivot|blade|blade|handle_loop|blade|tip|handle_loop,,1,1,0,0
scissors_pass,24,10,5,1,0,1,0,0.04340049,0.0,blade|handle_loop|handle_loop|pivot|tip|blade|handle_loop|handle_loop|blade|blade,,1,1,0,0
scissors_pass,25,10,5,1,0,1,0,0.04420827,0.0,handle_loop|blade|handle_loop|pivot|tip|handle_loop|blade|handle_loop|blade|blade,,1,1,0,0
scissors_pass,26,10,5,1,0,1,0,0.0413542,0.0,pivot|handle_loop|blade|blade|tip|handle_loop|blade|handle_loop|blade|handle_loop,,1,1,0,0
scissors_pass,27,10,5,1,0,1,0,0.04292769,0.0,pivot|handle_loop|blade|handle_loop|blade|tip|handle_loop|blade|blade|handle_loop,,1,1,0,0
scissors_pass,28,10,5,1,0,1,0,0.03808633,0.0,blade|blade|pivot|handle_loop|handle_loop|blade|handle_loop|blade|tip|handle_loop,,1,1,0,0
scissors_pass,29,10,5,1,0,1,0,0.04047456,0.0,blade|handle_loop|blade|handle_loop|pivot|handle_loop|blade|blade|tip|handle_loop,,1,1,0,0
scissors_pass,30,10,5,1,0,1,0,0.04497603,0.0,blade|blade|blade|handle_loop|blade|tip|handle_loop|handle_loop|pivot|handle_loop,,1,1,0,0
scissors_pass,31,10,5,1,0,1,0,0.04370491,0.0,handle_loop|blade|handle_loop|handle_loop|blade|tip|blade|blade|handle_loop|pivot,,1,1,0,0
scissors_pass,32,10,5,1,0,1,0,0.04196136,0.0,tip|handle_loop|blade|handle_loop|pivot|handle_loop|blade|blade|handle_loop|blade,,1,1,0,0
scissors_pass,33,10,5,1,0,1,0,0.03874407,0.0,blade|tip|handle_loop|handle_loop|blade|handle_loop|pivot|blade|blade|handle_loop,,1,1,0,0
scissors_pass,34,10,5,1,0,1,0,0.03495228,0.0,handle_loop|handle_loop|blade|tip|blade|handle_loop|blade|pivot|handle_loop|blade,,1,1,0,0
scissors_pass,35,10,5,1,0,1,0,0.03474883,0.0,blade|blade|blade|handle_loop|handle_loop|tip|handle_loop|handle_loop|pivot|blade,,1,1,0,0
scissors_pass,36,10,5,1,0,1,0,0.04386394,0.0,blade|handle_loop|pivot|handle_loop|handle_loop|handle_loop|blade|blade|tip|blade,,1,1,0,0
scissors_pass,37,10,5,1,0,1,0,0.0439022,0.0,handle_loop|handle_loop|blade|tip|blade|pivot|handle_loop|handle_loop|blade|blade,,1,1,0,0
scissors_pass,38,10,5,1,1,1,0,0.04479844,0.00631046,blade|handle_loop|blade|handle_loop|tip|handle_loop|blade|handle_loop|pivot|blade,handle_loop|handle_loop|handle_loop|handle_loop|pivot,0,0,1,0
scissors_pass,39,10,5,1,0,1,0,0.03619804,0.0,handle_loop|pivot|blade|blade|blade|tip|blade|handle_loop|handle_loop|handle_loop,,1,1,0,0
scissors_pass,40,10,5,1,0,1,0,0.04036576,0.0,handle_loop|handle_loop|blade|blade|pivot|tip|blade|handle_loop|handle_loop|blade,,1,1,0,0
scissors_pass,41,10,5,1,0,1,0,0.02706837,0.0,handle_loop|handle_loop|handle_loop|blade|handle_loop|blade|tip|blade|pivot|blade,,1,1,0,0
scissors_pass,42,10,5,1,0,1,0,0.0356458,0.0,blade|handle_loop|blade|blade|handle_loop|blade|handle_loop|pivot|handle_loop|tip,,1,1,0,0
scissors_pass,43,10,5,1,0,1,0,0.03867591,0.0,blade|handle_loop|blade|blade|handle_loop|pivot|tip|handle_loop|blade|handle_loop,,1,1,0,0
scissors_pass,44,10,5,1,0,1,0,0.03989284,0.0,handle_loop|pivot|tip|handle_loop|blade|handle_loop|blade|handle_loop|blade|blade,,1,1,0,0
scissors_pass,45,10,5,1,0,1,0,0.0397256,0.0,handle_loop|blade|blade|blade|handle_loop|tip|blade|handle_loop|handle_loop|pivot,,1,1,0,0
scissors_pass,46,10,5,1,0,1,0,0.0395621,0.0,tip|handle_loop|handle_loop|blade|handle_loop|blade|blade|handle_loop|pivot|blade,,1,1,0,0
scissors_pass,47,10,5,1,0,1,0,0.04631175,0.0,blade|blade|pivot|blade|handle_loop|handle_loop|handle_loop|handle_loop|tip|blade,,1,1,0,0
scissors_pass,48,10,5,1,0,1,0,0.03944992,0.0,blade|blade|handle_loop|handle_loop|tip|handle_loop|blade|handle_loop|blade|pivot,,1,1,0,0
scissors_pass,49,10,5,1,0,1,0,0.04132741,0.0,blade|blade|handle_loop|handle_loop|tip|handle_loop|handle_loop|blade|blade|pivot,,1,1,0,0
scissors_pass,50,10,5,1,0,1,0,0.04324535,0.0,handle_loop|blade|handle_loop|blade|blade|handle_loop|handle_loop|tip|blade|pivot,,1,1,0,0
scissors_pass,51,10,5,1,0,1,0,0.02372391,0.0,handle_loop|blade|handle_loop|blade|pivot|blade|handle_loop|handle_loop|tip|blade,,1,1,0,0
scissors_pass,52,10,5,1,0,1,0,0.03995437,0.0,handle_loop|blade|handle_loop|blade|blade|blade|pivot|tip|handle_loop|handle_loop,,1,1,0,0
scissors_pass,53,10,5,1,0,1,0,0.04126089,0.0,handle_loop|blade|blade|handle_loop|blade|tip|blade|handle_loop|pivot|handle_loop,,1,1,0,0
scissors_pass,54,10,5,1,0,1,0,0.03344159,0.0,handle_loop|pivot|blade|handle_loop|tip|blade|blade|blade|handle_loop|handle_loop,,1,1,0,0
scissors_pass,55,10,5,1,0,1,0,0.04148363,0.0,blade|handle_loop|handle_loop|handle_loop|pivot|tip|blade|blade|handle_loop|blade,,1,1,0,0
scissors_pass,56,10,5,1,0,1,0,0.03150865,0.0,handle_loop|tip|handle_loop|blade|handle_loop|pivot|blade|blade|handle_loop|blade,,1,1,0,0
scissors_pass,57,10,5,1,0,1,0,0.04092888,0.0,handle_loop|blade|blade|tip|handle_loop|pivot|handle_loop|blade|blade|handle_loop,,1,1,0,0
scissors_pass,58,10,5,1,0,1,0,0.04277303,0.0,blade|blade|pivot|handle_loop|blade|handle_loop|tip|handle_loop|handle_loop|blade,,1,1,0,0
scissors_pass,59,10,5,1,0,1,0,0.03959559,0.0,blade|tip|pivot|handle_loop|blade|blade|handle_loop|handle_loop|handle_loop|blade,,1,1,0,0
scissors_pass,60,10,5,1,0,1,0,0.04423922,0.0,blade|blade|pivot|blade|handle_loop|tip|handle_loop|handle_loop|handle_loop|blade,,1,1,0,0
scissors_pass,61,10,5,1,0,1,0,0.04204491,0.0,blade|handle_loop|handle_loop|handle_loop|handle_loop|pivot|blade|blade|blade|tip,,1,1,0,0
scissors_pass,62,10,5,1,0,1,0,0.03381762,0.0,pivot|blade|handle_loop|tip|handle_loop|blade|handle_loop|handle_loop|blade|blade,,1,1,0,0
scissors_pass,63,10,5,1,0,1,0,0.03877578,0.0,handle_loop|handle_loop|blade|blade|blade|blade|pivot|tip|handle_loop|handle_loop,,1,1,0,0
scissors_pass,64,10,5,1,0,1,0,0.04024225,0.0,handle_loop|handle_loop|handle_loop|tip|pivot|handle_loop|blade|blade|blade|blade,,1,1,0,0
scissors_pass,65,10,5,1,0,1,0,0.04349591,0.0,blade|handle_loop|blade|handle_loop|blade|handle_loop|blade|tip|pivot|handle_loop,,1,1,0,0
scissors_pass,66,10,5,1,0,1,0,0.03242751,0.0,blade|blade|tip|handle_loop|blade|handle_loop|pivot|handle_loop|blade|handle_loop,,1,1,0,0
scissors_pass,67,10,5,1,0,1,0,0.04317476,0.0,handle_loop|handle_loop|tip|handle_loop|blade|handle_loop|pivot|blade|blade|blade,,1,1,0,0
scissors_pass,68,10,5,1,0,1,0,0.04351864,0.0,pivot|blade|handle_loop|handle_loop|blade|tip|blade|blade|handle_loop|handle_loop,,1,1,0,0
scissors_pass,69,10,5,1,0,1,0,0.04572968,0.0,handle_loop|blade|blade|handle_loop|blade|tip|blade|handle_loop|handle_loop|pivot,,1,1,0,0
scissors_pass,70,10,5,1,0,1,0,0.04080385,0.0,pivot|blade|blade|handle_loop|blade|tip|blade|handle_loop|handle_loop|handle_loop,,1,1,0,0
scissors_pass,71,10,5,1,0,1,0,0.03596547,0.0,handle_loop|blade|pivot|blade|handle_loop|handle_loop|handle_loop|blade|blade|tip,,1,1,0,0
scissors_pass,72,10,5,1,0,1,0,0.04188329,0.0,handle_loop|handle_loop|blade|blade|blade|handle_loop|tip|pivot|blade|handle_loop,,1,1,0,0
scissors_pass,73,10,5,1,0,1,0,0.04051697,0.0,handle_loop|blade|blade|handle_loop|handle_loop|handle_loop|blade|blade|pivot|tip,,1,1,0,0
scissors_pass,74,10,5,1,0,1,0,0.03439222,0.0,tip|blade|handle_loop|handle_loop|pivot|blade|handle_loop|handle_loop|blade|blade,,1,1,0,0
scissors_pass,75,10,5,1,1,1,0,0.04334246,0.00252283,handle_loop|pivot|blade|handle_loop|blade|handle_loop|blade|blade|handle_loop|tip,handle_loop|pivot|handle_loop|handle_loop|handle_loop,0,0,1,0
scissors_pass,76,10,5,1,0,1,0,0.03753823,0.0,handle_loop|handle_loop|blade|handle_loop|handle_loop|tip|blade|blade|blade|pivot,,1,1,0,0
scissors_pass,77,10,5,1,1,1,0,0.04544278,0.00642259,handle_loop|blade|handle_loop|blade|tip|handle_loop|pivot|blade|blade|handle_loop,handle_loop|handle_loop|handle_loop|pivot|handle_loop,0,0,1,0
scissors_pass,78,10,5,1,0,1,0,0.03878366,0.0,handle_loop|blade|pivot|handle_loop|blade|handle_loop|blade|blade|handle_loop|tip,,1,1,0,0
scissors_pass,79,10,5,1,0,1,0,0.03547123,0.0,blade|handle_loop|blade|handle_loop|handle_loop|tip|blade|pivot|handle_loop|blade,,1,1,0,0
scissors_pass,80,10,5,1,0,1,0,0.03162897,0.0,blade|handle_loop|blade|handle_loop|tip|pivot|handle_loop|blade|blade|handle_loop,,1,1,0,0
scissors_pass,81,10,5,1,0,1,0,0.03885803,0.0,handle_loop|pivot|blade|handle_loop|blade|blade|handle_loop|tip|blade|handle_loop,,1,1,0,0
scissors_pass,82,10,5,1,0,1,0,0.03553412,0.0,blade|blade|tip|handle_loop|blade|handle_loop|blade|handle_loop|pivot|handle_loop,,1,1,0,0
scissors_pass,83,10,5,1,0,1,0,0.04126687,0.0,handle_loop|blade|handle_loop|pivot|tip|blade|handle_loop|blade|blade|handle_loop,,1,1,0,0
scissors_pass,84,10,5,1,0,1,0,0.04107884,0.0,blade|handle_loop|handle_loop|blade|blade|pivot|blade|tip|handle_loop|handle_loop,,1,1,0,0
scissors_pass,85,10,5,1,0,1,0,0.04218368,0.0,pivot|handle_loop|handle_loop|blade|blade|handle_loop|handle_loop|blade|tip|blade,,1,1,0,0
scissors_pass,86,10,5,1,1,1,0,0.03895705,0.01175579,handle_loop|handle_loop|tip|blade|handle_loop|blade|blade|blade|pivot|handle_loop,handle_loop|handle_loop|handle_loop|pivot|handle_loop,0,0,1,0
scissors_pass,87,10,5,1,0,1,0,0.04594224,0.0,handle_loop|blade|tip|blade|handle_loop|blade|handle_loop|pivot|blade|handle_loop,,1,1,0,0
scissors_pass,88,10,5,1,0,1,0,0.04371833,0.0,handle_loop|handle_loop|blade|blade|blade|pivot|blade|tip|handle_loop|handle_loop,,1,1,0,0
scissors_pass,89,10,5,1,0,1,0,0.02850328,0.0,blade|blade|tip|handle_loop|blade|blade|handle_loop|handle_loop|handle_loop|pivot,,1,1,0,0
scissors_pass,90,10,5,1,0,1,0,0.04510524,0.0,handle_loop|pivot|handle_loop|tip|blade|blade|blade|handle_loop|blade|handle_loop,,1,1,0,0
scissors_pass,91,10,5,1,0,1,0,0.0372689,0.0,tip|blade|handle_loop|blade|pivot|blade|handle_loop|blade|handle_loop|handle_loop,,1,1,0,0
scissors_pass,92,10,5,1,0,1,0,0.04576174,0.0,pivot|blade|handle_loop|handle_loop|blade|handle_loop|blade|handle_loop|tip|blade,,1,1,0,0
scissors_pass,93,10,5,1,0,1,0,0.03769366,0.0,tip|blade|blade|handle_loop|pivot|blade|handle_loop|handle_loop|handle_loop|blade,,1,1,0,0
scissors_pass,94,10,5,1,0,1,0,0.04506704,0.0,handle_loop|tip|blade|handle_loop|handle_loop|blade|pivot|handle_loop|blade|blade,,1,1,0,0
scissors_pass,95,10,5,1,0,1,0,0.04711196,0.0,handle_loop|blade|handle_loop|handle_loop|blade|blade|handle_loop|pivot|tip|blade,,1,1,0,0
scissors_pass,96,10,5,1,0,1,0,0.04168901,0.0,blade|tip|handle_loop|pivot|blade|blade|blade|handle_loop|handle_loop|handle_loop,,1,1,0,0
scissors_pass,97,10,5,1,0,1,0,0.04800167,0.0,handle_loop|blade|handle_loop|blade|blade|handle_loop|handle_loop|blade|tip|pivot,,1,1,0,0
scissors_pass,98,10,5,1,0,1,0,0.04450536,0.0,handle_loop|handle_loop|pivot|blade|handle_loop|blade|handle_loop|tip|blade|blade,,1,1,0,0
scissors_pass,99,10,5,1,0,1,0,0.04215091,0.0,tip|pivot|blade|handle_loop|blade|handle_loop|blade|handle_loop|handle_loop|blade,,1,1,0,0
scissors_pass,100,10,5,1,0,1,0,0.03694515,0.0,handle_loop|blade|handle_loop|handle_loop|pivot|handle_loop|blade|blade|tip|blade,,1,1,0,0
scissors_pass,101,10,5,1,0,1,0,0.04021411,0.0,blade|tip|handle_loop|blade|pivot|blade|handle_loop|blade|handle_loop|handle_loop,,1,1,0,0
scissors_pass,102,10,5,1,0,1,0,0.03995526,0.0,blade|tip|handle_loop|blade|blade|handle_loop|handle_loop|blade|handle_loop|pivot,,1,1,0,0
scissors_pass,103,10,5,1,0,1,0,0.04219227,0.0,blade|blade|handle_loop|handle_loop|blade|pivot|handle_loop|tip|blade|handle_loop,,1,1,0,0
scissors_pass,104,10,5,1,0,1,0,0.04294715,0.0,tip|handle_loop|pivot|handle_loop|blade|blade|blade|handle_loop|blade|handle_loop,,1,1,0,0
scissors_pass,105,10,5,1,0,1,0,0.03425566,0.0,blade|handle_loop|handle_loop|handle_loop|blade|handle_loop|blade|pivot|blade|tip,,1,1,0,0
scissors_pass,106,10,5,1,0,1,0,0.04241283,0.0,blade|handle_loop|blade|handle_loop|pivot|handle_loop|tip|blade|handle_loop|blade,,1,1,0,0
scissors_pass,107,10,5,1,0,1,0,0.03669407,0.0,pivot|handle_loop|blade|handle_loop|blade|tip|handle_loop|handle_loop|blade|blade,,1,1,0,0
scissors_pass,108,10,5,1,0,1,0,0.0485462,0.0,handle_loop|blade|pivot|blade|blade|blade|handle_loop|handle_loop|handle_loop|tip,,1,1,0,0
scissors_pass,109,10,5,1,0,1,0,0.03986064,0.0,blade|tip|blade|handle_loop|blade|handle_loop|handle_loop|handle_loop|blade|pivot,,1,1,0,0
scissors_pass,110,10,5,1,0,1,0,0.03814463,0.0,handle_loop|blade|handle_loop|pivot|tip|blade|blade|handle_loop|blade|handle_loop,,1,1,0,0
scissors_pass,111,10,5,1,0,1,0,0.03591994,0.0,blade|pivot|handle_loop|blade|handle_loop|handle_loop|tip|blade|handle_loop|blade,,1,1,0,0
scissors_pass,112,10,5,1,0,1,0,0.04551614,0.0,blade|handle_loop|handle_loop|blade|handle_loop|tip|blade|blade|handle_loop|pivot,,1,1,0,0
scissors_pass,113,10,5,1,0,1,0,0.04331526,0.0,blade|handle_loop|tip|blade|blade|handle_loop|handle_loop|blade|pivot|handle_loop,,1,1,0,0
scissors_pass,114,10,5,1,0,1,0,0.04672911,0.0,tip|pivot|handle_loop|blade|handle_loop|handle_loop|blade|blade|blade|handle_loop,,1,1,0,0
scissors_pass,115,10,5,1,0,1,0,0.04350652,0.0,handle_loop|handle_loop|tip|blade|blade|blade|handle_loop|pivot|handle_loop|blade,,1,1,0,0
scissors_pass,116,10,5,1,0,1,0,0.04739143,0.0,handle_loop|pivot|handle_loop|blade|blade|blade|handle_loop|handle_loop|tip|blade,,1,1,0,0
scissors_pass,117,10,5,1,0,1,0,0.04583626,0.0,tip|handle_loop|handle_loop|handle_loop|blade|handle_loop|blade|pivot|blade|blade,,1,1,0,0
scissors_pass,118,10,5,1,0,1,0,0.03835773,0.0,handle_loop|handle_loop|blade|handle_loop|blade|blade|pivot|tip|blade|handle_loop,,1,1,0,0
scissors_pass,119,10,5,1,0,1,0,0.04292854,0.0,tip|handle_loop|blade|handle_loop|blade|blade|handle_loop|blade|pivot|handle_loop,,1,1,0,0
